0.000000000000000000e+00,2.673838306394212239e-09
1.562500000000000000e-02,3.284998997576867681e-09
3.125000000000000000e-02,2.649989946616749250e-09
4.687500000000000000e-02,5.824148713879303195e-09
6.250000000000000000e-02,1.466900064387460670e-08
7.812500000000000000e-02,2.876517307376587464e-08
9.375000000000000000e-02,4.491247254023559246e-08
1.093750000000000000e-01,5.767924695866407006e-08
1.250000000000000000e-01,6.350398316806457356e-08
1.406250000000000000e-01,6.355811656998240954e-08
1.562500000000000000e-01,6.151470565524760889e-08
1.718750000000000000e-01,5.918099295576774107e-08
1.875000000000000000e-01,5.618463160562177574e-08
2.031250000000000000e-01,5.197555922380590742e-08
2.187500000000000000e-01,4.792511850067472830e-08
2.343750000000000000e-01,4.697792314410681791e-08
2.500000000000000000e-01,4.835062389464812641e-08
2.656250000000000000e-01,4.901030181963929967e-08
2.812500000000000000e-01,4.915757903124328406e-08
2.968750000000000000e-01,4.971196492112635740e-08
3.125000000000000000e-01,5.052855532510023408e-08
3.281250000000000000e-01,5.134142687551404605e-08
3.437500000000000000e-01,5.068183310906715836e-08
3.593750000000000000e-01,4.778537827219613083e-08
3.750000000000000000e-01,4.436626646298372941e-08
3.906250000000000000e-01,4.260644539722623595e-08
4.062500000000000000e-01,4.251680318223220638e-08
4.218750000000000000e-01,4.108823784303321450e-08
4.375000000000000000e-01,3.628745373561203780e-08
4.531250000000000000e-01,3.070059668086006657e-08
4.687500000000000000e-01,2.798270328793753240e-08
4.843750000000000000e-01,2.787602165245581525e-08
5.000000000000000000e-01,2.902646840219126272e-08
5.156250000000000000e-01,3.044805704411580925e-08
5.312500000000000000e-01,3.072214480342387451e-08
5.468750000000000000e-01,2.965180854589289683e-08
5.625000000000000000e-01,2.814782592833745160e-08
5.781250000000000000e-01,2.640820953231738363e-08
5.937500000000000000e-01,2.476520614778705937e-08
6.093750000000000000e-01,2.455205771361887096e-08
6.250000000000000000e-01,2.510957596763270886e-08
6.406250000000000000e-01,2.454153395752477120e-08
6.562500000000000000e-01,2.293952668445667604e-08
6.718750000000000000e-01,2.137950595127004720e-08
6.875000000000000000e-01,2.024179147087764234e-08
7.031250000000000000e-01,1.905342071917226854e-08
7.187500000000000000e-01,1.708335717260935617e-08
7.343750000000000000e-01,1.465652326765646421e-08
7.500000000000000000e-01,1.329583887819679821e-08
7.656250000000000000e-01,1.354490550507136113e-08
7.812500000000000000e-01,1.429591572280195392e-08
7.968750000000000000e-01,1.447732280156514139e-08
8.125000000000000000e-01,1.379611742177089340e-08
8.281250000000000000e-01,1.287665225176339943e-08
8.437500000000000000e-01,1.256556510438416990e-08
8.593750000000000000e-01,1.269379042935932868e-08
8.750000000000000000e-01,1.271230270011706970e-08
8.906250000000000000e-01,1.295427106190884246e-08
9.062500000000000000e-01,1.370465367335353272e-08
9.218750000000000000e-01,1.432128774089979853e-08
9.375000000000000000e-01,1.434398686013008809e-08
9.531250000000000000e-01,1.396358633304192873e-08
9.687500000000000000e-01,1.334657976504701542e-08
9.843750000000000000e-01,1.237078509210447971e-08
1.000000000000000000e+00,1.111668453629991780e-08
1.015625000000000000e+00,9.937042907044657567e-09
1.031250000000000000e+00,9.257406591260173778e-09
1.046875000000000000e+00,9.587697090914247113e-09
1.062500000000000000e+00,1.067245664123634767e-08
1.078125000000000000e+00,1.146241704573473095e-08
1.093750000000000000e+00,1.126772820504548056e-08
1.109375000000000000e+00,1.021100416100161141e-08
1.125000000000000000e+00,8.952301814942671949e-09
1.140625000000000000e+00,8.136806766934244104e-09
1.156250000000000000e+00,7.888663221025932473e-09
1.171875000000000000e+00,7.904031419050365812e-09
1.187500000000000000e+00,7.723238570612778228e-09
1.203125000000000000e+00,7.075643050981083688e-09
1.218750000000000000e+00,6.282801056428091864e-09
1.234375000000000000e+00,5.852320329312316710e-09
1.250000000000000000e+00,5.732521265569433740e-09
1.265625000000000000e+00,5.744193057299922190e-09
1.281250000000000000e+00,5.959269686018007025e-09
1.296875000000000000e+00,6.234160051930548894e-09
1.312500000000000000e+00,6.445997246251163929e-09
1.328125000000000000e+00,6.847872638247503333e-09
1.343750000000000000e+00,7.531017434620089762e-09
1.359375000000000000e+00,8.117450404616129848e-09
1.375000000000000000e+00,8.257753761578912577e-09
1.390625000000000000e+00,8.091036993442890982e-09
1.406250000000000000e+00,8.039794151176039988e-09
1.421875000000000000e+00,8.023347191023904121e-09
1.437500000000000000e+00,7.643445304426639531e-09
1.453125000000000000e+00,7.012417233798551855e-09
1.468750000000000000e+00,6.720722375757102556e-09
1.484375000000000000e+00,7.070032484627708798e-09
1.500000000000000000e+00,7.609389698926608076e-09
1.515625000000000000e+00,7.829612909015903381e-09
1.531250000000000000e+00,7.633514383016226535e-09
1.546875000000000000e+00,7.070732768136225366e-09
1.562500000000000000e+00,6.281189909211285883e-09
1.578125000000000000e+00,5.610097757975181639e-09
1.593750000000000000e+00,5.232940260596380105e-09
1.609375000000000000e+00,4.949958150127883328e-09
1.625000000000000000e+00,4.717716803121218321e-09
1.640625000000000000e+00,4.812736948497535117e-09
1.656250000000000000e+00,5.251948678353599724e-09
1.671875000000000000e+00,5.631775037305317703e-09
1.687500000000000000e+00,5.672958584336673967e-09
1.703125000000000000e+00,5.487281760528495703e-09
1.718750000000000000e+00,5.377572102572546924e-09
1.734375000000000000e+00,5.431571609150175346e-09
1.750000000000000000e+00,5.487575762460822121e-09
1.765625000000000000e+00,5.402591254853389640e-09
1.781250000000000000e+00,5.172254961812425483e-09
1.796875000000000000e+00,4.998846499914216905e-09
1.812500000000000000e+00,5.106991580093018908e-09
1.828125000000000000e+00,5.371625430558766398e-09
1.843750000000000000e+00,5.605657723324582432e-09
1.859375000000000000e+00,5.835069671413052138e-09
1.875000000000000000e+00,5.993168639065052266e-09
1.890625000000000000e+00,5.848206889585164386e-09
1.906250000000000000e+00,5.414004080478254837e-09
1.921875000000000000e+00,5.091801052531575985e-09
1.937500000000000000e+00,5.107873505838854057e-09
1.953125000000000000e+00,5.164339532926610657e-09
1.968750000000000000e+00,4.940268048106392644e-09
1.984375000000000000e+00,4.549014597684903040e-09
2.000000000000000000e+00,4.320799231108060018e-09
2.015625000000000000e+00,4.245868987364257003e-09
2.031250000000000000e+00,4.161249945075081882e-09
2.046875000000000000e+00,4.056342732037371943e-09
2.062500000000000000e+00,3.960805572210995471e-09
2.078125000000000000e+00,3.954937699409597030e-09
2.093750000000000000e+00,4.083852142531324602e-09
2.109375000000000000e+00,4.227401994912899119e-09
2.125000000000000000e+00,4.256749105488746130e-09
2.140625000000000000e+00,4.178129978295793532e-09
2.156250000000000000e+00,4.087189232697070270e-09
2.171875000000000000e+00,3.980040497916441632e-09
2.187500000000000000e+00,3.748104627978830143e-09
2.203125000000000000e+00,3.382825660037139265e-09
2.218750000000000000e+00,2.992176385635853557e-09
2.234375000000000000e+00,2.719150171983731513e-09
2.250000000000000000e+00,2.658143867220612507e-09
2.265625000000000000e+00,2.701319213023081197e-09
2.281250000000000000e+00,2.668209996139017685e-09
2.296875000000000000e+00,2.568895059496780546e-09
2.312500000000000000e+00,2.573423882322300789e-09
2.328125000000000000e+00,2.731632074802120867e-09
2.343750000000000000e+00,2.879842406181707034e-09
2.359375000000000000e+00,2.913149992547459212e-09
2.375000000000000000e+00,2.897418370332641260e-09
2.390625000000000000e+00,2.893727643030008417e-09
2.406250000000000000e+00,2.912370614393436205e-09
2.421875000000000000e+00,2.999951797638063020e-09
2.437500000000000000e+00,3.143939001020558786e-09
2.453125000000000000e+00,3.247269185139340316e-09
2.468750000000000000e+00,3.279763300915587683e-09
2.484375000000000000e+00,3.335431513227824016e-09
2.500000000000000000e+00,3.460886293728856422e-09
2.515625000000000000e+00,3.549869535472957019e-09
2.531250000000000000e+00,3.592798972607815925e-09
2.546875000000000000e+00,3.651727391791261186e-09
2.562500000000000000e+00,3.645512352415271934e-09
2.578125000000000000e+00,3.529294683351709044e-09
2.593750000000000000e+00,3.378190826324723288e-09
2.609375000000000000e+00,3.221690192939393427e-09
2.625000000000000000e+00,3.003742923443228212e-09
2.640625000000000000e+00,2.716310248173534934e-09
2.656250000000000000e+00,2.453202751138519623e-09
2.671875000000000000e+00,2.308193902593729522e-09
2.687500000000000000e+00,2.248170498429001889e-09
2.703125000000000000e+00,2.173849337085377673e-09
2.718750000000000000e+00,2.090100782048752059e-09
2.734375000000000000e+00,2.011007586558598900e-09
2.750000000000000000e+00,1.876813661250634245e-09
2.765625000000000000e+00,1.742023007578197266e-09
2.781250000000000000e+00,1.720590423544866757e-09
2.796875000000000000e+00,1.818030141207541399e-09
2.812500000000000000e+00,2.078678977126388311e-09
2.828125000000000000e+00,2.515379247404846376e-09
2.843750000000000000e+00,2.971446474647364038e-09
2.859375000000000000e+00,3.310581939829612701e-09
2.875000000000000000e+00,3.530476739591838013e-09
2.890625000000000000e+00,3.667113322048176610e-09
2.906250000000000000e+00,3.764544876860745489e-09
2.921875000000000000e+00,3.931853208443683927e-09
2.937500000000000000e+00,4.133681591911766999e-09
2.953125000000000000e+00,4.168965926932289228e-09
2.968750000000000000e+00,3.997012308533018951e-09
2.984375000000000000e+00,3.723532332312378131e-09
3.000000000000000000e+00,3.372124241438448061e-09
3.015625000000000000e+00,2.937227607642642894e-09
3.031250000000000000e+00,2.570090690893646784e-09
3.046875000000000000e+00,2.502507131435213484e-09
3.062500000000000000e+00,2.691700716560324542e-09
3.078125000000000000e+00,2.885632968798515081e-09
3.093750000000000000e+00,3.027668563026849847e-09
3.109375000000000000e+00,3.275184549615519481e-09
3.125000000000000000e+00,3.690398672859260697e-09
3.140625000000000000e+00,4.097049422658397946e-09
3.156250000000000000e+00,4.245185584005744597e-09
3.171875000000000000e+00,4.161440599973692181e-09
3.187500000000000000e+00,4.155309026282661304e-09
3.203125000000000000e+00,4.233107536122611845e-09
3.218750000000000000e+00,4.103894081197715712e-09
3.234375000000000000e+00,3.686255490728986433e-09
3.250000000000000000e+00,3.220534296139563765e-09
3.265625000000000000e+00,2.993676081049302448e-09
3.281250000000000000e+00,2.930661217646243863e-09
3.296875000000000000e+00,2.816717961354549798e-09
3.312500000000000000e+00,2.677337106407968117e-09
3.328125000000000000e+00,2.645225936918233662e-09
3.343750000000000000e+00,2.734040363712920278e-09
3.359375000000000000e+00,2.827251721808453334e-09
3.375000000000000000e+00,2.799543824132567136e-09
3.390625000000000000e+00,2.686412363934572884e-09
3.406250000000000000e+00,2.591595326015613786e-09
3.421875000000000000e+00,2.468030704090175714e-09
3.437500000000000000e+00,2.249649445422833523e-09
3.453125000000000000e+00,2.051967087137019085e-09
3.468750000000000000e+00,2.055828329716960434e-09
3.484375000000000000e+00,2.245519248160573331e-09
3.500000000000000000e+00,2.469121993795511854e-09
3.515625000000000000e+00,2.673028869489267209e-09
3.531250000000000000e+00,2.922871157269511185e-09
3.546875000000000000e+00,3.222630744383566371e-09
3.562500000000000000e+00,3.487846366409358130e-09
3.578125000000000000e+00,3.744487534782513167e-09
3.593750000000000000e+00,4.063222718994386680e-09
3.609375000000000000e+00,4.313289705720658703e-09
3.625000000000000000e+00,4.334993029699903210e-09
3.640625000000000000e+00,4.227303085831494011e-09
3.656250000000000000e+00,4.255103556882628886e-09
3.671875000000000000e+00,4.525517437841054954e-09
3.687500000000000000e+00,4.824022841542145790e-09
3.703125000000000000e+00,4.862887005180183660e-09
3.718750000000000000e+00,4.575601271034867332e-09
3.734375000000000000e+00,4.052024735145367411e-09
3.750000000000000000e+00,3.437314332839962556e-09
3.765625000000000000e+00,2.919854412396372843e-09
3.781250000000000000e+00,2.582501144709775160e-09
3.796875000000000000e+00,2.396677421870745598e-09
3.812500000000000000e+00,2.391595708835907907e-09
3.828125000000000000e+00,2.655607681406659198e-09
3.843750000000000000e+00,3.131259256840505701e-09
3.859375000000000000e+00,3.610555847518063504e-09
3.875000000000000000e+00,3.887899660672882395e-09
3.890625000000000000e+00,3.877223590107727085e-09
3.906250000000000000e+00,3.701407165241875084e-09
3.921875000000000000e+00,3.535557191504154980e-09
3.937500000000000000e+00,3.371566169485990660e-09
3.953125000000000000e+00,3.135379951215719306e-09
3.968750000000000000e+00,2.936604363229631531e-09
3.984375000000000000e+00,2.943842572192682626e-09
4.000000000000000000e+00,3.040500714723588061e-09
4.015625000000000000e+00,3.032377733686027080e-09
4.031250000000000000e+00,3.001057814806243138e-09
4.046875000000000000e+00,3.090242501237019491e-09
4.062500000000000000e+00,3.196448532529575726e-09
4.078125000000000000e+00,3.138834219070720264e-09
4.093750000000000000e+00,2.903267480155557919e-09
4.109375000000000000e+00,2.669634619258647562e-09
4.125000000000000000e+00,2.586550194976114815e-09
4.140625000000000000e+00,2.597502009776071284e-09
4.156250000000000000e+00,2.617864549013911062e-09
4.171875000000000000e+00,2.648522311983200697e-09
4.187500000000000000e+00,2.718871572359468906e-09
4.203125000000000000e+00,2.826784184784410225e-09
4.218750000000000000e+00,2.951402434025573126e-09
4.234375000000000000e+00,3.138518160572610513e-09
4.250000000000000000e+00,3.402871772244016182e-09
4.265625000000000000e+00,3.561472562274575392e-09
4.281250000000000000e+00,3.504496054012286739e-09
4.296875000000000000e+00,3.374634381402663429e-09
4.312500000000000000e+00,3.332846113554625839e-09
4.328125000000000000e+00,3.423784643009327664e-09
4.343750000000000000e+00,3.555152173650783989e-09
4.359375000000000000e+00,3.573825617671195184e-09
4.375000000000000000e+00,3.486391968430018105e-09
4.390625000000000000e+00,3.397181263842044955e-09
4.406250000000000000e+00,3.367449536086240847e-09
4.421875000000000000e+00,3.388914175751681896e-09
4.437500000000000000e+00,3.324911345720873369e-09
4.453125000000000000e+00,3.094247401102236508e-09
4.468750000000000000e+00,2.841231322525282535e-09
4.484375000000000000e+00,2.685108372634587645e-09
4.500000000000000000e+00,2.577070659351653062e-09
4.515625000000000000e+00,2.509680676495286298e-09
4.531250000000000000e+00,2.514682379873338071e-09
4.546875000000000000e+00,2.619981688638910041e-09
4.562500000000000000e+00,2.883420149294462089e-09
4.578125000000000000e+00,3.243880784061424890e-09
4.593750000000000000e+00,3.484385570268629504e-09
4.609375000000000000e+00,3.455520090291686490e-09
4.625000000000000000e+00,3.213551482740656897e-09
4.640625000000000000e+00,3.008922551938071326e-09
4.656250000000000000e+00,3.045279350297325783e-09
4.671875000000000000e+00,3.200818890671897650e-09
4.687500000000000000e+00,3.286671071102678279e-09
4.703125000000000000e+00,3.260401860040782118e-09
4.718750000000000000e+00,3.148504965802932356e-09
4.734375000000000000e+00,3.040950874854507408e-09
4.750000000000000000e+00,3.007273571436358269e-09
4.765625000000000000e+00,2.957831657719650265e-09
4.781250000000000000e+00,2.830680907638391607e-09
4.796875000000000000e+00,2.714717362908343599e-09
4.812500000000000000e+00,2.639758016850542762e-09
4.828125000000000000e+00,2.534229296000843158e-09
4.843750000000000000e+00,2.444117379294518279e-09
4.859375000000000000e+00,2.514666893175236141e-09
4.875000000000000000e+00,2.689883124181577145e-09
4.890625000000000000e+00,2.760462598868628060e-09
4.906250000000000000e+00,2.659530177929068749e-09
4.921875000000000000e+00,2.502778317080391041e-09
4.937500000000000000e+00,2.414925539874872429e-09
4.953125000000000000e+00,2.395110508206364732e-09
4.968750000000000000e+00,2.405372575139603615e-09
4.984375000000000000e+00,2.399287580584852539e-09
5.000000000000000000e+00,2.302721152701571508e-09
5.015625000000000000e+00,2.156149150575689977e-09
5.031250000000000000e+00,2.100760900905859106e-09
5.046875000000000000e+00,2.194752171840055460e-09
5.062500000000000000e+00,2.422689742916070273e-09
5.078125000000000000e+00,2.721338905106393227e-09
5.093750000000000000e+00,2.948982477556621143e-09
5.109375000000000000e+00,3.021629665277095263e-09
5.125000000000000000e+00,3.009156886112907881e-09
5.140625000000000000e+00,3.023775990480172761e-09
5.156250000000000000e+00,3.092571143739933683e-09
5.171875000000000000e+00,3.181755226579793488e-09
5.187500000000000000e+00,3.262391695250571768e-09
5.203125000000000000e+00,3.380343163904687415e-09
5.218750000000000000e+00,3.578595497024229576e-09
5.234375000000000000e+00,3.700876970053518678e-09
5.250000000000000000e+00,3.597412356647404362e-09
5.265625000000000000e+00,3.380791387019496669e-09
5.281250000000000000e+00,3.244472521470880284e-09
5.296875000000000000e+00,3.196010409700552735e-09
5.312500000000000000e+00,3.130281511268067026e-09
5.328125000000000000e+00,2.968201884541859160e-09
5.343750000000000000e+00,2.706848183445424566e-09
5.359375000000000000e+00,2.511642213850153463e-09
5.375000000000000000e+00,2.530828465471364037e-09
5.390625000000000000e+00,2.645879775484245074e-09
5.406250000000000000e+00,2.755525450623319566e-09
5.421875000000000000e+00,2.886114883833513023e-09
5.437500000000000000e+00,3.007524532766185531e-09
5.453125000000000000e+00,3.011441599169939752e-09
5.468750000000000000e+00,2.853443254035912048e-09
5.484375000000000000e+00,2.659117811193424941e-09
5.500000000000000000e+00,2.633478466117112355e-09
5.515625000000000000e+00,2.865187370608061892e-09
5.531250000000000000e+00,3.241569769201918789e-09
5.546875000000000000e+00,3.529130146021567557e-09
5.562500000000000000e+00,3.540480664673566949e-09
5.578125000000000000e+00,3.329479134544844631e-09
5.593750000000000000e+00,3.237682859126095525e-09
5.609375000000000000e+00,3.454299133737620566e-09
5.625000000000000000e+00,3.739087212400368887e-09
5.640625000000000000e+00,3.950914954939666486e-09
5.656250000000000000e+00,4.143281989075060866e-09
5.671875000000000000e+00,4.180857524249566044e-09
5.687500000000000000e+00,3.903687360236945903e-09
5.703125000000000000e+00,3.485399794686948530e-09
5.718750000000000000e+00,3.213178041555955909e-09
5.734375000000000000e+00,3.088702693244445227e-09
5.750000000000000000e+00,2.958428913237012501e-09
5.765625000000000000e+00,2.772265925317772523e-09
5.781250000000000000e+00,2.559088614377041009e-09
5.796875000000000000e+00,2.432814027746272348e-09
5.812500000000000000e+00,2.512976818393740197e-09
5.828125000000000000e+00,2.691486779816812070e-09
5.843750000000000000e+00,2.839799164383156071e-09
5.859375000000000000e+00,3.034801702514976508e-09
5.875000000000000000e+00,3.282216550566281230e-09
5.890625000000000000e+00,3.422586367262739854e-09
5.906250000000000000e+00,3.391259872869879738e-09
5.921875000000000000e+00,3.264295326425043336e-09
5.937500000000000000e+00,3.204451539431549352e-09
5.953125000000000000e+00,3.412427558798464181e-09
5.968750000000000000e+00,3.934125531676750194e-09
5.984375000000000000e+00,4.622971136332178100e-09
6.000000000000000000e+00,5.316345977300189218e-09
6.015625000000000000e+00,5.914098062399462898e-09
6.031250000000000000e+00,6.474390156206798592e-09
6.046875000000000000e+00,7.160223938578524536e-09
6.062500000000000000e+00,7.882803695063226101e-09
6.078125000000000000e+00,8.353794879068809058e-09
6.093750000000000000e+00,8.517208751269284467e-09
6.109375000000000000e+00,8.634758603671164910e-09
6.125000000000000000e+00,9.142089659758973993e-09
6.140625000000000000e+00,1.012550655766447839e-08
6.156250000000000000e+00,1.072681659836508758e-08
6.171875000000000000e+00,1.010786200421350180e-08
6.187500000000000000e+00,8.660122518399546270e-09
6.203125000000000000e+00,7.649875736202021829e-09
6.218750000000000000e+00,7.562849628566101436e-09
6.234375000000000000e+00,7.648995274384993797e-09
6.250000000000000000e+00,7.356566465238442082e-09
6.265625000000000000e+00,6.823462244413013097e-09
6.281250000000000000e+00,6.419239905454643015e-09
6.296875000000000000e+00,6.388720139311332066e-09
6.312500000000000000e+00,6.686767571321774017e-09
6.328125000000000000e+00,6.897432367579602365e-09
6.343750000000000000e+00,6.649909428344586175e-09
6.359375000000000000e+00,6.044024564105397910e-09
6.375000000000000000e+00,5.459922459358727919e-09
6.390625000000000000e+00,5.028383866478699612e-09
6.406250000000000000e+00,4.670501331824106423e-09
6.421875000000000000e+00,4.372600442533918782e-09
6.437500000000000000e+00,4.118251115246678106e-09
6.453125000000000000e+00,3.924626749213880343e-09
6.468750000000000000e+00,3.856419268085674170e-09
6.484375000000000000e+00,3.871925276265109500e-09
6.500000000000000000e+00,3.805713113169981598e-09
6.515625000000000000e+00,3.509544437884308349e-09
6.531250000000000000e+00,3.027745895285375685e-09
6.546875000000000000e+00,2.641078123247860200e-09
6.562500000000000000e+00,2.553997206012297770e-09
6.578125000000000000e+00,2.595803991917466554e-09
6.593750000000000000e+00,2.551178854105359335e-09
6.609375000000000000e+00,2.376973821183101924e-09
6.625000000000000000e+00,2.118545413594493825e-09
6.640625000000000000e+00,1.877881864357403156e-09
6.656250000000000000e+00,1.769974917868896989e-09
6.671875000000000000e+00,1.827829247501161664e-09
6.687500000000000000e+00,1.947787653695349178e-09
6.703125000000000000e+00,2.012765239624793109e-09
6.718750000000000000e+00,1.986296000223086913e-09
6.734375000000000000e+00,1.909232334711171890e-09
6.750000000000000000e+00,1.908050915730796581e-09
6.765625000000000000e+00,2.050390670843739399e-09
6.781250000000000000e+00,2.222691676581630563e-09
6.796875000000000000e+00,2.306815539130884315e-09
6.812500000000000000e+00,2.274702797240900682e-09
6.828125000000000000e+00,2.180326987562760807e-09
6.843750000000000000e+00,2.126292084692194295e-09
6.859375000000000000e+00,2.133799054781257714e-09
6.875000000000000000e+00,2.170371587843631622e-09
6.890625000000000000e+00,2.226778745890817406e-09
6.906250000000000000e+00,2.251321485365554620e-09
6.921875000000000000e+00,2.224435907766905584e-09
6.937500000000000000e+00,2.226249788035182935e-09
6.953125000000000000e+00,2.259496711552289960e-09
6.968750000000000000e+00,2.203309528660774415e-09
6.984375000000000000e+00,2.053834164874126245e-09
7.000000000000000000e+00,1.942938489939972751e-09
7.015625000000000000e+00,1.922295481014920416e-09
7.031250000000000000e+00,1.977884633690521254e-09
7.046875000000000000e+00,2.128662457296138243e-09
7.062500000000000000e+00,2.281619406129225574e-09
7.078125000000000000e+00,2.285641363599640050e-09
7.093750000000000000e+00,2.140321743962486927e-09
7.109375000000000000e+00,1.993180955987193069e-09
7.125000000000000000e+00,1.977970775066668052e-09
7.140625000000000000e+00,2.056054466938171530e-09
7.156250000000000000e+00,2.110343848820934233e-09
7.171875000000000000e+00,2.098904831238196804e-09
7.187500000000000000e+00,2.049684325644930836e-09
7.203125000000000000e+00,2.006520133852365582e-09
7.218750000000000000e+00,2.008674604134098641e-09
7.234375000000000000e+00,2.090693028771870468e-09
7.250000000000000000e+00,2.237897268438363586e-09
7.265625000000000000e+00,2.393737088287689924e-09
7.281250000000000000e+00,2.543725620563302339e-09
7.296875000000000000e+00,2.717825145164640473e-09
7.312500000000000000e+00,2.854859006270766366e-09
7.328125000000000000e+00,2.792064722719099329e-09
7.343750000000000000e+00,2.508186960894092806e-09
7.359375000000000000e+00,2.246960883057198389e-09
7.375000000000000000e+00,2.221842558653053502e-09
7.390625000000000000e+00,2.283016201591375423e-09
7.406250000000000000e+00,2.241586429365232279e-09
7.421875000000000000e+00,2.143751346936777912e-09
7.437500000000000000e+00,2.093497274242536049e-09
7.453125000000000000e+00,2.066833422282024551e-09
7.468750000000000000e+00,1.987760866938630317e-09
7.484375000000000000e+00,1.857300348402258145e-09
7.500000000000000000e+00,1.729614633639290638e-09
7.515625000000000000e+00,1.608507682644505585e-09
7.531250000000000000e+00,1.488727875497611830e-09
7.546875000000000000e+00,1.421932624983606603e-09
7.562500000000000000e+00,1.427561146446727945e-09
7.578125000000000000e+00,1.490131142328268800e-09
7.593750000000000000e+00,1.600384719077517990e-09
7.609375000000000000e+00,1.711950365739675181e-09
7.625000000000000000e+00,1.791531082061695739e-09
7.640625000000000000e+00,1.830055577384014371e-09
7.656250000000000000e+00,1.790869301239779154e-09
7.671875000000000000e+00,1.698879902685517338e-09
7.687500000000000000e+00,1.704290911780185566e-09
7.703125000000000000e+00,1.835144767303902694e-09
7.718750000000000000e+00,1.944947156644297986e-09
7.734375000000000000e+00,2.005533571408624251e-09
7.750000000000000000e+00,2.089360402815350195e-09
7.765625000000000000e+00,2.185527873968979900e-09
7.781250000000000000e+00,2.220860754246693103e-09
7.796875000000000000e+00,2.194009852611305289e-09
7.812500000000000000e+00,2.191833899155314045e-09
7.828125000000000000e+00,2.204583004922443854e-09
7.843750000000000000e+00,2.148420956008762603e-09
7.859375000000000000e+00,2.074854591364053194e-09
7.875000000000000000e+00,2.050412670469878146e-09
7.890625000000000000e+00,2.033554393691787504e-09
7.906250000000000000e+00,2.001769585591017567e-09
7.921875000000000000e+00,1.948183806196082156e-09
7.937500000000000000e+00,1.837386806126530179e-09
7.953125000000000000e+00,1.727409192572796242e-09
7.968750000000000000e+00,1.784500515320005066e-09
7.984375000000000000e+00,2.030133291763861195e-09
8.000000000000000000e+00,2.359452061056407487e-09
8.015625000000000000e+00,2.707183958202273499e-09
8.031250000000000000e+00,3.017512963507693103e-09
8.046875000000000000e+00,3.253876344193718612e-09
8.062500000000000000e+00,3.375425492679515281e-09
8.078125000000000000e+00,3.309089143368153816e-09
8.093750000000000000e+00,3.072846638888682554e-09
8.109375000000000000e+00,2.833410598651109363e-09
8.125000000000000000e+00,2.708163215242213615e-09
8.140625000000000000e+00,2.649532744109084063e-09
8.156250000000000000e+00,2.589872877872655535e-09
8.171875000000000000e+00,2.478650340095443596e-09
8.187500000000000000e+00,2.299270986631406762e-09
8.203125000000000000e+00,2.121413185899692134e-09
8.218750000000000000e+00,2.003171756989180240e-09
8.234375000000000000e+00,1.924673557216679380e-09
8.250000000000000000e+00,1.879101956180646031e-09
8.265625000000000000e+00,1.865611374912155648e-09
8.281250000000000000e+00,1.803717559534671966e-09
8.296875000000000000e+00,1.646850254223157622e-09
8.312500000000000000e+00,1.512938854736574528e-09
8.328125000000000000e+00,1.498123324449329755e-09
8.343750000000000000e+00,1.503289898741900325e-09
8.359375000000000000e+00,1.438852925792613098e-09
8.375000000000000000e+00,1.314757637881108359e-09
8.390625000000000000e+00,1.175272913165448102e-09
8.406250000000000000e+00,1.122642160606311259e-09
8.421875000000000000e+00,1.198674391822760589e-09
8.437500000000000000e+00,1.268259116695019644e-09
8.453125000000000000e+00,1.242653003129456250e-09
8.468750000000000000e+00,1.199059811544541599e-09
8.484375000000000000e+00,1.244794587804963929e-09
8.500000000000000000e+00,1.344776818622866788e-09
8.515625000000000000e+00,1.413756636530292083e-09
8.531250000000000000e+00,1.409844256002960624e-09
8.546875000000000000e+00,1.350551344033081026e-09
8.562500000000000000e+00,1.381483418517599910e-09
8.578125000000000000e+00,1.604630604995280083e-09
8.593750000000000000e+00,1.866261438445113374e-09
8.609375000000000000e+00,2.006526793473620976e-09
8.625000000000000000e+00,1.984554655643854943e-09
8.640625000000000000e+00,1.820490790136399385e-09
8.656250000000000000e+00,1.587363761765855644e-09
8.671875000000000000e+00,1.396526050091309487e-09
8.687500000000000000e+00,1.328881318928117807e-09
8.703125000000000000e+00,1.352793491689625873e-09
8.718750000000000000e+00,1.370209570350435805e-09
8.734375000000000000e+00,1.365137346283439546e-09
8.750000000000000000e+00,1.386085097040556639e-09
8.765625000000000000e+00,1.405153756490769850e-09
8.781250000000000000e+00,1.349881240737176991e-09
8.796875000000000000e+00,1.230896448813745107e-09
8.812500000000000000e+00,1.144384999751202346e-09
8.828125000000000000e+00,1.149324888777876819e-09
8.843750000000000000e+00,1.220386189591389266e-09
8.859375000000000000e+00,1.324789602298617059e-09
8.875000000000000000e+00,1.412786877468459847e-09
8.890625000000000000e+00,1.422947383928779152e-09
8.906250000000000000e+00,1.356056106543289572e-09
8.921875000000000000e+00,1.310527991815523267e-09
8.937500000000000000e+00,1.365502875417094632e-09
8.953125000000000000e+00,1.490783497601189018e-09
8.968750000000000000e+00,1.601459828794260425e-09
8.984375000000000000e+00,1.628337211131340470e-09
9.000000000000000000e+00,1.591136404473454417e-09
9.015625000000000000e+00,1.561061281599176800e-09
9.031250000000000000e+00,1.567002998538817079e-09
9.046875000000000000e+00,1.597732281823765587e-09
9.062500000000000000e+00,1.622742938612860701e-09
9.078125000000000000e+00,1.612369210410491566e-09
9.093750000000000000e+00,1.613677006734758167e-09
9.109375000000000000e+00,1.718371154669734294e-09
9.125000000000000000e+00,1.897936141869347879e-09
9.140625000000000000e+00,2.054132016462690035e-09
9.156250000000000000e+00,2.143432227208262246e-09
9.171875000000000000e+00,2.159010254172295339e-09
9.187500000000000000e+00,2.109650052151306589e-09
9.203125000000000000e+00,2.084811141182393962e-09
9.218750000000000000e+00,2.231722267447950323e-09
9.234375000000000000e+00,2.520583885446881259e-09
9.250000000000000000e+00,2.790345991040541212e-09
9.265625000000000000e+00,2.997063278999600033e-09
9.281250000000000000e+00,3.165158361839719157e-09
9.296875000000000000e+00,3.298496874809200421e-09
9.312500000000000000e+00,3.385026192986436784e-09
9.328125000000000000e+00,3.404674199940159361e-09
9.343750000000000000e+00,3.379251906032495109e-09
9.359375000000000000e+00,3.524955133155917597e-09
9.375000000000000000e+00,4.106527575195261295e-09
9.390625000000000000e+00,4.864080288687807690e-09
9.406250000000000000e+00,5.328730359676856117e-09
9.421875000000000000e+00,5.439219042975245025e-09
9.437500000000000000e+00,5.389334910468898284e-09
9.453125000000000000e+00,5.234122644724386946e-09
9.468750000000000000e+00,4.945077730208810236e-09
9.484375000000000000e+00,4.591011888437278178e-09
9.500000000000000000e+00,4.345245166745123961e-09
9.515625000000000000e+00,4.350218521357548060e-09
9.531250000000000000e+00,4.483870064878266648e-09
9.546875000000000000e+00,4.523499993855518716e-09
9.562500000000000000e+00,4.493856627739730331e-09
9.578125000000000000e+00,4.563962892200060006e-09
9.593750000000000000e+00,4.647494032566376662e-09
9.609375000000000000e+00,4.523048531692468067e-09
9.625000000000000000e+00,4.303824685321098916e-09
9.640625000000000000e+00,4.296618981843953505e-09
9.656250000000000000e+00,4.463719011323416088e-09
9.671875000000000000e+00,4.519946945520112793e-09
9.687500000000000000e+00,4.385996700165065685e-09
9.703125000000000000e+00,4.152077093008161887e-09
9.718750000000000000e+00,3.818104852087837960e-09
9.734375000000000000e+00,3.451022948459668569e-09
9.750000000000000000e+00,3.324688292413108830e-09
9.765625000000000000e+00,3.443131259919400460e-09
9.781250000000000000e+00,3.526635587983258532e-09
9.796875000000000000e+00,3.508137306292327571e-09
9.812500000000000000e+00,3.512838595260235246e-09
9.828125000000000000e+00,3.581110319066733507e-09
9.843750000000000000e+00,3.585451101952944268e-09
9.859375000000000000e+00,3.386182693682740203e-09
9.875000000000000000e+00,3.030607468755120311e-09
9.890625000000000000e+00,2.831115338372142432e-09
9.906250000000000000e+00,2.939361137323219738e-09
9.921875000000000000e+00,3.040224635946146702e-09
9.937500000000000000e+00,2.950318341588014982e-09
9.953125000000000000e+00,2.850913107221470989e-09
9.968750000000000000e+00,2.911243526478059523e-09
9.984375000000000000e+00,3.026884212337978576e-09
1.000000000000000000e+01,3.039463361006624876e-09
1.001562500000000000e+01,2.985210777822135225e-09
1.003125000000000000e+01,2.950821134688057515e-09
1.004687500000000000e+01,2.864791483606092604e-09
1.006250000000000000e+01,2.749875739531345590e-09
1.007812500000000000e+01,2.785040723634703196e-09
1.009375000000000000e+01,2.918201441765328660e-09
1.010937500000000000e+01,2.932262519896885342e-09
1.012500000000000000e+01,2.811429065433704393e-09
1.014062500000000000e+01,2.708748246000604526e-09
1.015625000000000000e+01,2.678994236012047637e-09
1.017187500000000000e+01,2.665143553241721292e-09
1.018750000000000000e+01,2.627785455930482443e-09
1.020312500000000000e+01,2.562122004438226054e-09
1.021875000000000000e+01,2.476826817947744962e-09
1.023437500000000000e+01,2.370717296357885119e-09
1.025000000000000000e+01,2.265801369289186613e-09
1.026562500000000000e+01,2.201498087515863988e-09
1.028125000000000000e+01,2.166459712886706206e-09
1.029687500000000000e+01,2.162927157884885380e-09
1.031250000000000000e+01,2.221408687418675200e-09
1.032812500000000000e+01,2.317653772265834844e-09
1.034375000000000000e+01,2.410469346537286764e-09
1.035937500000000000e+01,2.466632075657279401e-09
1.037500000000000000e+01,2.478663134467948131e-09
1.039062500000000000e+01,2.483860498843978178e-09
1.040625000000000000e+01,2.488921121704110916e-09
1.042187500000000000e+01,2.420325526432455836e-09
1.043750000000000000e+01,2.220421340241749990e-09
1.045312500000000000e+01,1.964370152412823350e-09
1.046875000000000000e+01,1.764453053801130850e-09
1.048437500000000000e+01,1.685883591184282797e-09
1.050000000000000000e+01,1.797676109515126558e-09
1.051562500000000000e+01,2.063169541056091720e-09
1.053125000000000000e+01,2.344098507002646098e-09
1.054687500000000000e+01,2.518507107496508481e-09
1.056250000000000000e+01,2.529453010425408396e-09
1.057812500000000000e+01,2.407310136786963979e-09
1.059375000000000000e+01,2.262060621096003780e-09
1.060937500000000000e+01,2.177683178402167028e-09
1.062500000000000000e+01,2.131661483036512650e-09
1.064062500000000000e+01,2.141814438940455253e-09
1.065625000000000000e+01,2.241800212787497911e-09
1.067187500000000000e+01,2.305090035764660026e-09
1.068750000000000000e+01,2.207960548476282919e-09
1.070312500000000000e+01,1.992543486206248889e-09
1.071875000000000000e+01,1.778709379157864046e-09
1.073437500000000000e+01,1.631374446787178900e-09
1.075000000000000000e+01,1.575340136736735947e-09
1.076562500000000000e+01,1.663465817843246118e-09
1.078125000000000000e+01,1.833269220334822713e-09
1.079687500000000000e+01,1.898012848893713990e-09
1.081250000000000000e+01,1.798114686330351469e-09
1.082812500000000000e+01,1.636914047664115088e-09
1.084375000000000000e+01,1.554295711502607100e-09
1.085937500000000000e+01,1.603464421561481876e-09
1.087500000000000000e+01,1.719664254991181289e-09
1.089062500000000000e+01,1.860124464329524536e-09
1.090625000000000000e+01,1.988842116929326754e-09
1.092187500000000000e+01,2.020164576186343253e-09
1.093750000000000000e+01,1.941142968832294332e-09
1.095312500000000000e+01,1.832280992480446102e-09
1.096875000000000000e+01,1.766388926093834904e-09
1.098437500000000000e+01,1.741495735814979242e-09
1.100000000000000000e+01,1.693545985706647794e-09
1.101562500000000000e+01,1.617074790298290549e-09
1.103125000000000000e+01,1.585264491833450489e-09
1.104687500000000000e+01,1.632640641220829679e-09
1.106250000000000000e+01,1.707260755053026526e-09
1.107812500000000000e+01,1.736146679769195044e-09
1.109375000000000000e+01,1.709872066108913580e-09
1.110937500000000000e+01,1.689201868499933576e-09
1.112500000000000000e+01,1.745719666089070030e-09
1.114062500000000000e+01,1.893158987798641145e-09
1.115625000000000000e+01,1.991003684309592488e-09
1.117187500000000000e+01,1.876308105431423744e-09
1.118750000000000000e+01,1.613054708131515236e-09
1.120312500000000000e+01,1.462380576255858328e-09
1.121875000000000000e+01,1.496242013499313192e-09
1.123437500000000000e+01,1.543673604709904385e-09
1.125000000000000000e+01,1.562985137767639558e-09
1.126562500000000000e+01,1.599432643490867519e-09
1.128125000000000000e+01,1.632838924267959000e-09
1.129687500000000000e+01,1.664290125116673088e-09
1.131250000000000000e+01,1.710509781450138162e-09
1.132812500000000000e+01,1.715218872813665741e-09
1.134375000000000000e+01,1.647611171429770006e-09
1.135937500000000000e+01,1.554372889408058935e-09
1.137500000000000000e+01,1.469445492433232315e-09
1.139062500000000000e+01,1.401163892742771997e-09
1.140625000000000000e+01,1.373939557776397084e-09
1.142187500000000000e+01,1.398037033116325893e-09
1.143750000000000000e+01,1.418210287087822617e-09
1.145312500000000000e+01,1.371660384887111514e-09
1.146875000000000000e+01,1.274302768529386782e-09
1.148437500000000000e+01,1.220537813500814231e-09
1.150000000000000000e+01,1.265127385036111384e-09
1.151562500000000000e+01,1.337722236856496598e-09
1.153125000000000000e+01,1.419110857269056982e-09
1.154687500000000000e+01,1.544368351483243617e-09
1.156250000000000000e+01,1.634293345016834428e-09
1.157812500000000000e+01,1.631483458410599483e-09
1.159375000000000000e+01,1.590157127824694128e-09
1.160937500000000000e+01,1.534027516952616415e-09
1.162500000000000000e+01,1.454054290904841128e-09
1.164062500000000000e+01,1.430633887625304059e-09
1.165625000000000000e+01,1.539568283972792847e-09
1.167187500000000000e+01,1.707562382695739119e-09
1.168750000000000000e+01,1.825289645740301814e-09
1.170312500000000000e+01,1.860315573063713783e-09
1.171875000000000000e+01,1.854992384574256340e-09
1.173437500000000000e+01,1.838399346967499192e-09
1.175000000000000000e+01,1.770808163992379039e-09
1.176562500000000000e+01,1.648297223145816681e-09
1.178125000000000000e+01,1.557911909829642855e-09
1.179687500000000000e+01,1.559170762447649123e-09
1.181250000000000000e+01,1.607413365997700310e-09
1.182812500000000000e+01,1.664602425138646812e-09
1.184375000000000000e+01,1.753618452761266932e-09
1.185937500000000000e+01,1.899093418092960574e-09
1.187500000000000000e+01,2.070332739204890864e-09
1.189062500000000000e+01,2.185840444572236563e-09
1.190625000000000000e+01,2.190137192172534604e-09
1.192187500000000000e+01,2.104323330264219453e-09
1.193750000000000000e+01,1.985383590718160783e-09
1.195312500000000000e+01,1.877029744055572410e-09
1.196875000000000000e+01,1.808357479434742294e-09
1.198437500000000000e+01,1.749148116408724650e-09
1.200000000000000000e+01,1.661049110597058897e-09
1.201562500000000000e+01,1.564518446767555817e-09
1.203125000000000000e+01,1.472173460900724001e-09
1.204687500000000000e+01,1.404833077977773841e-09
1.206250000000000000e+01,1.385349977559822251e-09
1.207812500000000000e+01,1.373948544877646988e-09
1.209375000000000000e+01,1.337767425666333925e-09
1.210937500000000000e+01,1.321995489295939177e-09
1.212500000000000000e+01,1.400307246942107713e-09
1.214062500000000000e+01,1.612186665789827746e-09
1.215625000000000000e+01,1.907939622140113003e-09
1.217187500000000000e+01,2.142847771986877999e-09
1.218750000000000000e+01,2.200178927124878737e-09
1.220312500000000000e+01,2.089073916496775327e-09
1.221875000000000000e+01,1.904280895411119849e-09
1.223437500000000000e+01,1.714113632255977158e-09
1.225000000000000000e+01,1.541174551334876534e-09
1.226562500000000000e+01,1.409210250650821791e-09
1.228125000000000000e+01,1.336556030922596806e-09
1.229687500000000000e+01,1.308652307887865626e-09
1.231250000000000000e+01,1.302786542943580835e-09
1.232812500000000000e+01,1.320394263352169885e-09
1.234375000000000000e+01,1.358152211515361206e-09
1.235937500000000000e+01,1.410274818706415354e-09
1.237500000000000000e+01,1.470378114182396301e-09
1.239062500000000000e+01,1.526852119966113811e-09
1.240625000000000000e+01,1.579761178566231937e-09
1.242187500000000000e+01,1.602506483552152725e-09
1.243750000000000000e+01,1.585669735000304323e-09
1.245312500000000000e+01,1.587366148590709522e-09
1.246875000000000000e+01,1.600573919106271129e-09
1.248437500000000000e+01,1.541823069002332069e-09
1.250000000000000000e+01,1.443130415607006689e-09
1.251562500000000000e+01,1.461910495642591540e-09
1.253125000000000000e+01,1.630202827537852040e-09
1.254687500000000000e+01,1.796959921720452152e-09
1.256250000000000000e+01,1.842192315519263765e-09
1.257812500000000000e+01,1.786438000313183266e-09
1.259375000000000000e+01,1.733157837988747082e-09
1.260937500000000000e+01,1.729385751709959396e-09
1.262500000000000000e+01,1.722638133521878521e-09
1.264062500000000000e+01,1.647530734113878491e-09
1.265625000000000000e+01,1.495816731897423722e-09
1.267187500000000000e+01,1.320921348175987382e-09
1.268750000000000000e+01,1.186312426147556720e-09
1.270312500000000000e+01,1.136573541366611959e-09
1.271875000000000000e+01,1.228044265985126310e-09
1.273437500000000000e+01,1.420517351095837248e-09
1.275000000000000000e+01,1.570085347708331340e-09
1.276562500000000000e+01,1.608366719658599160e-09
1.278125000000000000e+01,1.565538666195546579e-09
1.279687500000000000e+01,1.480681059979047997e-09
1.281250000000000000e+01,1.398303676777426420e-09
1.282812500000000000e+01,1.359501395769377252e-09
1.284375000000000000e+01,1.337148118699915454e-09
1.285937500000000000e+01,1.282968048575875156e-09
1.287500000000000000e+01,1.195417482243794141e-09
1.289062500000000000e+01,1.109528391044549054e-09
1.290625000000000000e+01,1.048362510366300288e-09
1.292187500000000000e+01,1.035048411477017639e-09
1.293750000000000000e+01,1.098861932702299162e-09
1.295312500000000000e+01,1.190566990233372246e-09
1.296875000000000000e+01,1.229517453655351166e-09
1.298437500000000000e+01,1.191055373653372084e-09
1.300000000000000000e+01,1.112622885571922560e-09
1.301562500000000000e+01,1.048885296832472767e-09
1.303125000000000000e+01,1.010072440584612917e-09
1.304687500000000000e+01,9.985310170301350435e-10
1.306250000000000000e+01,1.033439177850859004e-09
1.307812500000000000e+01,1.083648561036708224e-09
1.309375000000000000e+01,1.117953503687900110e-09
1.310937500000000000e+01,1.147809529596630921e-09
1.312500000000000000e+01,1.198401736449269746e-09
1.314062500000000000e+01,1.285569477959254126e-09
1.315625000000000000e+01,1.357815633719637803e-09
1.317187500000000000e+01,1.350719398931325331e-09
1.318750000000000000e+01,1.304267522490631933e-09
1.320312500000000000e+01,1.340694605535518992e-09
1.321875000000000000e+01,1.518136800290046441e-09
1.323437500000000000e+01,1.715527215207833338e-09
1.325000000000000000e+01,1.765058880255693809e-09
1.326562500000000000e+01,1.633025718006600247e-09
1.328125000000000000e+01,1.422539684559568793e-09
1.329687500000000000e+01,1.285413371782074943e-09
1.331250000000000000e+01,1.299337417049369690e-09
1.332812500000000000e+01,1.353317057667764232e-09
1.334375000000000000e+01,1.317046523652109652e-09
1.335937500000000000e+01,1.231926448419606723e-09
1.337500000000000000e+01,1.226200009783833105e-09
1.339062500000000000e+01,1.278266674384995916e-09
1.340625000000000000e+01,1.285124771021895159e-09
1.342187500000000000e+01,1.252695806127537392e-09
1.343750000000000000e+01,1.235841468399827044e-09
1.345312500000000000e+01,1.244787334976472314e-09
1.346875000000000000e+01,1.302549874585894336e-09
1.348437500000000000e+01,1.444875231326905161e-09
1.350000000000000000e+01,1.620720758691405273e-09
1.351562500000000000e+01,1.760716588260371761e-09
1.353125000000000000e+01,1.832671028029798136e-09
1.354687500000000000e+01,1.808165010180153810e-09
1.356250000000000000e+01,1.721371639022745340e-09
1.357812500000000000e+01,1.661330727490954237e-09
1.359375000000000000e+01,1.630587167404712617e-09
1.360937500000000000e+01,1.583252203006705124e-09
1.362500000000000000e+01,1.528526004554755128e-09
1.364062500000000000e+01,1.506403506849334612e-09
1.365625000000000000e+01,1.566959509623864870e-09
1.367187500000000000e+01,1.703767389442523856e-09
1.368750000000000000e+01,1.816828958971699252e-09
1.370312500000000000e+01,1.835829108676213052e-09
1.371875000000000000e+01,1.768028098664840906e-09
1.373437500000000000e+01,1.651916707795354851e-09
1.375000000000000000e+01,1.545842457157661322e-09
1.376562500000000000e+01,1.505141898130176652e-09
1.378125000000000000e+01,1.528269136369400513e-09
1.379687500000000000e+01,1.548243946190132284e-09
1.381250000000000000e+01,1.510721463114220256e-09
1.382812500000000000e+01,1.447258873154578125e-09
1.384375000000000000e+01,1.404690027686989352e-09
1.385937500000000000e+01,1.364704910596468365e-09
1.387500000000000000e+01,1.302405213085165119e-09
1.389062500000000000e+01,1.244600321961670819e-09
1.390625000000000000e+01,1.248074702624249376e-09
1.392187500000000000e+01,1.328349113929700827e-09
1.393750000000000000e+01,1.408169484653695656e-09
1.395312500000000000e+01,1.402250761131619129e-09
1.396875000000000000e+01,1.327210214619813353e-09
1.398437500000000000e+01,1.273120949052504868e-09
1.400000000000000000e+01,1.290235462312328316e-09
1.401562500000000000e+01,1.332414254414160276e-09
1.403125000000000000e+01,1.311627818355496862e-09
1.404687500000000000e+01,1.195630421841361683e-09
1.406250000000000000e+01,1.051548141047969738e-09
1.407812500000000000e+01,9.889144093283473853e-10
1.409375000000000000e+01,1.040334737702872172e-09
1.410937500000000000e+01,1.129649299927547981e-09
1.412500000000000000e+01,1.171757875045892228e-09
1.414062500000000000e+01,1.135820464226633707e-09
1.415625000000000000e+01,1.049225350818098450e-09
1.417187500000000000e+01,9.687976701838371338e-10
1.418750000000000000e+01,9.470913512703050926e-10
1.420312500000000000e+01,9.804504836602112709e-10
1.421875000000000000e+01,9.880235317323650543e-10
1.423437500000000000e+01,9.434516383158939284e-10
1.425000000000000000e+01,9.307067821570573005e-10
1.426562500000000000e+01,1.006959295346181774e-09
1.428125000000000000e+01,1.130766083945252331e-09
1.429687500000000000e+01,1.229452811161930303e-09
1.431250000000000000e+01,1.262212634213130566e-09
1.432812500000000000e+01,1.249010033962613833e-09
1.434375000000000000e+01,1.218804105367586196e-09
1.435937500000000000e+01,1.179095426439750644e-09
1.437500000000000000e+01,1.159773731550622734e-09
1.439062500000000000e+01,1.175300828915256273e-09
1.440625000000000000e+01,1.198485233286742931e-09
1.442187500000000000e+01,1.231473844448081059e-09
1.443750000000000000e+01,1.283467100032191616e-09
1.445312500000000000e+01,1.340881619244021032e-09
1.446875000000000000e+01,1.409687281953750976e-09
1.448437500000000000e+01,1.482118950777432443e-09
1.450000000000000000e+01,1.514993357961575749e-09
1.451562500000000000e+01,1.498083478769710549e-09
1.453125000000000000e+01,1.483010900058503494e-09
1.454687500000000000e+01,1.510839560189247375e-09
1.456250000000000000e+01,1.562246059291912388e-09
1.457812500000000000e+01,1.621286965479462128e-09
1.459375000000000000e+01,1.702201031524431016e-09
1.460937500000000000e+01,1.788890770178887041e-09
1.462500000000000000e+01,1.816206240785550968e-09
1.464062500000000000e+01,1.750751397841106794e-09
1.465625000000000000e+01,1.618651286402564164e-09
1.467187500000000000e+01,1.448466556455832420e-09
1.468750000000000000e+01,1.300360509423092645e-09
1.470312500000000000e+01,1.262652572535461244e-09
1.471875000000000000e+01,1.313513188221528068e-09
1.473437500000000000e+01,1.378000449321057946e-09
1.475000000000000000e+01,1.407419969852894775e-09
1.476562500000000000e+01,1.382495614382594191e-09
1.478125000000000000e+01,1.373567069870686669e-09
1.479687500000000000e+01,1.445975871431608115e-09
1.481250000000000000e+01,1.530160564143548104e-09
1.482812500000000000e+01,1.561296807079931703e-09
1.484375000000000000e+01,1.580973033922563076e-09
1.485937500000000000e+01,1.602124212882933074e-09
1.487500000000000000e+01,1.573624444484883656e-09
1.489062500000000000e+01,1.501848810027254580e-09
1.490625000000000000e+01,1.423233285716302954e-09
1.492187500000000000e+01,1.356033809601239114e-09
1.493750000000000000e+01,1.342517320799977213e-09
1.495312500000000000e+01,1.433500750299680602e-09
1.496875000000000000e+01,1.566762052470632677e-09
1.498437500000000000e+01,1.606795864183907494e-09
1.500000000000000000e+01,1.556283567650415915e-09
1.501562500000000000e+01,1.534389685531762420e-09
1.503125000000000000e+01,1.531505652854126606e-09
1.504687500000000000e+01,1.456239237780803099e-09
1.506250000000000000e+01,1.343714065257176365e-09
1.507812500000000000e+01,1.258102952439702771e-09
1.509375000000000000e+01,1.175818042407115781e-09
1.510937500000000000e+01,1.103891682643287740e-09
1.512500000000000000e+01,1.062686949935146184e-09
1.514062500000000000e+01,1.002241165640813888e-09
1.515625000000000000e+01,9.385375276434371975e-10
1.517187500000000000e+01,9.495625295147937163e-10
1.518750000000000000e+01,1.007189800507452405e-09
1.520312500000000000e+01,1.033499667073181024e-09
1.521875000000000000e+01,9.919845209811369101e-10
1.523437500000000000e+01,9.031733981915093251e-10
1.525000000000000000e+01,8.423081709284046435e-10
1.526562500000000000e+01,8.388470607037723862e-10
1.528125000000000000e+01,8.620291372433274111e-10
1.529687500000000000e+01,9.041467467738217205e-10
1.531250000000000000e+01,9.480316532405571755e-10
1.532812500000000000e+01,9.699440797415540769e-10
1.534375000000000000e+01,9.921537484516093873e-10
1.535937500000000000e+01,1.059028876908731532e-09
1.537500000000000000e+01,1.156809472933409282e-09
1.539062500000000000e+01,1.221152704105090274e-09
1.540625000000000000e+01,1.237143849324322187e-09
1.542187500000000000e+01,1.250084096483573690e-09
1.543750000000000000e+01,1.268189086425658296e-09
1.545312500000000000e+01,1.246595777659151695e-09
1.546875000000000000e+01,1.176436740279114601e-09
1.548437500000000000e+01,1.114993602032372428e-09
1.550000000000000000e+01,1.108502219970786061e-09
1.551562500000000000e+01,1.130726788924753353e-09
1.553125000000000000e+01,1.151134137386784214e-09
1.554687500000000000e+01,1.185983909576655082e-09
1.556250000000000000e+01,1.241224766005994737e-09
1.557812500000000000e+01,1.281609504329669220e-09
1.559375000000000000e+01,1.304894352232446085e-09
1.560937500000000000e+01,1.369161186448867497e-09
1.562500000000000000e+01,1.490034827604227984e-09
1.564062500000000000e+01,1.611529415531135046e-09
1.565625000000000000e+01,1.699315139364169365e-09
1.567187500000000000e+01,1.758394768916160872e-09
1.568750000000000000e+01,1.813075394949291728e-09
1.570312500000000000e+01,1.867196921326310756e-09
1.571875000000000000e+01,1.854005272995053611e-09
1.573437500000000000e+01,1.704230639879919405e-09
1.575000000000000000e+01,1.462550113493178096e-09
1.576562500000000000e+01,1.307966368574438115e-09
1.578125000000000000e+01,1.382251069531185946e-09
1.579687500000000000e+01,1.607065294583003098e-09
1.581250000000000000e+01,1.848899119858645694e-09
1.582812500000000000e+01,2.015249677017066218e-09
1.584375000000000000e+01,2.070363179905339492e-09
1.585937500000000000e+01,2.043589892768951219e-09
1.587500000000000000e+01,1.946753743986520692e-09
1.589062500000000000e+01,1.794177324902356372e-09
1.590625000000000000e+01,1.669704790447963146e-09
1.592187500000000000e+01,1.652068527122006759e-09
1.593750000000000000e+01,1.692314493557994429e-09
1.595312500000000000e+01,1.654443372295287694e-09
1.596875000000000000e+01,1.496782728483677886e-09
1.598437500000000000e+01,1.314626798599437900e-09
1.600000000000000000e+01,1.234758205763207447e-09
1.601562500000000000e+01,1.269032890951563928e-09
1.603125000000000000e+01,1.323147327845964633e-09
1.604687500000000000e+01,1.352986438663019664e-09
1.606250000000000000e+01,1.381033309648031751e-09
1.607812500000000000e+01,1.399618669211181379e-09
1.609375000000000000e+01,1.374670557886255732e-09
1.610937500000000000e+01,1.344761226151461877e-09
1.612500000000000000e+01,1.390506264023019664e-09
1.614062500000000000e+01,1.514435954363178324e-09
1.615625000000000000e+01,1.703878769465330733e-09
1.617187500000000000e+01,1.957652523343078377e-09
1.618750000000000000e+01,2.188242027461390175e-09
1.620312500000000000e+01,2.325674850056629394e-09
1.621875000000000000e+01,2.398739903818241616e-09
1.623437500000000000e+01,2.415820281506635912e-09
1.625000000000000000e+01,2.340396646883249700e-09
1.626562500000000000e+01,2.204492966049913032e-09
1.628125000000000000e+01,2.109548677996850555e-09
1.629687500000000000e+01,2.099361031593874795e-09
1.631250000000000000e+01,2.102724528529845766e-09
1.632812500000000000e+01,2.041930222358317928e-09
1.634375000000000000e+01,1.906358322412495400e-09
1.635937500000000000e+01,1.717788619071272601e-09
1.637500000000000000e+01,1.518221229219490629e-09
1.639062500000000000e+01,1.381783181488817010e-09
1.640625000000000000e+01,1.361500182092052554e-09
1.642187500000000000e+01,1.414124994990801021e-09
1.643750000000000000e+01,1.452974529972779880e-09
1.645312500000000000e+01,1.434408804227465383e-09
1.646875000000000000e+01,1.388998807835545168e-09
1.648437500000000000e+01,1.358773442262205875e-09
1.650000000000000000e+01,1.317520399550535842e-09
1.651562500000000000e+01,1.276400797856035847e-09
1.653125000000000000e+01,1.306963550549895710e-09
1.654687500000000000e+01,1.359420341657747403e-09
1.656250000000000000e+01,1.351334841321870165e-09
1.657812500000000000e+01,1.314614705711438651e-09
1.659375000000000000e+01,1.299096253909813545e-09
1.660937500000000000e+01,1.308627495527222967e-09
1.662500000000000000e+01,1.340984571033285219e-09
1.664062500000000000e+01,1.386363738485881531e-09
1.665625000000000000e+01,1.439255220260243074e-09
1.667187500000000000e+01,1.492046444012570738e-09
1.668750000000000000e+01,1.521987542693004394e-09
1.670312500000000000e+01,1.541154760904503497e-09
1.671875000000000000e+01,1.609636324419980234e-09
1.673437500000000000e+01,1.763257489707618491e-09
1.675000000000000000e+01,1.937085045933598774e-09
1.676562500000000000e+01,2.033704914948069387e-09
1.678125000000000000e+01,2.065460638439046881e-09
1.679687500000000000e+01,2.081614406328578508e-09
1.681250000000000000e+01,2.021515263710583587e-09
1.682812500000000000e+01,1.872661033838720914e-09
1.684375000000000000e+01,1.788736801609963114e-09
1.685937500000000000e+01,1.855828351445926065e-09
1.687500000000000000e+01,1.943574828204759111e-09
1.689062500000000000e+01,1.939053289976323003e-09
1.690625000000000000e+01,1.896462135388400157e-09
1.692187500000000000e+01,1.911429477643145760e-09
1.693750000000000000e+01,1.991682563033014592e-09
1.695312500000000000e+01,2.106393474209625692e-09
1.696875000000000000e+01,2.192354624939338719e-09
1.698437500000000000e+01,2.203308233579924873e-09
1.700000000000000000e+01,2.196805669181737978e-09
1.701562500000000000e+01,2.240286443188300036e-09
1.703125000000000000e+01,2.311326856703159784e-09
1.704687500000000000e+01,2.341950065368550263e-09
1.706250000000000000e+01,2.274186852175433944e-09
1.707812500000000000e+01,2.106368440546184583e-09
1.709375000000000000e+01,1.881940473413084149e-09
1.710937500000000000e+01,1.680849440381174575e-09
1.712500000000000000e+01,1.598655981097085944e-09
1.714062500000000000e+01,1.617724850817160321e-09
1.715625000000000000e+01,1.657304264037325890e-09
1.717187500000000000e+01,1.717528177189823774e-09
1.718750000000000000e+01,1.759289875715377426e-09
1.720312500000000000e+01,1.706918116110137298e-09
1.721875000000000000e+01,1.589695630688273386e-09
1.723437500000000000e+01,1.499754280559825039e-09
1.725000000000000000e+01,1.476515099492602112e-09
1.726562500000000000e+01,1.471483912883979076e-09
1.728125000000000000e+01,1.421482470548505509e-09
1.729687500000000000e+01,1.326412454295741166e-09
1.731250000000000000e+01,1.219654035856753049e-09
1.732812500000000000e+01,1.126497757815038950e-09
1.734375000000000000e+01,1.090634599443718355e-09
1.735937500000000000e+01,1.126424716434520128e-09
1.737500000000000000e+01,1.172739643332132772e-09
1.739062500000000000e+01,1.191504487276058690e-09
1.740625000000000000e+01,1.211514093081263816e-09
1.742187500000000000e+01,1.249454050325954978e-09
1.743750000000000000e+01,1.260950584158793603e-09
1.745312500000000000e+01,1.238308636487899871e-09
1.746875000000000000e+01,1.254670950978194493e-09
1.748437500000000000e+01,1.325978772894213049e-09
1.750000000000000000e+01,1.391173654092538316e-09
1.751562500000000000e+01,1.445525303500762585e-09
1.753125000000000000e+01,1.522418360877687160e-09
1.754687500000000000e+01,1.584929352969000640e-09
1.756250000000000000e+01,1.592202933661476482e-09
1.757812500000000000e+01,1.574809425275693390e-09
1.759375000000000000e+01,1.528079198009423475e-09
1.760937500000000000e+01,1.414373082334812629e-09
1.762500000000000000e+01,1.283643435683002643e-09
1.764062500000000000e+01,1.214167553739695751e-09
1.765625000000000000e+01,1.210163106717374979e-09
1.767187500000000000e+01,1.256672276797273080e-09
1.768750000000000000e+01,1.314967594639533092e-09
1.770312500000000000e+01,1.330117697203278820e-09
1.771875000000000000e+01,1.292822717908860328e-09
1.773437500000000000e+01,1.222960821576363901e-09
1.775000000000000000e+01,1.153844871671403834e-09
1.776562500000000000e+01,1.124505782644811053e-09
1.778125000000000000e+01,1.142152005404229278e-09
1.779687500000000000e+01,1.194212271040708328e-09
1.781250000000000000e+01,1.273273995125026902e-09
1.782812500000000000e+01,1.332284366679813345e-09
1.784375000000000000e+01,1.319848019138859091e-09
1.785937500000000000e+01,1.276824229110340126e-09
1.787500000000000000e+01,1.298675740495183354e-09
1.789062500000000000e+01,1.390757242859648962e-09
1.790625000000000000e+01,1.494154172062085188e-09
1.792187500000000000e+01,1.595290806894389339e-09
1.793750000000000000e+01,1.713862892091005846e-09
1.795312500000000000e+01,1.827674767007760272e-09
1.796875000000000000e+01,1.902582784469318306e-09
1.798437500000000000e+01,1.990770131401324714e-09
1.800000000000000000e+01,2.134423537604789978e-09
1.801562500000000000e+01,2.227628222788997034e-09
1.803125000000000000e+01,2.142856327141155618e-09
1.804687500000000000e+01,1.901312785491921231e-09
1.806250000000000000e+01,1.656548898195669165e-09
1.807812500000000000e+01,1.528525202876982989e-09
1.809375000000000000e+01,1.511644133874696751e-09
1.810937500000000000e+01,1.548181783689847564e-09
1.812500000000000000e+01,1.592920190227357348e-09
1.814062500000000000e+01,1.611324806076653091e-09
1.815625000000000000e+01,1.584555751896499165e-09
1.817187500000000000e+01,1.596254899284443125e-09
1.818750000000000000e+01,1.731224997478382177e-09
1.820312500000000000e+01,1.890864008225016919e-09
1.821875000000000000e+01,1.968874052899821114e-09
1.823437500000000000e+01,1.950064162576561013e-09
1.825000000000000000e+01,1.868657367628182540e-09
1.826562500000000000e+01,1.797653528562254112e-09
1.828125000000000000e+01,1.765168841307079597e-09
1.829687500000000000e+01,1.747472027889943849e-09
1.831250000000000000e+01,1.720667798692795038e-09
1.832812500000000000e+01,1.647616071365125128e-09
1.834375000000000000e+01,1.563510780387381990e-09
1.835937500000000000e+01,1.618982359761112405e-09
1.837500000000000000e+01,1.853276574315541935e-09
1.839062500000000000e+01,2.126594737886444570e-09
1.840625000000000000e+01,2.321775662526789363e-09
1.842187500000000000e+01,2.398251342466034516e-09
1.843750000000000000e+01,2.364089567528235229e-09
1.845312500000000000e+01,2.269285741571137524e-09
1.846875000000000000e+01,2.177505185281553479e-09
1.848437500000000000e+01,2.122905493488232257e-09
1.850000000000000000e+01,2.146611076161445772e-09
1.851562500000000000e+01,2.231964001239592028e-09
1.853125000000000000e+01,2.255136419811748899e-09
1.854687500000000000e+01,2.218449646579245674e-09
1.856250000000000000e+01,2.266864062894205349e-09
1.857812500000000000e+01,2.368015044692817391e-09
1.859375000000000000e+01,2.370586148803262173e-09
1.860937500000000000e+01,2.286342494639709733e-09
1.862500000000000000e+01,2.250034789713189568e-09
1.864062500000000000e+01,2.302271806721858986e-09
1.865625000000000000e+01,2.341448921732606475e-09
1.867187500000000000e+01,2.255236158871518039e-09
1.868750000000000000e+01,2.072917905827320393e-09
1.870312500000000000e+01,2.001933636079383529e-09
1.871875000000000000e+01,2.147687146401024811e-09
1.873437500000000000e+01,2.333344680566382861e-09
1.875000000000000000e+01,2.360424232672895211e-09
1.876562500000000000e+01,2.176534121307032098e-09
1.878125000000000000e+01,1.867390653616541483e-09
1.879687500000000000e+01,1.613549632502237775e-09
1.881250000000000000e+01,1.554322221417672415e-09
1.882812500000000000e+01,1.630545287202840810e-09
1.884375000000000000e+01,1.712007566737656012e-09
1.885937500000000000e+01,1.783201951438331227e-09
1.887500000000000000e+01,1.926067047693902383e-09
1.889062500000000000e+01,2.167926614317092399e-09
1.890625000000000000e+01,2.415608048278974939e-09
1.892187500000000000e+01,2.536012142506328959e-09
1.893750000000000000e+01,2.449732750821529341e-09
1.895312500000000000e+01,2.198816983007298922e-09
1.896875000000000000e+01,1.909707841616381547e-09
1.898437500000000000e+01,1.666106314628644060e-09
1.900000000000000000e+01,1.486007383007242034e-09
1.901562500000000000e+01,1.404298521244828471e-09
1.903125000000000000e+01,1.422476428547510603e-09
1.904687500000000000e+01,1.468678909512424636e-09
1.906250000000000000e+01,1.488871124955626718e-09
1.907812500000000000e+01,1.458837029414909618e-09
1.909375000000000000e+01,1.390124239004829159e-09
1.910937500000000000e+01,1.317124501740334743e-09
1.912500000000000000e+01,1.270051044438734768e-09
1.914062500000000000e+01,1.298449061914198455e-09
1.915625000000000000e+01,1.430613946057683570e-09
1.917187500000000000e+01,1.595020494265539894e-09
1.918750000000000000e+01,1.691565460012135176e-09
1.920312500000000000e+01,1.702182983959380702e-09
1.921875000000000000e+01,1.670427522435693807e-09
1.923437500000000000e+01,1.637466848780645574e-09
1.925000000000000000e+01,1.624706000894695336e-09
1.926562500000000000e+01,1.617377664116329665e-09
1.928125000000000000e+01,1.585617657279656568e-09
1.929687500000000000e+01,1.564138770049319650e-09
1.931250000000000000e+01,1.628536485298163455e-09
1.932812500000000000e+01,1.710546670724975112e-09
1.934375000000000000e+01,1.665281166148731547e-09
1.935937500000000000e+01,1.511364977399417045e-09
1.937500000000000000e+01,1.395855496392621910e-09
1.939062500000000000e+01,1.373713148313419652e-09
1.940625000000000000e+01,1.374915281680004144e-09
1.942187500000000000e+01,1.382119031500421880e-09
1.943750000000000000e+01,1.442093484907735287e-09
1.945312500000000000e+01,1.493536405569235511e-09
1.946875000000000000e+01,1.453226528467119146e-09
1.948437500000000000e+01,1.374252190915412164e-09
1.950000000000000000e+01,1.333117411581627942e-09
1.951562500000000000e+01,1.298820322934396595e-09
1.953125000000000000e+01,1.234866283899754030e-09
1.954687500000000000e+01,1.170052501403934030e-09
1.956250000000000000e+01,1.137284686551842228e-09
1.957812500000000000e+01,1.142661030808715769e-09
1.959375000000000000e+01,1.172950723925896660e-09
1.960937500000000000e+01,1.194418821040747287e-09
1.962500000000000000e+01,1.170483637178261479e-09
1.964062500000000000e+01,1.126256640947729697e-09
1.965625000000000000e+01,1.160999146175357103e-09
1.967187500000000000e+01,1.298266835710719754e-09
1.968750000000000000e+01,1.424045497451637966e-09
1.970312500000000000e+01,1.454491275714197256e-09
1.971875000000000000e+01,1.428858270032873515e-09
1.973437500000000000e+01,1.437299244173178008e-09
1.975000000000000000e+01,1.531640225920536388e-09
1.976562500000000000e+01,1.693129938992535234e-09
1.978125000000000000e+01,1.799733802833211595e-09
1.979687500000000000e+01,1.766173665667821375e-09
1.981250000000000000e+01,1.707551360430244783e-09
1.982812500000000000e+01,1.770274795919218608e-09
1.984375000000000000e+01,1.877996821757805359e-09
1.985937500000000000e+01,1.915777517672966289e-09
1.987500000000000000e+01,1.883932861122301335e-09
1.989062500000000000e+01,1.815255146529301834e-09
1.990625000000000000e+01,1.775700337063790320e-09
1.992187500000000000e+01,1.866650644444284182e-09
1.993750000000000000e+01,2.077513862932122446e-09
1.995312500000000000e+01,2.207829059655996848e-09
1.996875000000000000e+01,2.105724768182899669e-09
1.998437500000000000e+01,1.899428237343127246e-09
2.000000000000000000e+01,1.829004249979968272e-09
2.001562500000000000e+01,1.890194397265791109e-09
2.003125000000000000e+01,1.918786422307098881e-09
2.004687500000000000e+01,1.850309417886467606e-09
2.006250000000000000e+01,1.720792373626509960e-09
2.007812500000000000e+01,1.551581307569936896e-09
2.009375000000000000e+01,1.345275182800840756e-09
2.010937500000000000e+01,1.165386974381701013e-09
2.012500000000000000e+01,1.068279179804586256e-09
2.014062500000000000e+01,1.014438877353794667e-09
2.015625000000000000e+01,9.769977603943980477e-10
2.017187500000000000e+01,9.603675288553791309e-10
2.018750000000000000e+01,9.523243333553118787e-10
2.020312500000000000e+01,9.732410160899882125e-10
2.021875000000000000e+01,1.039851938758824218e-09
2.023437500000000000e+01,1.122356265231391625e-09
2.025000000000000000e+01,1.177679543396842031e-09
2.026562500000000000e+01,1.181387093327817350e-09
2.028125000000000000e+01,1.158248771982165155e-09
2.029687500000000000e+01,1.153736395468408349e-09
2.031250000000000000e+01,1.178254975357094981e-09
2.032812500000000000e+01,1.195515334178433695e-09
2.034375000000000000e+01,1.172592139714413619e-09
2.035937500000000000e+01,1.129084966278165359e-09
2.037500000000000000e+01,1.100036110003640110e-09
2.039062500000000000e+01,1.087870732698365762e-09
2.040625000000000000e+01,1.066742735183352092e-09
2.042187500000000000e+01,1.055383016503996766e-09
2.043750000000000000e+01,1.115098574362056357e-09
2.045312500000000000e+01,1.224793019620401520e-09
2.046875000000000000e+01,1.320334373243661135e-09
2.048437500000000000e+01,1.362619269862350994e-09
2.050000000000000000e+01,1.351160154427471368e-09
2.051562500000000000e+01,1.314184592132456192e-09
2.053125000000000000e+01,1.267325473122717127e-09
2.054687500000000000e+01,1.240590014875725541e-09
2.056250000000000000e+01,1.261830208411155698e-09
2.057812500000000000e+01,1.279423345413322738e-09
2.059375000000000000e+01,1.244879344143232610e-09
2.060937500000000000e+01,1.213667828068771352e-09
2.062500000000000000e+01,1.265749329540666411e-09
2.064062500000000000e+01,1.354032749870936017e-09
2.065625000000000000e+01,1.387115458505312658e-09
2.067187500000000000e+01,1.397317966960519611e-09
2.068750000000000000e+01,1.494642761341755207e-09
2.070312500000000000e+01,1.665564086497516909e-09
2.071875000000000000e+01,1.788221947875142015e-09
2.073437500000000000e+01,1.802972350114975990e-09
2.075000000000000000e+01,1.733749448159709423e-09
2.076562500000000000e+01,1.615466283017212607e-09
2.078125000000000000e+01,1.487200550545347732e-09
2.079687500000000000e+01,1.413716734946033690e-09
2.081250000000000000e+01,1.404576532206479648e-09
2.082812500000000000e+01,1.377866377655495027e-09
2.084375000000000000e+01,1.288299583833307757e-09
2.085937500000000000e+01,1.200701588981694396e-09
2.087500000000000000e+01,1.213872183304886461e-09
2.089062500000000000e+01,1.339592135272069652e-09
2.090625000000000000e+01,1.469135790894984625e-09
2.092187500000000000e+01,1.509031612579901104e-09
2.093750000000000000e+01,1.486693273308138719e-09
2.095312500000000000e+01,1.494996699988590791e-09
2.096875000000000000e+01,1.567062483949207208e-09
2.098437500000000000e+01,1.658283407663860257e-09
2.100000000000000000e+01,1.751256239662023938e-09
2.101562500000000000e+01,1.820817825487561402e-09
2.103125000000000000e+01,1.796288041484802190e-09
2.104687500000000000e+01,1.695996722273118591e-09
2.106250000000000000e+01,1.662302204711575291e-09
2.107812500000000000e+01,1.756501538730310556e-09
2.109375000000000000e+01,1.892632720310916540e-09
2.110937500000000000e+01,1.998289294992473066e-09
2.112500000000000000e+01,2.037659221705640232e-09
2.114062500000000000e+01,2.003647669402394231e-09
2.115625000000000000e+01,1.937501333832453829e-09
2.117187500000000000e+01,1.855144219895781082e-09
2.118750000000000000e+01,1.732057182385241433e-09
2.120312500000000000e+01,1.605268373270869587e-09
2.121875000000000000e+01,1.540229480369095356e-09
2.123437500000000000e+01,1.504185847976809563e-09
2.125000000000000000e+01,1.430098815412304297e-09
2.126562500000000000e+01,1.333547181966904659e-09
2.128125000000000000e+01,1.305172786505510126e-09
2.129687500000000000e+01,1.408481436532825400e-09
2.131250000000000000e+01,1.592961622885720718e-09
2.132812500000000000e+01,1.745558100771033384e-09
2.134375000000000000e+01,1.787122813656393321e-09
2.135937500000000000e+01,1.722103424783633886e-09
2.137500000000000000e+01,1.608885082766438368e-09
2.139062500000000000e+01,1.486628223279591626e-09
2.140625000000000000e+01,1.354683556973121825e-09
2.142187500000000000e+01,1.247736387948688160e-09
2.143750000000000000e+01,1.257456955448186411e-09
2.145312500000000000e+01,1.397808732225677796e-09
2.146875000000000000e+01,1.572854728979281231e-09
2.148437500000000000e+01,1.703527049892068130e-09
2.150000000000000000e+01,1.763253977661868774e-09
2.151562500000000000e+01,1.738527817398010533e-09
2.153125000000000000e+01,1.615826477131169953e-09
2.154687500000000000e+01,1.416427822637816776e-09
2.156250000000000000e+01,1.211180454323828042e-09
2.157812500000000000e+01,1.064954251163431019e-09
2.159375000000000000e+01,9.762293560143277133e-10
2.160937500000000000e+01,9.225858914689914030e-10
2.162500000000000000e+01,9.312267071013902074e-10
2.164062500000000000e+01,1.030722358635267279e-09
2.165625000000000000e+01,1.173674853182505480e-09
2.167187500000000000e+01,1.290209788038861814e-09
2.168750000000000000e+01,1.376911122122732994e-09
2.170312500000000000e+01,1.468008821460425728e-09
2.171875000000000000e+01,1.537741407576354582e-09
2.173437500000000000e+01,1.525103366500941797e-09
2.175000000000000000e+01,1.418768371704152566e-09
2.176562500000000000e+01,1.272840819701552257e-09
2.178125000000000000e+01,1.160121742624260084e-09
2.179687500000000000e+01,1.092059014726331541e-09
2.181250000000000000e+01,1.071045735486735265e-09
2.182812500000000000e+01,1.139286208620642180e-09
2.184375000000000000e+01,1.258247849035574831e-09
2.185937500000000000e+01,1.339312242582788383e-09
2.187500000000000000e+01,1.330318798689413014e-09
2.189062500000000000e+01,1.238227549246660579e-09
2.190625000000000000e+01,1.150450821237308781e-09
2.192187500000000000e+01,1.136919845004030925e-09
2.193750000000000000e+01,1.148493951335401259e-09
2.195312500000000000e+01,1.159842124799635404e-09
2.196875000000000000e+01,1.224310708639570316e-09
2.198437500000000000e+01,1.357757550538779044e-09
2.200000000000000000e+01,1.509456568631002954e-09
2.201562500000000000e+01,1.631892701177196991e-09
2.203125000000000000e+01,1.717285082121528407e-09
2.204687500000000000e+01,1.775420732906258966e-09
2.206250000000000000e+01,1.799346561725134566e-09
2.207812500000000000e+01,1.761091016907321781e-09
2.209375000000000000e+01,1.675944760103057204e-09
2.210937500000000000e+01,1.632391451699461834e-09
2.212500000000000000e+01,1.624331581584520630e-09
2.214062500000000000e+01,1.530748264904875199e-09
2.215625000000000000e+01,1.363895395425781579e-09
2.217187500000000000e+01,1.263352059701281155e-09
2.218750000000000000e+01,1.261965439642397093e-09
2.220312500000000000e+01,1.277084370243405470e-09
2.221875000000000000e+01,1.283104418623759941e-09
2.223437500000000000e+01,1.308969277087372756e-09
2.225000000000000000e+01,1.333828019651728635e-09
2.226562500000000000e+01,1.321768757874991343e-09
2.228125000000000000e+01,1.261999595902551801e-09
2.229687500000000000e+01,1.167716524345494896e-09
2.231250000000000000e+01,1.087760450878954792e-09
2.232812500000000000e+01,1.057252616499901593e-09
2.234375000000000000e+01,1.081134722403323953e-09
2.235937500000000000e+01,1.171428224205171879e-09
2.237500000000000000e+01,1.331060663757267337e-09
2.239062500000000000e+01,1.506664053021587892e-09
2.240625000000000000e+01,1.615992936059268534e-09
2.242187500000000000e+01,1.637393647625334441e-09
2.243750000000000000e+01,1.641805029850543898e-09
2.245312500000000000e+01,1.702999737421519721e-09
2.246875000000000000e+01,1.771585243583884260e-09
2.248437500000000000e+01,1.737937233468839557e-09
2.250000000000000000e+01,1.602335828733991909e-09
2.251562500000000000e+01,1.483095541850864351e-09
2.253125000000000000e+01,1.438597705791446811e-09
2.254687500000000000e+01,1.437767872254735234e-09
2.256250000000000000e+01,1.499543853188509492e-09
2.257812500000000000e+01,1.646660892141608670e-09
2.259375000000000000e+01,1.791761656270060820e-09
2.260937500000000000e+01,1.814284337665557720e-09
2.262500000000000000e+01,1.719499830303785363e-09
2.264062500000000000e+01,1.625099411470412139e-09
2.265625000000000000e+01,1.597222661808847805e-09
2.267187500000000000e+01,1.671164056005799116e-09
2.268750000000000000e+01,1.862624288627041078e-09
2.270312500000000000e+01,2.043934513586905382e-09
2.271875000000000000e+01,2.084555905983048265e-09
2.273437500000000000e+01,2.008386656486666091e-09
2.275000000000000000e+01,1.960914445483314450e-09
2.276562500000000000e+01,1.997077726833411492e-09
2.278125000000000000e+01,1.987848080809086496e-09
2.279687500000000000e+01,1.828281226534424374e-09
2.281250000000000000e+01,1.587345655101917217e-09
2.282812500000000000e+01,1.417527075689457380e-09
2.284375000000000000e+01,1.388936987496554622e-09
2.285937500000000000e+01,1.479189549349305607e-09
2.287500000000000000e+01,1.610942626277504181e-09
2.289062500000000000e+01,1.740647106920805209e-09
2.290625000000000000e+01,1.846140795899529263e-09
2.292187500000000000e+01,1.903930904417347893e-09
2.293750000000000000e+01,1.932822249458071220e-09
2.295312500000000000e+01,1.931324842347644828e-09
2.296875000000000000e+01,1.853297278087905924e-09
2.298437500000000000e+01,1.685170382406752013e-09
2.300000000000000000e+01,1.485690069351757545e-09
2.301562500000000000e+01,1.387345732955037986e-09
2.303125000000000000e+01,1.481566871625313121e-09
2.304687500000000000e+01,1.660924701986885286e-09
2.306250000000000000e+01,1.794541000563825534e-09
2.307812500000000000e+01,1.887267535827415240e-09
2.309375000000000000e+01,1.982283843985428205e-09
2.310937500000000000e+01,2.062579519441156838e-09
2.312500000000000000e+01,2.141102019004427213e-09
2.314062500000000000e+01,2.276278405667904246e-09
2.315625000000000000e+01,2.426649461505808856e-09
2.317187500000000000e+01,2.487735104151664599e-09
2.318750000000000000e+01,2.446327471431373876e-09
2.320312500000000000e+01,2.409295839880428583e-09
2.321875000000000000e+01,2.499553501757531323e-09
2.323437500000000000e+01,2.653777851747260689e-09
2.325000000000000000e+01,2.750153638227004679e-09
2.326562500000000000e+01,2.850486074037071332e-09
2.328125000000000000e+01,2.979987130306751244e-09
2.329687500000000000e+01,3.005055928699679343e-09
2.331250000000000000e+01,2.896142810479707469e-09
2.332812500000000000e+01,2.746907414587060418e-09
2.334375000000000000e+01,2.582299531607628251e-09
2.335937500000000000e+01,2.379102384112646919e-09
2.337500000000000000e+01,2.170806201555430736e-09
2.339062500000000000e+01,2.010176869717603946e-09
2.340625000000000000e+01,1.896667172954602123e-09
2.342187500000000000e+01,1.796767227374593934e-09
2.343750000000000000e+01,1.691043696642231452e-09
2.345312500000000000e+01,1.565696457467550810e-09
2.346875000000000000e+01,1.417990809887206552e-09
2.348437500000000000e+01,1.328967238340114161e-09
2.350000000000000000e+01,1.389770919115532181e-09
2.351562500000000000e+01,1.527041741832121541e-09
2.353125000000000000e+01,1.656491234722116279e-09
2.354687500000000000e+01,1.763638237370368988e-09
2.356250000000000000e+01,1.819132588275785297e-09
2.357812500000000000e+01,1.821794914814124087e-09
2.359375000000000000e+01,1.835798131773941714e-09
2.360937500000000000e+01,1.923884034653997859e-09
2.362500000000000000e+01,2.082478684017621966e-09
2.364062500000000000e+01,2.259589061712098019e-09
2.365625000000000000e+01,2.448806634156114007e-09
2.367187500000000000e+01,2.669807221915712175e-09
2.368750000000000000e+01,2.868021463380247597e-09
2.370312500000000000e+01,2.996657081904575181e-09
2.371875000000000000e+01,3.051218618692316157e-09
2.373437500000000000e+01,2.992596421980875429e-09
2.375000000000000000e+01,2.811867300547982028e-09
2.376562500000000000e+01,2.625020003040481115e-09
2.378125000000000000e+01,2.566758993209057303e-09
2.379687500000000000e+01,2.649413577070417105e-09
2.381250000000000000e+01,2.767737058622908819e-09
2.382812500000000000e+01,2.830748698632129854e-09
2.384375000000000000e+01,2.846907821337364369e-09
2.385937500000000000e+01,2.826994575527368365e-09
2.387500000000000000e+01,2.778799818359459292e-09
2.389062500000000000e+01,2.761403598280998650e-09
2.390625000000000000e+01,2.820052519200258678e-09
2.392187500000000000e+01,2.943335422704921714e-09
2.393750000000000000e+01,3.108526873253133568e-09
2.395312500000000000e+01,3.325128323054384715e-09
2.396875000000000000e+01,3.538525547585654189e-09
2.398437500000000000e+01,3.613103909844970335e-09
2.400000000000000000e+01,3.488243917608218871e-09
2.401562500000000000e+01,3.251597102268983021e-09
2.403125000000000000e+01,3.117203006747171299e-09
2.404687500000000000e+01,3.257754705232756233e-09
2.406250000000000000e+01,3.600631310910080289e-09
2.407812500000000000e+01,3.933358039814511890e-09
2.409375000000000000e+01,4.120632537894110461e-09
2.410937500000000000e+01,4.161429981365107006e-09
2.412500000000000000e+01,4.132448569045061934e-09
2.414062500000000000e+01,4.094155390522720444e-09
2.415625000000000000e+01,4.037574500172059703e-09
2.417187500000000000e+01,3.962108884891737337e-09
2.418750000000000000e+01,3.931095608202208436e-09
2.420312500000000000e+01,3.923788879155995492e-09
2.421875000000000000e+01,3.873753400639655910e-09
2.423437500000000000e+01,3.811714325537330732e-09
2.425000000000000000e+01,3.725815937996443622e-09
2.426562500000000000e+01,3.555599014305829473e-09
2.428125000000000000e+01,3.377272855960673359e-09
2.429687500000000000e+01,3.284887491758536354e-09
2.431250000000000000e+01,3.235075760885897297e-09
2.432812500000000000e+01,3.154738207020039134e-09
2.434375000000000000e+01,3.031736116640114155e-09
2.435937500000000000e+01,2.939135520389045939e-09
2.437500000000000000e+01,2.944730638605933469e-09
2.439062500000000000e+01,2.984079036549291338e-09
2.440625000000000000e+01,2.944311686439638476e-09
2.442187500000000000e+01,2.822843201963603039e-09
2.443750000000000000e+01,2.810796684369041798e-09
2.445312500000000000e+01,3.095088632506595699e-09
2.446875000000000000e+01,3.485113411558995019e-09
2.448437500000000000e+01,3.671163373371437512e-09
2.450000000000000000e+01,3.664696737986232858e-09
2.451562500000000000e+01,3.754092325756297155e-09
2.453125000000000000e+01,4.111976242219437978e-09
2.454687500000000000e+01,4.559387718459191324e-09
2.456250000000000000e+01,4.858132848475616697e-09
2.457812500000000000e+01,5.014567049652079432e-09
2.459375000000000000e+01,5.124297540971026471e-09
2.460937500000000000e+01,5.271340295071486487e-09
2.462500000000000000e+01,5.584559955665966733e-09
2.464062500000000000e+01,6.051502843795497432e-09
2.465625000000000000e+01,6.537927726999748921e-09
2.467187500000000000e+01,6.834066901852522268e-09
2.468750000000000000e+01,6.790453206142604809e-09
2.470312500000000000e+01,6.636250276200257883e-09
2.471875000000000000e+01,6.552697499001700901e-09
2.473437500000000000e+01,6.288070954354136545e-09
2.475000000000000000e+01,5.811375564520602759e-09
2.476562500000000000e+01,5.369382273819530365e-09
2.478125000000000000e+01,4.962855993872145034e-09
2.479687500000000000e+01,4.599975156400134809e-09
2.481250000000000000e+01,4.503852540640063731e-09
2.482812500000000000e+01,4.694745321640082002e-09
2.484375000000000000e+01,4.913792170404642482e-09
2.485937500000000000e+01,5.007025482438146240e-09
2.487500000000000000e+01,5.021301692091787052e-09
2.489062500000000000e+01,5.003810369655679562e-09
2.490625000000000000e+01,4.966338890700453496e-09
2.492187500000000000e+01,4.889472246940642690e-09
2.493750000000000000e+01,4.781271047726008011e-09
2.495312500000000000e+01,4.724454036103512746e-09
2.496875000000000000e+01,4.740651159668870047e-09
2.498437500000000000e+01,4.837118641486064383e-09
2.500000000000000000e+01,4.986243554614694882e-09
2.501562500000000000e+01,5.033319240917969963e-09
2.503125000000000000e+01,4.912329135530202617e-09
2.504687500000000000e+01,4.880459257647468901e-09
2.506250000000000000e+01,5.214335885055590031e-09
2.507812500000000000e+01,5.851974505698053703e-09
2.509375000000000000e+01,6.533961272492082308e-09
2.510937500000000000e+01,6.978297748069449259e-09
2.512500000000000000e+01,7.176101312317429108e-09
2.514062500000000000e+01,7.296494107846092621e-09
2.515625000000000000e+01,7.289396373123910693e-09
2.517187500000000000e+01,7.097068303286445705e-09
2.518750000000000000e+01,6.845400878497320693e-09
2.520312500000000000e+01,6.574493107067401236e-09
2.521875000000000000e+01,6.248496405655137895e-09
2.523437500000000000e+01,6.023003877518700010e-09
2.525000000000000000e+01,6.104795132763432862e-09
2.526562500000000000e+01,6.315473221446560822e-09
2.528125000000000000e+01,6.347133618256000290e-09
2.529687500000000000e+01,6.282038642909088017e-09
2.531250000000000000e+01,6.302117792594936334e-09
2.532812500000000000e+01,6.316626873448618801e-09
2.534375000000000000e+01,6.373186572664241855e-09
2.535937500000000000e+01,6.691781176870235293e-09
2.537500000000000000e+01,7.084761798576487928e-09
2.539062500000000000e+01,7.232528286816164117e-09
2.540625000000000000e+01,7.367157145599506204e-09
2.542187500000000000e+01,7.831144920701689357e-09
2.543750000000000000e+01,8.254659907879888860e-09
2.545312500000000000e+01,8.042321233318950844e-09
2.546875000000000000e+01,7.121962778791531373e-09
2.548437500000000000e+01,6.013740170608017134e-09
2.550000000000000000e+01,5.310793245170265927e-09
2.551562500000000000e+01,5.076236206249152935e-09
2.553125000000000000e+01,5.085089044537269426e-09
2.554687500000000000e+01,5.156874306394024166e-09
2.556250000000000000e+01,5.149153737951084232e-09
2.557812500000000000e+01,5.103405587086055142e-09
2.559375000000000000e+01,5.048866968475887983e-09
2.560937500000000000e+01,4.826938634579975573e-09
2.562500000000000000e+01,4.548553950574681240e-09
2.564062500000000000e+01,4.518372633465750604e-09
2.565625000000000000e+01,4.619237396733222496e-09
2.567187500000000000e+01,4.567960405342629436e-09
2.568750000000000000e+01,4.433534062354468267e-09
2.570312500000000000e+01,4.455007019293992523e-09
2.571875000000000000e+01,4.618377612271577583e-09
2.573437500000000000e+01,4.764976531158747969e-09
2.575000000000000000e+01,4.815103328913652737e-09
2.576562500000000000e+01,4.764000283449157965e-09
2.578125000000000000e+01,4.792422173990498183e-09
2.579687500000000000e+01,5.053397229824609802e-09
2.581250000000000000e+01,5.348052849685235063e-09
2.582812500000000000e+01,5.418229073139784052e-09
2.584375000000000000e+01,5.235667504829022932e-09
2.585937500000000000e+01,5.013742346311117770e-09
2.587500000000000000e+01,4.854337773200585751e-09
2.589062500000000000e+01,4.635905718878433594e-09
2.590625000000000000e+01,4.346222802095725334e-09
2.592187500000000000e+01,3.986845461381771072e-09
2.593750000000000000e+01,3.590512428152910356e-09
2.595312500000000000e+01,3.424530882349249346e-09
2.596875000000000000e+01,3.556971264987037792e-09
2.598437500000000000e+01,3.725918442975062991e-09
2.600000000000000000e+01,3.864526360868554957e-09
2.601562500000000000e+01,4.039309973940683324e-09
2.603125000000000000e+01,4.175208045539707614e-09
2.604687500000000000e+01,4.259679007693453859e-09
2.606250000000000000e+01,4.313080550840975844e-09
2.607812500000000000e+01,4.213020813889381822e-09
2.609375000000000000e+01,3.935276669144646789e-09
2.610937500000000000e+01,3.706039761407559813e-09
2.612500000000000000e+01,3.757919793812809501e-09
2.614062500000000000e+01,4.069851298936594765e-09
2.615625000000000000e+01,4.502450664952054816e-09
2.617187500000000000e+01,4.884529813229883936e-09
2.618750000000000000e+01,5.019794228409984861e-09
2.620312500000000000e+01,4.905185104729564161e-09
2.621875000000000000e+01,4.783996703835690893e-09
2.623437500000000000e+01,4.799266124230725875e-09
2.625000000000000000e+01,4.864649114487658014e-09
2.626562500000000000e+01,4.824919307302019685e-09
2.628125000000000000e+01,4.568177758962566812e-09
2.629687500000000000e+01,4.159141873655288408e-09
2.631250000000000000e+01,3.791736275671932905e-09
2.632812500000000000e+01,3.545981958181403135e-09
2.634375000000000000e+01,3.392415640352835309e-09
2.635937500000000000e+01,3.412244417766510229e-09
2.637500000000000000e+01,3.598018290142897500e-09
2.639062500000000000e+01,3.729847071817315676e-09
2.640625000000000000e+01,3.715927471777866434e-09
2.642187500000000000e+01,3.649114914871160934e-09
2.643750000000000000e+01,3.555266593930823251e-09
2.645312500000000000e+01,3.371691719362172793e-09
2.646875000000000000e+01,3.120123958754354130e-09
2.648437500000000000e+01,2.926915347938018466e-09
2.650000000000000000e+01,2.867845591375624703e-09
2.651562500000000000e+01,2.857002240846464683e-09
2.653125000000000000e+01,2.853781540917726571e-09
2.654687500000000000e+01,3.033438960580465868e-09
2.656250000000000000e+01,3.434144071829905523e-09
2.657812500000000000e+01,3.793189450103739656e-09
2.659375000000000000e+01,3.955144988528420618e-09
2.660937500000000000e+01,4.019247761259959546e-09
2.662500000000000000e+01,4.091613083938015577e-09
2.664062500000000000e+01,4.123937116582433528e-09
2.665625000000000000e+01,4.050411991353604816e-09
2.667187500000000000e+01,3.895759439475513088e-09
2.668750000000000000e+01,3.805505974450850076e-09
2.670312500000000000e+01,4.023976743974805864e-09
2.671875000000000000e+01,4.551266121863994254e-09
2.673437500000000000e+01,5.047728166437322986e-09
2.675000000000000000e+01,5.301156723083979744e-09
2.676562500000000000e+01,5.407129675508264043e-09
2.678125000000000000e+01,5.512202580836157555e-09
2.679687500000000000e+01,5.677521180978933863e-09
2.681250000000000000e+01,5.877978726830305860e-09
2.682812500000000000e+01,5.948447204482929323e-09
2.684375000000000000e+01,5.735900218587408945e-09
2.685937500000000000e+01,5.341111328302061975e-09
2.687500000000000000e+01,5.131659744966063303e-09
2.689062500000000000e+01,5.271575382012415249e-09
2.690625000000000000e+01,5.365885794420438333e-09
2.692187500000000000e+01,5.109893216215228794e-09
2.693750000000000000e+01,4.700343581071108470e-09
2.695312500000000000e+01,4.416121448359917871e-09
2.696875000000000000e+01,4.290375743550420357e-09
2.698437500000000000e+01,4.147065661057679384e-09
2.700000000000000000e+01,3.818689990511793117e-09
2.701562500000000000e+01,3.460859715396066538e-09
2.703125000000000000e+01,3.351136330156118407e-09
2.704687500000000000e+01,3.378046681620021680e-09
2.706250000000000000e+01,3.307271194145880538e-09
2.707812500000000000e+01,3.131524349352144802e-09
2.709375000000000000e+01,2.994597566046346446e-09
2.710937500000000000e+01,3.079855402318603732e-09
2.712500000000000000e+01,3.376397454482402050e-09
2.714062500000000000e+01,3.653571802433348624e-09
2.715625000000000000e+01,3.739277284509084580e-09
2.717187500000000000e+01,3.613159800840686713e-09
2.718750000000000000e+01,3.327856501870817687e-09
2.720312500000000000e+01,3.020821035517405274e-09
2.721875000000000000e+01,2.877892670362410552e-09
2.723437500000000000e+01,2.901971917188262480e-09
2.725000000000000000e+01,2.940543225220029687e-09
2.726562500000000000e+01,3.007830955676982975e-09
2.728125000000000000e+01,3.196477747755224773e-09
2.729687500000000000e+01,3.445006456477787431e-09
2.731250000000000000e+01,3.684452891688680825e-09
2.732812500000000000e+01,3.860505199790287443e-09
2.734375000000000000e+01,3.906786560719331448e-09
2.735937500000000000e+01,3.846183260791907660e-09
2.737500000000000000e+01,3.752794397436628059e-09
2.739062500000000000e+01,3.660320622000346786e-09
2.740625000000000000e+01,3.523896154715646465e-09
2.742187500000000000e+01,3.291372660021023042e-09
2.743750000000000000e+01,3.025040075390334694e-09
2.745312500000000000e+01,2.891034630934034399e-09
2.746875000000000000e+01,2.938831194506869580e-09
2.748437500000000000e+01,3.017051222341194201e-09
2.750000000000000000e+01,3.004870121298650300e-09
2.751562500000000000e+01,2.921979393984429591e-09
2.753125000000000000e+01,2.851648063137615811e-09
2.754687500000000000e+01,2.803536543076962068e-09
2.756250000000000000e+01,2.730709934784595337e-09
2.757812500000000000e+01,2.682723799168762881e-09
2.759375000000000000e+01,2.773194292281690760e-09
2.760937500000000000e+01,2.977073585231282267e-09
2.762500000000000000e+01,3.147372233626970541e-09
2.764062500000000000e+01,3.220403188078491395e-09
2.765625000000000000e+01,3.235306451954273520e-09
2.767187500000000000e+01,3.208062446377598398e-09
2.768750000000000000e+01,3.150629106925261998e-09
2.770312500000000000e+01,3.109004651661610791e-09
2.771875000000000000e+01,3.069251152996615086e-09
2.773437500000000000e+01,2.941628289774723913e-09
2.775000000000000000e+01,2.669306840299812175e-09
2.776562500000000000e+01,2.344996989371514892e-09
2.778125000000000000e+01,2.232369015285198714e-09
2.779687500000000000e+01,2.467739218950604595e-09
2.781250000000000000e+01,2.844035626656093222e-09
2.782812500000000000e+01,3.166340025557072698e-09
2.784375000000000000e+01,3.327220319406972498e-09
2.785937500000000000e+01,3.235495224797651741e-09
2.787500000000000000e+01,2.967279605888004353e-09
2.789062500000000000e+01,2.734525780164373904e-09
2.790625000000000000e+01,2.614155705908813199e-09
2.792187500000000000e+01,2.555875064512869105e-09
2.793750000000000000e+01,2.504666430375610945e-09
2.795312500000000000e+01,2.398835033280901004e-09
2.796875000000000000e+01,2.259350834175976484e-09
2.798437500000000000e+01,2.212919660910411092e-09
2.800000000000000000e+01,2.403560205451134694e-09
2.801562500000000000e+01,2.852946777888623021e-09
2.803125000000000000e+01,3.363082957524111409e-09
2.804687500000000000e+01,3.743687681659632360e-09
2.806250000000000000e+01,3.991480950795243424e-09
2.807812500000000000e+01,4.188703436328712956e-09
2.809375000000000000e+01,4.299868677374983141e-09
2.810937500000000000e+01,4.197055499901210433e-09
2.812500000000000000e+01,3.934377397446764157e-09
2.814062500000000000e+01,3.788872343725432932e-09
2.815625000000000000e+01,3.914974039243081744e-09
2.817187500000000000e+01,4.202236495516065946e-09
2.818750000000000000e+01,4.496822542713504303e-09
2.820312500000000000e+01,4.671541877492425423e-09
2.821875000000000000e+01,4.638495051486684821e-09
2.823437500000000000e+01,4.448770169998431527e-09
2.825000000000000000e+01,4.268696360436211081e-09
2.826562500000000000e+01,4.169677374057773876e-09
2.828125000000000000e+01,4.021636541072594010e-09
2.829687500000000000e+01,3.713012519434377867e-09
2.831250000000000000e+01,3.381939224240692626e-09
2.832812500000000000e+01,3.295370869683560726e-09
2.834375000000000000e+01,3.489643757543624467e-09
2.835937500000000000e+01,3.695842263251090777e-09
2.837500000000000000e+01,3.731572782553748652e-09
2.839062500000000000e+01,3.710378569670485780e-09
2.840625000000000000e+01,3.846091552887462918e-09
2.842187500000000000e+01,4.195028158189949540e-09
2.843750000000000000e+01,4.661531426187852628e-09
2.845312500000000000e+01,5.127537082328383223e-09
2.846875000000000000e+01,5.431274696304180030e-09
2.848437500000000000e+01,5.471576697867632629e-09
2.850000000000000000e+01,5.269673518236202808e-09
2.851562500000000000e+01,4.866259863361595321e-09
2.853125000000000000e+01,4.366112710720339697e-09
2.854687500000000000e+01,3.890460295623916689e-09
2.856250000000000000e+01,3.503593651700047053e-09
2.857812500000000000e+01,3.314020109802580496e-09
2.859375000000000000e+01,3.305785214365374111e-09
2.860937500000000000e+01,3.414020695659102949e-09
2.862500000000000000e+01,3.687812211884915102e-09
2.864062500000000000e+01,4.012390540280641251e-09
2.865625000000000000e+01,4.183701561038844818e-09
2.867187500000000000e+01,4.223303983331526612e-09
2.868750000000000000e+01,4.312609960028523553e-09
2.870312500000000000e+01,4.446252180056404017e-09
2.871875000000000000e+01,4.410774519627673116e-09
2.873437500000000000e+01,4.203742394742373586e-09
2.875000000000000000e+01,4.129115798191768096e-09
2.876562500000000000e+01,4.300390117759749634e-09
2.878125000000000000e+01,4.524556561773337008e-09
2.879687500000000000e+01,4.676309629547345015e-09
2.881250000000000000e+01,4.679145289811966364e-09
2.882812500000000000e+01,4.517750871313122737e-09
2.884375000000000000e+01,4.301714845395295966e-09
2.885937500000000000e+01,4.195344605085374397e-09
2.887500000000000000e+01,4.346677613650926687e-09
2.889062500000000000e+01,4.763379899459247750e-09
2.890625000000000000e+01,5.299916283784093645e-09
2.892187500000000000e+01,5.737365011987652054e-09
2.893750000000000000e+01,5.897856158009541640e-09
2.895312500000000000e+01,5.711336264990610731e-09
2.896875000000000000e+01,5.215234314465360788e-09
2.898437500000000000e+01,4.640558469416819840e-09
2.900000000000000000e+01,4.285637138481347450e-09
2.901562500000000000e+01,4.152987816784149206e-09
2.903125000000000000e+01,4.166840647812190676e-09
2.904687500000000000e+01,4.450926435478809770e-09
2.906250000000000000e+01,5.037037676759254233e-09
2.907812500000000000e+01,5.747502251933508779e-09
2.909375000000000000e+01,6.298326929726418158e-09
2.910937500000000000e+01,6.485498564734559921e-09
2.912500000000000000e+01,6.290001398436588963e-09
2.914062500000000000e+01,5.882400917406567341e-09
2.915625000000000000e+01,5.565346897544749542e-09
2.917187500000000000e+01,5.391893405860166351e-09
2.918750000000000000e+01,5.203142247476275444e-09
2.920312500000000000e+01,5.066233985007133665e-09
2.921875000000000000e+01,5.105402933703475985e-09
2.923437500000000000e+01,5.225006896516712018e-09
2.925000000000000000e+01,5.317007794333346840e-09
2.926562500000000000e+01,5.470153917114494858e-09
2.928125000000000000e+01,5.741896673175812772e-09
2.929687500000000000e+01,5.994679386689354143e-09
2.931250000000000000e+01,6.165527869991151784e-09
2.932812500000000000e+01,6.428832949982740595e-09
2.934375000000000000e+01,6.910113843406754498e-09
2.935937500000000000e+01,7.535476678802632296e-09
2.937500000000000000e+01,8.218919618792929608e-09
2.939062500000000000e+01,8.791157167800900715e-09
2.940625000000000000e+01,9.042286187731931551e-09
2.942187500000000000e+01,8.984602794576821756e-09
2.943750000000000000e+01,8.771672398521851929e-09
2.945312500000000000e+01,8.412564288377120478e-09
2.946875000000000000e+01,7.793845890247673611e-09
2.948437500000000000e+01,7.068917813772878713e-09
2.950000000000000000e+01,6.705023880374479541e-09
2.951562500000000000e+01,6.641621292090839849e-09
2.953125000000000000e+01,6.249668826060374021e-09
2.954687500000000000e+01,5.515850301248066472e-09
2.956250000000000000e+01,5.125199682170160309e-09
2.957812500000000000e+01,5.143870751503687560e-09
2.959375000000000000e+01,5.231813562342759219e-09
2.960937500000000000e+01,5.658263735993351325e-09
2.962500000000000000e+01,6.337861794595722201e-09
2.964062500000000000e+01,6.790359718198270865e-09
2.965625000000000000e+01,7.167903857815146198e-09
2.967187500000000000e+01,7.799045096136479611e-09
2.968750000000000000e+01,8.391446757323302734e-09
2.970312500000000000e+01,8.423939090003780678e-09
2.971875000000000000e+01,7.881065781830368074e-09
2.973437500000000000e+01,7.465579625590707114e-09
2.975000000000000000e+01,7.612024470186736645e-09
2.976562500000000000e+01,7.800034694897953133e-09
2.978125000000000000e+01,7.747537947121742418e-09
2.979687500000000000e+01,7.767333404353879781e-09
2.981250000000000000e+01,7.947705852746791332e-09
2.982812500000000000e+01,7.915485159492933196e-09
2.984375000000000000e+01,7.467004206079203084e-09
2.985937500000000000e+01,6.902447312202859409e-09
2.987500000000000000e+01,6.558312221911657238e-09
2.989062500000000000e+01,6.345739178421756882e-09
2.990625000000000000e+01,5.955951058293851954e-09
2.992187500000000000e+01,5.387685062894393834e-09
2.993750000000000000e+01,5.279344946050485975e-09
2.995312500000000000e+01,5.872843966077465966e-09
2.996875000000000000e+01,6.347899044152958114e-09
2.998437500000000000e+01,6.217616608658905179e-09
3.000000000000000000e+01,5.738664044109381086e-09
3.001562500000000000e+01,5.283104552869904261e-09
3.003125000000000000e+01,4.906942812190920532e-09
3.004687500000000000e+01,4.540107436192400911e-09
3.006250000000000000e+01,4.172849108226934308e-09
3.007812500000000000e+01,3.791715477007316729e-09
3.009375000000000000e+01,3.470660898358818620e-09
3.010937500000000000e+01,3.263677852912504779e-09
3.012500000000000000e+01,3.111401833432339540e-09
3.014062500000000000e+01,3.032305772737381172e-09
3.015625000000000000e+01,3.097331322712294811e-09
3.017187500000000000e+01,3.296838314229523861e-09
3.018750000000000000e+01,3.493595767864711405e-09
3.020312500000000000e+01,3.497222046471014116e-09
3.021875000000000000e+01,3.252996490742213151e-09
3.023437500000000000e+01,2.886579937897298523e-09
3.025000000000000000e+01,2.600343369320165128e-09
3.026562500000000000e+01,2.510057642994487028e-09
3.028125000000000000e+01,2.509300867810486376e-09
3.029687500000000000e+01,2.456794390626378864e-09
3.031250000000000000e+01,2.415241655997408650e-09
3.032812500000000000e+01,2.487991285940584638e-09
3.034375000000000000e+01,2.583269220162454708e-09
3.035937500000000000e+01,2.610986879705336402e-09
3.037500000000000000e+01,2.658123902767219334e-09
3.039062500000000000e+01,2.844899966447618306e-09
3.040625000000000000e+01,3.155509942124994460e-09
3.042187500000000000e+01,3.503712125861314992e-09
3.043750000000000000e+01,3.881546370028064028e-09
3.045312500000000000e+01,4.280265439889332023e-09
3.046875000000000000e+01,4.602733661972668654e-09
3.048437500000000000e+01,4.815323964046807578e-09
3.050000000000000000e+01,4.952337974308910511e-09
3.051562500000000000e+01,4.981833048982763983e-09
3.053125000000000000e+01,4.838692161815502288e-09
3.054687500000000000e+01,4.492398099614928535e-09
3.056250000000000000e+01,3.955985319140401292e-09
3.057812500000000000e+01,3.360265858697747416e-09
3.059375000000000000e+01,2.910374434725174782e-09
3.060937500000000000e+01,2.670686463573342032e-09
3.062500000000000000e+01,2.599811652487096406e-09
3.064062500000000000e+01,2.674684313305880754e-09
3.065625000000000000e+01,2.793301598800914801e-09
3.067187500000000000e+01,2.827621227188092257e-09
3.068750000000000000e+01,2.750839456008365568e-09
3.070312500000000000e+01,2.603069706280093861e-09
3.071875000000000000e+01,2.458324496269940318e-09
3.073437500000000000e+01,2.374471078651526674e-09
3.075000000000000000e+01,2.322241563644534574e-09
3.076562500000000000e+01,2.251011434417738414e-09
3.078125000000000000e+01,2.146253142464372500e-09
3.079687500000000000e+01,2.019970184706118343e-09
3.081250000000000000e+01,1.930911142101326217e-09
3.082812500000000000e+01,1.898165650413397708e-09
3.084375000000000000e+01,1.862827159468277168e-09
3.085937500000000000e+01,1.847008599984897732e-09
3.087500000000000000e+01,1.901512809087032785e-09
3.089062500000000000e+01,1.948750824542715709e-09
3.090625000000000000e+01,1.907932857130047615e-09
3.092187500000000000e+01,1.802844204105519525e-09
3.093750000000000000e+01,1.677557518814030687e-09
3.095312500000000000e+01,1.568950315627706113e-09
3.096875000000000000e+01,1.561703219426008379e-09
3.098437500000000000e+01,1.687142400937561628e-09
3.100000000000000000e+01,1.854387584688468416e-09
3.101562500000000000e+01,1.968899330107555615e-09
3.103125000000000000e+01,2.002546165631810121e-09
3.104687500000000000e+01,1.982549616116096174e-09
3.106250000000000000e+01,1.973877671117493269e-09
3.107812500000000000e+01,2.000494397643560692e-09
3.109375000000000000e+01,1.978778550648990211e-09
3.110937500000000000e+01,1.849245577489708007e-09
3.112500000000000000e+01,1.675189285290450515e-09
3.114062500000000000e+01,1.536816293832157471e-09
3.115625000000000000e+01,1.437698424901449932e-09
3.117187500000000000e+01,1.369849549563264189e-09
3.118750000000000000e+01,1.329304031736301233e-09
3.120312500000000000e+01,1.276340817150984925e-09
3.121875000000000000e+01,1.197848911611533182e-09
3.123437500000000000e+01,1.189964571697826653e-09
3.125000000000000000e+01,1.331410955118757567e-09
3.126562500000000000e+01,1.537783563599377149e-09
3.128125000000000000e+01,1.725366881374664335e-09
3.129687500000000000e+01,1.861818726498901826e-09
3.131250000000000000e+01,1.875769116786772072e-09
3.132812500000000000e+01,1.719075481165697401e-09
3.134375000000000000e+01,1.470671758077991493e-09
3.135937500000000000e+01,1.262918775074337109e-09
3.137500000000000000e+01,1.150112483627065552e-09
3.139062500000000000e+01,1.104598222134183286e-09
3.140625000000000000e+01,1.065837120650093759e-09
3.142187500000000000e+01,1.019646023724348595e-09
3.143750000000000000e+01,1.022124979328510534e-09
3.145312500000000000e+01,1.083262327309188373e-09
3.146875000000000000e+01,1.150206727942649629e-09
3.148437500000000000e+01,1.223784730974506510e-09
3.150000000000000000e+01,1.365488686061331292e-09
3.151562500000000000e+01,1.568956725244444401e-09
3.153125000000000000e+01,1.748086072566029421e-09
3.154687500000000000e+01,1.877790898882482160e-09
3.156250000000000000e+01,2.001146113674366165e-09
3.157812500000000000e+01,2.104799330856288813e-09
3.159375000000000000e+01,2.135009763403186702e-09
3.160937500000000000e+01,2.123661133344840830e-09
3.162500000000000000e+01,2.144739928465696676e-09
3.164062500000000000e+01,2.188915066424068108e-09
3.165625000000000000e+01,2.209915728231447690e-09
3.167187500000000000e+01,2.193252452976261610e-09
3.168750000000000000e+01,2.150905726998916952e-09
3.170312500000000000e+01,2.147156086847302850e-09
3.171875000000000000e+01,2.212647837842742017e-09
3.173437500000000000e+01,2.197112597357932677e-09
3.175000000000000000e+01,1.994325591957636325e-09
3.176562500000000000e+01,1.739535093302453474e-09
3.178125000000000000e+01,1.594749207037573296e-09
3.179687500000000000e+01,1.524263472471227327e-09
3.181250000000000000e+01,1.474146933058720030e-09
3.182812500000000000e+01,1.472592216460567306e-09
3.184375000000000000e+01,1.496203824079917949e-09
3.185937500000000000e+01,1.496165831276666265e-09
3.187500000000000000e+01,1.474998963236626312e-09
3.189062500000000000e+01,1.453684391232479677e-09
3.190625000000000000e+01,1.479707602860372889e-09
3.192187500000000000e+01,1.575520399696845830e-09
3.193750000000000000e+01,1.660635450108469396e-09
3.195312500000000000e+01,1.668285057020004866e-09
3.196875000000000000e+01,1.639529468231279546e-09
3.198437500000000000e+01,1.639772623167671098e-09
3.200000000000000000e+01,1.673385683843351962e-09
3.201562500000000000e+01,1.729403894163754444e-09
3.203125000000000000e+01,1.825515017042241458e-09
3.204687500000000000e+01,1.962053857129248273e-09
3.206250000000000000e+01,2.086120727032566867e-09
3.207812500000000000e+01,2.154636201496829997e-09
3.209375000000000000e+01,2.168924435555857927e-09
3.210937500000000000e+01,2.122818173917137192e-09
3.212500000000000000e+01,1.998328203604139573e-09
3.214062500000000000e+01,1.831561669040579497e-09
3.215625000000000000e+01,1.740586643954801595e-09
3.217187500000000000e+01,1.779720017623344063e-09
3.218750000000000000e+01,1.841179825691824283e-09
3.220312500000000000e+01,1.852592697454196716e-09
3.221875000000000000e+01,1.844665644730886236e-09
3.223437500000000000e+01,1.844265170853196965e-09
3.225000000000000000e+01,1.876040099940431930e-09
3.226562500000000000e+01,2.001687981486020498e-09
3.228125000000000000e+01,2.190066510610117285e-09
3.229687500000000000e+01,2.314693868339987549e-09
3.231250000000000000e+01,2.377815922312743626e-09
3.232812500000000000e+01,2.465879664471512885e-09
3.234375000000000000e+01,2.545119257132635490e-09
3.235937500000000000e+01,2.545186899057596252e-09
3.237500000000000000e+01,2.466368356616737584e-09
3.239062500000000000e+01,2.344168975313205183e-09
3.240625000000000000e+01,2.220259093636453293e-09
3.242187500000000000e+01,2.134183233743759774e-09
3.243750000000000000e+01,2.112170296546300343e-09
3.245312500000000000e+01,2.101764447420464723e-09
3.246875000000000000e+01,2.005802952954640707e-09
3.248437500000000000e+01,1.853750923815809909e-09
3.250000000000000000e+01,1.773488614484217502e-09
3.251562500000000000e+01,1.783661771797067300e-09
3.253125000000000000e+01,1.815515593457901944e-09
3.254687500000000000e+01,1.834923871413911795e-09
3.256250000000000000e+01,1.819022055522739005e-09
3.257812500000000000e+01,1.783810020884115197e-09
3.259375000000000000e+01,1.802070579432123616e-09
3.260937500000000000e+01,1.897533273640314807e-09
3.262500000000000000e+01,2.015452149207013345e-09
3.264062500000000000e+01,2.119436948441839604e-09
3.265625000000000000e+01,2.185344071754910362e-09
3.267187500000000000e+01,2.173684293420167840e-09
3.268750000000000000e+01,2.089232550210882891e-09
3.270312500000000000e+01,2.008482822404829754e-09
3.271875000000000000e+01,2.086225387837176726e-09
3.273437500000000000e+01,2.446419455237977864e-09
3.275000000000000000e+01,2.963863636280927126e-09
3.276562500000000000e+01,3.412123395620228220e-09
3.278125000000000000e+01,3.705619885233448230e-09
3.279687500000000000e+01,3.911747326545887899e-09
3.281250000000000000e+01,4.118976733334864552e-09
3.282812500000000000e+01,4.340548466884641230e-09
3.284375000000000000e+01,4.630242661291875159e-09
3.285937500000000000e+01,4.981134078325798146e-09
3.287500000000000000e+01,5.267335668937996124e-09
3.289062500000000000e+01,5.519236404701164947e-09
3.290625000000000000e+01,5.716254610309815169e-09
3.292187500000000000e+01,5.591181755891675246e-09
3.293750000000000000e+01,4.998406453741207232e-09
3.295312500000000000e+01,4.062564887937909196e-09
3.296875000000000000e+01,3.134180378316847992e-09
3.298437500000000000e+01,2.718045999352445074e-09
3.300000000000000000e+01,2.775880490569401401e-09
3.301562500000000000e+01,2.745674021751670556e-09
3.303125000000000000e+01,2.497433727037399695e-09
3.304687500000000000e+01,2.254382437086722757e-09
3.306250000000000000e+01,2.145789477233545778e-09
3.307812500000000000e+01,2.108336020358816716e-09
3.309375000000000000e+01,2.061855225483094447e-09
3.310937500000000000e+01,2.007251726596242071e-09
3.312500000000000000e+01,1.975637564918523354e-09
3.314062500000000000e+01,2.013332448353243533e-09
3.315625000000000000e+01,2.084617616617459880e-09
3.317187500000000000e+01,2.040017804551415193e-09
3.318750000000000000e+01,1.868002397985502639e-09
3.320312500000000000e+01,1.722750726648546450e-09
3.321875000000000000e+01,1.666151382820075456e-09
3.323437500000000000e+01,1.617080939810002004e-09
3.325000000000000000e+01,1.519914084781477366e-09
3.326562500000000000e+01,1.399240582628888262e-09
3.328125000000000000e+01,1.309728393159804554e-09
3.329687500000000000e+01,1.273734149446745401e-09
3.331250000000000000e+01,1.285108423385451221e-09
3.332812500000000000e+01,1.346492442233581506e-09
3.334375000000000000e+01,1.405721381032902837e-09
3.335937500000000000e+01,1.399530031410532942e-09
3.337500000000000000e+01,1.368446272679065428e-09
3.339062500000000000e+01,1.399110690549219299e-09
3.340625000000000000e+01,1.514876773236357515e-09
3.342187500000000000e+01,1.644156637699579450e-09
3.343750000000000000e+01,1.675934553091909131e-09
3.345312500000000000e+01,1.592036263873300827e-09
3.346875000000000000e+01,1.509431038952277845e-09
3.348437500000000000e+01,1.525616852288319457e-09
3.350000000000000000e+01,1.598424498043781684e-09
3.351562500000000000e+01,1.658050621416549021e-09
3.353125000000000000e+01,1.705933847833698047e-09
3.354687500000000000e+01,1.774076653720884532e-09
3.356250000000000000e+01,1.850938777305839621e-09
3.357812500000000000e+01,1.886711813519744899e-09
3.359375000000000000e+01,1.859487817570154019e-09
3.360937500000000000e+01,1.823837285377741729e-09
3.362500000000000000e+01,1.817240340665566362e-09
3.364062500000000000e+01,1.764773241636502454e-09
3.365625000000000000e+01,1.631037849134203414e-09
3.367187500000000000e+01,1.508259942175860409e-09
3.368750000000000000e+01,1.458678773501799095e-09
3.370312500000000000e+01,1.451765328239305661e-09
3.371875000000000000e+01,1.452689607783857402e-09
3.373437500000000000e+01,1.435703350062281270e-09
3.375000000000000000e+01,1.387507561709038884e-09
3.376562500000000000e+01,1.320299027155753838e-09
3.378125000000000000e+01,1.248270810934246902e-09
3.379687500000000000e+01,1.193314780701478195e-09
3.381250000000000000e+01,1.190386354664942281e-09
3.382812500000000000e+01,1.250374591914296808e-09
3.384375000000000000e+01,1.365017646900498185e-09
3.385937500000000000e+01,1.492832416155556641e-09
3.387500000000000000e+01,1.530151443709606372e-09
3.389062500000000000e+01,1.438024367336075374e-09
3.390625000000000000e+01,1.382107810764138554e-09
3.392187500000000000e+01,1.512404940810378870e-09
3.393750000000000000e+01,1.690768236247268050e-09
3.395312500000000000e+01,1.795268472155306306e-09
3.396875000000000000e+01,1.869059318087672188e-09
3.398437500000000000e+01,1.955342526351727241e-09
3.400000000000000000e+01,1.991501360932973144e-09
3.401562500000000000e+01,1.919370885714099929e-09
3.403125000000000000e+01,1.806504957123710912e-09
3.404687500000000000e+01,1.741936086764202453e-09
3.406250000000000000e+01,1.695434016867514920e-09
3.407812500000000000e+01,1.634560719454389901e-09
3.409375000000000000e+01,1.612268478224857489e-09
3.410937500000000000e+01,1.666713700189251963e-09
3.412500000000000000e+01,1.779988884333787772e-09
3.414062500000000000e+01,1.888964858940592771e-09
3.415625000000000000e+01,1.916033156891636063e-09
3.417187500000000000e+01,1.867417064539879341e-09
3.418750000000000000e+01,1.826912580960749981e-09
3.420312500000000000e+01,1.869880003204191801e-09
3.421875000000000000e+01,2.010758819959257125e-09
3.423437500000000000e+01,2.194800256299063483e-09
3.425000000000000000e+01,2.374844071938778361e-09
3.426562500000000000e+01,2.537915639934422647e-09
3.428125000000000000e+01,2.642640737690229945e-09
3.429687500000000000e+01,2.635736863114262536e-09
3.431250000000000000e+01,2.550332770917036783e-09
3.432812500000000000e+01,2.463284076028354095e-09
3.434375000000000000e+01,2.415723021795081417e-09
3.435937500000000000e+01,2.449828001914029546e-09
3.437500000000000000e+01,2.539523981384125332e-09
3.439062500000000000e+01,2.604372245588795995e-09
3.440625000000000000e+01,2.667791547263305229e-09
3.442187500000000000e+01,2.759235874480811408e-09
3.443750000000000000e+01,2.793307376626120591e-09
3.445312500000000000e+01,2.681652385981340934e-09
3.446875000000000000e+01,2.469725046587062289e-09
3.448437500000000000e+01,2.374187417326358010e-09
3.450000000000000000e+01,2.502098181974214631e-09
3.451562500000000000e+01,2.658502784039236925e-09
3.453125000000000000e+01,2.743225545418714849e-09
3.454687500000000000e+01,2.910221698357093604e-09
3.456250000000000000e+01,3.260915359092424416e-09
3.457812500000000000e+01,3.663365839807950183e-09
3.459375000000000000e+01,3.931909327356241049e-09
3.460937500000000000e+01,3.987282649704604213e-09
3.462500000000000000e+01,3.861136206307996008e-09
3.464062500000000000e+01,3.632497379162317844e-09
3.465625000000000000e+01,3.456931106875564039e-09
3.467187500000000000e+01,3.427160612816338652e-09
3.468750000000000000e+01,3.360954739555883091e-09
3.470312500000000000e+01,3.142156506111614810e-09
3.471875000000000000e+01,2.920254599629264205e-09
3.473437500000000000e+01,2.780851670920037595e-09
3.475000000000000000e+01,2.622920288817054926e-09
3.476562500000000000e+01,2.409408649025300659e-09
3.478125000000000000e+01,2.199147317347990563e-09
3.479687500000000000e+01,2.055428242630090470e-09
3.481250000000000000e+01,2.032952232525536993e-09
3.482812500000000000e+01,2.106054580302114808e-09
3.484375000000000000e+01,2.190149189682333115e-09
3.485937500000000000e+01,2.280804784576584792e-09
3.487500000000000000e+01,2.385480699298392986e-09
3.489062500000000000e+01,2.416594140755160543e-09
3.490625000000000000e+01,2.291787173885517570e-09
3.492187500000000000e+01,2.037649150970793671e-09
3.493750000000000000e+01,1.735866985483076201e-09
3.495312500000000000e+01,1.416023854813549918e-09
3.496875000000000000e+01,1.143106281159637083e-09
3.498437500000000000e+01,1.089509573359611265e-09
3.500000000000000000e+01,1.243812991290274112e-09
3.501562500000000000e+01,1.459169189809169999e-09
3.503125000000000000e+01,1.672070612261787271e-09
3.504687500000000000e+01,1.817176122672399918e-09
3.506250000000000000e+01,1.846987544879433020e-09
3.507812500000000000e+01,1.850663142683166518e-09
3.509375000000000000e+01,2.006586290526176217e-09
3.510937500000000000e+01,2.277579187812333739e-09
3.512500000000000000e+01,2.416748549147957137e-09
3.514062500000000000e+01,2.319952620207441310e-09
3.515625000000000000e+01,2.165240361132116001e-09
3.517187500000000000e+01,2.179970126672598396e-09
3.518750000000000000e+01,2.280596643803512618e-09
3.520312500000000000e+01,2.242334172771118554e-09
3.521875000000000000e+01,2.065265824711442754e-09
3.523437500000000000e+01,1.938270002885716934e-09
3.525000000000000000e+01,1.914288133911494915e-09
3.526562500000000000e+01,1.902261286336769614e-09
3.528125000000000000e+01,1.897020162881085810e-09
3.529687500000000000e+01,1.924190566970546552e-09
3.531250000000000000e+01,1.943219373902797488e-09
3.532812500000000000e+01,1.896098261676140685e-09
3.534375000000000000e+01,1.778871312387400333e-09
3.535937500000000000e+01,1.668945390799839863e-09
3.537500000000000000e+01,1.653820290791144315e-09
3.539062500000000000e+01,1.707517514911405965e-09
3.540625000000000000e+01,1.729686142480352373e-09
3.542187500000000000e+01,1.678010625406315327e-09
3.543750000000000000e+01,1.610971927133110062e-09
3.545312500000000000e+01,1.612782416247728947e-09
3.546875000000000000e+01,1.649769936668897271e-09
3.548437500000000000e+01,1.632859272884660802e-09
3.550000000000000000e+01,1.546765540413657112e-09
3.551562500000000000e+01,1.416608518559248403e-09
3.553125000000000000e+01,1.293871653671439193e-09
3.554687500000000000e+01,1.273751733096724460e-09
3.556250000000000000e+01,1.401428440219406625e-09
3.557812500000000000e+01,1.578344848875523692e-09
3.559375000000000000e+01,1.708661762353995916e-09
3.560937500000000000e+01,1.814522644159994522e-09
3.562500000000000000e+01,1.898771497817517984e-09
3.564062500000000000e+01,1.883292183927611756e-09
3.565625000000000000e+01,1.776823352525455724e-09
3.567187500000000000e+01,1.709337114010010064e-09
3.568750000000000000e+01,1.732126469132853211e-09
3.570312500000000000e+01,1.747357579724649386e-09
3.571875000000000000e+01,1.675415428670499176e-09
3.573437500000000000e+01,1.533439311568305136e-09
3.575000000000000000e+01,1.384804588460826974e-09
3.576562500000000000e+01,1.281465447447975259e-09
3.578125000000000000e+01,1.207472553475948545e-09
3.579687500000000000e+01,1.092463912172404399e-09
3.581250000000000000e+01,9.425374195329064303e-10
3.582812500000000000e+01,8.540498335544794959e-10
3.584375000000000000e+01,8.734551763826115213e-10
3.585937500000000000e+01,9.543309148226127656e-10
3.587500000000000000e+01,1.031139490581561759e-09
3.589062500000000000e+01,1.091145805858987080e-09
3.590625000000000000e+01,1.165468187652691079e-09
3.592187500000000000e+01,1.234003831152433798e-09
3.593750000000000000e+01,1.246897823505154595e-09
3.595312500000000000e+01,1.208892118014279200e-09
3.596875000000000000e+01,1.161272887305869760e-09
3.598437500000000000e+01,1.138068247969243307e-09
3.600000000000000000e+01,1.153602811311685664e-09
3.601562500000000000e+01,1.202890410896179817e-09
3.603125000000000000e+01,1.266533766620722778e-09
3.604687500000000000e+01,1.322292709813423071e-09
3.606250000000000000e+01,1.365933169297464664e-09
3.607812500000000000e+01,1.405627422410294206e-09
3.609375000000000000e+01,1.429949150180475659e-09
3.610937500000000000e+01,1.404664452904356199e-09
3.612500000000000000e+01,1.326204709343692902e-09
3.614062500000000000e+01,1.243631633490748298e-09
3.615625000000000000e+01,1.183512844219755205e-09
3.617187500000000000e+01,1.124666964943331541e-09
3.618750000000000000e+01,1.083288351860082057e-09
3.620312500000000000e+01,1.089421007410393115e-09
3.621875000000000000e+01,1.102802130426715733e-09
3.623437500000000000e+01,1.089552429302213695e-09
3.625000000000000000e+01,1.052673104808705718e-09
3.626562500000000000e+01,9.925635611754603262e-10
3.628125000000000000e+01,9.251769719439239152e-10
3.629687500000000000e+01,8.733738657845801965e-10
3.631250000000000000e+01,8.672738510196670212e-10
3.632812500000000000e+01,9.373996814643881449e-10
3.634375000000000000e+01,1.023652909595168723e-09
3.635937500000000000e+01,1.054060769113921951e-09
3.637500000000000000e+01,1.060230565302955832e-09
3.639062500000000000e+01,1.075732057776634716e-09
3.640625000000000000e+01,1.060062503013775412e-09
3.642187500000000000e+01,1.020525830473403349e-09
3.643750000000000000e+01,1.014306205272981943e-09
3.645312500000000000e+01,1.057766260170151926e-09
3.646875000000000000e+01,1.141159228460212698e-09
3.648437500000000000e+01,1.242386117884070102e-09
3.650000000000000000e+01,1.359928159173688082e-09
3.651562500000000000e+01,1.508118647488586337e-09
3.653125000000000000e+01,1.614992350867041565e-09
3.654687500000000000e+01,1.584693839788270279e-09
3.656250000000000000e+01,1.457150047004429408e-09
3.657812500000000000e+01,1.386058604227022009e-09
3.659375000000000000e+01,1.409609082241098726e-09
3.660937500000000000e+01,1.401414564336125096e-09
3.662500000000000000e+01,1.304971968602044478e-09
3.664062500000000000e+01,1.195729396435052751e-09
3.665625000000000000e+01,1.133155291973273215e-09
3.667187500000000000e+01,1.094489776345028910e-09
3.668750000000000000e+01,1.060737887264500592e-09
3.670312500000000000e+01,1.043366526072567479e-09
3.671875000000000000e+01,1.034847068960268893e-09
3.673437500000000000e+01,9.956206161220126711e-10
3.675000000000000000e+01,9.386516288352528552e-10
3.676562500000000000e+01,9.382309053725486799e-10
3.678125000000000000e+01,9.802134209073741224e-10
3.679687500000000000e+01,9.887577177176233838e-10
3.681250000000000000e+01,9.501112574725781433e-10
3.682812500000000000e+01,9.088396271308375457e-10
3.684375000000000000e+01,9.131017922022529813e-10
3.685937500000000000e+01,9.495434848410981134e-10
3.687500000000000000e+01,9.929931425270897406e-10
3.689062500000000000e+01,1.087436369044863936e-09
3.690625000000000000e+01,1.266811795963507759e-09
3.692187500000000000e+01,1.459163954120966014e-09
3.693750000000000000e+01,1.558457600951304102e-09
3.695312500000000000e+01,1.532144671236162452e-09
3.696875000000000000e+01,1.437756253022349265e-09
3.698437500000000000e+01,1.344177389869851775e-09
3.700000000000000000e+01,1.276069428614286838e-09
3.701562500000000000e+01,1.236504314223470252e-09
3.703125000000000000e+01,1.211917062093453532e-09
3.704687500000000000e+01,1.154229839457308477e-09
3.706250000000000000e+01,1.049426724467535521e-09
3.707812500000000000e+01,9.687248167638799229e-10
3.709375000000000000e+01,9.597715652988476664e-10
3.710937500000000000e+01,9.720187365381228790e-10
3.712500000000000000e+01,9.787274731280249387e-10
3.714062500000000000e+01,1.014499252461424940e-09
3.715625000000000000e+01,1.083337717886120176e-09
3.717187500000000000e+01,1.128260358160996285e-09
3.718750000000000000e+01,1.119176743948306163e-09
3.720312500000000000e+01,1.095831360577700240e-09
3.721875000000000000e+01,1.082176028168137991e-09
3.723437500000000000e+01,1.059327690598241988e-09
3.725000000000000000e+01,1.052221520651663909e-09
3.726562500000000000e+01,1.089386518887696337e-09
3.728125000000000000e+01,1.123984981537167450e-09
3.729687500000000000e+01,1.114773530738874611e-09
3.731250000000000000e+01,1.088078460039905463e-09
3.732812500000000000e+01,1.078970779706603594e-09
3.734375000000000000e+01,1.066028115110075269e-09
3.735937500000000000e+01,1.027981704770362509e-09
3.737500000000000000e+01,1.001695545735440979e-09
3.739062500000000000e+01,1.001016290261438848e-09
3.740625000000000000e+01,9.974989327660687129e-10
3.742187500000000000e+01,1.003609656970499962e-09
3.743750000000000000e+01,1.050858461019435992e-09
3.745312500000000000e+01,1.136738831695440984e-09
3.746875000000000000e+01,1.224069659058277649e-09
3.748437500000000000e+01,1.248893002295953053e-09
3.750000000000000000e+01,1.192405892450216832e-09
3.751562500000000000e+01,1.121141063789826498e-09
3.753125000000000000e+01,1.069430398597467937e-09
3.754687500000000000e+01,9.899862929312446025e-10
3.756250000000000000e+01,9.112038546676222090e-10
3.757812500000000000e+01,9.361272498143880167e-10
3.759375000000000000e+01,1.030109048348122364e-09
3.760937500000000000e+01,1.097412376094587187e-09
3.762500000000000000e+01,1.122059903655320143e-09
3.764062500000000000e+01,1.117726114685604560e-09
3.765625000000000000e+01,1.092831267187516342e-09
3.767187500000000000e+01,1.085940964110106206e-09
3.768750000000000000e+01,1.137749872422755316e-09
3.770312500000000000e+01,1.201088957596644468e-09
3.771875000000000000e+01,1.198532054833356555e-09
3.773437500000000000e+01,1.132434595380584025e-09
3.775000000000000000e+01,1.085789378532646485e-09
3.776562500000000000e+01,1.116065921643176994e-09
3.778125000000000000e+01,1.169749905700383450e-09
3.779687500000000000e+01,1.169686213715495953e-09
3.781250000000000000e+01,1.117646458867975322e-09
3.782812500000000000e+01,1.073099587711461299e-09
3.784375000000000000e+01,1.055714078358269456e-09
3.785937500000000000e+01,1.027602410751307710e-09
3.787500000000000000e+01,9.865891140005041096e-10
3.789062500000000000e+01,9.735837725853384304e-10
3.790625000000000000e+01,1.001123267100492526e-09
3.792187500000000000e+01,1.039135411203194602e-09
3.793750000000000000e+01,1.048472967661512840e-09
3.795312500000000000e+01,1.002792438055856644e-09
3.796875000000000000e+01,9.096416735527928111e-10
3.798437500000000000e+01,8.391044479310482000e-10
3.800000000000000000e+01,8.918672604903400915e-10
3.801562500000000000e+01,1.052742058795473552e-09
3.803125000000000000e+01,1.183456109700917140e-09
3.804687500000000000e+01,1.198037902730105148e-09
3.806250000000000000e+01,1.138699471700290763e-09
3.807812500000000000e+01,1.077130884987129581e-09
3.809375000000000000e+01,1.017066660577584130e-09
3.810937500000000000e+01,9.631080218136268553e-10
3.812500000000000000e+01,9.342016599513037654e-10
3.814062500000000000e+01,9.139084001966981807e-10
3.815625000000000000e+01,8.835589271092873655e-10
3.817187500000000000e+01,8.545513571769300425e-10
3.818750000000000000e+01,8.417872639816519120e-10
3.820312500000000000e+01,8.335322145088997251e-10
3.821875000000000000e+01,8.181864469508145142e-10
3.823437500000000000e+01,7.972695807194867310e-10
3.825000000000000000e+01,7.806575361394111543e-10
3.826562500000000000e+01,7.914456407169591139e-10
3.828125000000000000e+01,8.232962155589931829e-10
3.829687500000000000e+01,8.313617961605905907e-10
3.831250000000000000e+01,8.305403954451196498e-10
3.832812500000000000e+01,8.884903269768245587e-10
3.834375000000000000e+01,1.002717648505543440e-09
3.835937500000000000e+01,1.127944050153171499e-09
3.837500000000000000e+01,1.254043618368604555e-09
3.839062500000000000e+01,1.370431248317400667e-09
3.840625000000000000e+01,1.425420656945103369e-09
3.842187500000000000e+01,1.402842827221511985e-09
3.843750000000000000e+01,1.375749144111958278e-09
3.845312500000000000e+01,1.383317224676009981e-09
3.846875000000000000e+01,1.397605919577782321e-09
3.848437500000000000e+01,1.435369182535436630e-09
3.850000000000000000e+01,1.471162121818693939e-09
3.851562500000000000e+01,1.428086301281445289e-09
3.853125000000000000e+01,1.322552727436654663e-09
3.854687500000000000e+01,1.247771081501738313e-09
3.856250000000000000e+01,1.242321953194698610e-09
3.857812500000000000e+01,1.235550293441890245e-09
3.859375000000000000e+01,1.164410651292900580e-09
3.860937500000000000e+01,1.079762858564679017e-09
3.862500000000000000e+01,1.050629223811532002e-09
3.864062500000000000e+01,1.043896410796530900e-09
3.865625000000000000e+01,1.031254326868619682e-09
3.867187500000000000e+01,1.037156136663950329e-09
3.868750000000000000e+01,1.035504028588295882e-09
3.870312500000000000e+01,1.000512282653260929e-09
3.871875000000000000e+01,9.761777484483888139e-10
3.873437500000000000e+01,1.001947225520868377e-09
3.875000000000000000e+01,1.095785758534599842e-09
3.876562500000000000e+01,1.221354176264575743e-09
3.878125000000000000e+01,1.285576192522620253e-09
3.879687500000000000e+01,1.279141321234507794e-09
3.881250000000000000e+01,1.279419682982981345e-09
3.882812500000000000e+01,1.302266494599636820e-09
3.884375000000000000e+01,1.307557550475826575e-09
3.885937500000000000e+01,1.274683631819471879e-09
3.887500000000000000e+01,1.198662004252188415e-09
3.889062500000000000e+01,1.110198038161205320e-09
3.890625000000000000e+01,1.057883932696744250e-09
3.892187500000000000e+01,1.074126188472249187e-09
3.893750000000000000e+01,1.177659287181988992e-09
3.895312500000000000e+01,1.282279650741495386e-09
3.896875000000000000e+01,1.263098116281252818e-09
3.898437500000000000e+01,1.140590697801013447e-09
3.900000000000000000e+01,1.047657833302416160e-09
3.901562500000000000e+01,1.049585753842564946e-09
3.903125000000000000e+01,1.131558893224741684e-09
3.904687500000000000e+01,1.245321266154919856e-09
3.906250000000000000e+01,1.347519027255521989e-09
3.907812500000000000e+01,1.454057767417951204e-09
3.909375000000000000e+01,1.566675346645947409e-09
3.910937500000000000e+01,1.632399679626553482e-09
3.912500000000000000e+01,1.621274587354978013e-09
3.914062500000000000e+01,1.559642682481817030e-09
3.915625000000000000e+01,1.476364570179206556e-09
3.917187500000000000e+01,1.409548905422793662e-09
3.918750000000000000e+01,1.438839522707111818e-09
3.920312500000000000e+01,1.543855804105477072e-09
3.921875000000000000e+01,1.592932664735132198e-09
3.923437500000000000e+01,1.540836983530336353e-09
3.925000000000000000e+01,1.437605167894819088e-09
3.926562500000000000e+01,1.316122279988488152e-09
3.928125000000000000e+01,1.210709370354179439e-09
3.929687500000000000e+01,1.192477926591331470e-09
3.931250000000000000e+01,1.261024059944986023e-09
3.932812500000000000e+01,1.309863673426763062e-09
3.934375000000000000e+01,1.271689694079666614e-09
3.935937500000000000e+01,1.184133685269432475e-09
3.937500000000000000e+01,1.109596766494800088e-09
3.939062500000000000e+01,1.094689082884646293e-09
3.940625000000000000e+01,1.147394156598275801e-09
3.942187500000000000e+01,1.200344120258042470e-09
3.943750000000000000e+01,1.201164378769419002e-09
3.945312500000000000e+01,1.154868301780524921e-09
3.946875000000000000e+01,1.080740906531716326e-09
3.948437500000000000e+01,1.007028579749802337e-09
3.950000000000000000e+01,9.672634648287387225e-10
3.951562500000000000e+01,9.706411709724324021e-10
3.953125000000000000e+01,9.853403716337836859e-10
3.954687500000000000e+01,9.693266319294625572e-10
3.956250000000000000e+01,9.252128433783528480e-10
3.957812500000000000e+01,9.062012488559213444e-10
3.959375000000000000e+01,9.281560545318972836e-10
3.960937500000000000e+01,9.310028600868971973e-10
3.962500000000000000e+01,8.753170668874455097e-10
3.964062500000000000e+01,7.939141826844039643e-10
3.965625000000000000e+01,7.621597870491551509e-10
3.967187500000000000e+01,8.107480338611922764e-10
3.968750000000000000e+01,8.972304058429005156e-10
3.970312500000000000e+01,9.838682742586128062e-10
3.971875000000000000e+01,1.053600054431229885e-09
3.973437500000000000e+01,1.100252398185160298e-09
3.975000000000000000e+01,1.144228294598451832e-09
3.976562500000000000e+01,1.220631627490178486e-09
3.978125000000000000e+01,1.319283788242588145e-09
3.979687500000000000e+01,1.370511366314856768e-09
3.981250000000000000e+01,1.329984815244845499e-09
3.982812500000000000e+01,1.239820382935162932e-09
3.984375000000000000e+01,1.171041251772547660e-09
3.985937500000000000e+01,1.149541465732944428e-09
3.987500000000000000e+01,1.150616608066962969e-09
3.989062500000000000e+01,1.125794042452268022e-09
3.990625000000000000e+01,1.087484065994030661e-09
3.992187500000000000e+01,1.101247620513872765e-09
3.993750000000000000e+01,1.155820623826096954e-09
3.995312500000000000e+01,1.159409350872929522e-09
3.996875000000000000e+01,1.080969456525439743e-09
3.998437500000000000e+01,1.006499262262293688e-09
4.000000000000000000e+01,9.904452062452356974e-10
4.001562500000000000e+01,9.618602008607991840e-10
4.003125000000000000e+01,8.791100165643991727e-10
4.004687500000000000e+01,7.910597634219718741e-10
4.006250000000000000e+01,7.477349678631356113e-10
4.007812500000000000e+01,7.497250589237725435e-10
4.009375000000000000e+01,8.147271217490209104e-10
4.010937500000000000e+01,9.622493043292631954e-10
4.012500000000000000e+01,1.111853058107419883e-09
4.014062500000000000e+01,1.170115129394678023e-09
4.015625000000000000e+01,1.131922688686579612e-09
4.017187500000000000e+01,1.059010659214218009e-09
4.018750000000000000e+01,1.031236469535768910e-09
4.020312500000000000e+01,1.078368516672981859e-09
4.021875000000000000e+01,1.158696581598000246e-09
4.023437500000000000e+01,1.214282751926088936e-09
4.025000000000000000e+01,1.209364466016628739e-09
4.026562500000000000e+01,1.159549141065722427e-09
4.028125000000000000e+01,1.104103355561576327e-09
4.029687500000000000e+01,1.069452278668559422e-09
4.031250000000000000e+01,1.078627909296614020e-09
4.032812500000000000e+01,1.120251145424994611e-09
4.034375000000000000e+01,1.150824751809821784e-09
4.035937500000000000e+01,1.174883467292748211e-09
4.037500000000000000e+01,1.227677730898465450e-09
4.039062500000000000e+01,1.291051236540838776e-09
4.040625000000000000e+01,1.344983805772186890e-09
4.042187500000000000e+01,1.395286763474940763e-09
4.043750000000000000e+01,1.391080617385804230e-09
4.045312500000000000e+01,1.301035077388717871e-09
4.046875000000000000e+01,1.210846828714649582e-09
4.048437500000000000e+01,1.197155902818029156e-09
4.050000000000000000e+01,1.248217635263050846e-09
4.051562500000000000e+01,1.325693983579045433e-09
4.053125000000000000e+01,1.359908558172303395e-09
4.054687500000000000e+01,1.327714651766439434e-09
4.056250000000000000e+01,1.291726017783677390e-09
4.057812500000000000e+01,1.298521659677778959e-09
4.059375000000000000e+01,1.333405830390146647e-09
4.060937500000000000e+01,1.352393384076276040e-09
4.062500000000000000e+01,1.333478170288495520e-09
4.064062500000000000e+01,1.283973169157248871e-09
4.065625000000000000e+01,1.224381663261984281e-09
4.067187500000000000e+01,1.223154993007840629e-09
4.068750000000000000e+01,1.281404494497730562e-09
4.070312500000000000e+01,1.280260833252518483e-09
4.071875000000000000e+01,1.176071661500614204e-09
4.073437500000000000e+01,1.044502792526969441e-09
4.075000000000000000e+01,9.624325162957731460e-10
4.076562500000000000e+01,9.404935599986401808e-10
4.078125000000000000e+01,9.688230250734369945e-10
4.079687500000000000e+01,1.046451311020525896e-09
4.081250000000000000e+01,1.151756423026419705e-09
4.082812500000000000e+01,1.256735608589049110e-09
4.084375000000000000e+01,1.360348050437849405e-09
4.085937500000000000e+01,1.461200205334308005e-09
4.087500000000000000e+01,1.549843847564206092e-09
4.089062500000000000e+01,1.610652205482214260e-09
4.090625000000000000e+01,1.602452870645615655e-09
4.092187500000000000e+01,1.496977378452034309e-09
4.093750000000000000e+01,1.331790644815674265e-09
4.095312500000000000e+01,1.197723533566041675e-09
4.096875000000000000e+01,1.161470669006199371e-09
4.098437500000000000e+01,1.198073989625802485e-09
4.100000000000000000e+01,1.219927942644349666e-09
4.101562500000000000e+01,1.208218167300952165e-09
4.103125000000000000e+01,1.225662291699686536e-09
4.104687500000000000e+01,1.267080843977202828e-09
4.106250000000000000e+01,1.270411280742520822e-09
4.107812500000000000e+01,1.235511583469419669e-09
4.109375000000000000e+01,1.211301480285364408e-09
4.110937500000000000e+01,1.212870482836089893e-09
4.112500000000000000e+01,1.218648109972574395e-09
4.114062500000000000e+01,1.240406898438049847e-09
4.115625000000000000e+01,1.298662959458443709e-09
4.117187500000000000e+01,1.352810622398924564e-09
4.118750000000000000e+01,1.360224993083319643e-09
4.120312500000000000e+01,1.358342846505188345e-09
4.121875000000000000e+01,1.419122943183883549e-09
4.123437500000000000e+01,1.490735333923107793e-09
4.125000000000000000e+01,1.463302204944476848e-09
4.126562500000000000e+01,1.336657519390033634e-09
4.128125000000000000e+01,1.180256347615577946e-09
4.129687500000000000e+01,1.067877899952309098e-09
4.131250000000000000e+01,1.052402871436969444e-09
4.132812500000000000e+01,1.092670469901260832e-09
4.134375000000000000e+01,1.100175744282156315e-09
4.135937500000000000e+01,1.046141044664889975e-09
4.137500000000000000e+01,9.879215712427689742e-10
4.139062500000000000e+01,9.999555931012692013e-10
4.140625000000000000e+01,1.065401860517781434e-09
4.142187500000000000e+01,1.132269695857524953e-09
4.143750000000000000e+01,1.202917743740127830e-09
4.145312500000000000e+01,1.288831976419758941e-09
4.146875000000000000e+01,1.352884324679746809e-09
4.148437500000000000e+01,1.348918239209203907e-09
4.150000000000000000e+01,1.296552727034143703e-09
4.151562500000000000e+01,1.248068780172988030e-09
4.153125000000000000e+01,1.194855581809809457e-09
4.154687500000000000e+01,1.099316059287614592e-09
4.156250000000000000e+01,9.797612863148875135e-10
4.157812500000000000e+01,9.040100015506423549e-10
4.159375000000000000e+01,9.000463006041937798e-10
4.160937500000000000e+01,9.406771211699422290e-10
4.162500000000000000e+01,9.863931099682775630e-10
4.164062500000000000e+01,9.876002600942676758e-10
4.165625000000000000e+01,9.316449493870734625e-10
4.167187500000000000e+01,8.721399414957346506e-10
4.168750000000000000e+01,8.627209009390146788e-10
4.170312500000000000e+01,9.004024302783796550e-10
4.171875000000000000e+01,9.425234650367065496e-10
4.173437500000000000e+01,9.493718689909290470e-10
4.175000000000000000e+01,9.316645376735518659e-10
4.176562500000000000e+01,9.619402586910642386e-10
4.178125000000000000e+01,1.080720736998472117e-09
4.179687500000000000e+01,1.228426724297578962e-09
4.181250000000000000e+01,1.331616442475685049e-09
4.182812500000000000e+01,1.359121803341637323e-09
4.184375000000000000e+01,1.314530381546810422e-09
4.185937500000000000e+01,1.221000052031987205e-09
4.187500000000000000e+01,1.107827535678137317e-09
4.189062500000000000e+01,1.012258272273964713e-09
4.190625000000000000e+01,9.528664724660880672e-10
4.192187500000000000e+01,8.994062446659704288e-10
4.193750000000000000e+01,8.331994000627480522e-10
4.195312500000000000e+01,7.838447860725237981e-10
4.196875000000000000e+01,7.787195753459233590e-10
4.198437500000000000e+01,7.995471694135250189e-10
4.200000000000000000e+01,8.086005559716690794e-10
4.201562500000000000e+01,8.201749000759975109e-10
4.203125000000000000e+01,8.766737910211956821e-10
4.204687500000000000e+01,9.587335666402810768e-10
4.206250000000000000e+01,1.027842587571566878e-09
4.207812500000000000e+01,1.062229420046275857e-09
4.209375000000000000e+01,1.033669154897190619e-09
4.210937500000000000e+01,9.574886607211147541e-10
4.212500000000000000e+01,9.181044443369446501e-10
4.214062500000000000e+01,9.480990070487893515e-10
4.215625000000000000e+01,9.975591677639902254e-10
4.217187500000000000e+01,1.041137274246144342e-09
4.218750000000000000e+01,1.072128931967899578e-09
4.220312500000000000e+01,1.065378688770089396e-09
4.221875000000000000e+01,1.018791309114906610e-09
4.223437500000000000e+01,9.751601795456736818e-10
4.225000000000000000e+01,9.569242589754044557e-10
4.226562500000000000e+01,9.432063242395649632e-10
4.228125000000000000e+01,9.386667536673921246e-10
4.229687500000000000e+01,9.781809596820352499e-10
4.231250000000000000e+01,1.040545650526503095e-09
4.232812500000000000e+01,1.087753171105703439e-09
4.234375000000000000e+01,1.145360273559226267e-09
4.235937500000000000e+01,1.243239368049918630e-09
4.237500000000000000e+01,1.376355185736457663e-09
4.239062500000000000e+01,1.516912754207620795e-09
4.240625000000000000e+01,1.607224137757269336e-09
4.242187500000000000e+01,1.612820361075988239e-09
4.243750000000000000e+01,1.559549259349145000e-09
4.245312500000000000e+01,1.504886745806257738e-09
4.246875000000000000e+01,1.518240062441110263e-09
4.248437500000000000e+01,1.601408371657580128e-09
4.250000000000000000e+01,1.657506751463609442e-09
4.251562500000000000e+01,1.616625060674784937e-09
4.253125000000000000e+01,1.490900418102325976e-09
4.254687500000000000e+01,1.345374621059687209e-09
4.256250000000000000e+01,1.281349748734152737e-09
4.257812500000000000e+01,1.339770294204865385e-09
4.259375000000000000e+01,1.423279032048082955e-09
4.260937500000000000e+01,1.449646288508100221e-09
4.262500000000000000e+01,1.424435671013192894e-09
4.264062500000000000e+01,1.386069303692621663e-09
4.265625000000000000e+01,1.423660489897736834e-09
4.267187500000000000e+01,1.582334165584276439e-09
4.268750000000000000e+01,1.750664266645252008e-09
4.270312500000000000e+01,1.858972151351599168e-09
4.271875000000000000e+01,1.959935381840446931e-09
4.273437500000000000e+01,2.085957233012966884e-09
4.275000000000000000e+01,2.206549155198029991e-09
4.276562500000000000e+01,2.295308051978142264e-09
4.278125000000000000e+01,2.354839001637362042e-09
4.279687500000000000e+01,2.422122655537024932e-09
4.281250000000000000e+01,2.578050075505925405e-09
4.282812500000000000e+01,2.920908769618618141e-09
4.284375000000000000e+01,3.358665083704271893e-09
4.285937500000000000e+01,3.590975917983095814e-09
4.287500000000000000e+01,3.483071133101913976e-09
4.289062500000000000e+01,3.252152138379241130e-09
4.290625000000000000e+01,3.156468554055690441e-09
4.292187500000000000e+01,3.164558275376298468e-09
4.293750000000000000e+01,3.116348131988321377e-09
4.295312500000000000e+01,2.919983070818349538e-09
4.296875000000000000e+01,2.643125629119055878e-09
4.298437500000000000e+01,2.491196915951203368e-09
4.300000000000000000e+01,2.544992097682130079e-09
4.301562500000000000e+01,2.664579039228516538e-09
4.303125000000000000e+01,2.691678536354730912e-09
4.304687500000000000e+01,2.608714917811477152e-09
4.306250000000000000e+01,2.487443788651486297e-09
4.307812500000000000e+01,2.387587135409187823e-09
4.309375000000000000e+01,2.359193044444299875e-09
4.310937500000000000e+01,2.349374866041751454e-09
4.312500000000000000e+01,2.318236952959261709e-09
4.314062500000000000e+01,2.380754374853777445e-09
4.315625000000000000e+01,2.513816670009698862e-09
4.317187500000000000e+01,2.570412501808108034e-09
4.318750000000000000e+01,2.547688784342145103e-09
4.320312500000000000e+01,2.515963014933962403e-09
4.321875000000000000e+01,2.474924427514111800e-09
4.323437500000000000e+01,2.398909188824450051e-09
4.325000000000000000e+01,2.320400595629512812e-09
4.326562500000000000e+01,2.260816071310148753e-09
4.328125000000000000e+01,2.174789575438904062e-09
4.329687500000000000e+01,2.047920421774642288e-09
4.331250000000000000e+01,1.903508379847210638e-09
4.332812500000000000e+01,1.745479655015112867e-09
4.334375000000000000e+01,1.591641469181385700e-09
4.335937500000000000e+01,1.494227376924791703e-09
4.337500000000000000e+01,1.510015920742394129e-09
4.339062500000000000e+01,1.610714434528808890e-09
4.340625000000000000e+01,1.692001054961799346e-09
4.342187500000000000e+01,1.719143125498244264e-09
4.343750000000000000e+01,1.735441685166111428e-09
4.345312500000000000e+01,1.773304407085165724e-09
4.346875000000000000e+01,1.819233684578151649e-09
4.348437500000000000e+01,1.849351702897700491e-09
4.350000000000000000e+01,1.851159114230272802e-09
4.351562500000000000e+01,1.809415812091062018e-09
4.353125000000000000e+01,1.746709587816593176e-09
4.354687500000000000e+01,1.712576576776763936e-09
4.356250000000000000e+01,1.683586142155761038e-09
4.357812500000000000e+01,1.594991116111291297e-09
4.359375000000000000e+01,1.449404817109699775e-09
4.360937500000000000e+01,1.300629494569977347e-09
4.362500000000000000e+01,1.180771457126287013e-09
4.364062500000000000e+01,1.099789073826247150e-09
4.365625000000000000e+01,1.068095086099896671e-09
4.367187500000000000e+01,1.064481775650003257e-09
4.368750000000000000e+01,1.048703674437593740e-09
4.370312500000000000e+01,1.044163953106108962e-09
4.371875000000000000e+01,1.099326458456178142e-09
4.373437500000000000e+01,1.174995334045159753e-09
4.375000000000000000e+01,1.214172687289218027e-09
4.376562500000000000e+01,1.220218769299327616e-09
4.378125000000000000e+01,1.200816821850572907e-09
4.379687500000000000e+01,1.140464434579329251e-09
4.381250000000000000e+01,1.064607823739064524e-09
4.382812500000000000e+01,1.044552679174163579e-09
4.384375000000000000e+01,1.090802893865452068e-09
4.385937500000000000e+01,1.149347441858095952e-09
4.387500000000000000e+01,1.212697428731268192e-09
4.389062500000000000e+01,1.305934474415336374e-09
4.390625000000000000e+01,1.404613025931126511e-09
4.392187500000000000e+01,1.466512745545059768e-09
4.393750000000000000e+01,1.499429120627675888e-09
4.395312500000000000e+01,1.531073298024736729e-09
4.396875000000000000e+01,1.567913905655892953e-09
4.398437500000000000e+01,1.593613983871469331e-09
4.400000000000000000e+01,1.536045644206283002e-09
4.401562500000000000e+01,1.363819807594688576e-09
4.403125000000000000e+01,1.237848939685586637e-09
4.404687500000000000e+01,1.334397078345255876e-09
4.406250000000000000e+01,1.509996727892714240e-09
4.407812500000000000e+01,1.561383075636523947e-09
4.409375000000000000e+01,1.472727276127166037e-09
4.410937500000000000e+01,1.378162553513385040e-09
4.412500000000000000e+01,1.405113400000277486e-09
4.414062500000000000e+01,1.518589920959207614e-09
4.415625000000000000e+01,1.653845619352544395e-09
4.417187500000000000e+01,1.821329263581014972e-09
4.418750000000000000e+01,1.974398436512762259e-09
4.420312500000000000e+01,2.024167710250191100e-09
4.421875000000000000e+01,1.948961095443183806e-09
4.423437500000000000e+01,1.814601194545898490e-09
4.425000000000000000e+01,1.719952952172743683e-09
4.426562500000000000e+01,1.656493552492000119e-09
4.428125000000000000e+01,1.571778836849324392e-09
4.429687500000000000e+01,1.494885358005637562e-09
4.431250000000000000e+01,1.408125073880557512e-09
4.432812500000000000e+01,1.266321036250883187e-09
4.434375000000000000e+01,1.109511499128786795e-09
4.435937500000000000e+01,9.991191447366736442e-10
4.437500000000000000e+01,9.291307218788986557e-10
4.439062500000000000e+01,8.851380419839673271e-10
4.440625000000000000e+01,8.860147874367170641e-10
4.442187500000000000e+01,9.090274562723630645e-10
4.443750000000000000e+01,9.175410001952547696e-10
4.445312500000000000e+01,9.004809473988118319e-10
4.446875000000000000e+01,8.582562128257653601e-10
4.448437500000000000e+01,8.073160349487539663e-10
4.450000000000000000e+01,7.678892465950052979e-10
4.451562500000000000e+01,7.442643034393787278e-10
4.453125000000000000e+01,7.242650827990491449e-10
4.454687500000000000e+01,7.046769088666123013e-10
4.456250000000000000e+01,7.092493588789640425e-10
4.457812500000000000e+01,7.570066260739569350e-10
4.459375000000000000e+01,8.274193728757497599e-10
4.460937500000000000e+01,8.697868430352089126e-10
4.462500000000000000e+01,8.641537635492768688e-10
4.464062500000000000e+01,8.547196763417236817e-10
4.465625000000000000e+01,8.948803247156589552e-10
4.467187500000000000e+01,9.988724923412997885e-10
4.468750000000000000e+01,1.144036895805899152e-09
4.470312500000000000e+01,1.281418893519751035e-09
4.471875000000000000e+01,1.368082992806202759e-09
4.473437500000000000e+01,1.389586331414362571e-09
4.475000000000000000e+01,1.365140933522195959e-09
4.476562500000000000e+01,1.340644703318892722e-09
4.478125000000000000e+01,1.348656085586137501e-09
4.479687500000000000e+01,1.354681186072543811e-09
4.481250000000000000e+01,1.321593335060471092e-09
4.482812500000000000e+01,1.290367242371274806e-09
4.484375000000000000e+01,1.291236781352421594e-09
4.485937500000000000e+01,1.280118887165064414e-09
4.487500000000000000e+01,1.233907739516999102e-09
4.489062500000000000e+01,1.204897483150192240e-09
4.490625000000000000e+01,1.240933146425573846e-09
4.492187500000000000e+01,1.340427351314034797e-09
4.493750000000000000e+01,1.480749013081307147e-09
4.495312500000000000e+01,1.602587050759086521e-09
4.496875000000000000e+01,1.632927359229679050e-09
4.498437500000000000e+01,1.548673521102583733e-09
4.500000000000000000e+01,1.395825152486572990e-09
4.501562500000000000e+01,1.246646393897910460e-09
4.503125000000000000e+01,1.160168827959305203e-09
4.504687500000000000e+01,1.172021779993742296e-09
4.506250000000000000e+01,1.259369413559629722e-09
4.507812500000000000e+01,1.351595153394980090e-09
4.509375000000000000e+01,1.397388801755987911e-09
4.510937500000000000e+01,1.390419864261198425e-09
4.512500000000000000e+01,1.335037203384946017e-09
4.514062500000000000e+01,1.268265665559732884e-09
4.515625000000000000e+01,1.277328494325496238e-09
4.517187500000000000e+01,1.374970643634587995e-09
4.518750000000000000e+01,1.475975503558762520e-09
4.520312500000000000e+01,1.518405066164329887e-09
4.521875000000000000e+01,1.507826116710221678e-09
4.523437500000000000e+01,1.508096677400873911e-09
4.525000000000000000e+01,1.576249538353712088e-09
4.526562500000000000e+01,1.658950969465910906e-09
4.528125000000000000e+01,1.655708958808738511e-09
4.529687500000000000e+01,1.560620140781271196e-09
4.531250000000000000e+01,1.475961789018923727e-09
4.532812500000000000e+01,1.478883898832479199e-09
4.534375000000000000e+01,1.516698648173275768e-09
4.535937500000000000e+01,1.506396076980779805e-09
4.537500000000000000e+01,1.456367404139779444e-09
4.539062500000000000e+01,1.439471523165248740e-09
4.540625000000000000e+01,1.462716674234158000e-09
4.542187500000000000e+01,1.445445858022305424e-09
4.543750000000000000e+01,1.329034221769031300e-09
4.545312500000000000e+01,1.151036768063385799e-09
4.546875000000000000e+01,1.010150913643065123e-09
4.548437500000000000e+01,9.326247177078438172e-10
4.550000000000000000e+01,8.968390182977895349e-10
4.551562500000000000e+01,9.577758055569038989e-10
4.553125000000000000e+01,1.132717915984764837e-09
4.554687500000000000e+01,1.308636071133575559e-09
4.556250000000000000e+01,1.395185732596400230e-09
4.557812500000000000e+01,1.409313216813950750e-09
4.559375000000000000e+01,1.385309896286027101e-09
4.560937500000000000e+01,1.316025963127194613e-09
4.562500000000000000e+01,1.244539277555736942e-09
4.564062500000000000e+01,1.225347431799524640e-09
4.565625000000000000e+01,1.209902570517372523e-09
4.567187500000000000e+01,1.173258305698799635e-09
4.568750000000000000e+01,1.177110407553441748e-09
4.570312500000000000e+01,1.242172277731798264e-09
4.571875000000000000e+01,1.318892512450293432e-09
4.573437500000000000e+01,1.369678903416952861e-09
4.575000000000000000e+01,1.379775297321245190e-09
4.576562500000000000e+01,1.339846337597093583e-09
4.578125000000000000e+01,1.281474420506169564e-09
4.579687500000000000e+01,1.256233095344269828e-09
4.581250000000000000e+01,1.260800039178747586e-09
4.582812500000000000e+01,1.261067582979095364e-09
4.584375000000000000e+01,1.240684874211166657e-09
4.585937500000000000e+01,1.199716326492204187e-09
4.587500000000000000e+01,1.186051876985573268e-09
4.589062500000000000e+01,1.248860746347584004e-09
4.590625000000000000e+01,1.316000024802966832e-09
4.592187500000000000e+01,1.286410340155652408e-09
4.593750000000000000e+01,1.181104856192567591e-09
4.595312500000000000e+01,1.116028364292549002e-09
4.596875000000000000e+01,1.135354967586642480e-09
4.598437500000000000e+01,1.166632616927936426e-09
4.600000000000000000e+01,1.155365456066570850e-09
4.601562500000000000e+01,1.107684131639469118e-09
4.603125000000000000e+01,1.060647242622691071e-09
4.604687500000000000e+01,1.046273754144734563e-09
4.606250000000000000e+01,1.032710730030568862e-09
4.607812500000000000e+01,9.970422381383801449e-10
4.609375000000000000e+01,9.872759036731117049e-10
4.610937500000000000e+01,9.931360858890079981e-10
4.612500000000000000e+01,9.444760950281451365e-10
4.614062500000000000e+01,8.568276619574237055e-10
4.615625000000000000e+01,8.574519999436893571e-10
4.617187500000000000e+01,1.025751205240856787e-09
4.618750000000000000e+01,1.265065143972242191e-09
4.620312500000000000e+01,1.447783562752704336e-09
4.621875000000000000e+01,1.500639919377674756e-09
4.623437500000000000e+01,1.427099198055500126e-09
4.625000000000000000e+01,1.336971100817858003e-09
4.626562500000000000e+01,1.354055109758036548e-09
4.628125000000000000e+01,1.455166294916778174e-09
4.629687500000000000e+01,1.528125952163555130e-09
4.631250000000000000e+01,1.501575757900417529e-09
4.632812500000000000e+01,1.394361594044590369e-09
4.634375000000000000e+01,1.284808914580097538e-09
4.635937500000000000e+01,1.210386761510450654e-09
4.637500000000000000e+01,1.159631420692979630e-09
4.639062500000000000e+01,1.135182977492002695e-09
4.640625000000000000e+01,1.143071876817019511e-09
4.642187500000000000e+01,1.187518569615727548e-09
4.643750000000000000e+01,1.241854615428041762e-09
4.645312500000000000e+01,1.253663589832048274e-09
4.646875000000000000e+01,1.224840968518239171e-09
4.648437500000000000e+01,1.193808503619909837e-09
4.650000000000000000e+01,1.169665395535630068e-09
4.651562500000000000e+01,1.133884101039582273e-09
4.653125000000000000e+01,1.066862870991949138e-09
4.654687500000000000e+01,9.955166974365278602e-10
4.656250000000000000e+01,9.959660209970616704e-10
4.657812500000000000e+01,1.077906123276413744e-09
4.659375000000000000e+01,1.166600832629787141e-09
4.660937500000000000e+01,1.183085398335672776e-09
4.662500000000000000e+01,1.096954494222100624e-09
4.664062500000000000e+01,9.807411272533036953e-10
4.665625000000000000e+01,9.707118598257023583e-10
4.667187500000000000e+01,1.075471618292858023e-09
4.668750000000000000e+01,1.171713800061252364e-09
4.670312500000000000e+01,1.200276484929514773e-09
4.671875000000000000e+01,1.198370137642596126e-09
4.673437500000000000e+01,1.213512078820825542e-09
4.675000000000000000e+01,1.241008201780156871e-09
4.676562500000000000e+01,1.236290932064751878e-09
4.678125000000000000e+01,1.208800645040389039e-09
4.679687500000000000e+01,1.234802552770167179e-09
4.681250000000000000e+01,1.286963529000133521e-09
4.682812500000000000e+01,1.274520758866662817e-09
4.684375000000000000e+01,1.214210399638354787e-09
4.685937500000000000e+01,1.173741614441426211e-09
4.687500000000000000e+01,1.166697625689358861e-09
4.689062500000000000e+01,1.163930595424521700e-09
4.690625000000000000e+01,1.114642043415960190e-09
4.692187500000000000e+01,1.011595768292145085e-09
4.693750000000000000e+01,9.306701274843205352e-10
4.695312500000000000e+01,9.187037132447749012e-10
4.696875000000000000e+01,9.563866855657502429e-10
4.698437500000000000e+01,1.016792689736947415e-09
4.700000000000000000e+01,1.033101246558920447e-09
4.701562500000000000e+01,9.821147632387478719e-10
4.703125000000000000e+01,9.566636087508570165e-10
4.704687500000000000e+01,1.019911851711212126e-09
4.706250000000000000e+01,1.110310317203026529e-09
4.707812500000000000e+01,1.179266704166864418e-09
4.709375000000000000e+01,1.232092837908944143e-09
4.710937500000000000e+01,1.263659908227753926e-09
4.712500000000000000e+01,1.270477186816338195e-09
4.714062500000000000e+01,1.275368614339941764e-09
4.715625000000000000e+01,1.320893684717032216e-09
4.717187500000000000e+01,1.434335426979805119e-09
4.718750000000000000e+01,1.565334721018158776e-09
4.720312500000000000e+01,1.631955532057019057e-09
4.721875000000000000e+01,1.598167264919436321e-09
4.723437500000000000e+01,1.495634906277674720e-09
4.725000000000000000e+01,1.396765004359716821e-09
4.726562500000000000e+01,1.366621367973935534e-09
4.728125000000000000e+01,1.432111964091251827e-09
4.729687500000000000e+01,1.528035492865904956e-09
4.731250000000000000e+01,1.555084646161944828e-09
4.732812500000000000e+01,1.518919740374084618e-09
4.734375000000000000e+01,1.491374709146543460e-09
4.735937500000000000e+01,1.488193576305212951e-09
4.737500000000000000e+01,1.483790708327504040e-09
4.739062500000000000e+01,1.450121366709963203e-09
4.740625000000000000e+01,1.372066005996850542e-09
4.742187500000000000e+01,1.311360917796498456e-09
4.743750000000000000e+01,1.338073065177246005e-09
4.745312500000000000e+01,1.411530353934679274e-09
4.746875000000000000e+01,1.495266942095941631e-09
4.748437500000000000e+01,1.573707583861062286e-09
4.750000000000000000e+01,1.615842057293636625e-09
4.751562500000000000e+01,1.661408273391798371e-09
4.753125000000000000e+01,1.759579715092894564e-09
4.754687500000000000e+01,1.847060805483188453e-09
4.756250000000000000e+01,1.832356139553727414e-09
4.757812500000000000e+01,1.725348818265615212e-09
4.759375000000000000e+01,1.645133314191111728e-09
4.760937500000000000e+01,1.663000146102084443e-09
4.762500000000000000e+01,1.685514804490127634e-09
4.764062500000000000e+01,1.650949473750096810e-09
4.765625000000000000e+01,1.590168018493185431e-09
4.767187500000000000e+01,1.505442205865190517e-09
4.768750000000000000e+01,1.462184140326528355e-09
4.770312500000000000e+01,1.569260347661056991e-09
4.771875000000000000e+01,1.733139444801696251e-09
4.773437500000000000e+01,1.808879520202433218e-09
4.775000000000000000e+01,1.783620341428171327e-09
4.776562500000000000e+01,1.711231904681795821e-09
4.778125000000000000e+01,1.640233434631702103e-09
4.779687500000000000e+01,1.605899430813831935e-09
4.781250000000000000e+01,1.615949886549439147e-09
4.782812500000000000e+01,1.620201575953377701e-09
4.784375000000000000e+01,1.573964779893460797e-09
4.785937500000000000e+01,1.492538985441745698e-09
4.787500000000000000e+01,1.401942356912258837e-09
4.789062500000000000e+01,1.332606548351604969e-09
4.790625000000000000e+01,1.315160387498451678e-09
4.792187500000000000e+01,1.321217296512136162e-09
4.793750000000000000e+01,1.297847032423683888e-09
4.795312500000000000e+01,1.232003739852366664e-09
4.796875000000000000e+01,1.166138572357982878e-09
4.798437500000000000e+01,1.152433436160711229e-09
4.800000000000000000e+01,1.145830196993528750e-09
4.801562500000000000e+01,1.060188105978939068e-09
4.803125000000000000e+01,9.143513747853564282e-10
4.804687500000000000e+01,8.386186788151146010e-10
4.806250000000000000e+01,8.988320984089780981e-10
4.807812500000000000e+01,9.937393028191629535e-10
4.809375000000000000e+01,1.047432120603826239e-09
4.810937500000000000e+01,1.049636030653654253e-09
4.812500000000000000e+01,9.967211990285115435e-10
4.814062500000000000e+01,9.133057960966335663e-10
4.815625000000000000e+01,8.616958136454586617e-10
4.817187500000000000e+01,9.181834541479285019e-10
4.818750000000000000e+01,1.096834221278267437e-09
4.820312500000000000e+01,1.277810067054594359e-09
4.821875000000000000e+01,1.355128347106692766e-09
4.823437500000000000e+01,1.329044268426166451e-09
4.825000000000000000e+01,1.254655108836258642e-09
4.826562500000000000e+01,1.229253080833034093e-09
4.828125000000000000e+01,1.306124242101081874e-09
4.829687500000000000e+01,1.364304619389767808e-09
4.831250000000000000e+01,1.294694125098453595e-09
4.832812500000000000e+01,1.156306110467131176e-09
4.834375000000000000e+01,1.075325940799622011e-09
4.835937500000000000e+01,1.068173579552395890e-09
4.837500000000000000e+01,1.062576727559991498e-09
4.839062500000000000e+01,1.032202843821768454e-09
4.840625000000000000e+01,1.007629713215797719e-09
4.842187500000000000e+01,1.030754874842477189e-09
4.843750000000000000e+01,1.089521079420044265e-09
4.845312500000000000e+01,1.115504219600256393e-09
4.846875000000000000e+01,1.094331812796678091e-09
4.848437500000000000e+01,1.094733544452662215e-09
4.850000000000000000e+01,1.141627378235943902e-09
4.851562500000000000e+01,1.186000633649925719e-09
4.853125000000000000e+01,1.219388153462652381e-09
4.854687500000000000e+01,1.247799920998037279e-09
4.856250000000000000e+01,1.234037220780785534e-09
4.857812500000000000e+01,1.160308998384702162e-09
4.859375000000000000e+01,1.076315810410201150e-09
4.860937500000000000e+01,1.023107271859223913e-09
4.862500000000000000e+01,9.755787812642872497e-10
4.864062500000000000e+01,9.584847598144270861e-10
4.865625000000000000e+01,1.038769546009653204e-09
4.867187500000000000e+01,1.152102407008654100e-09
4.868750000000000000e+01,1.194859194801141210e-09
4.870312500000000000e+01,1.165618611041288419e-09
4.871875000000000000e+01,1.112762029569773579e-09
4.873437500000000000e+01,1.068383466605240360e-09
4.875000000000000000e+01,1.089072544900617257e-09
4.876562500000000000e+01,1.196027791061959217e-09
4.878125000000000000e+01,1.293581353963382562e-09
4.879687500000000000e+01,1.316794167057232928e-09
4.881250000000000000e+01,1.324818242563415139e-09
4.882812500000000000e+01,1.383651522445816964e-09
4.884375000000000000e+01,1.449535084760992227e-09
4.885937500000000000e+01,1.454962951080885611e-09
4.887500000000000000e+01,1.410061344969724655e-09
4.889062500000000000e+01,1.383470508717567900e-09
4.890625000000000000e+01,1.404056885292234523e-09
4.892187500000000000e+01,1.432441991701500223e-09
4.893750000000000000e+01,1.452248510291048674e-09
4.895312500000000000e+01,1.504951579364877352e-09
4.896875000000000000e+01,1.607167648479378803e-09
4.898437500000000000e+01,1.689686238250455913e-09
4.900000000000000000e+01,1.671809602734080199e-09
4.901562500000000000e+01,1.556803538937607367e-09
4.903125000000000000e+01,1.420471353076654627e-09
4.904687500000000000e+01,1.343951094857194416e-09
4.906250000000000000e+01,1.363153719537615156e-09
4.907812500000000000e+01,1.418470295034712360e-09
4.909375000000000000e+01,1.403497037029844860e-09
4.910937500000000000e+01,1.286973231655046615e-09
4.912500000000000000e+01,1.126033479665418761e-09
4.914062500000000000e+01,9.778503738852386787e-10
4.915625000000000000e+01,8.925116208260513370e-10
4.917187500000000000e+01,9.585835781977606324e-10
4.918750000000000000e+01,1.138423915296108998e-09
4.920312500000000000e+01,1.295636852277986869e-09
4.921875000000000000e+01,1.372394457645089038e-09
4.923437500000000000e+01,1.386491634318977425e-09
4.925000000000000000e+01,1.371828664277292253e-09
4.926562500000000000e+01,1.336924038426409629e-09
4.928125000000000000e+01,1.273089407102710211e-09
4.929687500000000000e+01,1.171448970657427316e-09
4.931250000000000000e+01,1.071894639328809415e-09
4.932812500000000000e+01,1.038273555756562952e-09
4.934375000000000000e+01,1.034396852603612700e-09
4.935937500000000000e+01,9.927108239439892098e-10
4.937500000000000000e+01,9.209668585073053807e-10
4.939062500000000000e+01,8.726086990758237214e-10
4.940625000000000000e+01,8.687989090093064003e-10
4.942187500000000000e+01,8.761157431309958886e-10
4.943750000000000000e+01,8.772642747103416631e-10
4.945312500000000000e+01,8.879799727061552254e-10
4.946875000000000000e+01,9.004161389022445236e-10
4.948437500000000000e+01,8.800699321377567244e-10
4.950000000000000000e+01,8.137964280081286551e-10
4.951562500000000000e+01,7.437729219317938670e-10
4.953125000000000000e+01,7.486078972127667587e-10
4.954687500000000000e+01,8.414919146034760914e-10
4.956250000000000000e+01,9.682486010683201079e-10
4.957812500000000000e+01,1.101257883107811701e-09
4.959375000000000000e+01,1.220135880127798926e-09
4.960937500000000000e+01,1.282157095751291993e-09
4.962500000000000000e+01,1.293998221808827909e-09
4.964062500000000000e+01,1.324797652504136370e-09
4.965625000000000000e+01,1.359750177599694908e-09
4.967187500000000000e+01,1.334957396907781020e-09
4.968750000000000000e+01,1.272884302469831420e-09
4.970312500000000000e+01,1.214097942484999763e-09
4.971875000000000000e+01,1.155479555905043959e-09
4.973437500000000000e+01,1.082334197745184252e-09
4.975000000000000000e+01,9.991081667220081285e-10
4.976562500000000000e+01,9.562107462000205475e-10
4.978125000000000000e+01,9.764077632087732774e-10
4.979687500000000000e+01,1.006558024418789894e-09
4.981250000000000000e+01,1.028936163458579889e-09
4.982812500000000000e+01,1.059956142114085563e-09
4.984375000000000000e+01,1.069852780004711578e-09
4.985937500000000000e+01,1.043181975661674303e-09
4.987500000000000000e+01,1.028465854359345626e-09
4.989062500000000000e+01,1.043418707338845140e-09
4.990625000000000000e+01,1.061959149935703105e-09
4.992187500000000000e+01,1.085966867659231108e-09
4.993750000000000000e+01,1.146518809494996269e-09
4.995312500000000000e+01,1.262053947995916550e-09
4.996875000000000000e+01,1.394260862166363077e-09
4.998437500000000000e+01,1.489389289111021245e-09
5.000000000000000000e+01,1.572480377505158721e-09
5.001562500000000000e+01,1.677001632874746610e-09
5.003125000000000000e+01,1.743192464737518402e-09
5.004687500000000000e+01,1.740958548830439309e-09
5.006250000000000000e+01,1.687382178510669797e-09
5.007812500000000000e+01,1.585730391579518485e-09
5.009375000000000000e+01,1.494166937995778017e-09
5.010937500000000000e+01,1.455485432303657285e-09
5.012500000000000000e+01,1.420356749283172976e-09
5.014062500000000000e+01,1.433916119269012253e-09
5.015625000000000000e+01,1.591822061516337521e-09
5.017187500000000000e+01,1.782182465406490265e-09
5.018750000000000000e+01,1.865494367885334027e-09
5.020312500000000000e+01,1.886048354182281019e-09
5.021875000000000000e+01,1.961105719338912316e-09
5.023437500000000000e+01,2.069932648305418072e-09
5.025000000000000000e+01,2.115770352731668571e-09
5.026562500000000000e+01,2.113773184876833482e-09
5.028125000000000000e+01,2.145422058710214800e-09
5.029687500000000000e+01,2.200978276224979060e-09
5.031250000000000000e+01,2.202795925020007252e-09
5.032812500000000000e+01,2.097741154239780188e-09
5.034375000000000000e+01,1.908658034233301942e-09
5.035937500000000000e+01,1.729920240222946674e-09
5.037500000000000000e+01,1.601249012978646327e-09
5.039062500000000000e+01,1.478442537540085893e-09
5.040625000000000000e+01,1.373083855689274598e-09
5.042187500000000000e+01,1.351086840693865485e-09
5.043750000000000000e+01,1.371190602442322188e-09
5.045312500000000000e+01,1.379243808507390325e-09
5.046875000000000000e+01,1.445017948192227178e-09
5.048437500000000000e+01,1.572468670305702710e-09
5.050000000000000000e+01,1.643633775258793591e-09
5.051562500000000000e+01,1.609503522220178655e-09
5.053125000000000000e+01,1.548847216208999515e-09
5.054687500000000000e+01,1.530752057198076830e-09
5.056250000000000000e+01,1.512197129223217274e-09
5.057812500000000000e+01,1.460080729418536421e-09
5.059375000000000000e+01,1.407102622270151612e-09
5.060937500000000000e+01,1.392672544437036772e-09
5.062500000000000000e+01,1.438456689489361507e-09
5.064062500000000000e+01,1.516450065466949298e-09
5.065625000000000000e+01,1.603190766336088718e-09
5.067187500000000000e+01,1.747841192279722550e-09
5.068750000000000000e+01,1.931500819315202123e-09
5.070312500000000000e+01,2.011598521727926518e-09
5.071875000000000000e+01,1.953667765566221474e-09
5.073437500000000000e+01,1.878791829778008677e-09
5.075000000000000000e+01,1.831930650077641138e-09
5.076562500000000000e+01,1.747960634620756576e-09
5.078125000000000000e+01,1.612489968889368117e-09
5.079687500000000000e+01,1.500179673096903273e-09
5.081250000000000000e+01,1.428619881761887527e-09
5.082812500000000000e+01,1.347743775621334344e-09
5.084375000000000000e+01,1.332386790165087836e-09
5.085937500000000000e+01,1.421012569900297759e-09
5.087500000000000000e+01,1.490621849711295497e-09
5.089062500000000000e+01,1.504276270226756914e-09
5.090625000000000000e+01,1.530042014506541273e-09
5.092187500000000000e+01,1.587271105922309589e-09
5.093750000000000000e+01,1.606179778702888550e-09
5.095312500000000000e+01,1.528499023895557901e-09
5.096875000000000000e+01,1.394968217295005374e-09
5.098437500000000000e+01,1.282941170950584543e-09
5.100000000000000000e+01,1.193397157156744280e-09
5.101562500000000000e+01,1.122150955691693093e-09
5.103125000000000000e+01,1.107212102812515405e-09
5.104687500000000000e+01,1.147490737843839089e-09
5.106250000000000000e+01,1.219675403839581793e-09
5.107812500000000000e+01,1.288611925494430826e-09
5.109375000000000000e+01,1.298575507537091577e-09
5.110937500000000000e+01,1.284526371788497526e-09
5.112500000000000000e+01,1.399805141458049976e-09
5.114062500000000000e+01,1.631796861674181261e-09
5.115625000000000000e+01,1.791566559310660379e-09
5.117187500000000000e+01,1.838062810204665438e-09
5.118750000000000000e+01,1.865272263141003566e-09
5.120312500000000000e+01,1.900848260371037458e-09
5.121875000000000000e+01,1.917186535588108506e-09
5.123437500000000000e+01,1.915258561662591318e-09
5.125000000000000000e+01,1.893039174057095223e-09
5.126562500000000000e+01,1.821505524507033721e-09
5.128125000000000000e+01,1.716944306607150838e-09
5.129687500000000000e+01,1.650014413515667914e-09
5.131250000000000000e+01,1.653812553882079679e-09
5.132812500000000000e+01,1.694984915198722437e-09
5.134375000000000000e+01,1.723026763348533036e-09
5.135937500000000000e+01,1.727905719144131360e-09
5.137500000000000000e+01,1.743117357730376976e-09
5.139062500000000000e+01,1.804881176103242669e-09
5.140625000000000000e+01,1.895024682955356373e-09
5.142187500000000000e+01,1.962279867532183167e-09
5.143750000000000000e+01,1.986674481095331709e-09
5.145312500000000000e+01,1.992842381557408802e-09
5.146875000000000000e+01,1.990255789040793269e-09
5.148437500000000000e+01,1.909173626076386404e-09
5.150000000000000000e+01,1.716508365809939642e-09
5.151562500000000000e+01,1.561073875715053656e-09
5.153125000000000000e+01,1.563831200342712029e-09
5.154687500000000000e+01,1.584872081313120570e-09
5.156250000000000000e+01,1.527547363976935275e-09
5.157812500000000000e+01,1.433754633657570244e-09
5.159375000000000000e+01,1.349456745078286325e-09
5.160937500000000000e+01,1.318749401872737771e-09
5.162500000000000000e+01,1.372245802589211799e-09
5.164062500000000000e+01,1.492004906109084643e-09
5.165625000000000000e+01,1.644573480428706444e-09
5.167187500000000000e+01,1.823474124523254850e-09
5.168750000000000000e+01,2.023588752946660588e-09
5.170312500000000000e+01,2.200342300973038386e-09
5.171875000000000000e+01,2.277336780645451145e-09
5.173437500000000000e+01,2.216785929711417797e-09
5.175000000000000000e+01,2.118349387981131921e-09
5.176562500000000000e+01,2.126879497247987728e-09
5.178125000000000000e+01,2.199156720142146803e-09
5.179687500000000000e+01,2.189923272939804561e-09
5.181250000000000000e+01,2.040697327276966186e-09
5.182812500000000000e+01,1.827745109251397775e-09
5.184375000000000000e+01,1.697489604271173950e-09
5.185937500000000000e+01,1.704327820138785454e-09
5.187500000000000000e+01,1.791833104001233882e-09
5.189062500000000000e+01,1.875761609510593296e-09
5.190625000000000000e+01,1.876224486234196056e-09
5.192187500000000000e+01,1.785899503700381150e-09
5.193750000000000000e+01,1.658713323052612709e-09
5.195312500000000000e+01,1.536703451498597265e-09
5.196875000000000000e+01,1.440532975878102167e-09
5.198437500000000000e+01,1.363261907388015227e-09
5.200000000000000000e+01,1.287455439618072898e-09
5.201562500000000000e+01,1.221548839368529687e-09
5.203125000000000000e+01,1.172653794335330319e-09
5.204687500000000000e+01,1.133359546020995071e-09
5.206250000000000000e+01,1.097564380977054524e-09
5.207812500000000000e+01,1.048437470081095805e-09
5.209375000000000000e+01,9.822889264604018419e-10
5.210937500000000000e+01,9.477086786277567267e-10
5.212500000000000000e+01,9.781933349632061567e-10
5.214062500000000000e+01,1.019280550815890413e-09
5.215625000000000000e+01,1.060352506205306022e-09
5.217187500000000000e+01,1.194076551208329528e-09
5.218750000000000000e+01,1.410265799281466496e-09
5.220312500000000000e+01,1.573686489418187678e-09
5.221875000000000000e+01,1.620587122715961387e-09
5.223437500000000000e+01,1.593522828375606998e-09
5.225000000000000000e+01,1.574077904675705993e-09
5.226562500000000000e+01,1.608933985116700517e-09
5.228125000000000000e+01,1.661604110054767254e-09
5.229687500000000000e+01,1.710758834129844537e-09
5.231250000000000000e+01,1.751522020200850691e-09
5.232812500000000000e+01,1.708310726534888728e-09
5.234375000000000000e+01,1.570533920520330770e-09
5.235937500000000000e+01,1.460318324144292061e-09
5.237500000000000000e+01,1.417252710395178007e-09
5.239062500000000000e+01,1.378981499233114641e-09
5.240625000000000000e+01,1.353778027218366513e-09
5.242187500000000000e+01,1.377259551774064516e-09
5.243750000000000000e+01,1.460849841211326067e-09
5.245312500000000000e+01,1.598280727971539861e-09
5.246875000000000000e+01,1.706450681896124989e-09
5.248437500000000000e+01,1.683141275554732376e-09
5.250000000000000000e+01,1.563560187338918553e-09
5.251562500000000000e+01,1.500790080388654005e-09
5.253125000000000000e+01,1.524562005700451057e-09
5.254687500000000000e+01,1.502032697095644032e-09
5.256250000000000000e+01,1.358728999170105214e-09
5.257812500000000000e+01,1.195135849504372806e-09
5.259375000000000000e+01,1.232539966081653748e-09
5.260937500000000000e+01,1.476765163494882349e-09
5.262500000000000000e+01,1.711502715439563499e-09
5.264062500000000000e+01,1.791525458554904051e-09
5.265625000000000000e+01,1.692731578970140505e-09
5.267187500000000000e+01,1.575274374437039103e-09
5.268750000000000000e+01,1.690502711507459097e-09
5.270312500000000000e+01,2.000283889114687412e-09
5.271875000000000000e+01,2.343319289218205620e-09
5.273437500000000000e+01,2.641023598039528963e-09
5.275000000000000000e+01,2.841185326543542129e-09
5.276562500000000000e+01,2.960711846241902144e-09
5.278125000000000000e+01,3.041304964253105045e-09
5.279687500000000000e+01,3.051506714961646415e-09
5.281250000000000000e+01,2.970826674279196822e-09
5.282812500000000000e+01,2.876479568643159433e-09
5.284375000000000000e+01,2.819949719267221748e-09
5.285937500000000000e+01,2.751768793570734895e-09
5.287500000000000000e+01,2.632258898114760907e-09
5.289062500000000000e+01,2.475650792213773372e-09
5.290625000000000000e+01,2.331484614916518741e-09
5.292187500000000000e+01,2.287742179483414534e-09
5.293750000000000000e+01,2.353465450361691276e-09
5.295312500000000000e+01,2.489073502008961815e-09
5.296875000000000000e+01,2.707131161518825754e-09
5.298437500000000000e+01,2.977547828475671124e-09
5.300000000000000000e+01,3.255254691633719666e-09
5.301562500000000000e+01,3.578704884810711508e-09
5.303125000000000000e+01,3.880866945763704425e-09
5.304687500000000000e+01,3.939011607254447716e-09
5.306250000000000000e+01,3.834248569194374172e-09
5.307812500000000000e+01,4.018126012162837698e-09
5.309375000000000000e+01,4.436125588154431493e-09
5.310937500000000000e+01,4.696828891693085707e-09
5.312500000000000000e+01,4.862201647367035028e-09
5.314062500000000000e+01,5.089689008101113808e-09
5.315625000000000000e+01,5.239807831686385082e-09
5.317187500000000000e+01,5.163774752155775892e-09
5.318750000000000000e+01,4.930075680747642840e-09
5.320312500000000000e+01,4.873350312710267063e-09
5.321875000000000000e+01,5.392598882841502452e-09
5.323437500000000000e+01,6.454468109104617107e-09
5.325000000000000000e+01,7.516697793105413227e-09
5.326562500000000000e+01,8.061140879343925762e-09
5.328125000000000000e+01,7.961292388736913418e-09
5.329687500000000000e+01,7.519930268067478064e-09
5.331250000000000000e+01,7.284197671648862019e-09
5.332812500000000000e+01,7.497695074015710028e-09
5.334375000000000000e+01,7.840363237724535697e-09
5.335937500000000000e+01,8.178029053125216405e-09
5.337500000000000000e+01,8.989625834162391806e-09
5.339062500000000000e+01,1.011864338385687217e-08
5.340625000000000000e+01,1.086012023932586989e-08
5.342187500000000000e+01,1.137077006138241223e-08
5.343750000000000000e+01,1.204781465450597976e-08
5.345312500000000000e+01,1.240500105075895351e-08
5.346875000000000000e+01,1.212315609534443285e-08
5.348437500000000000e+01,1.209174780930845933e-08
5.350000000000000000e+01,1.331641555620641641e-08
5.351562500000000000e+01,1.534464239639346069e-08
5.353125000000000000e+01,1.693547196986953328e-08
5.354687500000000000e+01,1.777938981987060060e-08
5.356250000000000000e+01,1.884405690254680619e-08
5.357812500000000000e+01,2.028636788356036463e-08
5.359375000000000000e+01,2.082291046190849178e-08
5.360937500000000000e+01,1.985485883674608533e-08
5.362500000000000000e+01,1.809262972197064634e-08
5.364062500000000000e+01,1.658626650429312794e-08
5.365625000000000000e+01,1.567447774723853481e-08
5.367187500000000000e+01,1.516564384346117505e-08
5.368750000000000000e+01,1.519126990414708838e-08
5.370312500000000000e+01,1.562957953607230588e-08
5.371875000000000000e+01,1.597983744349193497e-08
5.373437500000000000e+01,1.597602687416684231e-08
5.375000000000000000e+01,1.526550508602434208e-08
5.376562500000000000e+01,1.353291541159300310e-08
5.378125000000000000e+01,1.134012781795153189e-08
5.379687500000000000e+01,9.748103037805054501e-09
5.381250000000000000e+01,9.108520552577513881e-09
5.382812500000000000e+01,9.041956846156034927e-09
5.384375000000000000e+01,8.949754961336648807e-09
5.385937500000000000e+01,8.512602694622646678e-09
5.387500000000000000e+01,7.839498692604965689e-09
5.389062500000000000e+01,7.004791983847652843e-09
5.390625000000000000e+01,6.179209193234372268e-09
5.392187500000000000e+01,5.708569670149576427e-09
5.393750000000000000e+01,5.473550069075405725e-09
5.395312500000000000e+01,5.169237256510000115e-09
5.396875000000000000e+01,4.845065579829025342e-09
5.398437500000000000e+01,4.712002774933653413e-09
5.400000000000000000e+01,4.786937796604665263e-09
5.401562500000000000e+01,4.806018626790525795e-09
5.403125000000000000e+01,4.581442719011318959e-09
5.404687500000000000e+01,4.365726678371780241e-09
5.406250000000000000e+01,4.421873616513469855e-09
5.407812500000000000e+01,4.528748713149112515e-09
5.409375000000000000e+01,4.573440076692768773e-09
5.410937500000000000e+01,4.758419854639008526e-09
5.412500000000000000e+01,5.042133528518876501e-09
5.414062500000000000e+01,5.172720918031918393e-09
5.415625000000000000e+01,5.113809441751948821e-09
5.417187500000000000e+01,4.943155285149366594e-09
5.418750000000000000e+01,4.693162527048667813e-09
5.420312500000000000e+01,4.377039304912047663e-09
5.421875000000000000e+01,3.961535732629134594e-09
5.423437500000000000e+01,3.492359959158670827e-09
5.425000000000000000e+01,3.123849990910023453e-09
5.426562500000000000e+01,2.873542888652759600e-09
5.428125000000000000e+01,2.652040949953090347e-09
5.429687500000000000e+01,2.471892957120861997e-09
5.431250000000000000e+01,2.408236967260433951e-09
5.432812500000000000e+01,2.453296821826276753e-09
5.434375000000000000e+01,2.556724604512483298e-09
5.435937500000000000e+01,2.714574549955736601e-09
5.437500000000000000e+01,2.813440790155491922e-09
5.439062500000000000e+01,2.729188572050913887e-09
5.440625000000000000e+01,2.580597621327888451e-09
5.442187500000000000e+01,2.518261443555633125e-09
5.443750000000000000e+01,2.484533533057800220e-09
5.445312500000000000e+01,2.376681661077539706e-09
5.446875000000000000e+01,2.162772909669561513e-09
5.448437500000000000e+01,1.906012841406659047e-09
5.450000000000000000e+01,1.770701804714204521e-09
5.451562500000000000e+01,1.846655844910416660e-09
5.453125000000000000e+01,2.014006233027785976e-09
5.454687500000000000e+01,2.160456791511737268e-09
5.456250000000000000e+01,2.264504540678508284e-09
5.457812500000000000e+01,2.293752038113832837e-09
5.459375000000000000e+01,2.246700063986547709e-09
5.460937500000000000e+01,2.197757365410057227e-09
5.462500000000000000e+01,2.182969777138153824e-09
5.464062500000000000e+01,2.173602514275128969e-09
5.465625000000000000e+01,2.139879434747356214e-09
5.467187500000000000e+01,2.028468240513875351e-09
5.468750000000000000e+01,1.843745542465157822e-09
5.470312500000000000e+01,1.771949234474112141e-09
5.471875000000000000e+01,1.916983121521692595e-09
5.473437500000000000e+01,2.044943802123239192e-09
5.475000000000000000e+01,2.005060990658007047e-09
5.476562500000000000e+01,1.934363584272539394e-09
5.478125000000000000e+01,1.998697562605278568e-09
5.479687500000000000e+01,2.121426865400226146e-09
5.481250000000000000e+01,2.134794519201736485e-09
5.482812500000000000e+01,2.037842916726114516e-09
5.484375000000000000e+01,1.964538582900024300e-09
5.485937500000000000e+01,1.955810070324801766e-09
5.487500000000000000e+01,1.903504981754961844e-09
5.489062500000000000e+01,1.749554859584621081e-09
5.490625000000000000e+01,1.569159347460767471e-09
5.492187500000000000e+01,1.471936791844041553e-09
5.493750000000000000e+01,1.524604136164569183e-09
5.495312500000000000e+01,1.698650441198494563e-09
5.496875000000000000e+01,1.876468201460794013e-09
5.498437500000000000e+01,1.970618870191510196e-09
5.500000000000000000e+01,1.969800200248252228e-09
5.501562500000000000e+01,1.887291469114837063e-09
5.503125000000000000e+01,1.783171691443355347e-09
5.504687500000000000e+01,1.767647826643967205e-09
5.506250000000000000e+01,1.844832535842912295e-09
5.507812500000000000e+01,1.900872200064436698e-09
5.509375000000000000e+01,1.871164705184415936e-09
5.510937500000000000e+01,1.782077417640967330e-09
5.512500000000000000e+01,1.695067801948097757e-09
5.514062500000000000e+01,1.654423576983615777e-09
5.515625000000000000e+01,1.657925278782812566e-09
5.517187500000000000e+01,1.666019332489801769e-09
5.518750000000000000e+01,1.656016382521088556e-09
5.520312500000000000e+01,1.664138788375658598e-09
5.521875000000000000e+01,1.715431968482669543e-09
5.523437500000000000e+01,1.789120635131780994e-09
5.525000000000000000e+01,1.906374837396144988e-09
5.526562500000000000e+01,2.128781066685868796e-09
5.528125000000000000e+01,2.415755408392594060e-09
5.529687500000000000e+01,2.637306774881496938e-09
5.531250000000000000e+01,2.725923569116748136e-09
5.532812500000000000e+01,2.669755898197984996e-09
5.534375000000000000e+01,2.467699421332430771e-09
5.535937500000000000e+01,2.161853838015165726e-09
5.537500000000000000e+01,1.851402411331901221e-09
5.539062500000000000e+01,1.636525285333505285e-09
5.540625000000000000e+01,1.513584568000950492e-09
5.542187500000000000e+01,1.411969386922975396e-09
5.543750000000000000e+01,1.325964498972550717e-09
5.545312500000000000e+01,1.277995744038445655e-09
5.546875000000000000e+01,1.244946539386675582e-09
5.548437500000000000e+01,1.201901119739564646e-09
5.550000000000000000e+01,1.168303082162208822e-09
5.551562500000000000e+01,1.176544057778083939e-09
5.553125000000000000e+01,1.223049361715362976e-09
5.554687500000000000e+01,1.273586762353717602e-09
5.556250000000000000e+01,1.303429280612394702e-09
5.557812500000000000e+01,1.321119858118746111e-09
5.559375000000000000e+01,1.351393447589558355e-09
5.560937500000000000e+01,1.397113254820471274e-09
5.562500000000000000e+01,1.445190636123313015e-09
5.564062500000000000e+01,1.508102643519747978e-09
5.565625000000000000e+01,1.632382152535527744e-09
5.567187500000000000e+01,1.785995208925583166e-09
5.568750000000000000e+01,1.836159352528176621e-09
5.570312500000000000e+01,1.771535775206944421e-09
5.571875000000000000e+01,1.761244456951799350e-09
5.573437500000000000e+01,1.888328338311121232e-09
5.575000000000000000e+01,2.059990258456217889e-09
5.576562500000000000e+01,2.204297278553587235e-09
5.578125000000000000e+01,2.317949014162969424e-09
5.579687500000000000e+01,2.399232121318557463e-09
5.581250000000000000e+01,2.409946116662040458e-09
5.582812500000000000e+01,2.310990252832798063e-09
5.584375000000000000e+01,2.146928178670519655e-09
5.585937500000000000e+01,2.074939866020526626e-09
5.587500000000000000e+01,2.156685251115178907e-09
5.589062500000000000e+01,2.223226228569051926e-09
5.590625000000000000e+01,2.159434845193084046e-09
5.592187500000000000e+01,2.013185278358660478e-09
5.593750000000000000e+01,1.842610226275273634e-09
5.595312500000000000e+01,1.687602482489172298e-09
5.596875000000000000e+01,1.570713960665629869e-09
5.598437500000000000e+01,1.465499844194247075e-09
5.600000000000000000e+01,1.363877454235071330e-09
5.601562500000000000e+01,1.293774855154867636e-09
5.603125000000000000e+01,1.253476257749400770e-09
5.604687500000000000e+01,1.234542329003473800e-09
5.606250000000000000e+01,1.261998162659233735e-09
5.607812500000000000e+01,1.314788497439736524e-09
5.609375000000000000e+01,1.336224391788395583e-09
5.610937500000000000e+01,1.339503099250060409e-09
5.612500000000000000e+01,1.367134531876092913e-09
5.614062500000000000e+01,1.360726973058964426e-09
5.615625000000000000e+01,1.257668142582274080e-09
5.617187500000000000e+01,1.131648323852647136e-09
5.618750000000000000e+01,1.086039889831247329e-09
5.620312500000000000e+01,1.131106482441691243e-09
5.621875000000000000e+01,1.224038270277746974e-09
5.623437500000000000e+01,1.317972483496749531e-09
5.625000000000000000e+01,1.386099086543552895e-09
5.626562500000000000e+01,1.420314987674365296e-09
5.628125000000000000e+01,1.434948343017513041e-09
5.629687500000000000e+01,1.443555200604539209e-09
5.631250000000000000e+01,1.449947047810023646e-09
5.632812500000000000e+01,1.497694382142654311e-09
5.634375000000000000e+01,1.600605244611281910e-09
5.635937500000000000e+01,1.711502656977087057e-09
5.637500000000000000e+01,1.868077862713152001e-09
5.639062500000000000e+01,2.103608889222278331e-09
5.640625000000000000e+01,2.292827523208937530e-09
5.642187500000000000e+01,2.351088848016669501e-09
5.643750000000000000e+01,2.343560396038475962e-09
5.645312500000000000e+01,2.305124852817520158e-09
5.646875000000000000e+01,2.225529388203401179e-09
5.648437500000000000e+01,2.180027956269257424e-09
5.650000000000000000e+01,2.220865691643811400e-09
5.651562500000000000e+01,2.306834252570177234e-09
5.653125000000000000e+01,2.384939589144159927e-09
5.654687500000000000e+01,2.425065090850591507e-09
5.656250000000000000e+01,2.453168838782282936e-09
5.657812500000000000e+01,2.472209946760969244e-09
5.659375000000000000e+01,2.426657462169606063e-09
5.660937500000000000e+01,2.316746736314988790e-09
5.662500000000000000e+01,2.234895575992997281e-09
5.664062500000000000e+01,2.225990555723608267e-09
5.665625000000000000e+01,2.236644351196282647e-09
5.667187500000000000e+01,2.239107489741227631e-09
5.668750000000000000e+01,2.249856504331283584e-09
5.670312500000000000e+01,2.274458456298653984e-09
5.671875000000000000e+01,2.279272091098498059e-09
5.673437500000000000e+01,2.213872791949768254e-09
5.675000000000000000e+01,2.059059138083465964e-09
5.676562500000000000e+01,1.862194323508358117e-09
5.678125000000000000e+01,1.713889161530402155e-09
5.679687500000000000e+01,1.685957660221056322e-09
5.681250000000000000e+01,1.722800370593093752e-09
5.682812500000000000e+01,1.692798779077149053e-09
5.684375000000000000e+01,1.640175683285813067e-09
5.685937500000000000e+01,1.715165415242156638e-09
5.687500000000000000e+01,1.893367796858699908e-09
5.689062500000000000e+01,2.037443678157506266e-09
5.690625000000000000e+01,2.034086502393436426e-09
5.692187500000000000e+01,1.900769893796955849e-09
5.693750000000000000e+01,1.834784378507375142e-09
5.695312500000000000e+01,1.919097378622709159e-09
5.696875000000000000e+01,1.980892615059202906e-09
5.698437500000000000e+01,1.941184944725000202e-09
5.700000000000000000e+01,1.889066459474441617e-09
5.701562500000000000e+01,1.911655602779972304e-09
5.703125000000000000e+01,1.997012410755723474e-09
5.704687500000000000e+01,2.066804858152234513e-09
5.706250000000000000e+01,2.059683135803320662e-09
5.707812500000000000e+01,1.985410751522211164e-09
5.709375000000000000e+01,1.914892132482790848e-09
5.710937500000000000e+01,1.876421948911708474e-09
5.712500000000000000e+01,1.820253866413411110e-09
5.714062500000000000e+01,1.722192316444592046e-09
5.715625000000000000e+01,1.630760444160167535e-09
5.717187500000000000e+01,1.587978633893225257e-09
5.718750000000000000e+01,1.546119589624416229e-09
5.720312500000000000e+01,1.446083740105030790e-09
5.721875000000000000e+01,1.329329349401610513e-09
5.723437500000000000e+01,1.283601685711530788e-09
5.725000000000000000e+01,1.298252032513634259e-09
5.726562500000000000e+01,1.302060811309317349e-09
5.728125000000000000e+01,1.296209684621262697e-09
5.729687500000000000e+01,1.307099898350859457e-09
5.731250000000000000e+01,1.313983329999820287e-09
5.732812500000000000e+01,1.308526975348763434e-09
5.734375000000000000e+01,1.277479798954306968e-09
5.735937500000000000e+01,1.211071741238218790e-09
5.737500000000000000e+01,1.203357729987334716e-09
5.739062500000000000e+01,1.302260983836088587e-09
5.740625000000000000e+01,1.395540655355322508e-09
5.742187500000000000e+01,1.431923140980834459e-09
5.743750000000000000e+01,1.441833178476545767e-09
5.745312500000000000e+01,1.459579092522899544e-09
5.746875000000000000e+01,1.536079539902803747e-09
5.748437500000000000e+01,1.663495728837036479e-09
5.750000000000000000e+01,1.742129293406705511e-09
5.751562500000000000e+01,1.728239458805933656e-09
5.753125000000000000e+01,1.686809264262574298e-09
5.754687500000000000e+01,1.655528048366494654e-09
5.756250000000000000e+01,1.620580006256014537e-09
5.757812500000000000e+01,1.598380223477934201e-09
5.759375000000000000e+01,1.597015674488486191e-09
5.760937500000000000e+01,1.596512461597052601e-09
5.762500000000000000e+01,1.600122919957350601e-09
5.764062500000000000e+01,1.626284155885651625e-09
5.765625000000000000e+01,1.644381259340026184e-09
5.767187500000000000e+01,1.609488687942219427e-09
5.768750000000000000e+01,1.547961337375749728e-09
5.770312500000000000e+01,1.509579232585167049e-09
5.771875000000000000e+01,1.477388444501115796e-09
5.773437500000000000e+01,1.402013979432985007e-09
5.775000000000000000e+01,1.288534472681189482e-09
5.776562500000000000e+01,1.197328932641435468e-09
5.778125000000000000e+01,1.169395483249651457e-09
5.779687500000000000e+01,1.191951442176060117e-09
5.781250000000000000e+01,1.262426075622473824e-09
5.782812500000000000e+01,1.372865645848563617e-09
5.784375000000000000e+01,1.459285485176068579e-09
5.785937500000000000e+01,1.523924829280671182e-09
5.787500000000000000e+01,1.653982059087860272e-09
5.789062500000000000e+01,1.843887652664261697e-09
5.790625000000000000e+01,1.989750474205864660e-09
5.792187500000000000e+01,2.015229268390693787e-09
5.793750000000000000e+01,1.904798469443191525e-09
5.795312500000000000e+01,1.735344477450702586e-09
5.796875000000000000e+01,1.672212710612135195e-09
5.798437500000000000e+01,1.732896518029382697e-09
5.800000000000000000e+01,1.730757773708125492e-09
5.801562500000000000e+01,1.605819078607588862e-09
5.803125000000000000e+01,1.527566834648056563e-09
5.804687500000000000e+01,1.609577339883998133e-09
5.806250000000000000e+01,1.698386248952563533e-09
5.807812500000000000e+01,1.654034377537228126e-09
5.809375000000000000e+01,1.526661156624597049e-09
5.810937500000000000e+01,1.443275356372726381e-09
5.812500000000000000e+01,1.435786119784658567e-09
5.814062500000000000e+01,1.454098474314560408e-09
5.815625000000000000e+01,1.448150149922022154e-09
5.817187500000000000e+01,1.371312427412077527e-09
5.818750000000000000e+01,1.221680331032551449e-09
5.820312500000000000e+01,1.081848014607887324e-09
5.821875000000000000e+01,1.045598942932407406e-09
5.823437500000000000e+01,1.092351756168596844e-09
5.825000000000000000e+01,1.141825339125421420e-09
5.826562500000000000e+01,1.179224392119037690e-09
5.828125000000000000e+01,1.234959134276929391e-09
5.829687500000000000e+01,1.293080840100768450e-09
5.831250000000000000e+01,1.358053393014797969e-09
5.832812500000000000e+01,1.445140138009165730e-09
5.834375000000000000e+01,1.482073486046925222e-09
5.835937500000000000e+01,1.440445554539532204e-09
5.837500000000000000e+01,1.405247276564787948e-09
5.839062500000000000e+01,1.437535127660321498e-09
5.840625000000000000e+01,1.502003832237858239e-09
5.842187500000000000e+01,1.544650771134086699e-09
5.843750000000000000e+01,1.548843488890175738e-09
5.845312500000000000e+01,1.515942100654969970e-09
5.846875000000000000e+01,1.454520229110184909e-09
5.848437500000000000e+01,1.379845708314153452e-09
5.850000000000000000e+01,1.314729652889911973e-09
5.851562500000000000e+01,1.268714559924233670e-09
5.853125000000000000e+01,1.211297428544756939e-09
5.854687500000000000e+01,1.128417192625161497e-09
5.856250000000000000e+01,1.066345039239037857e-09
5.857812500000000000e+01,1.051302094822628493e-09
5.859375000000000000e+01,1.052667482639147857e-09
5.860937500000000000e+01,1.089083723835423660e-09
5.862500000000000000e+01,1.180731853922373301e-09
5.864062500000000000e+01,1.281555540799170884e-09
5.865625000000000000e+01,1.371533686452313980e-09
5.867187500000000000e+01,1.452663166509927179e-09
5.868750000000000000e+01,1.499488335017124588e-09
5.870312500000000000e+01,1.526899869281185022e-09
5.871875000000000000e+01,1.610160319719371459e-09
5.873437500000000000e+01,1.743109220924768932e-09
5.875000000000000000e+01,1.820275560778240178e-09
5.876562500000000000e+01,1.804592409839281550e-09
5.878125000000000000e+01,1.759298393325760487e-09
5.879687500000000000e+01,1.743908363249271494e-09
5.881250000000000000e+01,1.766039509221784678e-09
5.882812500000000000e+01,1.805656025822286725e-09
5.884375000000000000e+01,1.825041382932994354e-09
5.885937500000000000e+01,1.782029604760825995e-09
5.887500000000000000e+01,1.704211779507515399e-09
5.889062500000000000e+01,1.710194089280126516e-09
5.890625000000000000e+01,1.830959509632933166e-09
5.892187500000000000e+01,1.933128878181454898e-09
5.893750000000000000e+01,1.918339653340022248e-09
5.895312500000000000e+01,1.842295616540070657e-09
5.896875000000000000e+01,1.808273224214579803e-09
5.898437500000000000e+01,1.831595903496272521e-09
5.900000000000000000e+01,1.878883266327854421e-09
5.901562500000000000e+01,1.918074527711174589e-09
5.903125000000000000e+01,1.923620954999146594e-09
5.904687500000000000e+01,1.921647945850908830e-09
5.906250000000000000e+01,1.974691596128145836e-09
5.907812500000000000e+01,2.055447647122837989e-09
5.909375000000000000e+01,2.065056055305858515e-09
5.910937500000000000e+01,1.964990210025952543e-09
5.912500000000000000e+01,1.781604973754904647e-09
5.914062500000000000e+01,1.556379449569335224e-09
5.915625000000000000e+01,1.341411669403613137e-09
5.917187500000000000e+01,1.221008567777673554e-09
5.918750000000000000e+01,1.236101090540356767e-09
5.920312500000000000e+01,1.311586490452764851e-09
5.921875000000000000e+01,1.391384972267118445e-09
5.923437500000000000e+01,1.460521379373956815e-09
5.925000000000000000e+01,1.507447875564470682e-09
5.926562500000000000e+01,1.553908771587589928e-09
5.928125000000000000e+01,1.585337793440017837e-09
5.929687500000000000e+01,1.564302325137509453e-09
5.931250000000000000e+01,1.547048169018949177e-09
5.932812500000000000e+01,1.600280291585931084e-09
5.934375000000000000e+01,1.660170622837381224e-09
5.935937500000000000e+01,1.665275813307101394e-09
5.937500000000000000e+01,1.669358901291727906e-09
5.939062500000000000e+01,1.703466554426919728e-09
5.940625000000000000e+01,1.759887127559417918e-09
5.942187500000000000e+01,1.839656393439715063e-09
5.943750000000000000e+01,1.899480474599935634e-09
5.945312500000000000e+01,1.920232675205001950e-09
5.946875000000000000e+01,1.932807596694847794e-09
5.948437500000000000e+01,1.948564311144325908e-09
5.950000000000000000e+01,1.921996967934966066e-09
5.951562500000000000e+01,1.834386194247599428e-09
5.953125000000000000e+01,1.767852788387414571e-09
5.954687500000000000e+01,1.776017189877536043e-09
5.956250000000000000e+01,1.856880574737925690e-09
5.957812500000000000e+01,2.004592748168360373e-09
5.959375000000000000e+01,2.106533830239016800e-09
5.960937500000000000e+01,2.078754138611889105e-09
5.962500000000000000e+01,1.971297620000008016e-09
5.964062500000000000e+01,1.861543087257797295e-09
5.965625000000000000e+01,1.834339203415704665e-09
5.967187500000000000e+01,1.950688456027836282e-09
5.968750000000000000e+01,2.123752720634411497e-09
5.970312500000000000e+01,2.205060674437260801e-09
5.971875000000000000e+01,2.166931560109087341e-09
5.973437500000000000e+01,2.113382268767675811e-09
5.975000000000000000e+01,2.119945080437693841e-09
5.976562500000000000e+01,2.133492954393608651e-09
5.978125000000000000e+01,2.080525690005927661e-09
5.979687500000000000e+01,1.942581213493456220e-09
5.981250000000000000e+01,1.719709055373273604e-09
5.982812500000000000e+01,1.446033760993369282e-09
5.984375000000000000e+01,1.205426959052817759e-09
5.985937500000000000e+01,1.046100351163227125e-09
5.987500000000000000e+01,9.485308489378644143e-10
5.989062500000000000e+01,8.647950289475315152e-10
5.990625000000000000e+01,7.527959636817941624e-10
5.992187500000000000e+01,6.234792260174159849e-10
5.993750000000000000e+01,5.044630752318513651e-10
5.995312500000000000e+01,3.965756864919178929e-10
5.996875000000000000e+01,3.148412298880207035e-10
5.998437500000000000e+01,2.909802104222215916e-10
6.000000000000000000e+01,3.079283727890817144e-10
6.001562500000000000e+01,3.286366437710878631e-10
6.003125000000000000e+01,3.419107934424363665e-10
6.004687500000000000e+01,3.511486398671703684e-10
6.006250000000000000e+01,3.629456784973993902e-10
6.007812500000000000e+01,3.792921821067488171e-10
6.009375000000000000e+01,4.020792754119720284e-10
6.010937500000000000e+01,4.235576911569496377e-10
6.012500000000000000e+01,4.295498769908569457e-10
6.014062500000000000e+01,4.304720084209635713e-10
6.015625000000000000e+01,4.363770336751266530e-10
6.017187500000000000e+01,4.273139306604725732e-10
6.018750000000000000e+01,4.029423886302081408e-10
6.020312500000000000e+01,3.935476910518366615e-10
6.021875000000000000e+01,4.146026147471142000e-10
6.023437500000000000e+01,4.496185928637626837e-10
6.025000000000000000e+01,4.808902196240808727e-10
6.026562500000000000e+01,5.335532888619151349e-10
6.028125000000000000e+01,6.328866401767585681e-10
6.029687500000000000e+01,7.416706229509237755e-10
6.031250000000000000e+01,8.097011500738229335e-10
6.032812500000000000e+01,8.176388882175780836e-10
6.034375000000000000e+01,7.823264918320152231e-10
6.035937500000000000e+01,7.418421026988754185e-10
6.037500000000000000e+01,7.274325737259777993e-10
6.039062500000000000e+01,7.566879030321854791e-10
6.040625000000000000e+01,8.306600865275980400e-10
6.042187500000000000e+01,9.245361856808387738e-10
6.043750000000000000e+01,1.003503112963556418e-09
6.045312500000000000e+01,1.051226615738833602e-09
6.046875000000000000e+01,1.049980791481203093e-09
6.048437500000000000e+01,9.847068353877496684e-10
6.050000000000000000e+01,8.933522991906764907e-10
6.051562500000000000e+01,8.483768684115621080e-10
6.053125000000000000e+01,8.873177961968757450e-10
6.054687500000000000e+01,9.886336746644302585e-10
6.056250000000000000e+01,1.094511732442088043e-09
6.057812500000000000e+01,1.163646047915597905e-09
6.059375000000000000e+01,1.196503095736889080e-09
6.060937500000000000e+01,1.217745997472759354e-09
6.062500000000000000e+01,1.237139427091728376e-09
6.064062500000000000e+01,1.237888314698970563e-09
6.065625000000000000e+01,1.245487188704502710e-09
6.067187500000000000e+01,1.275216155907152229e-09
6.068750000000000000e+01,1.268498312341287401e-09
6.070312500000000000e+01,1.221140792394420474e-09
6.071875000000000000e+01,1.208455242259427170e-09
6.073437500000000000e+01,1.240525416300235902e-09
6.075000000000000000e+01,1.245580787580027239e-09
6.076562500000000000e+01,1.210249830436211732e-09
6.078125000000000000e+01,1.194051599952415319e-09
6.079687500000000000e+01,1.209668334759788971e-09
6.081250000000000000e+01,1.213386676174538422e-09
6.082812500000000000e+01,1.192283229559799353e-09
6.084375000000000000e+01,1.173062226205005249e-09
6.085937500000000000e+01,1.183156770159831313e-09
6.087500000000000000e+01,1.234196303751702274e-09
6.089062500000000000e+01,1.316723499594629447e-09
6.090625000000000000e+01,1.394833487545225589e-09
6.092187500000000000e+01,1.404640989424943093e-09
6.093750000000000000e+01,1.296977382629463356e-09
6.095312500000000000e+01,1.112720468008716412e-09
6.096875000000000000e+01,9.837246823944642796e-10
6.098437500000000000e+01,1.012473643890009152e-09
6.100000000000000000e+01,1.141495475213718906e-09
6.101562500000000000e+01,1.261527854859370967e-09
6.103125000000000000e+01,1.313823111109108495e-09
6.104687500000000000e+01,1.277861765623123504e-09
6.106250000000000000e+01,1.179604687168226734e-09
6.107812500000000000e+01,1.094609451269565529e-09
6.109375000000000000e+01,1.078974305744382826e-09
6.110937500000000000e+01,1.113421087341270040e-09
6.112500000000000000e+01,1.131853967129018716e-09
6.114062500000000000e+01,1.093839316672038041e-09
6.115625000000000000e+01,1.023305319090872975e-09
6.117187500000000000e+01,9.421186169201819008e-10
6.118750000000000000e+01,8.620619460028542310e-10
6.120312500000000000e+01,8.525995097305095417e-10
6.121875000000000000e+01,9.091706330955192207e-10
6.123437500000000000e+01,9.135828429898627272e-10
6.125000000000000000e+01,8.292776464609025068e-10
6.126562500000000000e+01,7.313593680427290926e-10
6.128125000000000000e+01,6.975157817774343321e-10
6.129687500000000000e+01,7.186503713245493108e-10
6.131250000000000000e+01,7.533801314572433592e-10
6.132812500000000000e+01,7.958952124005401505e-10
6.134375000000000000e+01,8.507179146395102967e-10
6.135937500000000000e+01,9.195812741736186878e-10
6.137500000000000000e+01,9.995684145965430326e-10
6.139062500000000000e+01,1.061932254592369827e-09
6.140625000000000000e+01,1.078570730867897414e-09
6.142187500000000000e+01,1.067490071725384300e-09
6.143750000000000000e+01,1.065565883011534367e-09
6.145312500000000000e+01,1.070102924803899215e-09
6.146875000000000000e+01,1.054929579221410030e-09
6.148437500000000000e+01,1.027935325160508636e-09
6.150000000000000000e+01,1.037971211471094084e-09
6.151562500000000000e+01,1.105160999263454648e-09
6.153125000000000000e+01,1.173843317809962251e-09
6.154687500000000000e+01,1.186268435786617574e-09
6.156250000000000000e+01,1.155782025815506756e-09
6.157812500000000000e+01,1.145577195925269037e-09
6.159375000000000000e+01,1.189266548072355367e-09
6.160937500000000000e+01,1.252076891581880437e-09
6.162500000000000000e+01,1.282810649956176425e-09
6.164062500000000000e+01,1.330836178014281874e-09
6.165625000000000000e+01,1.504109452640940907e-09
6.167187500000000000e+01,1.724429150345461589e-09
6.168750000000000000e+01,1.821584965671039851e-09
6.170312500000000000e+01,1.765904970800951630e-09
6.171875000000000000e+01,1.662687564465349105e-09
6.173437500000000000e+01,1.574952682503374827e-09
6.175000000000000000e+01,1.471480022900925568e-09
6.176562500000000000e+01,1.350654777256884708e-09
6.178125000000000000e+01,1.263756337124367211e-09
6.179687500000000000e+01,1.238669694633902486e-09
6.181250000000000000e+01,1.230455229610063914e-09
6.182812500000000000e+01,1.170761053148174264e-09
6.184375000000000000e+01,1.057536406354792247e-09
6.185937500000000000e+01,9.765012637302928958e-10
6.187500000000000000e+01,9.789615512499656273e-10
6.189062500000000000e+01,9.998249781870314648e-10
6.190625000000000000e+01,9.835020584389317617e-10
6.192187500000000000e+01,9.398110619324517484e-10
6.193750000000000000e+01,8.968262494491427290e-10
6.195312500000000000e+01,8.840781956783183305e-10
6.196875000000000000e+01,9.259904431794782920e-10
6.198437500000000000e+01,1.020398234090998205e-09
6.200000000000000000e+01,1.152006146130699574e-09
6.201562500000000000e+01,1.284299709166877906e-09
6.203125000000000000e+01,1.346905101045694376e-09
6.204687500000000000e+01,1.326224363246486602e-09
6.206250000000000000e+01,1.300402531034478978e-09
6.207812500000000000e+01,1.316066207211495839e-09
6.209375000000000000e+01,1.333827153205106969e-09
6.210937500000000000e+01,1.322943482178914891e-09
6.212500000000000000e+01,1.292867464172659206e-09
6.214062500000000000e+01,1.263885074773812370e-09
6.215625000000000000e+01,1.262050845600807687e-09
6.217187500000000000e+01,1.269293895129547391e-09
6.218750000000000000e+01,1.215322298908451229e-09
6.220312500000000000e+01,1.121121422610899516e-09
6.221875000000000000e+01,1.097179228000835787e-09
6.223437500000000000e+01,1.137255061327643264e-09
6.225000000000000000e+01,1.150457828989179529e-09
6.226562500000000000e+01,1.148545394539832590e-09
6.228125000000000000e+01,1.200735785211013229e-09
6.229687500000000000e+01,1.265698251086451838e-09
6.231250000000000000e+01,1.257612026509064869e-09
6.232812500000000000e+01,1.184896672998022417e-09
6.234375000000000000e+01,1.111847802014129333e-09
6.235937500000000000e+01,1.075016181997578539e-09
6.237500000000000000e+01,1.071155748105661830e-09
6.239062500000000000e+01,1.074857731005628874e-09
6.240625000000000000e+01,1.062596533061960082e-09
6.242187500000000000e+01,1.040152616077294736e-09
6.243750000000000000e+01,1.035757244273474219e-09
6.245312500000000000e+01,1.088407522019407489e-09
6.246875000000000000e+01,1.220139319155336674e-09
6.248437500000000000e+01,1.369423909672667527e-09
6.250000000000000000e+01,1.443162469740478338e-09
6.251562500000000000e+01,1.430930885042572973e-09
6.253125000000000000e+01,1.396787500551543065e-09
6.254687500000000000e+01,1.357298134579928446e-09
6.256250000000000000e+01,1.266203968088296822e-09
6.257812500000000000e+01,1.158790484534850985e-09
6.259375000000000000e+01,1.152061511913241621e-09
6.260937500000000000e+01,1.233573324333604207e-09
6.262500000000000000e+01,1.276265396452262016e-09
6.264062500000000000e+01,1.232198563525782233e-09
6.265625000000000000e+01,1.148946543818106621e-09
6.267187500000000000e+01,1.080031395761361388e-09
6.268750000000000000e+01,1.041984782522458893e-09
6.270312500000000000e+01,1.018699888481818898e-09
6.271875000000000000e+01,9.646143324768311437e-10
6.273437500000000000e+01,8.835407347383826223e-10
6.275000000000000000e+01,8.763881766028664893e-10
6.276562500000000000e+01,9.730897128927456738e-10
6.278125000000000000e+01,1.077910797552360883e-09
6.279687500000000000e+01,1.139802822341510172e-09
6.281250000000000000e+01,1.180512771002245556e-09
6.282812500000000000e+01,1.210293018651358087e-09
6.284375000000000000e+01,1.188164542871965627e-09
6.285937500000000000e+01,1.106120477100291655e-09
6.287500000000000000e+01,1.041560109445808783e-09
6.289062500000000000e+01,1.043232545186121624e-09
6.290625000000000000e+01,1.070498654659186988e-09
6.292187500000000000e+01,1.098446169310445249e-09
6.293750000000000000e+01,1.126146662703421554e-09
6.295312500000000000e+01,1.128899959167509847e-09
6.296875000000000000e+01,1.102895299151514459e-09
6.298437500000000000e+01,1.080509078613838089e-09
6.300000000000000000e+01,1.059575398414495726e-09
6.301562500000000000e+01,1.021338509630742740e-09
6.303125000000000000e+01,1.005775932797977589e-09
6.304687500000000000e+01,1.045100712879736553e-09
6.306250000000000000e+01,1.102267036314418620e-09
6.307812500000000000e+01,1.158715313960804747e-09
6.309375000000000000e+01,1.230869591110165659e-09
6.310937500000000000e+01,1.314306007414059484e-09
6.312500000000000000e+01,1.382067550505792831e-09
6.314062500000000000e+01,1.404052687261071314e-09
6.315625000000000000e+01,1.371885378723303181e-09
6.317187500000000000e+01,1.305473913622982103e-09
6.318750000000000000e+01,1.229439518722915623e-09
6.320312500000000000e+01,1.163474523731163991e-09
6.321875000000000000e+01,1.122063830577487719e-09
6.323437500000000000e+01,1.117798110977087106e-09
6.325000000000000000e+01,1.155013865485299500e-09
6.326562500000000000e+01,1.208672327793428469e-09
6.328125000000000000e+01,1.221863847868751723e-09
6.329687500000000000e+01,1.156729739675708055e-09
6.331250000000000000e+01,1.068519831967849871e-09
6.332812500000000000e+01,1.077263390773589096e-09
6.334375000000000000e+01,1.197482758659393733e-09
6.335937500000000000e+01,1.295441025553825897e-09
6.337500000000000000e+01,1.280191252978441729e-09
6.339062500000000000e+01,1.198342022035328275e-09
6.340625000000000000e+01,1.140574840090787802e-09
6.342187500000000000e+01,1.150832000963920663e-09
6.343750000000000000e+01,1.199344068344854867e-09
6.345312500000000000e+01,1.223943599392706043e-09
6.346875000000000000e+01,1.203255777207200705e-09
6.348437500000000000e+01,1.129060651906142831e-09
6.350000000000000000e+01,1.007587766278988010e-09
6.351562500000000000e+01,9.047190054338518552e-10
6.353125000000000000e+01,9.091118975098664054e-10
6.354687500000000000e+01,1.008766648540136016e-09
6.356250000000000000e+01,1.119606856758700727e-09
6.357812500000000000e+01,1.208242353005361076e-09
6.359375000000000000e+01,1.258307511998942172e-09
6.360937500000000000e+01,1.272276956950035132e-09
6.362500000000000000e+01,1.308963213046036384e-09
6.364062500000000000e+01,1.393206391371714889e-09
6.365625000000000000e+01,1.469118368806208770e-09
6.367187500000000000e+01,1.492005260172074122e-09
6.368750000000000000e+01,1.481766413569442619e-09
6.370312500000000000e+01,1.493726578629318335e-09
6.371875000000000000e+01,1.529232984309766647e-09
6.373437500000000000e+01,1.518161164810417831e-09
6.375000000000000000e+01,1.439413830342698443e-09
6.376562500000000000e+01,1.336101142333006751e-09
6.378125000000000000e+01,1.239182982895702789e-09
6.379687500000000000e+01,1.162124383768703511e-09
6.381250000000000000e+01,1.090293292516324514e-09
6.382812500000000000e+01,9.920166089154953356e-10
6.384375000000000000e+01,9.251661384695057537e-10
6.385937500000000000e+01,9.497905722970488600e-10
6.387500000000000000e+01,9.749611595544977993e-10
6.389062500000000000e+01,9.427604640596468757e-10
6.390625000000000000e+01,8.975364052116966078e-10
6.392187500000000000e+01,8.688057492197034791e-10
6.393750000000000000e+01,8.392499680502119872e-10
6.395312500000000000e+01,8.083100155219113012e-10
6.396875000000000000e+01,8.220365556216609145e-10
6.398437500000000000e+01,8.796371898591127037e-10
6.400000000000000000e+01,9.052414363654896455e-10
6.401562500000000000e+01,8.608306762072312494e-10
6.403125000000000000e+01,7.850059331752841827e-10
6.404687500000000000e+01,7.794382144324432147e-10
6.406250000000000000e+01,9.011226387437139236e-10
6.407812500000000000e+01,1.048068877151699984e-09
6.409375000000000000e+01,1.121436356510595583e-09
6.410937500000000000e+01,1.121220354663762673e-09
6.412500000000000000e+01,1.091296732582988775e-09
6.414062500000000000e+01,1.075749585302990721e-09
6.415625000000000000e+01,1.085903624092010729e-09
6.417187500000000000e+01,1.078251437132661619e-09
6.418750000000000000e+01,1.032053232106098913e-09
6.420312500000000000e+01,1.013202504371017516e-09
6.421875000000000000e+01,1.096941280492835505e-09
6.423437500000000000e+01,1.247987069161555179e-09
6.425000000000000000e+01,1.381781700960853086e-09
6.426562500000000000e+01,1.457770104767827747e-09
6.428125000000000000e+01,1.493331165895595243e-09
6.429687500000000000e+01,1.536732159842453146e-09
6.431250000000000000e+01,1.599854960722021535e-09
6.432812500000000000e+01,1.665106224286671377e-09
6.434375000000000000e+01,1.757732366019984189e-09
6.435937500000000000e+01,1.893222186705166986e-09
6.437500000000000000e+01,1.984832649572961471e-09
6.439062500000000000e+01,1.920100975564856740e-09
6.440625000000000000e+01,1.696761627033343062e-09
6.442187500000000000e+01,1.456706014488733270e-09
6.443750000000000000e+01,1.337103086431461957e-09
6.445312500000000000e+01,1.283901955339655667e-09
6.446875000000000000e+01,1.198183175874663955e-09
6.448437500000000000e+01,1.091746615282485483e-09
6.450000000000000000e+01,1.023445436124395964e-09
6.451562500000000000e+01,1.021567233556557844e-09
6.453125000000000000e+01,1.066695366154543315e-09
6.454687500000000000e+01,1.129551225373509342e-09
6.456250000000000000e+01,1.197367345711175597e-09
6.457812500000000000e+01,1.259015227014593201e-09
6.459375000000000000e+01,1.294917529459014232e-09
6.460937500000000000e+01,1.283508753466963198e-09
6.462500000000000000e+01,1.220111771728275462e-09
6.464062500000000000e+01,1.114285243062052413e-09
6.465625000000000000e+01,9.731283505593807034e-10
6.467187500000000000e+01,8.336608535869519448e-10
6.468750000000000000e+01,7.622759178499729202e-10
6.470312500000000000e+01,7.709187393350389487e-10
6.471875000000000000e+01,8.201181096369199417e-10
6.473437500000000000e+01,8.648985401803322922e-10
6.475000000000000000e+01,8.856261174322891605e-10
6.476562500000000000e+01,9.291506209976598619e-10
6.478125000000000000e+01,1.013051445913266599e-09
6.479687500000000000e+01,1.065013438001241555e-09
6.481250000000000000e+01,1.049473590707395929e-09
6.482812500000000000e+01,9.980099123205267496e-10
6.484375000000000000e+01,9.446532194688109902e-10
6.485937500000000000e+01,9.201408779346216003e-10
6.487500000000000000e+01,9.416661632298162153e-10
6.489062500000000000e+01,9.684287235749906694e-10
6.490625000000000000e+01,9.597643126877579348e-10
6.492187500000000000e+01,9.387280532290539171e-10
6.493750000000000000e+01,9.332463813859765425e-10
6.495312500000000000e+01,9.372562326052467867e-10
6.496875000000000000e+01,9.597550570708874002e-10
6.498437500000000000e+01,1.014681650722233689e-09
6.500000000000000000e+01,1.089540635711587890e-09
6.501562500000000000e+01,1.169536638688515272e-09
6.503125000000000000e+01,1.233579353638958794e-09
6.504687500000000000e+01,1.264506300955793828e-09
6.506250000000000000e+01,1.288742654805650375e-09
6.507812500000000000e+01,1.355183692718395044e-09
6.509375000000000000e+01,1.444954438879050316e-09
6.510937500000000000e+01,1.471205793146110934e-09
6.512500000000000000e+01,1.385829748949139496e-09
6.514062500000000000e+01,1.220756851810937271e-09
6.515625000000000000e+01,1.062025720710004340e-09
6.517187500000000000e+01,1.006795942122911465e-09
6.518750000000000000e+01,1.071244447761079424e-09
6.520312500000000000e+01,1.157718428664625309e-09
6.521875000000000000e+01,1.192928912281802162e-09
6.523437500000000000e+01,1.193097391462995990e-09
6.525000000000000000e+01,1.181985635161158010e-09
6.526562500000000000e+01,1.177563848077729659e-09
6.528125000000000000e+01,1.208124038114200429e-09
6.529687500000000000e+01,1.243020293789032280e-09
6.531250000000000000e+01,1.248426557253069649e-09
6.532812500000000000e+01,1.260741840255513050e-09
6.534375000000000000e+01,1.289157147472683687e-09
6.535937500000000000e+01,1.257126043340536974e-09
6.537500000000000000e+01,1.141203150991533873e-09
6.539062500000000000e+01,1.046227618498405966e-09
6.540625000000000000e+01,1.065702109084049716e-09
6.542187500000000000e+01,1.153337615678707995e-09
6.543750000000000000e+01,1.238829339839331238e-09
6.545312500000000000e+01,1.302683533894991984e-09
6.546875000000000000e+01,1.308006125079259743e-09
6.548437500000000000e+01,1.217399200572531931e-09
6.550000000000000000e+01,1.087376318457979175e-09
6.551562500000000000e+01,1.012317060437613708e-09
6.553125000000000000e+01,9.755072494682945342e-10
6.554687500000000000e+01,9.095247677076493911e-10
6.556250000000000000e+01,8.348346394840081371e-10
6.557812500000000000e+01,7.964394298446869514e-10
6.559375000000000000e+01,7.896458744711496089e-10
6.560937500000000000e+01,8.328499816977394939e-10
6.562500000000000000e+01,9.335319290232319382e-10
6.564062500000000000e+01,1.054099319101509780e-09
6.565625000000000000e+01,1.157736565348441227e-09
6.567187500000000000e+01,1.217251169019669120e-09
6.568750000000000000e+01,1.238207397846782491e-09
6.570312500000000000e+01,1.254377668718590449e-09
6.571875000000000000e+01,1.273111683019733254e-09
6.573437500000000000e+01,1.268971594593497375e-09
6.575000000000000000e+01,1.239372377139524537e-09
6.576562500000000000e+01,1.215929829562313535e-09
6.578125000000000000e+01,1.191342799485287284e-09
6.579687500000000000e+01,1.114573283635097459e-09
6.581250000000000000e+01,9.880079223281453517e-10
6.582812500000000000e+01,9.066955310736468554e-10
6.584375000000000000e+01,9.434993183068933965e-10
6.585937500000000000e+01,1.049174793723219392e-09
6.587500000000000000e+01,1.149645834392304951e-09
6.589062500000000000e+01,1.198281895509307290e-09
6.590625000000000000e+01,1.194440802197578705e-09
6.592187500000000000e+01,1.183138310461485335e-09
6.593750000000000000e+01,1.197931441011750893e-09
6.595312500000000000e+01,1.221303875740428708e-09
6.596875000000000000e+01,1.225570191645241100e-09
6.598437500000000000e+01,1.254463806572366452e-09
6.600000000000000000e+01,1.367453693054796165e-09
6.601562500000000000e+01,1.520317344735022245e-09
6.603125000000000000e+01,1.634304117716875818e-09
6.604687500000000000e+01,1.668870530065009707e-09
6.606250000000000000e+01,1.597536618652850020e-09
6.607812500000000000e+01,1.423206987511568908e-09
6.609375000000000000e+01,1.229359411872649474e-09
6.610937500000000000e+01,1.130632484550762200e-09
6.612500000000000000e+01,1.146126007938933570e-09
6.614062500000000000e+01,1.207230200301345039e-09
6.615625000000000000e+01,1.273190039409225949e-09
6.617187500000000000e+01,1.349422334709800266e-09
6.618750000000000000e+01,1.407150291726338444e-09
6.620312500000000000e+01,1.401406706538097399e-09
6.621875000000000000e+01,1.351232157449882410e-09
6.623437500000000000e+01,1.320552710847690380e-09
6.625000000000000000e+01,1.296592168394414013e-09
6.626562500000000000e+01,1.209515405633426872e-09
6.628125000000000000e+01,1.085328956523977928e-09
6.629687500000000000e+01,1.005203919249648638e-09
6.631250000000000000e+01,9.750594585706763780e-10
6.632812500000000000e+01,9.651999932068552543e-10
6.634375000000000000e+01,9.739334055772990028e-10
6.635937500000000000e+01,9.990186874064317330e-10
6.637500000000000000e+01,1.012163430440337734e-09
6.639062500000000000e+01,9.905120897362966087e-10
6.640625000000000000e+01,9.436199224075169792e-10
6.642187500000000000e+01,8.948509995621746198e-10
6.643750000000000000e+01,8.587964883712853544e-10
6.645312500000000000e+01,8.384625505178499125e-10
6.646875000000000000e+01,8.244081396399307984e-10
6.648437500000000000e+01,8.154858607439073137e-10
6.650000000000000000e+01,8.395466914014063959e-10
6.651562500000000000e+01,9.013912525396083780e-10
6.653125000000000000e+01,9.331891897291937550e-10
6.654687500000000000e+01,8.689630471074901284e-10
6.656250000000000000e+01,7.431554545617309306e-10
6.657812500000000000e+01,6.770946203408139117e-10
6.659375000000000000e+01,7.268280230587083830e-10
6.660937500000000000e+01,8.197277881879850777e-10
6.662500000000000000e+01,8.905979813314393261e-10
6.664062500000000000e+01,9.317566371084278556e-10
6.665625000000000000e+01,9.689959745403324485e-10
6.667187500000000000e+01,9.972350206540807714e-10
6.668750000000000000e+01,9.905444190840114328e-10
6.670312500000000000e+01,9.704496868253748578e-10
6.671875000000000000e+01,9.645803024297136835e-10
6.673437500000000000e+01,9.579131740922627829e-10
6.675000000000000000e+01,9.371454782385200660e-10
6.676562500000000000e+01,9.163431716620092532e-10
6.678125000000000000e+01,9.029618476198949307e-10
6.679687500000000000e+01,9.127233778366436175e-10
6.681250000000000000e+01,9.606046413070561711e-10
6.682812500000000000e+01,1.012770628804646180e-09
6.684375000000000000e+01,1.045897097896121722e-09
6.685937500000000000e+01,1.078619201848813289e-09
6.687500000000000000e+01,1.103688503393814601e-09
6.689062500000000000e+01,1.087604807314324846e-09
6.690625000000000000e+01,1.041332763270854382e-09
6.692187500000000000e+01,1.003768902915905751e-09
6.693750000000000000e+01,9.823052599572945995e-10
6.695312500000000000e+01,9.528241467677635323e-10
6.696875000000000000e+01,9.102844282702070061e-10
6.698437500000000000e+01,8.900920139579851301e-10
6.700000000000000000e+01,9.041771621971872718e-10
6.701562500000000000e+01,9.064770885859599919e-10
6.703125000000000000e+01,8.702354973176503475e-10
6.704687500000000000e+01,8.189487935836958321e-10
6.706250000000000000e+01,7.858776368743117452e-10
6.707812500000000000e+01,7.846227988612631423e-10
6.709375000000000000e+01,8.030157549898445954e-10
6.710937500000000000e+01,8.189460149292142066e-10
6.712500000000000000e+01,8.197791605125687916e-10
6.714062500000000000e+01,8.206885490843459473e-10
6.715625000000000000e+01,8.336388288572095420e-10
6.717187500000000000e+01,8.450972887995818798e-10
6.718750000000000000e+01,8.475066691650915104e-10
6.720312500000000000e+01,8.356130091200264876e-10
6.721875000000000000e+01,7.985508957063055926e-10
6.723437500000000000e+01,7.590237935148913857e-10
6.725000000000000000e+01,7.684338399936312743e-10
6.726562500000000000e+01,8.125954215147840446e-10
6.728125000000000000e+01,8.301938089656685663e-10
6.729687500000000000e+01,8.069421861196233084e-10
6.731250000000000000e+01,7.634393770124297310e-10
6.732812500000000000e+01,7.159433096827161315e-10
6.734375000000000000e+01,6.793842369667240949e-10
6.735937500000000000e+01,6.587316955513277292e-10
6.737500000000000000e+01,6.498135627467690193e-10
6.739062500000000000e+01,6.702494687562230584e-10
6.740625000000000000e+01,7.294574565648536831e-10
6.742187500000000000e+01,7.954005343112401722e-10
6.743750000000000000e+01,8.261677907317145922e-10
6.745312500000000000e+01,8.039236617753491277e-10
6.746875000000000000e+01,7.459227722468434824e-10
6.748437500000000000e+01,6.875634583475721632e-10
6.750000000000000000e+01,6.674540185745502822e-10
6.751562500000000000e+01,7.032460279046107040e-10
6.753125000000000000e+01,7.641140004611915460e-10
6.754687500000000000e+01,8.038472980016700252e-10
6.756250000000000000e+01,8.100010209663075208e-10
6.757812500000000000e+01,8.017150243102826033e-10
6.759375000000000000e+01,7.931678550252144510e-10
6.760937500000000000e+01,7.763395532671651966e-10
6.762500000000000000e+01,7.384685944907296932e-10
6.764062500000000000e+01,7.006719849119427701e-10
6.765625000000000000e+01,6.984665953341540826e-10
6.767187500000000000e+01,7.141142603813234189e-10
6.768750000000000000e+01,7.164142512457762100e-10
6.770312500000000000e+01,7.063962120471690655e-10
6.771875000000000000e+01,6.848160657144554018e-10
6.773437500000000000e+01,6.548941192023102891e-10
6.775000000000000000e+01,6.498277583830795214e-10
6.776562500000000000e+01,6.981906611017737517e-10
6.778125000000000000e+01,7.772531720982647400e-10
6.779687500000000000e+01,8.582432265561826618e-10
6.781250000000000000e+01,9.370109392329586268e-10
6.782812500000000000e+01,9.993394312123303077e-10
6.784375000000000000e+01,1.012537939163687546e-09
6.785937500000000000e+01,9.749566926879404108e-10
6.787500000000000000e+01,9.306067871720400145e-10
6.789062500000000000e+01,9.256779553564710468e-10
6.790625000000000000e+01,9.691147037615414097e-10
6.792187500000000000e+01,1.029382444529380812e-09
6.793750000000000000e+01,1.091383269179593477e-09
6.795312500000000000e+01,1.145983344411897040e-09
6.796875000000000000e+01,1.153627493569640095e-09
6.798437500000000000e+01,1.115088447457773551e-09
6.800000000000000000e+01,1.082522634767585154e-09
6.801562500000000000e+01,1.066902768910988435e-09
6.803125000000000000e+01,1.032928548265088984e-09
6.804687500000000000e+01,9.648933392531929647e-10
6.806250000000000000e+01,8.846688413243599070e-10
6.807812500000000000e+01,8.433646986003257420e-10
6.809375000000000000e+01,8.757048699081509678e-10
6.810937500000000000e+01,9.570157396901072437e-10
6.812500000000000000e+01,1.052268724902508011e-09
6.814062500000000000e+01,1.136552967265265999e-09
6.815625000000000000e+01,1.177777557222401462e-09
6.817187500000000000e+01,1.164065103507582855e-09
6.818750000000000000e+01,1.122068356921366696e-09
6.820312500000000000e+01,1.084259194378355746e-09
6.821875000000000000e+01,1.088394889778384531e-09
6.823437500000000000e+01,1.150528687520703867e-09
6.825000000000000000e+01,1.208320483389964706e-09
6.826562500000000000e+01,1.218990752925393489e-09
6.828125000000000000e+01,1.196204223455220734e-09
6.829687500000000000e+01,1.139977889066193259e-09
6.831250000000000000e+01,1.054589927169969528e-09
6.832812500000000000e+01,9.797287140207089903e-10
6.834375000000000000e+01,9.365317705329831745e-10
6.835937500000000000e+01,9.029119323349097561e-10
6.837500000000000000e+01,8.685731768601974784e-10
6.839062500000000000e+01,8.577598452991399170e-10
6.840625000000000000e+01,8.676053587166500366e-10
6.842187500000000000e+01,8.591749401279092383e-10
6.843750000000000000e+01,8.139019431900615404e-10
6.845312500000000000e+01,7.626970561262062746e-10
6.846875000000000000e+01,7.534943538815716923e-10
6.848437500000000000e+01,7.576428763411170964e-10
6.850000000000000000e+01,7.255923232792302239e-10
6.851562500000000000e+01,6.820744066688184615e-10
6.853125000000000000e+01,6.695798495173988750e-10
6.854687500000000000e+01,6.660170274328724169e-10
6.856250000000000000e+01,6.544891859129156806e-10
6.857812500000000000e+01,6.800143727378577496e-10
6.859375000000000000e+01,7.625354969502797399e-10
6.860937500000000000e+01,8.755988627987568595e-10
6.862500000000000000e+01,9.860065653907850308e-10
6.864062500000000000e+01,1.067477423332189568e-09
6.865625000000000000e+01,1.113611433728958537e-09
6.867187500000000000e+01,1.132784672121163244e-09
6.868750000000000000e+01,1.144266853379496901e-09
6.870312500000000000e+01,1.152340972941661625e-09
6.871875000000000000e+01,1.149062287697470414e-09
6.873437500000000000e+01,1.140271979550510637e-09
6.875000000000000000e+01,1.122452148022301162e-09
6.876562500000000000e+01,1.077973710833634828e-09
6.878125000000000000e+01,1.014163095798662708e-09
6.879687500000000000e+01,9.445890429230162021e-10
6.881250000000000000e+01,8.607223916767205356e-10
6.882812500000000000e+01,7.802850695822559661e-10
6.884375000000000000e+01,7.373988345361084665e-10
6.885937500000000000e+01,7.235038134282674694e-10
6.887500000000000000e+01,7.113821850571568277e-10
6.889062500000000000e+01,6.981250212839992661e-10
6.890625000000000000e+01,6.988194655324415473e-10
6.892187500000000000e+01,7.136153387164248482e-10
6.893750000000000000e+01,7.162547612388592945e-10
6.895312500000000000e+01,7.020275646422899975e-10
6.896875000000000000e+01,7.088540179163024725e-10
6.898437500000000000e+01,7.705168983496142948e-10
6.900000000000000000e+01,8.723766436532896676e-10
6.901562500000000000e+01,9.631911132646523789e-10
6.903125000000000000e+01,1.000485359243620604e-09
6.904687500000000000e+01,9.751355287470514804e-10
6.906250000000000000e+01,9.157627443237537681e-10
6.907812500000000000e+01,8.808920124044843850e-10
6.909375000000000000e+01,8.934223423979664901e-10
6.910937500000000000e+01,9.169743403761175630e-10
6.912500000000000000e+01,9.337262237304924924e-10
6.914062500000000000e+01,9.717799716245488079e-10
6.915625000000000000e+01,1.033848029925058072e-09
6.917187500000000000e+01,1.062592195351390155e-09
6.918750000000000000e+01,1.026445247644832999e-09
6.920312500000000000e+01,9.794367606773518600e-10
6.921875000000000000e+01,1.008656685024773777e-09
6.923437500000000000e+01,1.115450636853210218e-09
6.925000000000000000e+01,1.224189721182740355e-09
6.926562500000000000e+01,1.305438292039288301e-09
6.928125000000000000e+01,1.374459457209030059e-09
6.929687500000000000e+01,1.396591049492234102e-09
6.931250000000000000e+01,1.316930505577073865e-09
6.932812500000000000e+01,1.187470742152880670e-09
6.934375000000000000e+01,1.153537097590975882e-09
6.935937500000000000e+01,1.235178328177992502e-09
6.937500000000000000e+01,1.298002243399715332e-09
6.939062500000000000e+01,1.262408105827302335e-09
6.940625000000000000e+01,1.168542349558309649e-09
6.942187500000000000e+01,1.098453519487977922e-09
6.943750000000000000e+01,1.080462310879671387e-09
6.945312500000000000e+01,1.093280633469308489e-09
6.946875000000000000e+01,1.121054756404197361e-09
6.948437500000000000e+01,1.161226068877076055e-09
6.950000000000000000e+01,1.195698064645358389e-09
6.951562500000000000e+01,1.193452120191299147e-09
6.953125000000000000e+01,1.147324626512192401e-09
6.954687500000000000e+01,1.090807815556871809e-09
6.956250000000000000e+01,1.076961259574244555e-09
6.957812500000000000e+01,1.108558484163819371e-09
6.959375000000000000e+01,1.151614310180528121e-09
6.960937500000000000e+01,1.194675346210086343e-09
6.962500000000000000e+01,1.200024097546764719e-09
6.964062500000000000e+01,1.126397986946497199e-09
6.965625000000000000e+01,1.016137019866165413e-09
6.967187500000000000e+01,9.719753255339117361e-10
6.968750000000000000e+01,1.044845261039028334e-09
6.970312500000000000e+01,1.177831520687932412e-09
6.971875000000000000e+01,1.280056433399524178e-09
6.973437500000000000e+01,1.317688754053035531e-09
6.975000000000000000e+01,1.322452940741763445e-09
6.976562500000000000e+01,1.319545629931304750e-09
6.978125000000000000e+01,1.292730563337582114e-09
6.979687500000000000e+01,1.220170342323914094e-09
6.981250000000000000e+01,1.133632577651906237e-09
6.982812500000000000e+01,1.119160365402253758e-09
6.984375000000000000e+01,1.197165165261604536e-09
6.985937500000000000e+01,1.297789713451816500e-09
6.987500000000000000e+01,1.364276841138350401e-09
6.989062500000000000e+01,1.392795494814873546e-09
6.990625000000000000e+01,1.390480592818790696e-09
6.992187500000000000e+01,1.342337467788094680e-09
6.993750000000000000e+01,1.260862568824009937e-09
6.995312500000000000e+01,1.215530324931399368e-09
6.996875000000000000e+01,1.243420615443884745e-09
6.998437500000000000e+01,1.298903823357188399e-09
7.000000000000000000e+01,1.335699337787457510e-09
7.001562500000000000e+01,1.360382892932352647e-09
7.003125000000000000e+01,1.404533039605728916e-09
7.004687500000000000e+01,1.487627260322600600e-09
7.006250000000000000e+01,1.591155661496697308e-09
7.007812500000000000e+01,1.664282737348351954e-09
7.009375000000000000e+01,1.695992197545098063e-09
7.010937500000000000e+01,1.703051541960233655e-09
7.012500000000000000e+01,1.690219582673875156e-09
7.014062500000000000e+01,1.665656740496830494e-09
7.015625000000000000e+01,1.620829083219316956e-09
7.017187500000000000e+01,1.524394107562173679e-09
7.018750000000000000e+01,1.382860379658532974e-09
7.020312500000000000e+01,1.250878917545910915e-09
7.021875000000000000e+01,1.138368719169455197e-09
7.023437500000000000e+01,1.048111250016772326e-09
7.025000000000000000e+01,1.068384347496942499e-09
7.026562500000000000e+01,1.197026353605952253e-09
7.028125000000000000e+01,1.269478257244147853e-09
7.029687500000000000e+01,1.217121209905658442e-09
7.031250000000000000e+01,1.145549476862322162e-09
7.032812500000000000e+01,1.156579957321908860e-09
7.034375000000000000e+01,1.205651899288698762e-09
7.035937500000000000e+01,1.222827051616538284e-09
7.037500000000000000e+01,1.196500987543402434e-09
7.039062500000000000e+01,1.133024580489900214e-09
7.040625000000000000e+01,1.043636837244166428e-09
7.042187500000000000e+01,9.666224239685225941e-10
7.043750000000000000e+01,9.417927120327915857e-10
7.045312500000000000e+01,9.572433893553046331e-10
7.046875000000000000e+01,9.806619774311332564e-10
7.048437500000000000e+01,1.007584695831413168e-09
7.050000000000000000e+01,1.045578091003741273e-09
7.051562500000000000e+01,1.092371948864580897e-09
7.053125000000000000e+01,1.144247990588765027e-09
7.054687500000000000e+01,1.190114704405111668e-09
7.056250000000000000e+01,1.199577182028877751e-09
7.057812500000000000e+01,1.165478247609838720e-09
7.059375000000000000e+01,1.143222329734349857e-09
7.060937500000000000e+01,1.196644276472997775e-09
7.062500000000000000e+01,1.293155383325996468e-09
7.064062500000000000e+01,1.333319233783744757e-09
7.065625000000000000e+01,1.305359584124083809e-09
7.067187500000000000e+01,1.317143197092127672e-09
7.068750000000000000e+01,1.403780151911697457e-09
7.070312500000000000e+01,1.472669150290259311e-09
7.071875000000000000e+01,1.470313819825916656e-09
7.073437500000000000e+01,1.420462441820786021e-09
7.075000000000000000e+01,1.380700263855086121e-09
7.076562500000000000e+01,1.388995970055484689e-09
7.078125000000000000e+01,1.419334535397775788e-09
7.079687500000000000e+01,1.411745618602194983e-09
7.081250000000000000e+01,1.349050152887529378e-09
7.082812500000000000e+01,1.271733643901888491e-09
7.084375000000000000e+01,1.187120325375432911e-09
7.085937500000000000e+01,1.070292937928510513e-09
7.087500000000000000e+01,9.657969016681740647e-10
7.089062500000000000e+01,9.353227611854887047e-10
7.090625000000000000e+01,9.536483925221569989e-10
7.092187500000000000e+01,9.735895738838221419e-10
7.093750000000000000e+01,9.737142079816328581e-10
7.095312500000000000e+01,9.385036699280146352e-10
7.096875000000000000e+01,8.692904822112777073e-10
7.098437500000000000e+01,8.027591245898781212e-10
7.100000000000000000e+01,7.871347842191754837e-10
7.101562500000000000e+01,8.122275754411230633e-10
7.103125000000000000e+01,8.334752366297183477e-10
7.104687500000000000e+01,8.500109072161675559e-10
7.106250000000000000e+01,8.812393883216065113e-10
7.107812500000000000e+01,9.086880719182838259e-10
7.109375000000000000e+01,9.071325292554350328e-10
7.110937500000000000e+01,8.961066751357724901e-10
7.112500000000000000e+01,9.035227102720108729e-10
7.114062500000000000e+01,9.170409140481176826e-10
7.115625000000000000e+01,9.228122996825022833e-10
7.117187500000000000e+01,9.491756168768325180e-10
7.118750000000000000e+01,1.013728518665804405e-09
7.120312500000000000e+01,1.086473861514935076e-09
7.121875000000000000e+01,1.131473861686011484e-09
7.123437500000000000e+01,1.140061499819040337e-09
7.125000000000000000e+01,1.118046091963739632e-09
7.126562500000000000e+01,1.059353351483126463e-09
7.128125000000000000e+01,9.705634793106380167e-10
7.129687500000000000e+01,8.762710174445775012e-10
7.131250000000000000e+01,7.998728400613143340e-10
7.132812500000000000e+01,7.785316459339775768e-10
7.134375000000000000e+01,8.191106913456684324e-10
7.135937500000000000e+01,8.396234355467708732e-10
7.137500000000000000e+01,7.838343239603106958e-10
7.139062500000000000e+01,7.146439174590100501e-10
7.140625000000000000e+01,7.292384925283255715e-10
7.142187500000000000e+01,8.326079026333080094e-10
7.143750000000000000e+01,9.734294943461695008e-10
7.145312500000000000e+01,1.110848508082399842e-09
7.146875000000000000e+01,1.207947311648860021e-09
7.148437500000000000e+01,1.236752297987108716e-09
7.150000000000000000e+01,1.212291122570853959e-09
7.151562500000000000e+01,1.171154115481002489e-09
7.153125000000000000e+01,1.131720788199299254e-09
7.154687500000000000e+01,1.105575810302606625e-09
7.156250000000000000e+01,1.119624892583653742e-09
7.157812500000000000e+01,1.205944135485045258e-09
7.159375000000000000e+01,1.304494461985419715e-09
7.160937500000000000e+01,1.302626587884129469e-09
7.162500000000000000e+01,1.200492863447123601e-09
7.164062500000000000e+01,1.105810245982734083e-09
7.165625000000000000e+01,1.083191300629314109e-09
7.167187500000000000e+01,1.105789671664674040e-09
7.168750000000000000e+01,1.135378946538647774e-09
7.170312500000000000e+01,1.160495107641041993e-09
7.171875000000000000e+01,1.184359375832965541e-09
7.173437500000000000e+01,1.198309462984223678e-09
7.175000000000000000e+01,1.177009358257336929e-09
7.176562500000000000e+01,1.123661920875517839e-09
7.178125000000000000e+01,1.051392540544231871e-09
7.179687500000000000e+01,9.674133967528951852e-10
7.181250000000000000e+01,9.347677036389511074e-10
7.182812500000000000e+01,1.002925430070289549e-09
7.184375000000000000e+01,1.102264335254292953e-09
7.185937500000000000e+01,1.126100786686261188e-09
7.187500000000000000e+01,1.044419386901078232e-09
7.189062500000000000e+01,9.368110770128049775e-10
7.190625000000000000e+01,8.868629115531674782e-10
7.192187500000000000e+01,8.745439046812168809e-10
7.193750000000000000e+01,8.519895528500232273e-10
7.195312500000000000e+01,8.197405951242180928e-10
7.196875000000000000e+01,8.158827702777450328e-10
7.198437500000000000e+01,8.507858704125180965e-10
7.200000000000000000e+01,9.051765388282543711e-10
7.201562500000000000e+01,9.823513446631748658e-10
7.203125000000000000e+01,1.071808653784732661e-09
7.204687500000000000e+01,1.140863827931018245e-09
7.206250000000000000e+01,1.168087830424635336e-09
7.207812500000000000e+01,1.155324972094092207e-09
7.209375000000000000e+01,1.133340893976211060e-09
7.210937500000000000e+01,1.134812692394851161e-09
7.212500000000000000e+01,1.149156449509277682e-09
7.214062500000000000e+01,1.143330469404371276e-09
7.215625000000000000e+01,1.111717078170184237e-09
7.217187500000000000e+01,1.082077363377355566e-09
7.218750000000000000e+01,1.073861627272399304e-09
7.220312500000000000e+01,1.073677380072247475e-09
7.221875000000000000e+01,1.055308360909668803e-09
7.223437500000000000e+01,9.919567436201411754e-10
7.225000000000000000e+01,8.816819993594299026e-10
7.226562500000000000e+01,7.593526327355297125e-10
7.228125000000000000e+01,6.698574230004172282e-10
7.229687500000000000e+01,6.423368651299955384e-10
7.231250000000000000e+01,6.857026391984708722e-10
7.232812500000000000e+01,7.728658068744434492e-10
7.234375000000000000e+01,8.388347310324862882e-10
7.235937500000000000e+01,8.409157671644477146e-10
7.237500000000000000e+01,8.002157256753252814e-10
7.239062500000000000e+01,7.536317260922234916e-10
7.240625000000000000e+01,7.047479075727707038e-10
7.242187500000000000e+01,6.901679851981606539e-10
7.243750000000000000e+01,7.785322523656636489e-10
7.245312500000000000e+01,9.212347034627585570e-10
7.246875000000000000e+01,1.019707881584670487e-09
7.248437500000000000e+01,1.043398058809517296e-09
7.250000000000000000e+01,1.026573423694497192e-09
7.251562500000000000e+01,1.026709511470571571e-09
7.253125000000000000e+01,1.080259159480532365e-09
7.254687500000000000e+01,1.176955572573393784e-09
7.256250000000000000e+01,1.247403435043313817e-09
7.257812500000000000e+01,1.240867574827517673e-09
7.259375000000000000e+01,1.185296160645562033e-09
7.260937500000000000e+01,1.147372690360407482e-09
7.262500000000000000e+01,1.175287582700096765e-09
7.264062500000000000e+01,1.243387963333776505e-09
7.265625000000000000e+01,1.269761213845513430e-09
7.267187500000000000e+01,1.224140538743999032e-09
7.268750000000000000e+01,1.179767776625570237e-09
7.270312500000000000e+01,1.208496055779926904e-09
7.271875000000000000e+01,1.282759380923542762e-09
7.273437500000000000e+01,1.355784250098021064e-09
7.275000000000000000e+01,1.400819085839096238e-09
7.276562500000000000e+01,1.388566511793824763e-09
7.278125000000000000e+01,1.309460339833655229e-09
7.279687500000000000e+01,1.186549842122659719e-09
7.281250000000000000e+01,1.047707786860543077e-09
7.282812500000000000e+01,9.078384845734973144e-10
7.284375000000000000e+01,7.748962762448772849e-10
7.285937500000000000e+01,6.665498006382647380e-10
7.287500000000000000e+01,6.072047636797512530e-10
7.289062500000000000e+01,5.971581139678611052e-10
7.290625000000000000e+01,6.181766601809809552e-10
7.292187500000000000e+01,6.471522092114831586e-10
7.293750000000000000e+01,6.690224059143062986e-10
7.295312500000000000e+01,6.855479220770353333e-10
7.296875000000000000e+01,7.006779068181097730e-10
7.298437500000000000e+01,7.232266048246322993e-10
7.300000000000000000e+01,7.512599720653055044e-10
7.301562500000000000e+01,7.622293799747423421e-10
7.303125000000000000e+01,7.395069987266642608e-10
7.304687500000000000e+01,7.060816449056390542e-10
7.306250000000000000e+01,7.060305685061580808e-10
7.307812500000000000e+01,7.335754986852667026e-10
7.309375000000000000e+01,7.485861934139579004e-10
7.310937500000000000e+01,7.370063160335022518e-10
7.312500000000000000e+01,7.196504737283020781e-10
7.314062500000000000e+01,7.170604414568400062e-10
7.315625000000000000e+01,7.263616633422647418e-10
7.317187500000000000e+01,7.487002676449694118e-10
7.318750000000000000e+01,7.869418035624801920e-10
7.320312500000000000e+01,8.166719906378626556e-10
7.321875000000000000e+01,8.127690450938579736e-10
7.323437500000000000e+01,7.837954853595472575e-10
7.325000000000000000e+01,7.552272600879332096e-10
7.326562500000000000e+01,7.288489371746787503e-10
7.328125000000000000e+01,7.023127344006344517e-10
7.329687500000000000e+01,7.212191108683023281e-10
7.331250000000000000e+01,8.093527231780195595e-10
7.332812500000000000e+01,9.204356107488522587e-10
7.334375000000000000e+01,1.015767798444836156e-09
7.335937500000000000e+01,1.088256826361395922e-09
7.337500000000000000e+01,1.121506010027137932e-09
7.339062500000000000e+01,1.078202089760131336e-09
7.340625000000000000e+01,9.761974449496415463e-10
7.342187500000000000e+01,9.285401276980602088e-10
7.343750000000000000e+01,9.947191305799732462e-10
7.345312500000000000e+01,1.088257920639028210e-09
7.346875000000000000e+01,1.128098115372493328e-09
7.348437500000000000e+01,1.120387444149131817e-09
7.350000000000000000e+01,1.110695880667685043e-09
7.351562500000000000e+01,1.077603025464959477e-09
7.353125000000000000e+01,9.822756449952443120e-10
7.354687500000000000e+01,8.947441417588107584e-10
7.356250000000000000e+01,9.011813180178377183e-10
7.357812500000000000e+01,9.559234856497196185e-10
7.359375000000000000e+01,1.003674400755788376e-09
7.360937500000000000e+01,1.052836606333831560e-09
7.362500000000000000e+01,1.103929375232713141e-09
7.364062500000000000e+01,1.127889231923471205e-09
7.365625000000000000e+01,1.129558691073758119e-09
7.367187500000000000e+01,1.146138839698789145e-09
7.368750000000000000e+01,1.153684619567912896e-09
7.370312500000000000e+01,1.127190898261588736e-09
7.371875000000000000e+01,1.103951732713455727e-09
7.373437500000000000e+01,1.075658796561569235e-09
7.375000000000000000e+01,1.017109311054942358e-09
7.376562500000000000e+01,9.664954465022209947e-10
7.378125000000000000e+01,9.373643139087593970e-10
7.379687500000000000e+01,9.071695365670551837e-10
7.381250000000000000e+01,8.934024088945461299e-10
7.382812500000000000e+01,9.155663591683584965e-10
7.384375000000000000e+01,9.387068158612107568e-10
7.385937500000000000e+01,9.176436392620941263e-10
7.387500000000000000e+01,8.527656118849608056e-10
7.389062500000000000e+01,7.969345607506602054e-10
7.390625000000000000e+01,7.889292875803794816e-10
7.392187500000000000e+01,8.114668981771541146e-10
7.393750000000000000e+01,8.384362312243345397e-10
7.395312500000000000e+01,8.521012098917636208e-10
7.396875000000000000e+01,8.472900556162114173e-10
7.398437500000000000e+01,8.347722204699362650e-10
7.400000000000000000e+01,8.274995548174492719e-10
7.401562500000000000e+01,8.320936674520567344e-10
7.403125000000000000e+01,8.571576291654344788e-10
7.404687500000000000e+01,9.084662061187205404e-10
7.406250000000000000e+01,9.424470098477980493e-10
7.407812500000000000e+01,8.951377861640774513e-10
7.409375000000000000e+01,8.030298098954750264e-10
7.410937500000000000e+01,8.035787912291338496e-10
7.412500000000000000e+01,9.212471169816136955e-10
7.414062500000000000e+01,1.017527486320113013e-09
7.415625000000000000e+01,9.961240401695942299e-10
7.417187500000000000e+01,8.933400577659338481e-10
7.418750000000000000e+01,8.342794331167587302e-10
7.420312500000000000e+01,8.704062113518290849e-10
7.421875000000000000e+01,9.264769086759969035e-10
7.423437500000000000e+01,9.458023657318090354e-10
7.425000000000000000e+01,9.254096119124916539e-10
7.426562500000000000e+01,8.759407970862372911e-10
7.428125000000000000e+01,8.104421090630307403e-10
7.429687500000000000e+01,7.685323575298293107e-10
7.431250000000000000e+01,7.751363703112095767e-10
7.432812500000000000e+01,7.918005027230928968e-10
7.434375000000000000e+01,7.952660829240516153e-10
7.435937500000000000e+01,8.013397613695632625e-10
7.437500000000000000e+01,8.275889675150930836e-10
7.439062500000000000e+01,9.157097037601920888e-10
7.440625000000000000e+01,1.061769120823498991e-09
7.442187500000000000e+01,1.168616750909963857e-09
7.443750000000000000e+01,1.167451307497455405e-09
7.445312500000000000e+01,1.075114718690675824e-09
7.446875000000000000e+01,9.735884639273446818e-10
7.448437500000000000e+01,9.641324897020582150e-10
7.450000000000000000e+01,1.058398852487707880e-09
7.451562500000000000e+01,1.155797567079400424e-09
7.453125000000000000e+01,1.166846538728916894e-09
7.454687500000000000e+01,1.088457489758591856e-09
7.456250000000000000e+01,1.011087962044533925e-09
7.457812500000000000e+01,1.034756395929075430e-09
7.459375000000000000e+01,1.133476390615533575e-09
7.460937500000000000e+01,1.243360542194180598e-09
7.462500000000000000e+01,1.374162398015565874e-09
7.464062500000000000e+01,1.524935775634883254e-09
7.465625000000000000e+01,1.629732470345004375e-09
7.467187500000000000e+01,1.614078339084652813e-09
7.468750000000000000e+01,1.490840913648472529e-09
7.470312500000000000e+01,1.409207046488214664e-09
7.471875000000000000e+01,1.528743299422613512e-09
7.473437500000000000e+01,1.786622739994640473e-09
7.475000000000000000e+01,2.001698274978794494e-09
7.476562500000000000e+01,2.091675005449470856e-09
7.478125000000000000e+01,2.045513361148880228e-09
7.479687500000000000e+01,1.873010931852624149e-09
7.481250000000000000e+01,1.686747217491675103e-09
7.482812500000000000e+01,1.654381754028455370e-09
7.484375000000000000e+01,1.755837722230809316e-09
7.485937500000000000e+01,1.847470146123675185e-09
7.487500000000000000e+01,1.855342275907745551e-09
7.489062500000000000e+01,1.778843261822378230e-09
7.490625000000000000e+01,1.705142791581677679e-09
7.492187500000000000e+01,1.734948552666214090e-09
7.493750000000000000e+01,1.837897891287886239e-09
7.495312500000000000e+01,1.943643548618770520e-09
7.496875000000000000e+01,2.047024422109862366e-09
7.498437500000000000e+01,2.147185933693896798e-09
7.500000000000000000e+01,2.206848596042864785e-09
7.501562500000000000e+01,2.188439297631304341e-09
7.503125000000000000e+01,2.055305577870081232e-09
7.504687500000000000e+01,1.806532084069209482e-09
7.506250000000000000e+01,1.548429391459280986e-09
7.507812500000000000e+01,1.395383085779813753e-09
7.509375000000000000e+01,1.330452366934656732e-09
7.510937500000000000e+01,1.312455854138776022e-09
7.512500000000000000e+01,1.326909111846493865e-09
7.514062500000000000e+01,1.341304334810917562e-09
7.515625000000000000e+01,1.347758559223031425e-09
7.517187500000000000e+01,1.347483497679165565e-09
7.518750000000000000e+01,1.336219403350329613e-09
7.520312500000000000e+01,1.339882805145591557e-09
7.521875000000000000e+01,1.366698792605459938e-09
7.523437500000000000e+01,1.364843393790817393e-09
7.525000000000000000e+01,1.304298641251232142e-09
7.526562500000000000e+01,1.216773724454836149e-09
7.528125000000000000e+01,1.148232596531267604e-09
7.529687500000000000e+01,1.129126998956760931e-09
7.531250000000000000e+01,1.143467733711452911e-09
7.532812500000000000e+01,1.130044900052538654e-09
7.534375000000000000e+01,1.066391683425671017e-09
7.535937500000000000e+01,1.008878464027049299e-09
7.537500000000000000e+01,1.011652605764747542e-09
7.539062500000000000e+01,1.037048250643183086e-09
7.540625000000000000e+01,1.020049520735452011e-09
7.542187500000000000e+01,9.763726543177345535e-10
7.543750000000000000e+01,9.902206344773934460e-10
7.545312500000000000e+01,1.076894122113168885e-09
7.546875000000000000e+01,1.170360760913358102e-09
7.548437500000000000e+01,1.232158861633697945e-09
7.550000000000000000e+01,1.256072623806606259e-09
7.551562500000000000e+01,1.258210419627861317e-09
7.553125000000000000e+01,1.271465210853229686e-09
7.554687500000000000e+01,1.316102168167658855e-09
7.556250000000000000e+01,1.391147574074018817e-09
7.557812500000000000e+01,1.478575174513966238e-09
7.559375000000000000e+01,1.560846199621007009e-09
7.560937500000000000e+01,1.613862138649183111e-09
7.562500000000000000e+01,1.617255322033871374e-09
7.564062500000000000e+01,1.622194782616864194e-09
7.565625000000000000e+01,1.704470725770819454e-09
7.567187500000000000e+01,1.825620208260426406e-09
7.568750000000000000e+01,1.898883308138071472e-09
7.570312500000000000e+01,1.922883801481924108e-09
7.571875000000000000e+01,1.936194976387776676e-09
7.573437500000000000e+01,1.924087455949704731e-09
7.575000000000000000e+01,1.848925444777838540e-09
7.576562500000000000e+01,1.709048745490713628e-09
7.578125000000000000e+01,1.520355615742370114e-09
7.579687500000000000e+01,1.312169766179895923e-09
7.581250000000000000e+01,1.108858177329997668e-09
7.582812500000000000e+01,9.360952893940569192e-10
7.584375000000000000e+01,8.601870485568396933e-10
7.585937500000000000e+01,8.689114097848635842e-10
7.587500000000000000e+01,8.944118320252578449e-10
7.589062500000000000e+01,9.357068785938479931e-10
7.590625000000000000e+01,9.863277054502295036e-10
7.592187500000000000e+01,1.017253921687141634e-09
7.593750000000000000e+01,1.023849466555731446e-09
7.595312500000000000e+01,1.023250192076794067e-09
7.596875000000000000e+01,1.029549503047131206e-09
7.598437500000000000e+01,1.049570334466354012e-09
7.600000000000000000e+01,1.075869743543542077e-09
7.601562500000000000e+01,1.096736398721726128e-09
7.603125000000000000e+01,1.121980886137198807e-09
7.604687500000000000e+01,1.132478425774612371e-09
7.606250000000000000e+01,1.105356084699100675e-09
7.607812500000000000e+01,1.099560796142332291e-09
7.609375000000000000e+01,1.166934350604104439e-09
7.610937500000000000e+01,1.253030219992975491e-09
7.612500000000000000e+01,1.288970732904121417e-09
7.614062500000000000e+01,1.269571089415593678e-09
7.615625000000000000e+01,1.221569880445131152e-09
7.617187500000000000e+01,1.161778609934243593e-09
7.618750000000000000e+01,1.104451357483564898e-09
7.620312500000000000e+01,1.068469490168686669e-09
7.621875000000000000e+01,1.072594541946857123e-09
7.623437500000000000e+01,1.100912933573372993e-09
7.625000000000000000e+01,1.098551471187488937e-09
7.626562500000000000e+01,1.044751425591721764e-09
7.628125000000000000e+01,9.816423676499833376e-10
7.629687500000000000e+01,9.654082762520598114e-10
7.631250000000000000e+01,9.828133204392452553e-10
7.632812500000000000e+01,9.728137239501971905e-10
7.634375000000000000e+01,9.268172859271624643e-10
7.635937500000000000e+01,9.045579418180169984e-10
7.637500000000000000e+01,9.812688499753145619e-10
7.639062500000000000e+01,1.139767131933981276e-09
7.640625000000000000e+01,1.278588804829290992e-09
7.642187500000000000e+01,1.340276454949945931e-09
7.643750000000000000e+01,1.357152143783880463e-09
7.645312500000000000e+01,1.399759517171759538e-09
7.646875000000000000e+01,1.512872538116065871e-09
7.648437500000000000e+01,1.670237486135963287e-09
7.650000000000000000e+01,1.786774877837725527e-09
7.651562500000000000e+01,1.812206784256123030e-09
7.653125000000000000e+01,1.774245041288122439e-09
7.654687500000000000e+01,1.730601881994134450e-09
7.656250000000000000e+01,1.700704784714357417e-09
7.657812500000000000e+01,1.644670827041735409e-09
7.659375000000000000e+01,1.521409675142616817e-09
7.660937500000000000e+01,1.392033301615885144e-09
7.662500000000000000e+01,1.377127048622739183e-09
7.664062500000000000e+01,1.443821752918780642e-09
7.665625000000000000e+01,1.484764163292366062e-09
7.667187500000000000e+01,1.485113083302409741e-09
7.668750000000000000e+01,1.445443451106010570e-09
7.670312500000000000e+01,1.363143987976921879e-09
7.671875000000000000e+01,1.291249660695462024e-09
7.673437500000000000e+01,1.276160985344652877e-09
7.675000000000000000e+01,1.276806316100306017e-09
7.676562500000000000e+01,1.251486439378338046e-09
7.678125000000000000e+01,1.266115271496279554e-09
7.679687500000000000e+01,1.372078956981952334e-09
7.681250000000000000e+01,1.480570267548256258e-09
7.682812500000000000e+01,1.514868767009717542e-09
7.684375000000000000e+01,1.493694229993607199e-09
7.685937500000000000e+01,1.442178465952022603e-09
7.687500000000000000e+01,1.356222798619191498e-09
7.689062500000000000e+01,1.288422402271714574e-09
7.690625000000000000e+01,1.295397121125214703e-09
7.692187500000000000e+01,1.309501886608517943e-09
7.693750000000000000e+01,1.293568325402386139e-09
7.695312500000000000e+01,1.339008330879832226e-09
7.696875000000000000e+01,1.470599576306886573e-09
7.698437500000000000e+01,1.572427282944699907e-09
7.700000000000000000e+01,1.573591532450894313e-09
7.701562500000000000e+01,1.505896815643449652e-09
7.703125000000000000e+01,1.392572918041620804e-09
7.704687500000000000e+01,1.238359612442933154e-09
7.706250000000000000e+01,1.109687346123090603e-09
7.707812500000000000e+01,1.054641877570995597e-09
7.709375000000000000e+01,1.012771040940581790e-09
7.710937500000000000e+01,9.572934896644841138e-10
7.712500000000000000e+01,9.391748613898080954e-10
7.714062500000000000e+01,9.532299960021178390e-10
7.715625000000000000e+01,9.385488470154033882e-10
7.717187500000000000e+01,8.765082426107465426e-10
7.718750000000000000e+01,8.095267297235798214e-10
7.720312500000000000e+01,8.005355340461937230e-10
7.721875000000000000e+01,8.664551257829197509e-10
7.723437500000000000e+01,9.656488055071986362e-10
7.725000000000000000e+01,1.043648488098314981e-09
7.726562500000000000e+01,1.078044678861983416e-09
7.728125000000000000e+01,1.080320512685703501e-09
7.729687500000000000e+01,1.061157540228408644e-09
7.731250000000000000e+01,1.058293406093085309e-09
7.732812500000000000e+01,1.138472640551389572e-09
7.734375000000000000e+01,1.252172429862848593e-09
7.735937500000000000e+01,1.273153215829585065e-09
7.737500000000000000e+01,1.187262315657046690e-09
7.739062500000000000e+01,1.089950783505738576e-09
7.740625000000000000e+01,1.046571735305556600e-09
7.742187500000000000e+01,1.037394909303428752e-09
7.743750000000000000e+01,1.035292917092191964e-09
7.745312500000000000e+01,1.048861499810898961e-09
7.746875000000000000e+01,1.090034521692340481e-09
7.748437500000000000e+01,1.150420468136842329e-09
7.750000000000000000e+01,1.204802537121188501e-09
7.751562500000000000e+01,1.249166306636537468e-09
7.753125000000000000e+01,1.314640249355160805e-09
7.754687500000000000e+01,1.380106158047685588e-09
7.756250000000000000e+01,1.381909639519844078e-09
7.757812500000000000e+01,1.328256416296536930e-09
7.759375000000000000e+01,1.270574529375748923e-09
7.760937500000000000e+01,1.223242104143647597e-09
7.762500000000000000e+01,1.194167003896545219e-09
7.764062500000000000e+01,1.195987621800618202e-09
7.765625000000000000e+01,1.241572021981216461e-09
7.767187500000000000e+01,1.311328336163867716e-09
7.768750000000000000e+01,1.334486667890590656e-09
7.770312500000000000e+01,1.310448489001472494e-09
7.771875000000000000e+01,1.311654881575437999e-09
7.773437500000000000e+01,1.339757729982088597e-09
7.775000000000000000e+01,1.327132178425056115e-09
7.776562500000000000e+01,1.242728979931235353e-09
7.778125000000000000e+01,1.147053818857725966e-09
7.779687500000000000e+01,1.111583851767277364e-09
7.781250000000000000e+01,1.115953912520749272e-09
7.782812500000000000e+01,1.126868635385296880e-09
7.784375000000000000e+01,1.164575753644121249e-09
7.785937500000000000e+01,1.255937290459869233e-09
7.787500000000000000e+01,1.360469127624716966e-09
7.789062500000000000e+01,1.410476616461506950e-09
7.790625000000000000e+01,1.401069563528107195e-09
7.792187500000000000e+01,1.363375728997073600e-09
7.793750000000000000e+01,1.308999549247598365e-09
7.795312500000000000e+01,1.243878762316416433e-09
7.796875000000000000e+01,1.185960799187572933e-09
7.798437500000000000e+01,1.148850842508802027e-09
7.800000000000000000e+01,1.104294261486086293e-09
7.801562500000000000e+01,1.016029172086846487e-09
7.803125000000000000e+01,9.198058621296360592e-10
7.804687500000000000e+01,9.107748167107594267e-10
7.806250000000000000e+01,9.965127080189592813e-10
7.807812500000000000e+01,1.086395242688784686e-09
7.809375000000000000e+01,1.147282017300956702e-09
7.810937500000000000e+01,1.263182191757016831e-09
7.812500000000000000e+01,1.497422184196674344e-09
7.814062500000000000e+01,1.784198437876653610e-09
7.815625000000000000e+01,1.986334121052556161e-09
7.817187500000000000e+01,1.993924752162337742e-09
7.818750000000000000e+01,1.843936847567181967e-09
7.820312500000000000e+01,1.723830495653497773e-09
7.821875000000000000e+01,1.782458861299533161e-09
7.823437500000000000e+01,1.943335641356479060e-09
7.825000000000000000e+01,2.062122717975565228e-09
7.826562500000000000e+01,2.101541819614157058e-09
7.828125000000000000e+01,2.066522580255939535e-09
7.829687500000000000e+01,1.966001346112120065e-09
7.831250000000000000e+01,1.882467740375137448e-09
7.832812500000000000e+01,1.911441888623839168e-09
7.834375000000000000e+01,1.951545276769634314e-09
7.835937500000000000e+01,1.829903558834201212e-09
7.837500000000000000e+01,1.581905412162770206e-09
7.839062500000000000e+01,1.443601592419134275e-09
7.840625000000000000e+01,1.520151715391446120e-09
7.842187500000000000e+01,1.631076112002337867e-09
7.843750000000000000e+01,1.631178239989252198e-09
7.845312500000000000e+01,1.541793502687902707e-09
7.846875000000000000e+01,1.457261892789325749e-09
7.848437500000000000e+01,1.420758649727866829e-09
7.850000000000000000e+01,1.430460662747946815e-09
7.851562500000000000e+01,1.484538639337850465e-09
7.853125000000000000e+01,1.574990693382447538e-09
7.854687500000000000e+01,1.683856729231229429e-09
7.856250000000000000e+01,1.756339502870420746e-09
7.857812500000000000e+01,1.781421059490242299e-09
7.859375000000000000e+01,1.833786613075427664e-09
7.860937500000000000e+01,1.972846722159834893e-09
7.862500000000000000e+01,2.146148765428237459e-09
7.864062500000000000e+01,2.209346119768313855e-09
7.865625000000000000e+01,2.088304939230679843e-09
7.867187500000000000e+01,1.866596908780978382e-09
7.868750000000000000e+01,1.725994433177237168e-09
7.870312500000000000e+01,1.788342319592874363e-09
7.871875000000000000e+01,1.979987311643910331e-09
7.873437500000000000e+01,2.145523947333460323e-09
7.875000000000000000e+01,2.242409252416290194e-09
7.876562500000000000e+01,2.335042596163481968e-09
7.878125000000000000e+01,2.439318625916149869e-09
7.879687500000000000e+01,2.534066054987338369e-09
7.881250000000000000e+01,2.635645127367129720e-09
7.882812500000000000e+01,2.694516162350398734e-09
7.884375000000000000e+01,2.612220944790493631e-09
7.885937500000000000e+01,2.394126394140260785e-09
7.887500000000000000e+01,2.127343887889121079e-09
7.889062500000000000e+01,1.918662797538086469e-09
7.890625000000000000e+01,1.876204567443009450e-09
7.892187500000000000e+01,2.008080460578165685e-09
7.893750000000000000e+01,2.256539343891737236e-09
7.895312500000000000e+01,2.578747374312514893e-09
7.896875000000000000e+01,2.837380553117185623e-09
7.898437500000000000e+01,2.884213226513782402e-09
7.900000000000000000e+01,2.771630100450894811e-09
7.901562500000000000e+01,2.706558117278315749e-09
7.903125000000000000e+01,2.745649341982723682e-09
7.904687500000000000e+01,2.698416210150744304e-09
7.906250000000000000e+01,2.482318504530919549e-09
7.907812500000000000e+01,2.266114968660432032e-09
7.909375000000000000e+01,2.158630172595043169e-09
7.910937500000000000e+01,2.104769285875997898e-09
7.912500000000000000e+01,2.098441829458933022e-09
7.914062500000000000e+01,2.150513927421232783e-09
7.915625000000000000e+01,2.203480940917824279e-09
7.917187500000000000e+01,2.215693023292413383e-09
7.918750000000000000e+01,2.182342157077132738e-09
7.920312500000000000e+01,2.097973560549335692e-09
7.921875000000000000e+01,1.993319812940287603e-09
7.923437500000000000e+01,1.898973286816756385e-09
7.925000000000000000e+01,1.797806953883655450e-09
7.926562500000000000e+01,1.692588973455515169e-09
7.928125000000000000e+01,1.602007354479294392e-09
7.929687500000000000e+01,1.502884638734168688e-09
7.931250000000000000e+01,1.403656741848766086e-09
7.932812500000000000e+01,1.353758490849664189e-09
7.934375000000000000e+01,1.315298093411046314e-09
7.935937500000000000e+01,1.255685288940509788e-09
7.937500000000000000e+01,1.232872293552442501e-09
7.939062500000000000e+01,1.254051088831846567e-09
7.940625000000000000e+01,1.270421359946965834e-09
7.942187500000000000e+01,1.293929440363300501e-09
7.943750000000000000e+01,1.364656658690597007e-09
7.945312500000000000e+01,1.480930929228264869e-09
7.946875000000000000e+01,1.624520175907432998e-09
7.948437500000000000e+01,1.798145647447655740e-09
7.950000000000000000e+01,1.974187085802285294e-09
7.951562500000000000e+01,2.054260238015200935e-09
7.953125000000000000e+01,1.971529631563225692e-09
7.954687500000000000e+01,1.839342988293499162e-09
7.956250000000000000e+01,1.808187144236522363e-09
7.957812500000000000e+01,1.782702889605248016e-09
7.959375000000000000e+01,1.681754623988929625e-09
7.960937500000000000e+01,1.621068301395107666e-09
7.962500000000000000e+01,1.655529652498204628e-09
7.964062500000000000e+01,1.707387692026741892e-09
7.965625000000000000e+01,1.717195433372244065e-09
7.967187500000000000e+01,1.717172974518083224e-09
7.968750000000000000e+01,1.753761510297891372e-09
7.970312500000000000e+01,1.750726351318717478e-09
7.971875000000000000e+01,1.655630701587631754e-09
7.973437500000000000e+01,1.557584675843454309e-09
7.975000000000000000e+01,1.514500867366209822e-09
7.976562500000000000e+01,1.475206616039508810e-09
7.978125000000000000e+01,1.409480641599891107e-09
7.979687500000000000e+01,1.330293703006858090e-09
7.981250000000000000e+01,1.253945648163485390e-09
7.982812500000000000e+01,1.197728088745979437e-09
7.984375000000000000e+01,1.185261032187742108e-09
7.985937500000000000e+01,1.239900476019909534e-09
7.987500000000000000e+01,1.353746623557095466e-09
7.989062500000000000e+01,1.472911433093349015e-09
7.990625000000000000e+01,1.527842847660489673e-09
7.992187500000000000e+01,1.507467351588370358e-09
7.993750000000000000e+01,1.467931745836061569e-09
7.995312500000000000e+01,1.445479892083865434e-09
7.996875000000000000e+01,1.427988612987494262e-09
7.998437500000000000e+01,1.452558671733428387e-09
8.000000000000000000e+01,1.586704429228807104e-09
8.001562500000000000e+01,1.752435257829867859e-09
8.003125000000000000e+01,1.814935687667254897e-09
8.004687500000000000e+01,1.769000379555953554e-09
8.006250000000000000e+01,1.714882683127920334e-09
8.007812500000000000e+01,1.726278922397733248e-09
8.009375000000000000e+01,1.803478366690794102e-09
8.010937500000000000e+01,1.908879797216027351e-09
8.012500000000000000e+01,2.009240368721432486e-09
8.014062500000000000e+01,2.105815368370922714e-09
8.015625000000000000e+01,2.213342372269023567e-09
8.017187500000000000e+01,2.309508416033818489e-09
8.018750000000000000e+01,2.364348447674141340e-09
8.020312500000000000e+01,2.360260610982888991e-09
8.021875000000000000e+01,2.251348873050241555e-09
8.023437500000000000e+01,2.057417452233049884e-09
8.025000000000000000e+01,1.938089627108353264e-09
8.026562500000000000e+01,1.921599267055925975e-09
8.028125000000000000e+01,1.831344640968671093e-09
8.029687500000000000e+01,1.660824834728514143e-09
8.031250000000000000e+01,1.532355765276242885e-09
8.032812500000000000e+01,1.476029528140916427e-09
8.034375000000000000e+01,1.483972250041959242e-09
8.035937500000000000e+01,1.514862375423278257e-09
8.037500000000000000e+01,1.563407923331153231e-09
8.039062500000000000e+01,1.701366544080451338e-09
8.040625000000000000e+01,1.899365575952715676e-09
8.042187500000000000e+01,2.015109886047751929e-09
8.043750000000000000e+01,2.020909716082790460e-09
8.045312500000000000e+01,2.047916709489975036e-09
8.046875000000000000e+01,2.149081983339123320e-09
8.048437500000000000e+01,2.273677429604225384e-09
8.050000000000000000e+01,2.386098293119560610e-09
8.051562500000000000e+01,2.414704911335120069e-09
8.053125000000000000e+01,2.330561675698422072e-09
8.054687500000000000e+01,2.295057166496389393e-09
8.056250000000000000e+01,2.463118385151837079e-09
8.057812500000000000e+01,2.692758081782834619e-09
8.059375000000000000e+01,2.799401105473113739e-09
8.060937500000000000e+01,2.770577812414851772e-09
8.062500000000000000e+01,2.629424743285080621e-09
8.064062500000000000e+01,2.403263396949343508e-09
8.065625000000000000e+01,2.197951799179420702e-09
8.067187500000000000e+01,2.072264807411172589e-09
8.068750000000000000e+01,2.007346719620853877e-09
8.070312500000000000e+01,1.979451276957763854e-09
8.071875000000000000e+01,1.952184051554605128e-09
8.073437500000000000e+01,1.932327504626542053e-09
8.075000000000000000e+01,1.919441995985501365e-09
8.076562500000000000e+01,1.875588946772763328e-09
8.078125000000000000e+01,1.803462515812387553e-09
8.079687500000000000e+01,1.722427796965833827e-09
8.081250000000000000e+01,1.610891539405979518e-09
8.082812500000000000e+01,1.488934637257380664e-09
8.084375000000000000e+01,1.468979892859294910e-09
8.085937500000000000e+01,1.578320362219911781e-09
8.087500000000000000e+01,1.692217036999534699e-09
8.089062500000000000e+01,1.732087153804810874e-09
8.090625000000000000e+01,1.698241259370332694e-09
8.092187500000000000e+01,1.613744924101888620e-09
8.093750000000000000e+01,1.506646165162083498e-09
8.095312500000000000e+01,1.416488965786311663e-09
8.096875000000000000e+01,1.411673155575111630e-09
8.098437500000000000e+01,1.466706469933607781e-09
8.100000000000000000e+01,1.443814087006860004e-09
8.101562500000000000e+01,1.293805677268154643e-09
8.103125000000000000e+01,1.130350881533802671e-09
8.104687500000000000e+01,1.113322114875865677e-09
8.106250000000000000e+01,1.209737581960590287e-09
8.107812500000000000e+01,1.268663788071273067e-09
8.109375000000000000e+01,1.264626100256203895e-09
8.110937500000000000e+01,1.258028598697781779e-09
8.112500000000000000e+01,1.271375205189383259e-09
8.114062500000000000e+01,1.333062309565920738e-09
8.115625000000000000e+01,1.437835613551236458e-09
8.117187500000000000e+01,1.486520843297143132e-09
8.118750000000000000e+01,1.486940452417153659e-09
8.120312500000000000e+01,1.548858632030346932e-09
8.121875000000000000e+01,1.639226091435366077e-09
8.123437500000000000e+01,1.644671276037653474e-09
8.125000000000000000e+01,1.544602195009004872e-09
8.126562500000000000e+01,1.421158331832760185e-09
8.128125000000000000e+01,1.349491636389195663e-09
8.129687500000000000e+01,1.316424765797954583e-09
8.131250000000000000e+01,1.295918146081310055e-09
8.132812500000000000e+01,1.285010774902206086e-09
8.134375000000000000e+01,1.271814834995860484e-09
8.135937500000000000e+01,1.240196749266545688e-09
8.137500000000000000e+01,1.177099746846617645e-09
8.139062500000000000e+01,1.084601763392411353e-09
8.140625000000000000e+01,9.957529313143958071e-10
8.142187500000000000e+01,9.399568168353503147e-10
8.143750000000000000e+01,9.051685336950965030e-10
8.145312500000000000e+01,8.736786201986600186e-10
8.146875000000000000e+01,8.706391998788581147e-10
8.148437500000000000e+01,9.496928335415124238e-10
8.150000000000000000e+01,1.096909969310089762e-09
8.151562500000000000e+01,1.199997114905740766e-09
8.153125000000000000e+01,1.205864241375304688e-09
8.154687500000000000e+01,1.225176473976461202e-09
8.156250000000000000e+01,1.339360075389133096e-09
8.157812500000000000e+01,1.435961185186090903e-09
8.159375000000000000e+01,1.430487683452258443e-09
8.160937500000000000e+01,1.380201062729600500e-09
8.162500000000000000e+01,1.343009141136699389e-09
8.164062500000000000e+01,1.301657847001078783e-09
8.165625000000000000e+01,1.263384792912803898e-09
8.167187500000000000e+01,1.252567992635429783e-09
8.168750000000000000e+01,1.252951595158408677e-09
8.170312500000000000e+01,1.225400910711044091e-09
8.171875000000000000e+01,1.144255559733459253e-09
8.173437500000000000e+01,1.084858348995145548e-09
8.175000000000000000e+01,1.143421583715507722e-09
8.176562500000000000e+01,1.231091858139125431e-09
8.178125000000000000e+01,1.241010067401784068e-09
8.179687500000000000e+01,1.190265906592613561e-09
8.181250000000000000e+01,1.144810894521999058e-09
8.182812500000000000e+01,1.149400580853263148e-09
8.184375000000000000e+01,1.200541553320966947e-09
8.185937500000000000e+01,1.245092965404828978e-09
8.187500000000000000e+01,1.242084923767662843e-09
8.189062500000000000e+01,1.206327189551885660e-09
8.190625000000000000e+01,1.179605864272193463e-09
8.192187500000000000e+01,1.183176633043417838e-09
8.193750000000000000e+01,1.210879950143687316e-09
8.195312500000000000e+01,1.238540693376183287e-09
8.196875000000000000e+01,1.226867075827569203e-09
8.198437500000000000e+01,1.190943236834913310e-09
8.200000000000000000e+01,1.179760601775156739e-09
8.201562500000000000e+01,1.165437157112884916e-09
8.203125000000000000e+01,1.101378739300468811e-09
8.204687500000000000e+01,1.006222893329202942e-09
8.206250000000000000e+01,9.280160161684650949e-10
8.207812500000000000e+01,8.948399022451074100e-10
8.209375000000000000e+01,9.069498888748140082e-10
8.210937500000000000e+01,9.295341389155533242e-10
8.212500000000000000e+01,9.141133391862377560e-10
8.214062500000000000e+01,8.518041393577835191e-10
8.215625000000000000e+01,7.992922887516649317e-10
8.217187500000000000e+01,8.119722782607667996e-10
8.218750000000000000e+01,8.526786949722544741e-10
8.220312500000000000e+01,8.655316558331417295e-10
8.221875000000000000e+01,8.465143882292665802e-10
8.223437500000000000e+01,8.230648942773904627e-10
8.225000000000000000e+01,8.659276819502154321e-10
8.226562500000000000e+01,9.951644488216858458e-10
8.228125000000000000e+01,1.121654269034895029e-09
8.229687500000000000e+01,1.210419338058816172e-09
8.231250000000000000e+01,1.304786257841788677e-09
8.232812500000000000e+01,1.398277733348259486e-09
8.234375000000000000e+01,1.430564693195142979e-09
8.235937500000000000e+01,1.386455912726378786e-09
8.237500000000000000e+01,1.313717811233191932e-09
8.239062500000000000e+01,1.257037511313416925e-09
8.240625000000000000e+01,1.212882329616722029e-09
8.242187500000000000e+01,1.178399141976660032e-09
8.243750000000000000e+01,1.171746135828905346e-09
8.245312500000000000e+01,1.194772541089119290e-09
8.246875000000000000e+01,1.239777108189014383e-09
8.248437500000000000e+01,1.282822966057427366e-09
8.250000000000000000e+01,1.307366290102768734e-09
8.251562500000000000e+01,1.380306555822222100e-09
8.253125000000000000e+01,1.510431294861716499e-09
8.254687500000000000e+01,1.565088482381808125e-09
8.256250000000000000e+01,1.507460970424052344e-09
8.257812500000000000e+01,1.450400210793264533e-09
8.259375000000000000e+01,1.464700393896492797e-09
8.260937500000000000e+01,1.499446543809708855e-09
8.262500000000000000e+01,1.484312087000704951e-09
8.264062500000000000e+01,1.428745046424824608e-09
8.265625000000000000e+01,1.381781574494130712e-09
8.267187500000000000e+01,1.323819906345367468e-09
8.268750000000000000e+01,1.239844729257168555e-09
8.270312500000000000e+01,1.193146275377246277e-09
8.271875000000000000e+01,1.220471146393681726e-09
8.273437500000000000e+01,1.274113007201314867e-09
8.275000000000000000e+01,1.300459571751184186e-09
8.276562500000000000e+01,1.294304910549607875e-09
8.278125000000000000e+01,1.280568304853102496e-09
8.279687500000000000e+01,1.279712659134364153e-09
8.281250000000000000e+01,1.278295483602717895e-09
8.282812500000000000e+01,1.251489874661246325e-09
8.284375000000000000e+01,1.214889859802816196e-09
8.285937500000000000e+01,1.214432802199415322e-09
8.287500000000000000e+01,1.274775225468126267e-09
8.289062500000000000e+01,1.347325321155409991e-09
8.290625000000000000e+01,1.403631940359736919e-09
8.292187500000000000e+01,1.483221531698728468e-09
8.293750000000000000e+01,1.571674373067728796e-09
8.295312500000000000e+01,1.626860046545974094e-09
8.296875000000000000e+01,1.687701080848023213e-09
8.298437500000000000e+01,1.846731588613033946e-09
8.300000000000000000e+01,2.120976847541705328e-09
8.301562500000000000e+01,2.410909322463808503e-09
8.303125000000000000e+01,2.582702524707298173e-09
8.304687500000000000e+01,2.548626248872335030e-09
8.306250000000000000e+01,2.376526623084106621e-09
8.307812500000000000e+01,2.308253746308594560e-09
8.309375000000000000e+01,2.517666943218354694e-09
8.310937500000000000e+01,2.907822534053888823e-09
8.312500000000000000e+01,3.309018947980191508e-09
8.314062500000000000e+01,3.691578987362659969e-09
8.315625000000000000e+01,4.043279671625200315e-09
8.317187500000000000e+01,4.225969465393966307e-09
8.318750000000000000e+01,4.178401950515327903e-09
8.320312500000000000e+01,4.112398204513069536e-09
8.321875000000000000e+01,4.227210186540987666e-09
8.323437500000000000e+01,4.384563583141183043e-09
8.325000000000000000e+01,4.394423712198988928e-09
8.326562500000000000e+01,4.249183929516290352e-09
8.328125000000000000e+01,4.044090398137036608e-09
8.329687500000000000e+01,3.819426309864181302e-09
8.331250000000000000e+01,3.537540033819643063e-09
8.332812500000000000e+01,3.192593718654226838e-09
8.334375000000000000e+01,2.826058850548235153e-09
8.335937500000000000e+01,2.517735672158707284e-09
8.337500000000000000e+01,2.340597369788699227e-09
8.339062500000000000e+01,2.219198872466990159e-09
8.340625000000000000e+01,2.051251951318983457e-09
8.342187500000000000e+01,1.921411084584442721e-09
8.343750000000000000e+01,1.971446232380683508e-09
8.345312500000000000e+01,2.131310510851576394e-09
8.346875000000000000e+01,2.247942032106307628e-09
8.348437500000000000e+01,2.251092527953264234e-09
8.350000000000000000e+01,2.132457086823022563e-09
8.351562500000000000e+01,1.953436644443379489e-09
8.353125000000000000e+01,1.739963907938262355e-09
8.354687500000000000e+01,1.447918572036920822e-09
8.356250000000000000e+01,1.141841790089848121e-09
8.357812500000000000e+01,9.794383908086928617e-10
8.359375000000000000e+01,9.611807023205536718e-10
8.360937500000000000e+01,9.854078650128679460e-10
8.362500000000000000e+01,1.021861389970349312e-09
8.364062500000000000e+01,1.058656623636542792e-09
8.365625000000000000e+01,1.090289755746140911e-09
8.367187500000000000e+01,1.147588402107861829e-09
8.368750000000000000e+01,1.268647588377866946e-09
8.370312500000000000e+01,1.421146609313742006e-09
8.371875000000000000e+01,1.527487842150700570e-09
8.373437500000000000e+01,1.550116206070438475e-09
8.375000000000000000e+01,1.519116559142499084e-09
8.376562500000000000e+01,1.483650591427142033e-09
8.378125000000000000e+01,1.451222594449228571e-09
8.379687500000000000e+01,1.444313969042498791e-09
8.381250000000000000e+01,1.498548303081536092e-09
8.382812500000000000e+01,1.576272756063575748e-09
8.384375000000000000e+01,1.633131374889529769e-09
8.385937500000000000e+01,1.663288810827323327e-09
8.387500000000000000e+01,1.629416205308882159e-09
8.389062500000000000e+01,1.521655650986326600e-09
8.390625000000000000e+01,1.416929684429886163e-09
8.392187500000000000e+01,1.353582791515581839e-09
8.393750000000000000e+01,1.296062538136972862e-09
8.395312500000000000e+01,1.217904560774247617e-09
8.396875000000000000e+01,1.107789185742974398e-09
8.398437500000000000e+01,9.893430016999601175e-10
8.400000000000000000e+01,9.160246770295366930e-10
8.401562500000000000e+01,8.765308472156932391e-10
8.403125000000000000e+01,8.290940230299734378e-10
8.404687500000000000e+01,8.171106746556158549e-10
8.406250000000000000e+01,8.823572638164984738e-10
8.407812500000000000e+01,9.697191602190837673e-10
8.409375000000000000e+01,1.043063224532000347e-09
8.410937500000000000e+01,1.112117553102009525e-09
8.412500000000000000e+01,1.170361253377461640e-09
8.414062500000000000e+01,1.202772445510353075e-09
8.415625000000000000e+01,1.217918531012529594e-09
8.417187500000000000e+01,1.246592147610023330e-09
8.418750000000000000e+01,1.306849898073562589e-09
8.420312500000000000e+01,1.370090335587277467e-09
8.421875000000000000e+01,1.395349894602506414e-09
8.423437500000000000e+01,1.379608024742169402e-09
8.425000000000000000e+01,1.361310495866830646e-09
8.426562500000000000e+01,1.383363957074098732e-09
8.428125000000000000e+01,1.397210808446785868e-09
8.429687500000000000e+01,1.312672233948503831e-09
8.431250000000000000e+01,1.185458655300568963e-09
8.432812500000000000e+01,1.183508016836526588e-09
8.434375000000000000e+01,1.297183042086909228e-09
8.435937500000000000e+01,1.383513944034330130e-09
8.437500000000000000e+01,1.388422197716352363e-09
8.439062500000000000e+01,1.331548313344712393e-09
8.440625000000000000e+01,1.271035731208282770e-09
8.442187500000000000e+01,1.265192579236625377e-09
8.443750000000000000e+01,1.304363923572052214e-09
8.445312500000000000e+01,1.334700384877413602e-09
8.446875000000000000e+01,1.309741651327479895e-09
8.448437500000000000e+01,1.239834653942361496e-09
8.450000000000000000e+01,1.182558779963467612e-09
8.451562500000000000e+01,1.172929067910872019e-09
8.453125000000000000e+01,1.214231697167417370e-09
8.454687500000000000e+01,1.266295717861256513e-09
8.456250000000000000e+01,1.264011530727196865e-09
8.457812500000000000e+01,1.219348677129307782e-09
8.459375000000000000e+01,1.237688073770861205e-09
8.460937500000000000e+01,1.345072664569672697e-09
8.462500000000000000e+01,1.450329445131966538e-09
8.464062500000000000e+01,1.486186695671772064e-09
8.465625000000000000e+01,1.444880267448775270e-09
8.467187500000000000e+01,1.372938426983689053e-09
8.468750000000000000e+01,1.305968607375505017e-09
8.470312500000000000e+01,1.234673572843487968e-09
8.471875000000000000e+01,1.197120732326533405e-09
8.473437500000000000e+01,1.252006109728955394e-09
8.475000000000000000e+01,1.361203960955384586e-09
8.476562500000000000e+01,1.462884876621562812e-09
8.478125000000000000e+01,1.528448132420859014e-09
8.479687500000000000e+01,1.521827915520247826e-09
8.481250000000000000e+01,1.449401584130600821e-09
8.482812500000000000e+01,1.422667483363328109e-09
8.484375000000000000e+01,1.516295504872010303e-09
8.485937500000000000e+01,1.649640900952602266e-09
8.487500000000000000e+01,1.797008108827119556e-09
8.489062500000000000e+01,2.025641152611201987e-09
8.490625000000000000e+01,2.276389360331973923e-09
8.492187500000000000e+01,2.406469396975206550e-09
8.493750000000000000e+01,2.361275805280075667e-09
8.495312500000000000e+01,2.205934925782552120e-09
8.496875000000000000e+01,2.108095139688892461e-09
8.498437500000000000e+01,2.171025898453970933e-09
8.500000000000000000e+01,2.255405128389790149e-09
8.501562500000000000e+01,2.188057770658340417e-09
8.503125000000000000e+01,1.970580927913439220e-09
8.504687500000000000e+01,1.736684639252868793e-09
8.506250000000000000e+01,1.634749527290160594e-09
8.507812500000000000e+01,1.706815084397142943e-09
8.509375000000000000e+01,1.895203760722512931e-09
8.510937500000000000e+01,2.135246696026953731e-09
8.512500000000000000e+01,2.376774713241066464e-09
8.514062500000000000e+01,2.608880077376801141e-09
8.515625000000000000e+01,2.820718616221390789e-09
8.517187500000000000e+01,2.969738841035433182e-09
8.518750000000000000e+01,3.000621458616528653e-09
8.520312500000000000e+01,2.867920173195172772e-09
8.521875000000000000e+01,2.625993575441735384e-09
8.523437500000000000e+01,2.420552566268066671e-09
8.525000000000000000e+01,2.292921133783028068e-09
8.526562500000000000e+01,2.161365792804775085e-09
8.528125000000000000e+01,2.021088485243023875e-09
8.529687500000000000e+01,1.941778708193409554e-09
8.531250000000000000e+01,1.934845781440741017e-09
8.532812500000000000e+01,1.960228080127201446e-09
8.534375000000000000e+01,1.972598673518488073e-09
8.535937500000000000e+01,1.926383837299090964e-09
8.537500000000000000e+01,1.822334187709691882e-09
8.539062500000000000e+01,1.696703470041340929e-09
8.540625000000000000e+01,1.616957105341988100e-09
8.542187500000000000e+01,1.656723150289317187e-09
8.543750000000000000e+01,1.768692651432685338e-09
8.545312500000000000e+01,1.874941288938502175e-09
8.546875000000000000e+01,1.943781091312984798e-09
8.548437500000000000e+01,1.973331054173982087e-09
8.550000000000000000e+01,2.039642226089899468e-09
8.551562500000000000e+01,2.189689720197195006e-09
8.553125000000000000e+01,2.352221663572137208e-09
8.554687500000000000e+01,2.526215448071524961e-09
8.556250000000000000e+01,2.748692335055421212e-09
8.557812500000000000e+01,2.913875995514769713e-09
8.559375000000000000e+01,2.905843281479572273e-09
8.560937500000000000e+01,2.728692917316891405e-09
8.562500000000000000e+01,2.528960335557363670e-09
8.564062500000000000e+01,2.508614361097933442e-09
8.565625000000000000e+01,2.646028740696119204e-09
8.567187500000000000e+01,2.771131568479782126e-09
8.568750000000000000e+01,2.806539200497082880e-09
8.570312500000000000e+01,2.733835842570167436e-09
8.571875000000000000e+01,2.620736732091379666e-09
8.573437500000000000e+01,2.607090582287941496e-09
8.575000000000000000e+01,2.683454801873411217e-09
8.576562500000000000e+01,2.728948268853031484e-09
8.578125000000000000e+01,2.709616027524874078e-09
8.579687500000000000e+01,2.649869704614958902e-09
8.581250000000000000e+01,2.542885092533167773e-09
8.582812500000000000e+01,2.416284843164944301e-09
8.584375000000000000e+01,2.357818626215684607e-09
8.585937500000000000e+01,2.366427728981149321e-09
8.587500000000000000e+01,2.415793940016254682e-09
8.589062500000000000e+01,2.547409748972077871e-09
8.590625000000000000e+01,2.767283365316684008e-09
8.592187500000000000e+01,3.012311792264385652e-09
8.593750000000000000e+01,3.173206628226253168e-09
8.595312500000000000e+01,3.197260172004634901e-09
8.596875000000000000e+01,3.142125132824494852e-09
8.598437500000000000e+01,3.053482126930806166e-09
8.600000000000000000e+01,2.998641024674174191e-09
8.601562500000000000e+01,3.068170615050165727e-09
8.603125000000000000e+01,3.169119421083099761e-09
8.604687500000000000e+01,3.209109299432463606e-09
8.606250000000000000e+01,3.247215594216675473e-09
8.607812500000000000e+01,3.295550146837836072e-09
8.609375000000000000e+01,3.271875621523428880e-09
8.610937500000000000e+01,3.173005218244794490e-09
8.612500000000000000e+01,3.098807934145565831e-09
8.614062500000000000e+01,3.069372353291153180e-09
8.615625000000000000e+01,3.020710187436347482e-09
8.617187500000000000e+01,2.968068505479235285e-09
8.618750000000000000e+01,2.954237447772077466e-09
8.620312500000000000e+01,2.944775861747535266e-09
8.621875000000000000e+01,2.886004419291363472e-09
8.623437500000000000e+01,2.848817147242298552e-09
8.625000000000000000e+01,3.015011357140622917e-09
8.626562500000000000e+01,3.440084255233194629e-09
8.628125000000000000e+01,3.949797173431783099e-09
8.629687500000000000e+01,4.274163997692924705e-09
8.631250000000000000e+01,4.259801245628108201e-09
8.632812500000000000e+01,4.054730082314749203e-09
8.634375000000000000e+01,4.048489380335475583e-09
8.635937500000000000e+01,4.355583230854700998e-09
8.637500000000000000e+01,4.714246778362938076e-09
8.639062500000000000e+01,4.962936183105009547e-09
8.640625000000000000e+01,5.103559518489761385e-09
8.642187500000000000e+01,5.204658477810190648e-09
8.643750000000000000e+01,5.335422664231219940e-09
8.645312500000000000e+01,5.541859206268779879e-09
8.646875000000000000e+01,5.741180920157074343e-09
8.648437500000000000e+01,5.737184481614431495e-09
8.650000000000000000e+01,5.584123769660813751e-09
8.651562500000000000e+01,5.567980792373591089e-09
8.653125000000000000e+01,5.743553257793050412e-09
8.654687500000000000e+01,5.807477273171464160e-09
8.656250000000000000e+01,5.495335272664885997e-09
8.657812500000000000e+01,4.966153929317067476e-09
8.659375000000000000e+01,4.672397853610205643e-09
8.660937500000000000e+01,4.769156515933025388e-09
8.662500000000000000e+01,4.850707195547965081e-09
8.664062500000000000e+01,4.656949743652505963e-09
8.665625000000000000e+01,4.469403100069519204e-09
8.667187500000000000e+01,4.483770245131095173e-09
8.668750000000000000e+01,4.472950076424670508e-09
8.670312500000000000e+01,4.312500927117124557e-09
8.671875000000000000e+01,4.021721030060483738e-09
8.673437500000000000e+01,3.573639868958131398e-09
8.675000000000000000e+01,3.116103907366303943e-09
8.676562500000000000e+01,2.901384096630130113e-09
8.678125000000000000e+01,2.862187222116353634e-09
8.679687500000000000e+01,2.809293338455140442e-09
8.681250000000000000e+01,2.705096453191672879e-09
8.682812500000000000e+01,2.577967792802754081e-09
8.684375000000000000e+01,2.436253917907336683e-09
8.685937500000000000e+01,2.291117390034424361e-09
8.687500000000000000e+01,2.177765773078179762e-09
8.689062500000000000e+01,2.094555334446650348e-09
8.690625000000000000e+01,2.028631137503792214e-09
8.692187500000000000e+01,1.989405702500761310e-09
8.693750000000000000e+01,1.940152193201022915e-09
8.695312500000000000e+01,1.839018983114223471e-09
8.696875000000000000e+01,1.726901836503673018e-09
8.698437500000000000e+01,1.684598475691598559e-09
8.700000000000000000e+01,1.714090804164856730e-09
8.701562500000000000e+01,1.785272738211711806e-09
8.703125000000000000e+01,1.890217725414337883e-09
8.704687500000000000e+01,2.015198519852556559e-09
8.706250000000000000e+01,2.158580609310603516e-09
8.707812500000000000e+01,2.283049864745432694e-09
8.709375000000000000e+01,2.344935933345432556e-09
8.710937500000000000e+01,2.381488583387073097e-09
8.712500000000000000e+01,2.475870427278925790e-09
8.714062500000000000e+01,2.652197282147434369e-09
8.715625000000000000e+01,2.795533192495406735e-09
8.717187500000000000e+01,2.777073358553748196e-09
8.718750000000000000e+01,2.621662611430912927e-09
8.720312500000000000e+01,2.465374479852939528e-09
8.721875000000000000e+01,2.401990090220511134e-09
8.723437500000000000e+01,2.405162341240178323e-09
8.725000000000000000e+01,2.426450915350111715e-09
8.726562500000000000e+01,2.479269621736901260e-09
8.728125000000000000e+01,2.542559556054228186e-09
8.729687500000000000e+01,2.533919843547362386e-09
8.731250000000000000e+01,2.484005263935475510e-09
8.732812500000000000e+01,2.545741875847176171e-09
8.734375000000000000e+01,2.721998715873866348e-09
8.735937500000000000e+01,2.831417722522413563e-09
8.737500000000000000e+01,2.806224562616171583e-09
8.739062500000000000e+01,2.766769774645093072e-09
8.740625000000000000e+01,2.775450851434350029e-09
8.742187500000000000e+01,2.722981571147970978e-09
8.743750000000000000e+01,2.532250652128198837e-09
8.745312500000000000e+01,2.285894613636004229e-09
8.746875000000000000e+01,2.116855968950616864e-09
8.748437500000000000e+01,2.064900698334047482e-09
8.750000000000000000e+01,2.098044883189973383e-09
8.751562500000000000e+01,2.130651446353365921e-09
8.753125000000000000e+01,2.091714894511499386e-09
8.754687500000000000e+01,2.085646674450182460e-09
8.756250000000000000e+01,2.198749697995983729e-09
8.757812500000000000e+01,2.293858434185533086e-09
8.759375000000000000e+01,2.264073852862276537e-09
8.760937500000000000e+01,2.146320372498161015e-09
8.762500000000000000e+01,2.021496426311268003e-09
8.764062500000000000e+01,1.977633344370215944e-09
8.765625000000000000e+01,2.050937509488121017e-09
8.767187500000000000e+01,2.092200260779399964e-09
8.768750000000000000e+01,1.961080890359838920e-09
8.770312500000000000e+01,1.753001114102281508e-09
8.771875000000000000e+01,1.656436849319715444e-09
8.773437500000000000e+01,1.695229501072356319e-09
8.775000000000000000e+01,1.783961017095230069e-09
8.776562500000000000e+01,1.883321226446503604e-09
8.778125000000000000e+01,2.005722596129236012e-09
8.779687500000000000e+01,2.163163979711312881e-09
8.781250000000000000e+01,2.303139924271940385e-09
8.782812500000000000e+01,2.337280266608287947e-09
8.784375000000000000e+01,2.249952299304992075e-09
8.785937500000000000e+01,2.126345375372927325e-09
8.787500000000000000e+01,2.035015039248992072e-09
8.789062500000000000e+01,1.972597708624749703e-09
8.790625000000000000e+01,1.960114780459246086e-09
8.792187500000000000e+01,2.018955563519742321e-09
8.793750000000000000e+01,2.138179255881625892e-09
8.795312500000000000e+01,2.281767853268264020e-09
8.796875000000000000e+01,2.363988089339846378e-09
8.798437500000000000e+01,2.351778524921419356e-09
8.800000000000000000e+01,2.330763312390741378e-09
8.801562500000000000e+01,2.386481024151029930e-09
8.803125000000000000e+01,2.461191556202341200e-09
8.804687500000000000e+01,2.442139755771030611e-09
8.806250000000000000e+01,2.319312547152045185e-09
8.807812500000000000e+01,2.154507991858914489e-09
8.809375000000000000e+01,2.041812236055006970e-09
8.810937500000000000e+01,2.088522902144770383e-09
8.812500000000000000e+01,2.250016192566042304e-09
8.814062500000000000e+01,2.366045530158495514e-09
8.815625000000000000e+01,2.357279823991992636e-09
8.817187500000000000e+01,2.273502875224038708e-09
8.818750000000000000e+01,2.255845681591609659e-09
8.820312500000000000e+01,2.362900605265229141e-09
8.821875000000000000e+01,2.500113858406557518e-09
8.823437500000000000e+01,2.656467097885618340e-09
8.825000000000000000e+01,2.873252030523832725e-09
8.826562500000000000e+01,3.044173904375071425e-09
8.828125000000000000e+01,3.034273190236178729e-09
8.829687500000000000e+01,2.845232186939891793e-09
8.831250000000000000e+01,2.642968147717292792e-09
8.832812500000000000e+01,2.579407352374613721e-09
8.834375000000000000e+01,2.557037511743290549e-09
8.835937500000000000e+01,2.426221499688435790e-09
8.837500000000000000e+01,2.210494608112774555e-09
8.839062500000000000e+01,1.988836292922333716e-09
8.840625000000000000e+01,1.803070960319077678e-09
8.842187500000000000e+01,1.683850932278429642e-09
8.843750000000000000e+01,1.613080185613590661e-09
8.845312500000000000e+01,1.567570501216404194e-09
8.846875000000000000e+01,1.532820529179070154e-09
8.848437500000000000e+01,1.460074338733189025e-09
8.850000000000000000e+01,1.342925947237568704e-09
8.851562500000000000e+01,1.234055821439861885e-09
8.853125000000000000e+01,1.165257567213504688e-09
8.854687500000000000e+01,1.160919158808062660e-09
8.856250000000000000e+01,1.258742458059570289e-09
8.857812500000000000e+01,1.436932796849650153e-09
8.859375000000000000e+01,1.607043206452044400e-09
8.860937500000000000e+01,1.680286959079269291e-09
8.862500000000000000e+01,1.629584715215847079e-09
8.864062500000000000e+01,1.511628949549915061e-09
8.865625000000000000e+01,1.392572364069044171e-09
8.867187500000000000e+01,1.301592420602583784e-09
8.868750000000000000e+01,1.293602733540588126e-09
8.870312500000000000e+01,1.396384591471997539e-09
8.871875000000000000e+01,1.552980703967009908e-09
8.873437500000000000e+01,1.671936214189136674e-09
8.875000000000000000e+01,1.640343125882040582e-09
8.876562500000000000e+01,1.446887087429401848e-09
8.878125000000000000e+01,1.292177991825557956e-09
8.879687500000000000e+01,1.334017120242997853e-09
8.881250000000000000e+01,1.439722762463231325e-09
8.882812500000000000e+01,1.520045230286178837e-09
8.884375000000000000e+01,1.603086647228215437e-09
8.885937500000000000e+01,1.654225611016372402e-09
8.887500000000000000e+01,1.621763597461789778e-09
8.889062500000000000e+01,1.524559731740466997e-09
8.890625000000000000e+01,1.394435735032113757e-09
8.892187500000000000e+01,1.283749288660845645e-09
8.893750000000000000e+01,1.269446812281220667e-09
8.895312500000000000e+01,1.332612293537141426e-09
8.896875000000000000e+01,1.426142869711492600e-09
8.898437500000000000e+01,1.548206503567513653e-09
8.900000000000000000e+01,1.662069317945594482e-09
8.901562500000000000e+01,1.717678191679960407e-09
8.903125000000000000e+01,1.708376948770650282e-09
8.904687500000000000e+01,1.680758299350435300e-09
8.906250000000000000e+01,1.692734531097197720e-09
8.907812500000000000e+01,1.723149653803673293e-09
8.909375000000000000e+01,1.711934701656730633e-09
8.910937500000000000e+01,1.663140411402805337e-09
8.912500000000000000e+01,1.639045991609680407e-09
8.914062500000000000e+01,1.671375852303431026e-09
8.915625000000000000e+01,1.723403821759617189e-09
8.917187500000000000e+01,1.769486363350932831e-09
8.918750000000000000e+01,1.835988213135779326e-09
8.920312500000000000e+01,1.928040166122959414e-09
8.921875000000000000e+01,2.009046553126069330e-09
8.923437500000000000e+01,2.042004582449375588e-09
8.925000000000000000e+01,2.000697868451403072e-09
8.926562500000000000e+01,1.902776197239510058e-09
8.928125000000000000e+01,1.813348857806480422e-09
8.929687500000000000e+01,1.810882039852294747e-09
8.931250000000000000e+01,1.898627052906916550e-09
8.932812500000000000e+01,1.950308069897595810e-09
8.934375000000000000e+01,1.867176766185222143e-09
8.935937500000000000e+01,1.732262027084729853e-09
8.937500000000000000e+01,1.716708693397795446e-09
8.939062500000000000e+01,1.815753747707644519e-09
8.940625000000000000e+01,1.884054965620597232e-09
8.942187500000000000e+01,1.837377421847090795e-09
8.943750000000000000e+01,1.693462489694825351e-09
8.945312500000000000e+01,1.527656123707334128e-09
8.946875000000000000e+01,1.389185318740803710e-09
8.948437500000000000e+01,1.300234453218674471e-09
8.950000000000000000e+01,1.288696085275158879e-09
8.951562500000000000e+01,1.330961316403879860e-09
8.953125000000000000e+01,1.352608402202877358e-09
8.954687500000000000e+01,1.312791742429501909e-09
8.956250000000000000e+01,1.226285660876660089e-09
8.957812500000000000e+01,1.128743969924134175e-09
8.959375000000000000e+01,1.069852260152219760e-09
8.960937500000000000e+01,1.075756765615403535e-09
8.962500000000000000e+01,1.114265521157980912e-09
8.964062500000000000e+01,1.146596536373389604e-09
8.965625000000000000e+01,1.162595314821262826e-09
8.967187500000000000e+01,1.194243918347362094e-09
8.968750000000000000e+01,1.275213814474525989e-09
8.970312500000000000e+01,1.379819646602942508e-09
8.971875000000000000e+01,1.478337941989347049e-09
8.973437500000000000e+01,1.562161443219343222e-09
8.975000000000000000e+01,1.609482832868868644e-09
8.976562500000000000e+01,1.632383425673316083e-09
8.978125000000000000e+01,1.647829527264383910e-09
8.979687500000000000e+01,1.578508972189492615e-09
8.981250000000000000e+01,1.384681621647969599e-09
8.982812500000000000e+01,1.192413386589941748e-09
8.984375000000000000e+01,1.102349047184889443e-09
8.985937500000000000e+01,1.075169666880489426e-09
8.987500000000000000e+01,1.109761934936574415e-09
8.989062500000000000e+01,1.186930431702842495e-09
8.990625000000000000e+01,1.246276648443869501e-09
8.992187500000000000e+01,1.261365756427797665e-09
8.993750000000000000e+01,1.220730491449519555e-09
8.995312500000000000e+01,1.132813592197180931e-09
8.996875000000000000e+01,1.045197343187148003e-09
8.998437500000000000e+01,1.021119564664034299e-09
9.000000000000000000e+01,1.047313882373938763e-09
9.001562500000000000e+01,1.032808780970977915e-09
9.003125000000000000e+01,9.463560989506713744e-10
9.004687500000000000e+01,8.877571103571121637e-10
9.006250000000000000e+01,9.299195620552209474e-10
9.007812500000000000e+01,9.877698594956328139e-10
9.009375000000000000e+01,9.971085682411043647e-10
9.010937500000000000e+01,9.724528648060376550e-10
9.012500000000000000e+01,9.417988385794816970e-10
9.014062500000000000e+01,9.130400355006257679e-10
9.015625000000000000e+01,8.890457935376808820e-10
9.017187500000000000e+01,9.040273063181953539e-10
9.018750000000000000e+01,9.649969667478221927e-10
9.020312500000000000e+01,1.007739562718330540e-09
9.021875000000000000e+01,1.002824529393651148e-09
9.023437500000000000e+01,9.801692826504014906e-10
9.025000000000000000e+01,9.685555864230956831e-10
9.026562500000000000e+01,9.896280848433860415e-10
9.028125000000000000e+01,1.043136295323236454e-09
9.029687500000000000e+01,1.091188386042833396e-09
9.031250000000000000e+01,1.087072741829112079e-09
9.032812500000000000e+01,1.024899724229953334e-09
9.034375000000000000e+01,9.813590154415643829e-10
9.035937500000000000e+01,1.026359618077639415e-09
9.037500000000000000e+01,1.101183838649830371e-09
9.039062500000000000e+01,1.121028910443214238e-09
9.040625000000000000e+01,1.072353303024287443e-09
9.042187500000000000e+01,9.918584696521671752e-10
9.043750000000000000e+01,9.608322729379141939e-10
9.045312500000000000e+01,1.049496575743276466e-09
9.046875000000000000e+01,1.191968674643593063e-09
9.048437500000000000e+01,1.290704656186712654e-09
9.050000000000000000e+01,1.343544003654153206e-09
9.051562500000000000e+01,1.380824896912186994e-09
9.053125000000000000e+01,1.385080326969426709e-09
9.054687500000000000e+01,1.343147858802596754e-09
9.056250000000000000e+01,1.300739593725366119e-09
9.057812500000000000e+01,1.298877348228661322e-09
9.059375000000000000e+01,1.304780027615791518e-09
9.060937500000000000e+01,1.267639969814728964e-09
9.062500000000000000e+01,1.187572154812588014e-09
9.064062500000000000e+01,1.090967892858391590e-09
9.065625000000000000e+01,9.952384164383868895e-10
9.067187500000000000e+01,9.243233453260103671e-10
9.068750000000000000e+01,8.903382243063936514e-10
9.070312500000000000e+01,8.758023393746286024e-10
9.071875000000000000e+01,8.667589943014224843e-10
9.073437500000000000e+01,8.609232984113763465e-10
9.075000000000000000e+01,8.727332985039169537e-10
9.076562500000000000e+01,9.180417693691210221e-10
9.078125000000000000e+01,9.880816595916727501e-10
9.079687500000000000e+01,1.047639977358587339e-09
9.081250000000000000e+01,1.074726079437089098e-09
9.082812500000000000e+01,1.108888339328303216e-09
9.084375000000000000e+01,1.181484172223755243e-09
9.085937500000000000e+01,1.242567008364147664e-09
9.087500000000000000e+01,1.251336917454176378e-09
9.089062500000000000e+01,1.230418247433942262e-09
9.090625000000000000e+01,1.202843827757553949e-09
9.092187500000000000e+01,1.166993160364517334e-09
9.093750000000000000e+01,1.134388185587695208e-09
9.095312500000000000e+01,1.125731232153972627e-09
9.096875000000000000e+01,1.134043315470521143e-09
9.098437500000000000e+01,1.142997465045770034e-09
9.100000000000000000e+01,1.143484669247884978e-09
9.101562500000000000e+01,1.121793573984150463e-09
9.103125000000000000e+01,1.095612722054341745e-09
9.104687500000000000e+01,1.104315651051486587e-09
9.106250000000000000e+01,1.130337410896120004e-09
9.107812500000000000e+01,1.115183140580253342e-09
9.109375000000000000e+01,1.056406905221067163e-09
9.110937500000000000e+01,1.012697394635921525e-09
9.112500000000000000e+01,1.006100100863736930e-09
9.114062500000000000e+01,9.978277736497264676e-10
9.115625000000000000e+01,9.667384811135397508e-10
9.117187500000000000e+01,9.442071814118505226e-10
9.118750000000000000e+01,9.542810772767421216e-10
9.120312500000000000e+01,9.530673330861194566e-10
9.121875000000000000e+01,9.022854421176501429e-10
9.123437500000000000e+01,8.656080106443078314e-10
9.125000000000000000e+01,9.225267349855863276e-10
9.126562500000000000e+01,1.017779761688061950e-09
9.128125000000000000e+01,1.061706381036259044e-09
9.129687500000000000e+01,1.038898772857218425e-09
9.131250000000000000e+01,1.007426164574996341e-09
9.132812500000000000e+01,1.025727040788100238e-09
9.134375000000000000e+01,1.069104207669525018e-09
9.135937500000000000e+01,1.086329217693301552e-09
9.137500000000000000e+01,1.069507347534387742e-09
9.139062500000000000e+01,1.022190357845871670e-09
9.140625000000000000e+01,9.349315960792746248e-10
9.142187500000000000e+01,8.478362077927377208e-10
9.143750000000000000e+01,8.386078091039665556e-10
9.145312500000000000e+01,8.957271522732574377e-10
9.146875000000000000e+01,9.484619975244141388e-10
9.148437500000000000e+01,9.529992517068748752e-10
9.150000000000000000e+01,8.975399275278792148e-10
9.151562500000000000e+01,8.138280161494275548e-10
9.153125000000000000e+01,7.719782597261387585e-10
9.154687500000000000e+01,8.040133986981887830e-10
9.156250000000000000e+01,8.701081224115902829e-10
9.157812500000000000e+01,9.333563536551856493e-10
9.159375000000000000e+01,9.730708258207812182e-10
9.160937500000000000e+01,9.693070927984395886e-10
9.162500000000000000e+01,9.239062799304989826e-10
9.164062500000000000e+01,8.572174436900407535e-10
9.165625000000000000e+01,7.807960782183815290e-10
9.167187500000000000e+01,7.138120454397260595e-10
9.168750000000000000e+01,6.944668508683439224e-10
9.170312500000000000e+01,7.395720337946610819e-10
9.171875000000000000e+01,8.279641161540879032e-10
9.173437500000000000e+01,9.430307615296861580e-10
9.175000000000000000e+01,1.053931074385456122e-09
9.176562500000000000e+01,1.086387331726359135e-09
9.178125000000000000e+01,1.005031934823945183e-09
9.179687500000000000e+01,8.843939610714523664e-10
9.181250000000000000e+01,8.558978118518613252e-10
9.182812500000000000e+01,9.456528931865153942e-10
9.184375000000000000e+01,1.068293500412689422e-09
9.185937500000000000e+01,1.172418239237534470e-09
9.187500000000000000e+01,1.246358613354111957e-09
9.189062500000000000e+01,1.269855536014909108e-09
9.190625000000000000e+01,1.218163788953178314e-09
9.192187500000000000e+01,1.111421193332126493e-09
9.193750000000000000e+01,1.045498652932467088e-09
9.195312500000000000e+01,1.083921741808476773e-09
9.196875000000000000e+01,1.157741689127351809e-09
9.198437500000000000e+01,1.185828495170876742e-09
9.200000000000000000e+01,1.144661219572011076e-09
9.201562500000000000e+01,1.060348826694596946e-09
9.203125000000000000e+01,1.032631224034555071e-09
9.204687500000000000e+01,1.119294818138436375e-09
9.206250000000000000e+01,1.199661503563019519e-09
9.207812500000000000e+01,1.181492846824871251e-09
9.209375000000000000e+01,1.117978821743400618e-09
9.210937500000000000e+01,1.085965601536929876e-09
9.212500000000000000e+01,1.071399313508016387e-09
9.214062500000000000e+01,1.034205369898770817e-09
9.215625000000000000e+01,9.823948352871256472e-10
9.217187500000000000e+01,9.310778736663552058e-10
9.218750000000000000e+01,9.007177893566375792e-10
9.220312500000000000e+01,9.151298308707673339e-10
9.221875000000000000e+01,9.408410056975565092e-10
9.223437500000000000e+01,9.281504372052368565e-10
9.225000000000000000e+01,8.817577677155792889e-10
9.226562500000000000e+01,8.378034480329391767e-10
9.228125000000000000e+01,7.984654607360574395e-10
9.229687500000000000e+01,7.557783715364280455e-10
9.231250000000000000e+01,7.498845286570124250e-10
9.232812500000000000e+01,8.177871353946662569e-10
9.234375000000000000e+01,9.320551787474825159e-10
9.235937500000000000e+01,1.048000848038380016e-09
9.237500000000000000e+01,1.142158616287476686e-09
9.239062500000000000e+01,1.212449577925477838e-09
9.240625000000000000e+01,1.256195275621261452e-09
9.242187500000000000e+01,1.270483459242732949e-09
9.243750000000000000e+01,1.291278079230837049e-09
9.245312500000000000e+01,1.348325194084604954e-09
9.246875000000000000e+01,1.431549400717302178e-09
9.248437500000000000e+01,1.515803057328862846e-09
9.250000000000000000e+01,1.550208308943563680e-09
9.251562500000000000e+01,1.531537320398264636e-09
9.253125000000000000e+01,1.519467185868975669e-09
9.254687500000000000e+01,1.543628040871353639e-09
9.256250000000000000e+01,1.580406305645270677e-09
9.257812500000000000e+01,1.612686209980233705e-09
9.259375000000000000e+01,1.662241806704882022e-09
9.260937500000000000e+01,1.699787332578730469e-09
9.262500000000000000e+01,1.663994883174074181e-09
9.264062500000000000e+01,1.604572251398344964e-09
9.265625000000000000e+01,1.597603449328687934e-09
9.267187500000000000e+01,1.584947534227582127e-09
9.268750000000000000e+01,1.492747733471512897e-09
9.270312500000000000e+01,1.369852795030157063e-09
9.271875000000000000e+01,1.315344974082487814e-09
9.273437500000000000e+01,1.337537961631062986e-09
9.275000000000000000e+01,1.365705417171217977e-09
9.276562500000000000e+01,1.355419359371367448e-09
9.278125000000000000e+01,1.326894242561392294e-09
9.279687500000000000e+01,1.326764398920611640e-09
9.281250000000000000e+01,1.367748061705908018e-09
9.282812500000000000e+01,1.433073120127851865e-09
9.284375000000000000e+01,1.472664598839490393e-09
9.285937500000000000e+01,1.431123707127792857e-09
9.287500000000000000e+01,1.374090901312005268e-09
9.289062500000000000e+01,1.426242776714216515e-09
9.290625000000000000e+01,1.517039405807259934e-09
9.292187500000000000e+01,1.524149475636284691e-09
9.293750000000000000e+01,1.474634278263701721e-09
9.295312500000000000e+01,1.428308458676451430e-09
9.296875000000000000e+01,1.397752017952247971e-09
9.298437500000000000e+01,1.367296376049999811e-09
9.300000000000000000e+01,1.312959193578842098e-09
9.301562500000000000e+01,1.244329570007130639e-09
9.303125000000000000e+01,1.182168767554758119e-09
9.304687500000000000e+01,1.143877141602003031e-09
9.306250000000000000e+01,1.132643009185807051e-09
9.307812500000000000e+01,1.128023225592889141e-09
9.309375000000000000e+01,1.134321064766193425e-09
9.310937500000000000e+01,1.154397872163940556e-09
9.312500000000000000e+01,1.170871996654431128e-09
9.314062500000000000e+01,1.174085098263505029e-09
9.315625000000000000e+01,1.139034637245794137e-09
9.317187500000000000e+01,1.062605483161706441e-09
9.318750000000000000e+01,9.973310309741850269e-10
9.320312500000000000e+01,9.639296680098578105e-10
9.321875000000000000e+01,9.165987216423467412e-10
9.323437500000000000e+01,8.357476269588453763e-10
9.325000000000000000e+01,7.555182068190283378e-10
9.326562500000000000e+01,7.365609338712192200e-10
9.328125000000000000e+01,8.070203482423765237e-10
9.329687500000000000e+01,9.036271414781021571e-10
9.331250000000000000e+01,9.753989203887661089e-10
9.332812500000000000e+01,1.047137404308800730e-09
9.334375000000000000e+01,1.139356994721734825e-09
9.335937500000000000e+01,1.220106764791138964e-09
9.337500000000000000e+01,1.264607895170873460e-09
9.339062500000000000e+01,1.283020094336035244e-09
9.340625000000000000e+01,1.289806655750250131e-09
9.342187500000000000e+01,1.290542545426719562e-09
9.343750000000000000e+01,1.286660576537312437e-09
9.345312500000000000e+01,1.260745988181470243e-09
9.346875000000000000e+01,1.186393411762204656e-09
9.348437500000000000e+01,1.102666945223389654e-09
9.350000000000000000e+01,1.085984526604488027e-09
9.351562500000000000e+01,1.096214800687839310e-09
9.353125000000000000e+01,1.074587312050870788e-09
9.354687500000000000e+01,1.100803634109096210e-09
9.356250000000000000e+01,1.213733948438706854e-09
9.357812500000000000e+01,1.309898627623633653e-09
9.359375000000000000e+01,1.335199280311815243e-09
9.360937500000000000e+01,1.311674992285105652e-09
9.362500000000000000e+01,1.268481193139003677e-09
9.364062500000000000e+01,1.222763037527867881e-09
9.365625000000000000e+01,1.193438142409501802e-09
9.367187500000000000e+01,1.190022145293292740e-09
9.368750000000000000e+01,1.195221760099729151e-09
9.370312500000000000e+01,1.178082214913574073e-09
9.371875000000000000e+01,1.103155024949106689e-09
9.373437500000000000e+01,9.938298755053159832e-10
9.375000000000000000e+01,9.435881888266050592e-10
9.376562500000000000e+01,9.788394177084613465e-10
9.378125000000000000e+01,1.050151302236302368e-09
9.379687500000000000e+01,1.114692551612385521e-09
9.381250000000000000e+01,1.134516162691260643e-09
9.382812500000000000e+01,1.128881678976497552e-09
9.384375000000000000e+01,1.147738451899319112e-09
9.385937500000000000e+01,1.184556193408081191e-09
9.387500000000000000e+01,1.214224142603197572e-09
9.389062500000000000e+01,1.214513166704575341e-09
9.390625000000000000e+01,1.166224737006003387e-09
9.392187500000000000e+01,1.107142633942816252e-09
9.393750000000000000e+01,1.092814817136766256e-09
9.395312500000000000e+01,1.091709324691323016e-09
9.396875000000000000e+01,1.049008272921154239e-09
9.398437500000000000e+01,1.001877206676959092e-09
9.400000000000000000e+01,1.035929180832547388e-09
9.401562500000000000e+01,1.131921416179389105e-09
9.403125000000000000e+01,1.213171541241403396e-09
9.404687500000000000e+01,1.297390966570989755e-09
9.406250000000000000e+01,1.424234022011345982e-09
9.407812500000000000e+01,1.549594630960929275e-09
9.409375000000000000e+01,1.633476109639699842e-09
9.410937500000000000e+01,1.678422198509997038e-09
9.412500000000000000e+01,1.691766548917268324e-09
9.414062500000000000e+01,1.689759122436242711e-09
9.415625000000000000e+01,1.688838627991901840e-09
9.417187500000000000e+01,1.676109151388470896e-09
9.418750000000000000e+01,1.638069856422580446e-09
9.420312500000000000e+01,1.596043139708672706e-09
9.421875000000000000e+01,1.565261244955194205e-09
9.423437500000000000e+01,1.556430617942629600e-09
9.425000000000000000e+01,1.574347887121022235e-09
9.426562500000000000e+01,1.593965290124995402e-09
9.428125000000000000e+01,1.598069582264540759e-09
9.429687500000000000e+01,1.597440476121837198e-09
9.431250000000000000e+01,1.593925913226101453e-09
9.432812500000000000e+01,1.549036112321383644e-09
9.434375000000000000e+01,1.431080100185421029e-09
9.435937500000000000e+01,1.258557481228547245e-09
9.437500000000000000e+01,1.086052188443526732e-09
9.439062500000000000e+01,9.660717460636318166e-10
9.440625000000000000e+01,9.223759530594339173e-10
9.442187500000000000e+01,9.515036929798864859e-10
9.443750000000000000e+01,1.020520377564766778e-09
9.445312500000000000e+01,1.069940504501513877e-09
9.446875000000000000e+01,1.059610371645292863e-09
9.448437500000000000e+01,9.952207683227892749e-10
9.450000000000000000e+01,9.203661797590592856e-10
9.451562500000000000e+01,9.088761924874829114e-10
9.453125000000000000e+01,1.002255897269624601e-09
9.454687500000000000e+01,1.152018269216799821e-09
9.456250000000000000e+01,1.284542829310655372e-09
9.457812500000000000e+01,1.337718416421146006e-09
9.459375000000000000e+01,1.288093407144968059e-09
9.460937500000000000e+01,1.205292496130293225e-09
9.462500000000000000e+01,1.182598882529173384e-09
9.464062500000000000e+01,1.188188977570447513e-09
9.465625000000000000e+01,1.137278588490000766e-09
9.467187500000000000e+01,1.019623991119898563e-09
9.468750000000000000e+01,8.989768086741106329e-10
9.470312500000000000e+01,8.489005565623721504e-10
9.471875000000000000e+01,8.858462849673934617e-10
9.473437500000000000e+01,9.709915159060409115e-10
9.475000000000000000e+01,1.043849939101374361e-09
9.476562500000000000e+01,1.069855777181810629e-09
9.478125000000000000e+01,1.055548485751315652e-09
9.479687500000000000e+01,1.023689270428463286e-09
9.481250000000000000e+01,1.003354377205051137e-09
9.482812500000000000e+01,1.018610063277134614e-09
9.484375000000000000e+01,1.050959130618542408e-09
9.485937500000000000e+01,1.066026559514359024e-09
9.487500000000000000e+01,1.070544274097428518e-09
9.489062500000000000e+01,1.083668395068509401e-09
9.490625000000000000e+01,1.093072085336042034e-09
9.492187500000000000e+01,1.072453684411998382e-09
9.493750000000000000e+01,1.013922194675377835e-09
9.495312500000000000e+01,9.537173410711583932e-10
9.496875000000000000e+01,9.446701571772357117e-10
9.498437500000000000e+01,9.767972922899584349e-10
9.500000000000000000e+01,9.944270362058481534e-10
9.501562500000000000e+01,9.737684144749559055e-10
9.503125000000000000e+01,9.473400552868069845e-10
9.504687500000000000e+01,9.709435398388158037e-10
9.506250000000000000e+01,1.037049305636564654e-09
9.507812500000000000e+01,1.079249414844475311e-09
9.509375000000000000e+01,1.062207455941927036e-09
9.510937500000000000e+01,9.976733714378564687e-10
9.512500000000000000e+01,9.272736207251390333e-10
9.514062500000000000e+01,8.939724562482254108e-10
9.515625000000000000e+01,9.000987552166247058e-10
9.517187500000000000e+01,9.212078767495262983e-10
9.518750000000000000e+01,9.593017523326190585e-10
9.520312500000000000e+01,1.028280807020544630e-09
9.521875000000000000e+01,1.114041716725905214e-09
9.523437500000000000e+01,1.206414716447156191e-09
9.525000000000000000e+01,1.281069507295651369e-09
9.526562500000000000e+01,1.299125541612657493e-09
9.528125000000000000e+01,1.289257705953242695e-09
9.529687500000000000e+01,1.293271832592890591e-09
9.531250000000000000e+01,1.296706538430485229e-09
9.532812500000000000e+01,1.329455341265552424e-09
9.534375000000000000e+01,1.404382878735469219e-09
9.535937500000000000e+01,1.423077420433215886e-09
9.537500000000000000e+01,1.328012285216684296e-09
9.539062500000000000e+01,1.179722411261835610e-09
9.540625000000000000e+01,1.062576888663942286e-09
9.542187500000000000e+01,1.006431411316506627e-09
9.543750000000000000e+01,9.998741473478863454e-10
9.545312500000000000e+01,1.003699730787702172e-09
9.546875000000000000e+01,9.700173031130329143e-10
9.548437500000000000e+01,8.968890972250099610e-10
9.550000000000000000e+01,8.572702575660441032e-10
9.551562500000000000e+01,9.143532580826292507e-10
9.553125000000000000e+01,1.013664274037157745e-09
9.554687500000000000e+01,1.070219823796241482e-09
9.556250000000000000e+01,1.067976704796938297e-09
9.557812500000000000e+01,1.050982005830934112e-09
9.559375000000000000e+01,1.046832315584365328e-09
9.560937500000000000e+01,1.029525266286702357e-09
9.562500000000000000e+01,9.803989484057530113e-10
9.564062500000000000e+01,9.158891472222838342e-10
9.565625000000000000e+01,8.806477716630133754e-10
9.567187500000000000e+01,9.133181012180222319e-10
9.568750000000000000e+01,9.842134007731697554e-10
9.570312500000000000e+01,1.035241216798067488e-09
9.571875000000000000e+01,1.033213205391938337e-09
9.573437500000000000e+01,9.821963374740536712e-10
9.575000000000000000e+01,9.252992851607167669e-10
9.576562500000000000e+01,9.036442915322996380e-10
9.578125000000000000e+01,9.155701534735402753e-10
9.579687500000000000e+01,9.287864050529124346e-10
9.581250000000000000e+01,9.160421979071124379e-10
9.582812500000000000e+01,8.863509843341533026e-10
9.584375000000000000e+01,8.787395177287175885e-10
9.585937500000000000e+01,9.206324317224582729e-10
9.587500000000000000e+01,1.011693411709020430e-09
9.589062500000000000e+01,1.108585153807606554e-09
9.590625000000000000e+01,1.154172474861305923e-09
9.592187500000000000e+01,1.160695833894222775e-09
9.593750000000000000e+01,1.177888950979186454e-09
9.595312500000000000e+01,1.190151479704036686e-09
9.596875000000000000e+01,1.146477787084264683e-09
9.598437500000000000e+01,1.053845068466399075e-09
9.600000000000000000e+01,9.997015929547609281e-10
9.601562500000000000e+01,1.041823489664531384e-09
9.603125000000000000e+01,1.111257922849102423e-09
9.604687500000000000e+01,1.134807274389227509e-09
9.606250000000000000e+01,1.108706764663809762e-09
9.607812500000000000e+01,1.063909867285560642e-09
9.609375000000000000e+01,1.019852491505270064e-09
9.610937500000000000e+01,9.690306175632365341e-10
9.612500000000000000e+01,9.160460906204987937e-10
9.614062500000000000e+01,8.929703243566424620e-10
9.615625000000000000e+01,9.077585268227500945e-10
9.617187500000000000e+01,9.223958110949603674e-10
9.618750000000000000e+01,9.129651584791740047e-10
9.620312500000000000e+01,9.040446877311425505e-10
9.621875000000000000e+01,9.124014081854352393e-10
9.623437500000000000e+01,9.315657398895740419e-10
9.625000000000000000e+01,9.725527457362488993e-10
9.626562500000000000e+01,1.017530772679592676e-09
9.628125000000000000e+01,1.017216382282988849e-09
9.629687500000000000e+01,9.698164009236273461e-10
9.631250000000000000e+01,9.245773261215959075e-10
9.632812500000000000e+01,9.185091159354671911e-10
9.634375000000000000e+01,9.266940768813527047e-10
9.635937500000000000e+01,8.910840815536039737e-10
9.637500000000000000e+01,7.963691596242565076e-10
9.639062500000000000e+01,6.939105265295317063e-10
9.640625000000000000e+01,6.590793092361994033e-10
9.642187500000000000e+01,7.101851440815061838e-10
9.643750000000000000e+01,7.984960097895596616e-10
9.645312500000000000e+01,8.735961133552931355e-10
9.646875000000000000e+01,9.216227991233529851e-10
9.648437500000000000e+01,9.923975984980944336e-10
9.650000000000000000e+01,1.138059717815380114e-09
9.651562500000000000e+01,1.307766023166799533e-09
9.653125000000000000e+01,1.418431578809427404e-09
9.654687500000000000e+01,1.457815059294684965e-09
9.656250000000000000e+01,1.469570388297183572e-09
9.657812500000000000e+01,1.471837215104290371e-09
9.659375000000000000e+01,1.429476836909210996e-09
9.660937500000000000e+01,1.345498555874673426e-09
9.662500000000000000e+01,1.319762799511556118e-09
9.664062500000000000e+01,1.415067206940601093e-09
9.665625000000000000e+01,1.533999152585209090e-09
9.667187500000000000e+01,1.557019092685175243e-09
9.668750000000000000e+01,1.461301591898270897e-09
9.670312500000000000e+01,1.345210331828207884e-09
9.671875000000000000e+01,1.338777277096232798e-09
9.673437500000000000e+01,1.428473840461241156e-09
9.675000000000000000e+01,1.538190548840650547e-09
9.676562500000000000e+01,1.599152192632851410e-09
9.678125000000000000e+01,1.519665240086942760e-09
9.679687500000000000e+01,1.307937075801365373e-09
9.681250000000000000e+01,1.177120963702183214e-09
9.682812500000000000e+01,1.264612815401219269e-09
9.684375000000000000e+01,1.380798431685713091e-09
9.685937500000000000e+01,1.413228195012033630e-09
9.687500000000000000e+01,1.399393658592828706e-09
9.689062500000000000e+01,1.363055655914144412e-09
9.690625000000000000e+01,1.313531719985092057e-09
9.692187500000000000e+01,1.271759325462511166e-09
9.693750000000000000e+01,1.244316970109405230e-09
9.695312500000000000e+01,1.229280275632022653e-09
9.696875000000000000e+01,1.217920936458779122e-09
9.698437500000000000e+01,1.200383035197595789e-09
9.700000000000000000e+01,1.176901750498049664e-09
9.701562500000000000e+01,1.156962106009498326e-09
9.703125000000000000e+01,1.145849167183846598e-09
9.704687500000000000e+01,1.145344896625266270e-09
9.706250000000000000e+01,1.156207678453393615e-09
9.707812500000000000e+01,1.176280817820698097e-09
9.709375000000000000e+01,1.215075736287088516e-09
9.710937500000000000e+01,1.280770262315881998e-09
9.712500000000000000e+01,1.382392748531278854e-09
9.714062500000000000e+01,1.499601790993694741e-09
9.715625000000000000e+01,1.553590782357291833e-09
9.717187500000000000e+01,1.502976443565965050e-09
9.718750000000000000e+01,1.402178625470296833e-09
9.720312500000000000e+01,1.317828607722155937e-09
9.721875000000000000e+01,1.248594531938509598e-09
9.723437500000000000e+01,1.160937665583222680e-09
9.725000000000000000e+01,1.040678376783777838e-09
9.726562500000000000e+01,8.994870071961148537e-10
9.728125000000000000e+01,7.785563930893143384e-10
9.729687500000000000e+01,7.120172485012908399e-10
9.731250000000000000e+01,6.766197000418724965e-10
9.732812500000000000e+01,6.426475954443372168e-10
9.734375000000000000e+01,6.120897246857679592e-10
9.735937500000000000e+01,5.905149553367878359e-10
9.737500000000000000e+01,5.796526648211803441e-10
9.739062500000000000e+01,5.865219282627381881e-10
9.740625000000000000e+01,6.260224525346548262e-10
9.742187500000000000e+01,6.961569147928568229e-10
9.743750000000000000e+01,7.578234381070811225e-10
9.745312500000000000e+01,7.910084017541011620e-10
9.746875000000000000e+01,8.232791188281138734e-10
9.748437500000000000e+01,8.616998494963625908e-10
9.750000000000000000e+01,8.844142115296595986e-10
9.751562500000000000e+01,8.966005223873325067e-10
9.753125000000000000e+01,9.137955491459908350e-10
9.754687500000000000e+01,9.328834824194308941e-10
9.756250000000000000e+01,9.423864461877975214e-10
9.757812500000000000e+01,9.368170033685780172e-10
9.759375000000000000e+01,9.174713386924649661e-10
9.760937500000000000e+01,8.901632941485051898e-10
9.762500000000000000e+01,8.749253977768513726e-10
9.764062500000000000e+01,8.895489281609641728e-10
9.765625000000000000e+01,9.373824066797620649e-10
9.767187500000000000e+01,9.894501368875238067e-10
9.768750000000000000e+01,9.910660123998188550e-10
9.770312500000000000e+01,9.447776867670048662e-10
9.771875000000000000e+01,8.973314576532676458e-10
9.773437500000000000e+01,8.577020422059902268e-10
9.775000000000000000e+01,8.411655599960249555e-10
9.776562500000000000e+01,8.854860137580204060e-10
9.778125000000000000e+01,9.724140715345481357e-10
9.779687500000000000e+01,1.053066311479701280e-09
9.781250000000000000e+01,1.104786981857944701e-09
9.782812500000000000e+01,1.116665003043460197e-09
9.784375000000000000e+01,1.068667333714047039e-09
9.785937500000000000e+01,9.611059311686474575e-10
9.787500000000000000e+01,8.450798067469359721e-10
9.789062500000000000e+01,8.344007135904745310e-10
9.790625000000000000e+01,9.846486064493471949e-10
9.792187500000000000e+01,1.151396703143446136e-09
9.793750000000000000e+01,1.210913538016514942e-09
9.795312500000000000e+01,1.183501106855630768e-09
9.796875000000000000e+01,1.141618623726551941e-09
9.798437500000000000e+01,1.123433066740240587e-09
9.800000000000000000e+01,1.111586834801078726e-09
9.801562500000000000e+01,1.071151637119316047e-09
9.803125000000000000e+01,1.023372918671279240e-09
9.804687500000000000e+01,9.957585567654016992e-10
9.806250000000000000e+01,9.773757334606405735e-10
9.807812500000000000e+01,9.775599845518305648e-10
9.809375000000000000e+01,9.915805852803828183e-10
9.810937500000000000e+01,9.874055776038787908e-10
9.812500000000000000e+01,9.737677484054488396e-10
9.814062500000000000e+01,9.787642833183887574e-10
9.815625000000000000e+01,9.838639973407956748e-10
9.817187500000000000e+01,9.620673967741686638e-10
9.818750000000000000e+01,9.591294086520678678e-10
9.820312500000000000e+01,1.031671069842106757e-09
9.821875000000000000e+01,1.133114100312400777e-09
9.823437500000000000e+01,1.192619311353505286e-09
9.825000000000000000e+01,1.229566451514310273e-09
9.826562500000000000e+01,1.297431268452250369e-09
9.828125000000000000e+01,1.352097557649906883e-09
9.829687500000000000e+01,1.324885712680027630e-09
9.831250000000000000e+01,1.243464295528109501e-09
9.832812500000000000e+01,1.200422649625779245e-09
9.834375000000000000e+01,1.216477001835665356e-09
9.835937500000000000e+01,1.189923536257679413e-09
9.837500000000000000e+01,1.071073298926953104e-09
9.839062500000000000e+01,9.454259184376747503e-10
9.840625000000000000e+01,8.911844800120575211e-10
9.842187500000000000e+01,8.894376214477536638e-10
9.843750000000000000e+01,9.130454553578314926e-10
9.845312500000000000e+01,9.667788355390203823e-10
9.846875000000000000e+01,1.028274664299861307e-09
9.848437500000000000e+01,1.039177980538162694e-09
9.850000000000000000e+01,1.007016546398793350e-09
9.851562500000000000e+01,1.023661951930752626e-09
9.853125000000000000e+01,1.116073158953677393e-09
9.854687500000000000e+01,1.199086168771779832e-09
9.856250000000000000e+01,1.223841009597675828e-09
9.857812500000000000e+01,1.223180756826040971e-09
9.859375000000000000e+01,1.223323248371012408e-09
9.860937500000000000e+01,1.207245005312901253e-09
9.862500000000000000e+01,1.183480447053347191e-09
9.864062500000000000e+01,1.189406814252585354e-09
9.865625000000000000e+01,1.217128041788865828e-09
9.867187500000000000e+01,1.230540841554179097e-09
9.868750000000000000e+01,1.239456700140178536e-09
9.870312500000000000e+01,1.261628433551213085e-09
9.871875000000000000e+01,1.264870862555942083e-09
9.873437500000000000e+01,1.233689014272932398e-09
9.875000000000000000e+01,1.215764900879008088e-09
9.876562500000000000e+01,1.253028363543499157e-09
9.878125000000000000e+01,1.322735853875116844e-09
9.879687500000000000e+01,1.392017669338139166e-09
9.881250000000000000e+01,1.438987182569176724e-09
9.882812500000000000e+01,1.433655661472969918e-09
9.884375000000000000e+01,1.375948043045905606e-09
9.885937500000000000e+01,1.329845910922037232e-09
9.887500000000000000e+01,1.366003967002830931e-09
9.889062500000000000e+01,1.451958625490420077e-09
9.890625000000000000e+01,1.515404001518442001e-09
9.892187500000000000e+01,1.519102891161730200e-09
9.893750000000000000e+01,1.452689472716870371e-09
9.895312500000000000e+01,1.358312232639374355e-09
9.896875000000000000e+01,1.318367595129272000e-09
9.898437500000000000e+01,1.414249123829129030e-09
9.900000000000000000e+01,1.644077914171717676e-09
9.901562500000000000e+01,1.882228733434479909e-09
9.903125000000000000e+01,2.019257669700879161e-09
9.904687500000000000e+01,2.053355542083666738e-09
9.906250000000000000e+01,2.024193856927902125e-09
9.907812500000000000e+01,1.952850283093558648e-09
9.909375000000000000e+01,1.855477803705543333e-09
9.910937500000000000e+01,1.759674812024862356e-09
9.912500000000000000e+01,1.669451305643117811e-09
9.914062500000000000e+01,1.567305460294399865e-09
9.915625000000000000e+01,1.489964802114149333e-09
9.917187500000000000e+01,1.448339072915447470e-09
9.918750000000000000e+01,1.389405169004504525e-09
9.920312500000000000e+01,1.326341252864606054e-09
9.921875000000000000e+01,1.315477209262219693e-09
9.923437500000000000e+01,1.369066199116269947e-09
9.925000000000000000e+01,1.487583019750949315e-09
9.926562500000000000e+01,1.621063182395376795e-09
9.928125000000000000e+01,1.667766055482673562e-09
9.929687500000000000e+01,1.603683895660220067e-09
9.931250000000000000e+01,1.534661240239622948e-09
9.932812500000000000e+01,1.602641333476438996e-09
9.934375000000000000e+01,1.781279241939312125e-09
9.935937500000000000e+01,1.898715588541050512e-09
9.937500000000000000e+01,1.907812580309206489e-09
9.939062500000000000e+01,1.919757306716514631e-09
9.940625000000000000e+01,1.976102061788842083e-09
9.942187500000000000e+01,1.984260089049088593e-09
9.943750000000000000e+01,1.943130495098332255e-09
9.945312500000000000e+01,1.948523155363646693e-09
9.946875000000000000e+01,1.962115547465822665e-09
9.948437500000000000e+01,1.901324366543502181e-09
9.950000000000000000e+01,1.845531060582449821e-09
9.951562500000000000e+01,1.886097319955658140e-09
9.953125000000000000e+01,1.937458862443644905e-09
9.954687500000000000e+01,1.875861380917651133e-09
9.956250000000000000e+01,1.701720760430499188e-09
9.957812500000000000e+01,1.524449460996634059e-09
9.959375000000000000e+01,1.401252999208666521e-09
9.960937500000000000e+01,1.298826950651266191e-09
9.962500000000000000e+01,1.218905769019068285e-09
9.964062500000000000e+01,1.188740861765451041e-09
9.965625000000000000e+01,1.191899882452422880e-09
9.967187500000000000e+01,1.211242137301372538e-09
9.968750000000000000e+01,1.247373592598953789e-09
9.970312500000000000e+01,1.291422169406519026e-09
9.971875000000000000e+01,1.357910106336110588e-09
9.973437500000000000e+01,1.446223166387001491e-09
9.975000000000000000e+01,1.472361382291759738e-09
9.976562500000000000e+01,1.387040574280223803e-09
9.978125000000000000e+01,1.320527706163754201e-09
9.979687500000000000e+01,1.411803296087375776e-09
9.981250000000000000e+01,1.563411936914770212e-09
9.982812500000000000e+01,1.672607840421346749e-09
9.984375000000000000e+01,1.718298837145511328e-09
9.985937500000000000e+01,1.678915268859691666e-09
9.987500000000000000e+01,1.586756170303320418e-09
9.989062500000000000e+01,1.516864275998582765e-09
9.990625000000000000e+01,1.525908554056228933e-09
9.992187500000000000e+01,1.605624829028458475e-09
9.993750000000000000e+01,1.671302497261105295e-09
9.995312500000000000e+01,1.655443554380978188e-09
9.996875000000000000e+01,1.616410247628852531e-09
9.998437500000000000e+01,1.736900672644204998e-09
1.000000000000000000e+02,2.038834863410448107e-09
1.000156250000000000e+02,2.359733964559862428e-09
1.000312500000000000e+02,2.599671169256918860e-09
1.000468750000000000e+02,2.684183456044425864e-09
1.000625000000000000e+02,2.558398109666847872e-09
1.000781250000000000e+02,2.302460598543770155e-09
1.000937500000000000e+02,2.072010758112295092e-09
1.001093750000000000e+02,1.920718851434760082e-09
1.001250000000000000e+02,1.801855381203649861e-09
1.001406250000000000e+02,1.680142135936897900e-09
1.001562500000000000e+02,1.567900379387555237e-09
1.001718750000000000e+02,1.526255961908546853e-09
1.001875000000000000e+02,1.565567097342482837e-09
1.002031250000000000e+02,1.600482231104329799e-09
1.002187500000000000e+02,1.590113129095833778e-09
1.002343750000000000e+02,1.574541190321163161e-09
1.002500000000000000e+02,1.567879631409322797e-09
1.002656250000000000e+02,1.533349033423767252e-09
1.002812500000000000e+02,1.472528106859142624e-09
1.002968750000000000e+02,1.402880224326000713e-09
1.003125000000000000e+02,1.298352123199451790e-09
1.003281250000000000e+02,1.180389372433130245e-09
1.003437500000000000e+02,1.125623962644345404e-09
1.003593750000000000e+02,1.126589994144179926e-09
1.003750000000000000e+02,1.132676383124079468e-09
1.003906250000000000e+02,1.174218971555446830e-09
1.004062500000000000e+02,1.287711064891654209e-09
1.004218750000000000e+02,1.404817303412317601e-09
1.004375000000000000e+02,1.451752648712402483e-09
1.004531250000000000e+02,1.456793218764041168e-09
1.004687500000000000e+02,1.465890126201729266e-09
1.004843750000000000e+02,1.473415463859527860e-09
1.005000000000000000e+02,1.495069280453705036e-09
1.005156250000000000e+02,1.567524989337526019e-09
1.005312500000000000e+02,1.675855645021663011e-09
1.005468750000000000e+02,1.741622195779188613e-09
1.005625000000000000e+02,1.688667789256454792e-09
1.005781250000000000e+02,1.527974807877898507e-09
1.005937500000000000e+02,1.360093696181721001e-09
1.006093750000000000e+02,1.266518839653045801e-09
1.006250000000000000e+02,1.209229278365979631e-09
1.006406250000000000e+02,1.118587551267920027e-09
1.006562500000000000e+02,1.012598546852969182e-09
1.006718750000000000e+02,9.477081640886380666e-10
1.006875000000000000e+02,9.036078271940149679e-10
1.007031250000000000e+02,8.369608376466785934e-10
1.007187500000000000e+02,7.839666400362483540e-10
1.007343750000000000e+02,7.825827535061958447e-10
1.007500000000000000e+02,7.835822674972709410e-10
1.007656250000000000e+02,7.443169302914184633e-10
1.007812500000000000e+02,7.024648849645538818e-10
1.007968750000000000e+02,7.201093737124842934e-10
1.008125000000000000e+02,7.945008061518039886e-10
1.008281250000000000e+02,8.753816290786422411e-10
1.008437500000000000e+02,9.294647162486707288e-10
1.008593750000000000e+02,9.595625478013000921e-10
1.008750000000000000e+02,9.941005717782350019e-10
1.008906250000000000e+02,1.071431382685893330e-09
1.009062500000000000e+02,1.219847718083525565e-09
1.009218750000000000e+02,1.424997708250313938e-09
1.009375000000000000e+02,1.622164098269438457e-09
1.009531250000000000e+02,1.739880609791900198e-09
1.009687500000000000e+02,1.766252193941300564e-09
1.009843750000000000e+02,1.750259475732343477e-09
1.010000000000000000e+02,1.708389170722231820e-09
1.010156250000000000e+02,1.604386806681735541e-09
1.010312500000000000e+02,1.432307536733615333e-09
1.010468750000000000e+02,1.240182869175755793e-09
1.010625000000000000e+02,1.107684275911869393e-09
1.010781250000000000e+02,1.093614844516418307e-09
1.010937500000000000e+02,1.154613395066540821e-09
1.011093750000000000e+02,1.211360716307186721e-09
1.011250000000000000e+02,1.226318849239502765e-09
1.011406250000000000e+02,1.175482957847225761e-09
1.011562500000000000e+02,1.065589683449893498e-09
1.011718750000000000e+02,9.473339586738011100e-10
1.011875000000000000e+02,8.568672843279723751e-10
1.012031250000000000e+02,8.035391055417743938e-10
1.012187500000000000e+02,7.935200820915134718e-10
1.012343750000000000e+02,8.109485718738901163e-10
1.012500000000000000e+02,8.272846641823415384e-10
1.012656250000000000e+02,8.339821828444219821e-10
1.012812500000000000e+02,8.620915099014933080e-10
1.012968750000000000e+02,9.392273262172846220e-10
1.013125000000000000e+02,1.040001282143299870e-09
1.013281250000000000e+02,1.132480731196473688e-09
1.013437500000000000e+02,1.216056931315770362e-09
1.013593750000000000e+02,1.299283173990720811e-09
1.013750000000000000e+02,1.384327932746772956e-09
1.013906250000000000e+02,1.439894876111976603e-09
1.014062500000000000e+02,1.419950406729994575e-09
1.014218750000000000e+02,1.347600801699222359e-09
1.014375000000000000e+02,1.291347757280373084e-09
1.014531250000000000e+02,1.273023558425024076e-09
1.014687500000000000e+02,1.268080378477445731e-09
1.014843750000000000e+02,1.255253349433360410e-09
1.015000000000000000e+02,1.260083275241941918e-09
1.015156250000000000e+02,1.287614359148507357e-09
1.015312500000000000e+02,1.279511898571999485e-09
1.015468750000000000e+02,1.231655719179895323e-09
1.015625000000000000e+02,1.220472641959711225e-09
1.015781250000000000e+02,1.253261715653981567e-09
1.015937500000000000e+02,1.244828262412513859e-09
1.016093750000000000e+02,1.161856667576907376e-09
1.016250000000000000e+02,1.033141353138488916e-09
1.016406250000000000e+02,9.013115279024600677e-10
1.016562500000000000e+02,8.312779891202557695e-10
1.016718750000000000e+02,8.543215765252975662e-10
1.016875000000000000e+02,9.187313199375250931e-10
1.017031250000000000e+02,9.554450205170395700e-10
1.017187500000000000e+02,9.270056475377831135e-10
1.017343750000000000e+02,8.483319615991964984e-10
1.017500000000000000e+02,7.819294910844290374e-10
1.017656250000000000e+02,7.825002153283910784e-10
1.017812500000000000e+02,8.248932638862145387e-10
1.017968750000000000e+02,8.546368770183375425e-10
1.018125000000000000e+02,8.668159901133740311e-10
1.018281250000000000e+02,8.783416220052080911e-10
1.018437500000000000e+02,9.022224351607452883e-10
1.018593750000000000e+02,9.447332440320295086e-10
1.018750000000000000e+02,9.870189948567045451e-10
1.018906250000000000e+02,1.010849181934092353e-09
1.019062500000000000e+02,1.016193870211626153e-09
1.019218750000000000e+02,9.968521182902880456e-10
1.019375000000000000e+02,9.703623385455516082e-10
1.019531250000000000e+02,9.787657632858784669e-10
1.019687500000000000e+02,1.028813915629520278e-09
1.019843750000000000e+02,1.107592913357796631e-09
1.020000000000000000e+02,1.202988993443076484e-09
1.020156250000000000e+02,1.297748600302552847e-09
1.020312500000000000e+02,1.350232705067072305e-09
1.020468750000000000e+02,1.310705654966367763e-09
1.020625000000000000e+02,1.187445993324514975e-09
1.020781250000000000e+02,1.066997358332297760e-09
1.020937500000000000e+02,1.046939730182637284e-09
1.021093750000000000e+02,1.142795510274147796e-09
1.021250000000000000e+02,1.283813559057993145e-09
1.021406250000000000e+02,1.385862407916103727e-09
1.021562500000000000e+02,1.408310841892582095e-09
1.021718750000000000e+02,1.356047969761794876e-09
1.021875000000000000e+02,1.254220280758824106e-09
1.022031250000000000e+02,1.135317207721902556e-09
1.022187500000000000e+02,1.022800128902010365e-09
1.022343750000000000e+02,9.310088387478256479e-10
1.022500000000000000e+02,8.839472404490267671e-10
1.022656250000000000e+02,8.739919026761085563e-10
1.022812500000000000e+02,8.655406867853837829e-10
1.022968750000000000e+02,8.880269835512986161e-10
1.023125000000000000e+02,9.816393473767124235e-10
1.023281250000000000e+02,1.102052098084112784e-09
1.023437500000000000e+02,1.189049545531445846e-09
1.023593750000000000e+02,1.220017582989442795e-09
1.023750000000000000e+02,1.212044489890463532e-09
1.023906250000000000e+02,1.203145297137511379e-09
1.024062500000000000e+02,1.197665188840541078e-09
1.024218750000000000e+02,1.177627981305328119e-09
1.024375000000000000e+02,1.156704824636075308e-09
1.024531250000000000e+02,1.166842901589654576e-09
1.024687500000000000e+02,1.204367201563768803e-09
1.024843750000000000e+02,1.217163757024983263e-09
1.025000000000000000e+02,1.183765190494068998e-09
1.025156250000000000e+02,1.146652716947694114e-09
1.025312500000000000e+02,1.129299763672660397e-09
1.025468750000000000e+02,1.123631867817864077e-09
1.025625000000000000e+02,1.138424871222905540e-09
1.025781250000000000e+02,1.169148470224738198e-09
1.025937500000000000e+02,1.181154850998561574e-09
1.026093750000000000e+02,1.138211182661810162e-09
1.026250000000000000e+02,1.034611702431627207e-09
1.026406250000000000e+02,9.223139813176585352e-10
1.026562500000000000e+02,8.785060937591295869e-10
1.026718750000000000e+02,9.207792639427740818e-10
1.026875000000000000e+02,1.012454897670598250e-09
1.027031250000000000e+02,1.125247580308741845e-09
1.027187500000000000e+02,1.207898505550265974e-09
1.027343750000000000e+02,1.204278930521312272e-09
1.027500000000000000e+02,1.115811652011459857e-09
1.027656250000000000e+02,1.007599715367575683e-09
1.027812500000000000e+02,9.749243213967149286e-10
1.027968750000000000e+02,1.056891141733996765e-09
1.028125000000000000e+02,1.192269111897742189e-09
1.028281250000000000e+02,1.314073138495841664e-09
1.028437500000000000e+02,1.402601482135517786e-09
1.028593750000000000e+02,1.434511873151186211e-09
1.028750000000000000e+02,1.374959078630515448e-09
1.028906250000000000e+02,1.248788953161401648e-09
1.029062500000000000e+02,1.142326356007529685e-09
1.029218750000000000e+02,1.099045267980965310e-09
1.029375000000000000e+02,1.076030143073533556e-09
1.029531250000000000e+02,1.043262855527661174e-09
1.029687500000000000e+02,1.034904000845757483e-09
1.029843750000000000e+02,1.088375834374351888e-09
1.030000000000000000e+02,1.171961923977691562e-09
1.030156250000000000e+02,1.216235050155324671e-09
1.030312500000000000e+02,1.195570078279518902e-09
1.030468750000000000e+02,1.136743686736570282e-09
1.030625000000000000e+02,1.074532087007043631e-09
1.030781250000000000e+02,1.024762603623820658e-09
1.030937500000000000e+02,9.972071621849575494e-10
1.031093750000000000e+02,1.012676957239596930e-09
1.031250000000000000e+02,1.069092226099427427e-09
1.031406250000000000e+02,1.115170744010791142e-09
1.031562500000000000e+02,1.095172597754285344e-09
1.031718750000000000e+02,1.021467637954830286e-09
1.031875000000000000e+02,9.842808361435274979e-10
1.032031250000000000e+02,1.029328021877100978e-09
1.032187500000000000e+02,1.093520021514795642e-09
1.032343750000000000e+02,1.124201460477102056e-09
1.032500000000000000e+02,1.124610736701544614e-09
1.032656250000000000e+02,1.111445136773568770e-09
1.032812500000000000e+02,1.087401722829680236e-09
1.032968750000000000e+02,1.060020077615036225e-09
1.033125000000000000e+02,1.018737122881946401e-09
1.033281250000000000e+02,9.363056562739508149e-10
1.033437500000000000e+02,8.555435865131187603e-10
1.033593750000000000e+02,8.278324298745089394e-10
1.033750000000000000e+02,8.086385374331944747e-10
1.033906250000000000e+02,7.643777967074438880e-10
1.034062500000000000e+02,7.334236559020467481e-10
1.034218750000000000e+02,7.718883923352727025e-10
1.034375000000000000e+02,8.932553725438852279e-10
1.034531250000000000e+02,1.044281784938754748e-09
1.034687500000000000e+02,1.151325101094204733e-09
1.034843750000000000e+02,1.183156644368881998e-09
1.035000000000000000e+02,1.162761215154667016e-09
1.035156250000000000e+02,1.106876200387051494e-09
1.035312500000000000e+02,1.023340809500670763e-09
1.035468750000000000e+02,9.797679344285290618e-10
1.035625000000000000e+02,1.007922238312026932e-09
1.035781250000000000e+02,1.037090032209695250e-09
1.035937500000000000e+02,1.030724993032797158e-09
1.036093750000000000e+02,9.913669092373412820e-10
1.036250000000000000e+02,9.311174162117556453e-10
1.036406250000000000e+02,9.092340855525221886e-10
1.036562500000000000e+02,9.680345186954026769e-10
1.036718750000000000e+02,1.047399781634916664e-09
1.036875000000000000e+02,1.078285194354041223e-09
1.037031250000000000e+02,1.058149013063123475e-09
1.037187500000000000e+02,1.019285001502981550e-09
1.037343750000000000e+02,9.795257238726131158e-10
1.037500000000000000e+02,9.417648690946469361e-10
1.037656250000000000e+02,9.214703411280953622e-10
1.037812500000000000e+02,9.177921231120739343e-10
1.037968750000000000e+02,9.186705369370045988e-10
1.038125000000000000e+02,1.005398495650151635e-09
1.038281250000000000e+02,1.231267066182393975e-09
1.038437500000000000e+02,1.449674936096908061e-09
1.038593750000000000e+02,1.555337465515124148e-09
1.038750000000000000e+02,1.597550741913705010e-09
1.038906250000000000e+02,1.611371349155978203e-09
1.039062500000000000e+02,1.553739678804176705e-09
1.039218750000000000e+02,1.434917757959577859e-09
1.039375000000000000e+02,1.346979230409065957e-09
1.039531250000000000e+02,1.360626584920629406e-09
1.039687500000000000e+02,1.470990983605865916e-09
1.039843750000000000e+02,1.595556805664657566e-09
1.040000000000000000e+02,1.638130451800428859e-09
1.040156250000000000e+02,1.618486260430458120e-09
1.040312500000000000e+02,1.642145818896312091e-09
1.040468750000000000e+02,1.720661456607256288e-09
1.040625000000000000e+02,1.744235734584833596e-09
1.040781250000000000e+02,1.669541129139899124e-09
1.040937500000000000e+02,1.585970351851111471e-09
1.041093750000000000e+02,1.550147180157670260e-09
1.041250000000000000e+02,1.522477971121644248e-09
1.041406250000000000e+02,1.463193302672467745e-09
1.041562500000000000e+02,1.377674854597294022e-09
1.041718750000000000e+02,1.330451605809964199e-09
1.041875000000000000e+02,1.377793317068482413e-09
1.042031250000000000e+02,1.474459684176855860e-09
1.042187500000000000e+02,1.539119885736574516e-09
1.042343750000000000e+02,1.534988438101487287e-09
1.042500000000000000e+02,1.457537361863189113e-09
1.042656250000000000e+02,1.343292099807909293e-09
1.042812500000000000e+02,1.257544379652044255e-09
1.042968750000000000e+02,1.207804282677141252e-09
1.043125000000000000e+02,1.162855817447347353e-09
1.043281250000000000e+02,1.106715834643706464e-09
1.043437500000000000e+02,1.025801837568221598e-09
1.043593750000000000e+02,9.712394369958953258e-10
1.043750000000000000e+02,1.045544244362116443e-09
1.043906250000000000e+02,1.188430891414935073e-09
1.044062500000000000e+02,1.255972044258064555e-09
1.044218750000000000e+02,1.247278986149515925e-09
1.044375000000000000e+02,1.233765489146581777e-09
1.044531250000000000e+02,1.237822314620618002e-09
1.044687500000000000e+02,1.300557242040749711e-09
1.044843750000000000e+02,1.428726081868236423e-09
1.045000000000000000e+02,1.531967883931206571e-09
1.045156250000000000e+02,1.530008678237204378e-09
1.045312500000000000e+02,1.429818036842242237e-09
1.045468750000000000e+02,1.354090758876787058e-09
1.045625000000000000e+02,1.404355898033536120e-09
1.045781250000000000e+02,1.471817510559156168e-09
1.045937500000000000e+02,1.428961054692934882e-09
1.046093750000000000e+02,1.288571113963712400e-09
1.046250000000000000e+02,1.122442708903364867e-09
1.046406250000000000e+02,9.852765186719172109e-10
1.046562500000000000e+02,9.185157068716877773e-10
1.046718750000000000e+02,9.435319262593511959e-10
1.046875000000000000e+02,1.000533864231224552e-09
1.047031250000000000e+02,1.017486003198396549e-09
1.047187500000000000e+02,1.017678012709825873e-09
1.047343750000000000e+02,1.067877427374818420e-09
1.047500000000000000e+02,1.161582315429862508e-09
1.047656250000000000e+02,1.221898809688063121e-09
1.047812500000000000e+02,1.203088387230093584e-09
1.047968750000000000e+02,1.141119928619524876e-09
1.048125000000000000e+02,1.114994172607359999e-09
1.048281250000000000e+02,1.168435063232565448e-09
1.048437500000000000e+02,1.262784463685716913e-09
1.048593750000000000e+02,1.342675731140919221e-09
1.048750000000000000e+02,1.427283431972537111e-09
1.048906250000000000e+02,1.558746668619259030e-09
1.049062500000000000e+02,1.688589919037130244e-09
1.049218750000000000e+02,1.731398296454018072e-09
1.049375000000000000e+02,1.677123362641010029e-09
1.049531250000000000e+02,1.585047292604540437e-09
1.049687500000000000e+02,1.504873505416367767e-09
1.049843750000000000e+02,1.438059773353781568e-09
1.050000000000000000e+02,1.375303714525395096e-09
1.050156250000000000e+02,1.311485754174381103e-09
1.050312500000000000e+02,1.252887651784405679e-09
1.050468750000000000e+02,1.238774272862242668e-09
1.050625000000000000e+02,1.299174132252763083e-09
1.050781250000000000e+02,1.395409462731186307e-09
1.050937500000000000e+02,1.449337718257552372e-09
1.051093750000000000e+02,1.439211667575655873e-09
1.051250000000000000e+02,1.385208489984572369e-09
1.051406250000000000e+02,1.290766350177700890e-09
1.051562500000000000e+02,1.192376146805150733e-09
1.051718750000000000e+02,1.131620104127067634e-09
1.051875000000000000e+02,1.104421808239538588e-09
1.052031250000000000e+02,1.133670543002898269e-09
1.052187500000000000e+02,1.208661937056160152e-09
1.052343750000000000e+02,1.253298542965518301e-09
1.052500000000000000e+02,1.268818876990478024e-09
1.052656250000000000e+02,1.306720972653361924e-09
1.052812500000000000e+02,1.346031648258646529e-09
1.052968750000000000e+02,1.362855721174891512e-09
1.053125000000000000e+02,1.377472965777330237e-09
1.053281250000000000e+02,1.384929396697839479e-09
1.053437500000000000e+02,1.409108148594229231e-09
1.053593750000000000e+02,1.511505833748134150e-09
1.053750000000000000e+02,1.664195753045044353e-09
1.053906250000000000e+02,1.825509767592730343e-09
1.054062500000000000e+02,2.002670422075039934e-09
1.054218750000000000e+02,2.147462247502850339e-09
1.054375000000000000e+02,2.228640191393068608e-09
1.054531250000000000e+02,2.306827124430311508e-09
1.054687500000000000e+02,2.408626050309876092e-09
1.054843750000000000e+02,2.532085264993464850e-09
1.055000000000000000e+02,2.684321375339261216e-09
1.055156250000000000e+02,2.785508643697963011e-09
1.055312500000000000e+02,2.747200103685699898e-09
1.055468750000000000e+02,2.629958220842227665e-09
1.055625000000000000e+02,2.622575938895349885e-09
1.055781250000000000e+02,2.784900170810505790e-09
1.055937500000000000e+02,2.962946790923602533e-09
1.056093750000000000e+02,3.024251175870728091e-09
1.056250000000000000e+02,2.939658579190629871e-09
1.056406250000000000e+02,2.735496724384116579e-09
1.056562500000000000e+02,2.462149583198352581e-09
1.056718750000000000e+02,2.190881767253319492e-09
1.056875000000000000e+02,2.008845057021830568e-09
1.057031250000000000e+02,1.954178768196633012e-09
1.057187500000000000e+02,1.971989382987651117e-09
1.057343750000000000e+02,1.949881628870407444e-09
1.057500000000000000e+02,1.819709712999423558e-09
1.057656250000000000e+02,1.629429373562199658e-09
1.057812500000000000e+02,1.481799220633345964e-09
1.057968750000000000e+02,1.466852066427642137e-09
1.058125000000000000e+02,1.604525632165151884e-09
1.058281250000000000e+02,1.789266096613835208e-09
1.058437500000000000e+02,1.887134151092924333e-09
1.058593750000000000e+02,1.853130944257316261e-09
1.058750000000000000e+02,1.780895253328966928e-09
1.058906250000000000e+02,1.828951018627380598e-09
1.059062500000000000e+02,2.007147773337695934e-09
1.059218750000000000e+02,2.133465027531143456e-09
1.059375000000000000e+02,2.055143018655932637e-09
1.059531250000000000e+02,1.831279289679405318e-09
1.059687500000000000e+02,1.675613777685461846e-09
1.059843750000000000e+02,1.650170894291721075e-09
1.060000000000000000e+02,1.626408041728858483e-09
1.060156250000000000e+02,1.577752071839930276e-09
1.060312500000000000e+02,1.602482736329472097e-09
1.060468750000000000e+02,1.682779083083191336e-09
1.060625000000000000e+02,1.673704173430785032e-09
1.060781250000000000e+02,1.554182667424978075e-09
1.060937500000000000e+02,1.467353906729335664e-09
1.061093750000000000e+02,1.537637521374924096e-09
1.061250000000000000e+02,1.752624749918968102e-09
1.061406250000000000e+02,1.988137979651121501e-09
1.061562500000000000e+02,2.113989505928762759e-09
1.061718750000000000e+02,2.134542797966405432e-09
1.061875000000000000e+02,2.166183405409059248e-09
1.062031250000000000e+02,2.271464951883418557e-09
1.062187500000000000e+02,2.389533260646711479e-09
1.062343750000000000e+02,2.368325880548955187e-09
1.062500000000000000e+02,2.128744031169978522e-09
1.062656250000000000e+02,1.870824054810601622e-09
1.062812500000000000e+02,1.870696371424213857e-09
1.062968750000000000e+02,2.029758133740348161e-09
1.063125000000000000e+02,2.150576260944884814e-09
1.063281250000000000e+02,2.188169845869803508e-09
1.063437500000000000e+02,2.132980283421460774e-09
1.063593750000000000e+02,1.997425788493674181e-09
1.063750000000000000e+02,1.855483796168969715e-09
1.063906250000000000e+02,1.769095131121790749e-09
1.064062500000000000e+02,1.703663060563996217e-09
1.064218750000000000e+02,1.631833041151827327e-09
1.064375000000000000e+02,1.616096823559250986e-09
1.064531250000000000e+02,1.660683497462862089e-09
1.064687500000000000e+02,1.666321779365396298e-09
1.064843750000000000e+02,1.569540231370986240e-09
1.065000000000000000e+02,1.401918270422075939e-09
1.065156250000000000e+02,1.275933958706702511e-09
1.065312500000000000e+02,1.283450144392655532e-09
1.065468750000000000e+02,1.403007029597587697e-09
1.065625000000000000e+02,1.542822813348529235e-09
1.065781250000000000e+02,1.634752923202568858e-09
1.065937500000000000e+02,1.694152233112729029e-09
1.066093750000000000e+02,1.744943672174765142e-09
1.066250000000000000e+02,1.744630436147219662e-09
1.066406250000000000e+02,1.675346086280318468e-09
1.066562500000000000e+02,1.624657807873304187e-09
1.066718750000000000e+02,1.674141870418518677e-09
1.066875000000000000e+02,1.749940072935842209e-09
1.067031250000000000e+02,1.760062935463483736e-09
1.067187500000000000e+02,1.756444989552348965e-09
1.067343750000000000e+02,1.856877918402879819e-09
1.067500000000000000e+02,2.050729586127228925e-09
1.067656250000000000e+02,2.205106057914704429e-09
1.067812500000000000e+02,2.250007197388001135e-09
1.067968750000000000e+02,2.196549999986080441e-09
1.068125000000000000e+02,2.071919822285782557e-09
1.068281250000000000e+02,1.938317681085546328e-09
1.068437500000000000e+02,1.832572803198937461e-09
1.068593750000000000e+02,1.712098321820318548e-09
1.068750000000000000e+02,1.621301130983986805e-09
1.068906250000000000e+02,1.681721534054252324e-09
1.069062500000000000e+02,1.849364830895459947e-09
1.069218750000000000e+02,2.007131557860842897e-09
1.069375000000000000e+02,2.117311765570392220e-09
1.069531250000000000e+02,2.189318444359553803e-09
1.069687500000000000e+02,2.234093613360392947e-09
1.069843750000000000e+02,2.259499437275280598e-09
1.070000000000000000e+02,2.303070081806962745e-09
1.070156250000000000e+02,2.448193296988370032e-09
1.070312500000000000e+02,2.738889192506616732e-09
1.070468750000000000e+02,3.079175114086060098e-09
1.070625000000000000e+02,3.351825486053645751e-09
1.070781250000000000e+02,3.536845181617886569e-09
1.070937500000000000e+02,3.708224523379154517e-09
1.071093750000000000e+02,3.938556125119996713e-09
1.071250000000000000e+02,4.185748779202161024e-09
1.071406250000000000e+02,4.359247401623663534e-09
1.071562500000000000e+02,4.362157877110365946e-09
1.071718750000000000e+02,4.161910578634206782e-09
1.071875000000000000e+02,3.899641178227334030e-09
1.072031250000000000e+02,3.777991484679565944e-09
1.072187500000000000e+02,3.889862646898755606e-09
1.072343750000000000e+02,4.169977677288664195e-09
1.072500000000000000e+02,4.469675935340905122e-09
1.072656250000000000e+02,4.666168964384959025e-09
1.072812500000000000e+02,4.713110058992886853e-09
1.072968750000000000e+02,4.610205129637325105e-09
1.073125000000000000e+02,4.358091995231610248e-09
1.073281250000000000e+02,3.987297025551333617e-09
1.073437500000000000e+02,3.591998528291776362e-09
1.073593750000000000e+02,3.279291553260411207e-09
1.073750000000000000e+02,3.134754619543595301e-09
1.073906250000000000e+02,3.166818008372719899e-09
1.074062500000000000e+02,3.288003398347895393e-09
1.074218750000000000e+02,3.380196097587709277e-09
1.074375000000000000e+02,3.305897098455578352e-09
1.074531250000000000e+02,3.044991179062805742e-09
1.074687500000000000e+02,2.758267553682528547e-09
1.074843750000000000e+02,2.569403958824348564e-09
1.075000000000000000e+02,2.407318974281366577e-09
1.075156250000000000e+02,2.207142710842125870e-09
1.075312500000000000e+02,2.031178191127332623e-09
1.075468750000000000e+02,1.892697640015583795e-09
1.075625000000000000e+02,1.758167481609435683e-09
1.075781250000000000e+02,1.714269455613650211e-09
1.075937500000000000e+02,1.822338649772000816e-09
1.076093750000000000e+02,1.984630076927730794e-09
1.076250000000000000e+02,2.139429826127945830e-09
1.076406250000000000e+02,2.261542888532056623e-09
1.076562500000000000e+02,2.267211757114727077e-09
1.076718750000000000e+02,2.147285062148853779e-09
1.076875000000000000e+02,2.064158402675558230e-09
1.077031250000000000e+02,2.132821744767215970e-09
1.077187500000000000e+02,2.255048110917134892e-09
1.077343750000000000e+02,2.328453588071806243e-09
1.077500000000000000e+02,2.312879160224410751e-09
1.077656250000000000e+02,2.163301679938812833e-09
1.077812500000000000e+02,1.880051452261792191e-09
1.077968750000000000e+02,1.582206917938799699e-09
1.078125000000000000e+02,1.438257732550278039e-09
1.078281250000000000e+02,1.466572756375758939e-09
1.078437500000000000e+02,1.508338062367256110e-09
1.078593750000000000e+02,1.436104451032805311e-09
1.078750000000000000e+02,1.298088041718732593e-09
1.078906250000000000e+02,1.224364266541719671e-09
1.079062500000000000e+02,1.221315959078162082e-09
1.079218750000000000e+02,1.226266234359810415e-09
1.079375000000000000e+02,1.215134411102227183e-09
1.079531250000000000e+02,1.196408469241656547e-09
1.079687500000000000e+02,1.200171122073825783e-09
1.079843750000000000e+02,1.228073796558647050e-09
1.080000000000000000e+02,1.249985356201848587e-09
1.080156250000000000e+02,1.251660668119443842e-09
1.080312500000000000e+02,1.251173282324966126e-09
1.080468750000000000e+02,1.254044653449551580e-09
1.080625000000000000e+02,1.252825505438259768e-09
1.080781250000000000e+02,1.257972322129104937e-09
1.080937500000000000e+02,1.259269074333906246e-09
1.081093750000000000e+02,1.236311909232430854e-09
1.081250000000000000e+02,1.247820724877379534e-09
1.081406250000000000e+02,1.335745859835115635e-09
1.081562500000000000e+02,1.394818977162134969e-09
1.081718750000000000e+02,1.390373913747226892e-09
1.081875000000000000e+02,1.440018751768366950e-09
1.082031250000000000e+02,1.541930058548355233e-09
1.082187500000000000e+02,1.556475420425242235e-09
1.082343750000000000e+02,1.451265090682860075e-09
1.082500000000000000e+02,1.327947834200432251e-09
1.082656250000000000e+02,1.284944687919590422e-09
1.082812500000000000e+02,1.310664913655552306e-09
1.082968750000000000e+02,1.367846664588082582e-09
1.083125000000000000e+02,1.474435534331450906e-09
1.083281250000000000e+02,1.619352749879050524e-09
1.083437500000000000e+02,1.750651583051501494e-09
1.083593750000000000e+02,1.823250967917449625e-09
1.083750000000000000e+02,1.821975546563793898e-09
1.083906250000000000e+02,1.798139440931326109e-09
1.084062500000000000e+02,1.795311023832036891e-09
1.084218750000000000e+02,1.765150682500756188e-09
1.084375000000000000e+02,1.684592160677090528e-09
1.084531250000000000e+02,1.600222315721790105e-09
1.084687500000000000e+02,1.525767953769394185e-09
1.084843750000000000e+02,1.442992109042875195e-09
1.085000000000000000e+02,1.354211479033390440e-09
1.085156250000000000e+02,1.274886385098333840e-09
1.085312500000000000e+02,1.244059193821179300e-09
1.085468750000000000e+02,1.286465923916894615e-09
1.085625000000000000e+02,1.326177230689579253e-09
1.085781250000000000e+02,1.293066112849499695e-09
1.085937500000000000e+02,1.214236916191497161e-09
1.086093750000000000e+02,1.140860865159363743e-09
1.086250000000000000e+02,1.084288009009153030e-09
1.086406250000000000e+02,1.032308986111510147e-09
1.086562500000000000e+02,1.001958433069252999e-09
1.086718750000000000e+02,1.029335630500540696e-09
1.086875000000000000e+02,1.096238091674805099e-09
1.087031250000000000e+02,1.165931504124418267e-09
1.087187500000000000e+02,1.244336656676714907e-09
1.087343750000000000e+02,1.345637144990108076e-09
1.087500000000000000e+02,1.460450379898293485e-09
1.087656250000000000e+02,1.529847088307385920e-09
1.087812500000000000e+02,1.486911287669198330e-09
1.087968750000000000e+02,1.380968990262812535e-09
1.088125000000000000e+02,1.378854363065035904e-09
1.088281250000000000e+02,1.517267989937651896e-09
1.088437500000000000e+02,1.632895861903564874e-09
1.088593750000000000e+02,1.618760775052357576e-09
1.088750000000000000e+02,1.490472007694886670e-09
1.088906250000000000e+02,1.303267411882778910e-09
1.089062500000000000e+02,1.126339178715394638e-09
1.089218750000000000e+02,1.061821741782843939e-09
1.089375000000000000e+02,1.152328224296550659e-09
1.089531250000000000e+02,1.300650483941312256e-09
1.089687500000000000e+02,1.403812396553603754e-09
1.089843750000000000e+02,1.430462569886546712e-09
1.090000000000000000e+02,1.437609867363880028e-09
1.090156250000000000e+02,1.490241583789851456e-09
1.090312500000000000e+02,1.527625770174349824e-09
1.090468750000000000e+02,1.483747901575378424e-09
1.090625000000000000e+02,1.378703887176205944e-09
1.090781250000000000e+02,1.246031306635571414e-09
1.090937500000000000e+02,1.122789334595081072e-09
1.091093750000000000e+02,1.034206485467204892e-09
1.091250000000000000e+02,9.650668986898452770e-10
1.091406250000000000e+02,9.056588712493917796e-10
1.091562500000000000e+02,8.733663431676042856e-10
1.091718750000000000e+02,8.892861418951927997e-10
1.091875000000000000e+02,9.178252484091888479e-10
1.092031250000000000e+02,9.102348322219731592e-10
1.092187500000000000e+02,8.932833342724624003e-10
1.092343750000000000e+02,9.123879226143688756e-10
1.092500000000000000e+02,9.766688920956570329e-10
1.092656250000000000e+02,1.093214199842953026e-09
1.092812500000000000e+02,1.206289352894593420e-09
1.092968750000000000e+02,1.225046991860529640e-09
1.093125000000000000e+02,1.186575383581364434e-09
1.093281250000000000e+02,1.229163435226764350e-09
1.093437500000000000e+02,1.390813301780290887e-09
1.093593750000000000e+02,1.589377721476244758e-09
1.093750000000000000e+02,1.721488632717932805e-09
1.093906250000000000e+02,1.722718200283562754e-09
1.094062500000000000e+02,1.611942121154720408e-09
1.094218750000000000e+02,1.504901064077105008e-09
1.094375000000000000e+02,1.514006538807944146e-09
1.094531250000000000e+02,1.581981800330000919e-09
1.094687500000000000e+02,1.641226994048039690e-09
1.094843750000000000e+02,1.726691109534261273e-09
1.095000000000000000e+02,1.778537434529658270e-09
1.095156250000000000e+02,1.742363414678791687e-09
1.095312500000000000e+02,1.753868446619014416e-09
1.095468750000000000e+02,1.876744558939625509e-09
1.095625000000000000e+02,1.999265102657220889e-09
1.095781250000000000e+02,2.103948381129462785e-09
1.095937500000000000e+02,2.173170025103042986e-09
1.096093750000000000e+02,2.074207787213783859e-09
1.096250000000000000e+02,1.799045912229055177e-09
1.096406250000000000e+02,1.544590008818824323e-09
1.096562500000000000e+02,1.454552754873164960e-09
1.096718750000000000e+02,1.447493791736111962e-09
1.096875000000000000e+02,1.398125441516279101e-09
1.097031250000000000e+02,1.281703171082056556e-09
1.097187500000000000e+02,1.178531849418698859e-09
1.097343750000000000e+02,1.197227719372534275e-09
1.097500000000000000e+02,1.300114124038610204e-09
1.097656250000000000e+02,1.337448989612631957e-09
1.097812500000000000e+02,1.280079755847413692e-09
1.097968750000000000e+02,1.246042384982093138e-09
1.098125000000000000e+02,1.303389620759801734e-09
1.098281250000000000e+02,1.407536180116880645e-09
1.098437500000000000e+02,1.527869391808969543e-09
1.098593750000000000e+02,1.618136552583380690e-09
1.098750000000000000e+02,1.639512663423140882e-09
1.098906250000000000e+02,1.688239420790108295e-09
1.099062500000000000e+02,1.890205103389016375e-09
1.099218750000000000e+02,2.183603403676850947e-09
1.099375000000000000e+02,2.396380431631806081e-09
1.099531250000000000e+02,2.417007770841101962e-09
1.099687500000000000e+02,2.319819279402984519e-09
1.099843750000000000e+02,2.328677316084210030e-09
1.100000000000000000e+02,2.517732659919414421e-09
1.100156250000000000e+02,2.746373748707578533e-09
1.100312500000000000e+02,2.858087381626489285e-09
1.100468750000000000e+02,2.792548060680667364e-09
1.100625000000000000e+02,2.665212230470180988e-09
1.100781250000000000e+02,2.661522362426270761e-09
1.100937500000000000e+02,2.848340726624741059e-09
1.101093750000000000e+02,3.123186762251312955e-09
1.101250000000000000e+02,3.295098767549139972e-09
1.101406250000000000e+02,3.328528101643933059e-09
1.101562500000000000e+02,3.409504546770115788e-09
1.101718750000000000e+02,3.620014362579787089e-09
1.101875000000000000e+02,3.805264562240964417e-09
1.102031250000000000e+02,3.894255786675657706e-09
1.102187500000000000e+02,3.950586053671255535e-09
1.102343750000000000e+02,3.983746131367265805e-09
1.102500000000000000e+02,4.071136875748986301e-09
1.102656250000000000e+02,4.299344723772562840e-09
1.102812500000000000e+02,4.510375293328248254e-09
1.102968750000000000e+02,4.564659120313570151e-09
1.103125000000000000e+02,4.505562071084702429e-09
1.103281250000000000e+02,4.396905399976293056e-09
1.103437500000000000e+02,4.250245796208739036e-09
1.103593750000000000e+02,4.002357080277753230e-09
1.103750000000000000e+02,3.631936286079864093e-09
1.103906250000000000e+02,3.290785680768587020e-09
1.104062500000000000e+02,3.100800005019353344e-09
1.104218750000000000e+02,2.963438176075898202e-09
1.104375000000000000e+02,2.787160791575422679e-09
1.104531250000000000e+02,2.598727464177868455e-09
1.104687500000000000e+02,2.406039120428596919e-09
1.104843750000000000e+02,2.218635903041939785e-09
1.105000000000000000e+02,2.079664593135240970e-09
1.105156250000000000e+02,2.017124384200320818e-09
1.105312500000000000e+02,2.046117976687278607e-09
1.105468750000000000e+02,2.111164647472412544e-09
1.105625000000000000e+02,2.132471671581145374e-09
1.105781250000000000e+02,2.111451563489744831e-09
1.105937500000000000e+02,2.092161795143500713e-09
1.106093750000000000e+02,2.103940904310625480e-09
1.106250000000000000e+02,2.139657409970276375e-09
1.106406250000000000e+02,2.109980907598690037e-09
1.106562500000000000e+02,2.008674365142772365e-09
1.106718750000000000e+02,2.021727575495588575e-09
1.106875000000000000e+02,2.147028822376147338e-09
1.107031250000000000e+02,2.207540160934434814e-09
1.107187500000000000e+02,2.183814090093981728e-09
1.107343750000000000e+02,2.131908178806338353e-09
1.107500000000000000e+02,2.056031289364403661e-09
1.107656250000000000e+02,1.936207266820089335e-09
1.107812500000000000e+02,1.771021383639117305e-09
1.107968750000000000e+02,1.586569705943885934e-09
1.108125000000000000e+02,1.443985551260802672e-09
1.108281250000000000e+02,1.411341266069255803e-09
1.108437500000000000e+02,1.479348756509900129e-09
1.108593750000000000e+02,1.599719076999960437e-09
1.108750000000000000e+02,1.746967751550690599e-09
1.108906250000000000e+02,1.859685300238296845e-09
1.109062500000000000e+02,1.848923565590540700e-09
1.109218750000000000e+02,1.667463672577796669e-09
1.109375000000000000e+02,1.369503257288131294e-09
1.109531250000000000e+02,1.118358300865801395e-09
1.109687500000000000e+02,1.039389838389292173e-09
1.109843750000000000e+02,1.070286847583048831e-09
1.110000000000000000e+02,1.097731862986461886e-09
1.110156250000000000e+02,1.081846234147211965e-09
1.110312500000000000e+02,1.053378982060472931e-09
1.110468750000000000e+02,1.040252163843010512e-09
1.110625000000000000e+02,1.036427827815574985e-09
1.110781250000000000e+02,1.059688304117125819e-09
1.110937500000000000e+02,1.113086402314855038e-09
1.111093750000000000e+02,1.162939291493733978e-09
1.111250000000000000e+02,1.238834475563116779e-09
1.111406250000000000e+02,1.364942159417704708e-09
1.111562500000000000e+02,1.463816382829727202e-09
1.111718750000000000e+02,1.513814179414227268e-09
1.111875000000000000e+02,1.561934584067505291e-09
1.112031250000000000e+02,1.574606174545870218e-09
1.112187500000000000e+02,1.504893587134692502e-09
1.112343750000000000e+02,1.410453168735776114e-09
1.112500000000000000e+02,1.359027808312217550e-09
1.112656250000000000e+02,1.335748720398153616e-09
1.112812500000000000e+02,1.298957641924481048e-09
1.112968750000000000e+02,1.232329911096915562e-09
1.113125000000000000e+02,1.174646554121218341e-09
1.113281250000000000e+02,1.202712637627836307e-09
1.113437500000000000e+02,1.356296473725908047e-09
1.113593750000000000e+02,1.572026219346671776e-09
1.113750000000000000e+02,1.733673162934002069e-09
1.113906250000000000e+02,1.800813185403804481e-09
1.114062500000000000e+02,1.789136718439025972e-09
1.114218750000000000e+02,1.688254079533175260e-09
1.114375000000000000e+02,1.527961174627685517e-09
1.114531250000000000e+02,1.404890466732112479e-09
1.114687500000000000e+02,1.368732920891646797e-09
1.114843750000000000e+02,1.369135967989725422e-09
1.115000000000000000e+02,1.340936089649713907e-09
1.115156250000000000e+02,1.269307983414163092e-09
1.115312500000000000e+02,1.181075018272834850e-09
1.115468750000000000e+02,1.132149452173336714e-09
1.115625000000000000e+02,1.173348317806089591e-09
1.115781250000000000e+02,1.277713241469765826e-09
1.115937500000000000e+02,1.342496067426661933e-09
1.116093750000000000e+02,1.315309734835341467e-09
1.116250000000000000e+02,1.243656981873973556e-09
1.116406250000000000e+02,1.187019499980901586e-09
1.116562500000000000e+02,1.142152175501851202e-09
1.116718750000000000e+02,1.095003445084577755e-09
1.116875000000000000e+02,1.072086168887685956e-09
1.117031250000000000e+02,1.079461278391266913e-09
1.117187500000000000e+02,1.077158095683705849e-09
1.117343750000000000e+02,1.053894216602769998e-09
1.117500000000000000e+02,1.045773288181737871e-09
1.117656250000000000e+02,1.076650423930321806e-09
1.117812500000000000e+02,1.155224814434243939e-09
1.117968750000000000e+02,1.273589902791342807e-09
1.118125000000000000e+02,1.376242264138595673e-09
1.118281250000000000e+02,1.408967852984229094e-09
1.118437500000000000e+02,1.360831979386147483e-09
1.118593750000000000e+02,1.266477903435999601e-09
1.118750000000000000e+02,1.175237106751533848e-09
1.118906250000000000e+02,1.105783514170933751e-09
1.119062500000000000e+02,1.052449925946847381e-09
1.119218750000000000e+02,1.003363628386369744e-09
1.119375000000000000e+02,9.357146377304178781e-10
1.119531250000000000e+02,8.508766516482169580e-10
1.119687500000000000e+02,7.952369712545837824e-10
1.119843750000000000e+02,7.884387676077148998e-10
1.120000000000000000e+02,8.226919901479144239e-10
1.120156250000000000e+02,9.037830939623145255e-10
1.120312500000000000e+02,1.019063711748476779e-09
1.120468750000000000e+02,1.155821482446082282e-09
1.120625000000000000e+02,1.280783478709724999e-09
1.120781250000000000e+02,1.323687923698395703e-09
1.120937500000000000e+02,1.267299579331101791e-09
1.121093750000000000e+02,1.178794926771561281e-09
1.121250000000000000e+02,1.117871580964248984e-09
1.121406250000000000e+02,1.067501749084143997e-09
1.121562500000000000e+02,9.853164443190335378e-10
1.121718750000000000e+02,8.902507618610117003e-10
1.121875000000000000e+02,8.325142460347007288e-10
1.122031250000000000e+02,8.064631552257719350e-10
1.122187500000000000e+02,7.880767840523660506e-10
1.122343750000000000e+02,7.910887789692838934e-10
1.122500000000000000e+02,8.235545356249684047e-10
1.122656250000000000e+02,8.628454605304899661e-10
1.122812500000000000e+02,9.101699106158188884e-10
1.122968750000000000e+02,1.015843953944383141e-09
1.123125000000000000e+02,1.203207778716574541e-09
1.123281250000000000e+02,1.392569815765883203e-09
1.123437500000000000e+02,1.469261930904978258e-09
1.123593750000000000e+02,1.415233489064949575e-09
1.123750000000000000e+02,1.335621928113438527e-09
1.123906250000000000e+02,1.325738131930608280e-09
1.124062500000000000e+02,1.342473933675648550e-09
1.124218750000000000e+02,1.295128956980143054e-09
1.124375000000000000e+02,1.182489200073430137e-09
1.124531250000000000e+02,1.069777208494258296e-09
1.124687500000000000e+02,9.728717773333614462e-10
1.124843750000000000e+02,8.733466511289511500e-10
1.125000000000000000e+02,7.972112667421357696e-10
1.125156250000000000e+02,7.862237175970060205e-10
1.125312500000000000e+02,8.375052234584888171e-10
1.125468750000000000e+02,8.787188425315889982e-10
1.125625000000000000e+02,8.709476977042807375e-10
1.125781250000000000e+02,8.616354043515849441e-10
1.125937500000000000e+02,8.734288456982125835e-10
1.126093750000000000e+02,8.849155793092709337e-10
1.126250000000000000e+02,8.995920617068544869e-10
1.126406250000000000e+02,8.954546678720918992e-10
1.126562500000000000e+02,8.417539369908645713e-10
1.126718750000000000e+02,7.993427010906060857e-10
1.126875000000000000e+02,8.461721063535873466e-10
1.127031250000000000e+02,9.415763124025798709e-10
1.127187500000000000e+02,9.944524201873124026e-10
1.127343750000000000e+02,9.821346067293680384e-10
1.127500000000000000e+02,9.711780625015318901e-10
1.127656250000000000e+02,1.022746436836655857e-09
1.127812500000000000e+02,1.109022113058212510e-09
1.127968750000000000e+02,1.175163663556660193e-09
1.128125000000000000e+02,1.194305916834335341e-09
1.128281250000000000e+02,1.165941393237577263e-09
1.128437500000000000e+02,1.132247980087508461e-09
1.128593750000000000e+02,1.160597023297724738e-09
1.128750000000000000e+02,1.248938917320804573e-09
1.128906250000000000e+02,1.329003075068318097e-09
1.129062500000000000e+02,1.367177795203095410e-09
1.129218750000000000e+02,1.362316196297057678e-09
1.129375000000000000e+02,1.317430930112632920e-09
1.129531250000000000e+02,1.259015189517427109e-09
1.129687500000000000e+02,1.211597406782535915e-09
1.129843750000000000e+02,1.176837628069521162e-09
1.130000000000000000e+02,1.173849062123995070e-09
1.130156250000000000e+02,1.213630667090342732e-09
1.130312500000000000e+02,1.302029252444015000e-09
1.130468750000000000e+02,1.480448838469208798e-09
1.130625000000000000e+02,1.731315453042022847e-09
1.130781250000000000e+02,1.971324077366510616e-09
1.130937500000000000e+02,2.128818775689784795e-09
1.131093750000000000e+02,2.167836342615269711e-09
1.131250000000000000e+02,2.146796032324113202e-09
1.131406250000000000e+02,2.231153147263844385e-09
1.131562500000000000e+02,2.462650168770331606e-09
1.131718750000000000e+02,2.648973479730991349e-09
1.131875000000000000e+02,2.687527764224272084e-09
1.132031250000000000e+02,2.695368343477882971e-09
1.132187500000000000e+02,2.764512780221572298e-09
1.132343750000000000e+02,2.810646208433505497e-09
1.132500000000000000e+02,2.796148534577372637e-09
1.132656250000000000e+02,2.868457625197631135e-09
1.132812500000000000e+02,3.011582698750575209e-09
1.132968750000000000e+02,3.030077476980934577e-09
1.133125000000000000e+02,2.950319582288261568e-09
1.133281250000000000e+02,2.927020175251686808e-09
1.133437500000000000e+02,2.968987109764752988e-09
1.133593750000000000e+02,3.017250426348659082e-09
1.133750000000000000e+02,3.142133629744263904e-09
1.133906250000000000e+02,3.546721483406341247e-09
1.134062500000000000e+02,4.176310366251630867e-09
1.134218750000000000e+02,4.763241855309993664e-09
1.134375000000000000e+02,5.264910137208297664e-09
1.134531250000000000e+02,5.669038674953364891e-09
1.134687500000000000e+02,5.712978834369067714e-09
1.134843750000000000e+02,5.293423867070466842e-09
1.135000000000000000e+02,4.795079654607564593e-09
1.135156250000000000e+02,4.602950074580483085e-09
1.135312500000000000e+02,4.503768681651387058e-09
1.135468750000000000e+02,4.195090398714718037e-09
1.135625000000000000e+02,3.738692020828304279e-09
1.135781250000000000e+02,3.282158510270429689e-09
1.135937500000000000e+02,2.877727548823788659e-09
1.136093750000000000e+02,2.540196178791493177e-09
1.136250000000000000e+02,2.255013092783554542e-09
1.136406250000000000e+02,2.025487822643457076e-09
1.136562500000000000e+02,1.873062224493190604e-09
1.136718750000000000e+02,1.757916002369769090e-09
1.136875000000000000e+02,1.609964970972710947e-09
1.137031250000000000e+02,1.432398827699460475e-09
1.137187500000000000e+02,1.350545388930795019e-09
1.137343750000000000e+02,1.492676149009855782e-09
1.137500000000000000e+02,1.733369908973415707e-09
1.137656250000000000e+02,1.849350241321614447e-09
1.137812500000000000e+02,1.788624316917663839e-09
1.137968750000000000e+02,1.659284356652177618e-09
1.138125000000000000e+02,1.556508284794632711e-09
1.138281250000000000e+02,1.466110118967262662e-09
1.138437500000000000e+02,1.382568399169124186e-09
1.138593750000000000e+02,1.345906577035961667e-09
1.138750000000000000e+02,1.325452253954955962e-09
1.138906250000000000e+02,1.262587989009997797e-09
1.139062500000000000e+02,1.180121852672662978e-09
1.139218750000000000e+02,1.157108011740975488e-09
1.139375000000000000e+02,1.188398447037407010e-09
1.139531250000000000e+02,1.184422436010275512e-09
1.139687500000000000e+02,1.135513300470621264e-09
1.139843750000000000e+02,1.116598403453036265e-09
1.140000000000000000e+02,1.159372212739501648e-09
1.140156250000000000e+02,1.242537253658567824e-09
1.140312500000000000e+02,1.343581691678237285e-09
1.140468750000000000e+02,1.425353559185794938e-09
1.140625000000000000e+02,1.443907127421978779e-09
1.140781250000000000e+02,1.414348592208051842e-09
1.140937500000000000e+02,1.422978168298964589e-09
1.141093750000000000e+02,1.500265761238660123e-09
1.141250000000000000e+02,1.563316737446305358e-09
1.141406250000000000e+02,1.548945100362092524e-09
1.141562500000000000e+02,1.478352209151851899e-09
1.141718750000000000e+02,1.376077762089341820e-09
1.141875000000000000e+02,1.227534240019361679e-09
1.142031250000000000e+02,1.046676675093105096e-09
1.142187500000000000e+02,9.247280253989871168e-10
1.142343750000000000e+02,9.310889006839372271e-10
1.142500000000000000e+02,9.971586242492044235e-10
1.142656250000000000e+02,1.045301735907726367e-09
1.142812500000000000e+02,1.076583366667722690e-09
1.142968750000000000e+02,1.111514928365648337e-09
1.143125000000000000e+02,1.131372009620321464e-09
1.143281250000000000e+02,1.114162338623281832e-09
1.143437500000000000e+02,1.093716357559040823e-09
1.143593750000000000e+02,1.097380365480506386e-09
1.143750000000000000e+02,1.074761850127071578e-09
1.143906250000000000e+02,1.012236219810281914e-09
1.144062500000000000e+02,9.767776772621831500e-10
1.144218750000000000e+02,9.917605669251655062e-10
1.144375000000000000e+02,1.012204106658571228e-09
1.144531250000000000e+02,1.031105576700363433e-09
1.144687500000000000e+02,1.076676330080744239e-09
1.144843750000000000e+02,1.090160061131291027e-09
1.145000000000000000e+02,9.941715195826040832e-10
1.145156250000000000e+02,8.373401084096894370e-10
1.145312500000000000e+02,7.449522011414004455e-10
1.145468750000000000e+02,7.405343015021137235e-10
1.145625000000000000e+02,7.445226117580745511e-10
1.145781250000000000e+02,7.252304543495316848e-10
1.145937500000000000e+02,7.279178834619821343e-10
1.146093750000000000e+02,7.774435937128875735e-10
1.146250000000000000e+02,8.285931960679395894e-10
1.146406250000000000e+02,8.598524921972092668e-10
1.146562500000000000e+02,8.906382034243564915e-10
1.146718750000000000e+02,9.186178146215523218e-10
1.146875000000000000e+02,9.447301409754147977e-10
1.147031250000000000e+02,9.951222609538200094e-10
1.147187500000000000e+02,1.052337364416548625e-09
1.147343750000000000e+02,1.074629103388218397e-09
1.147500000000000000e+02,1.060815959176799840e-09
1.147656250000000000e+02,1.051028446598592542e-09
1.147812500000000000e+02,1.070121634808805025e-09
1.147968750000000000e+02,1.064177452976780199e-09
1.148125000000000000e+02,9.851156275362179148e-10
1.148281250000000000e+02,8.773213074905845226e-10
1.148437500000000000e+02,8.359695008930102357e-10
1.148593750000000000e+02,8.832008733936274307e-10
1.148750000000000000e+02,9.382507357942445636e-10
1.148906250000000000e+02,9.415526941813187006e-10
1.149062500000000000e+02,9.096332810748235183e-10
1.149218750000000000e+02,8.979157334000559499e-10
1.149375000000000000e+02,9.291932294445258740e-10
1.149531250000000000e+02,9.761642687076424423e-10
1.149687500000000000e+02,1.011040203705744863e-09
1.149843750000000000e+02,1.025503677191776083e-09
1.150000000000000000e+02,1.041138130726325508e-09
1.150156250000000000e+02,1.115032278504981728e-09
1.150312500000000000e+02,1.215595047987182015e-09
1.150468750000000000e+02,1.225117892038672351e-09
1.150625000000000000e+02,1.125779866097662192e-09
1.150781250000000000e+02,1.027268858457184700e-09
1.150937500000000000e+02,9.971000213179601939e-10
1.151093750000000000e+02,9.795835079500340268e-10
1.151250000000000000e+02,9.405156662334307232e-10
1.151406250000000000e+02,9.182399302908229760e-10
1.151562500000000000e+02,9.213450441091856033e-10
1.151718750000000000e+02,9.085092365371832362e-10
1.151875000000000000e+02,8.686665965561589529e-10
1.152031250000000000e+02,8.165982441799667363e-10
1.152187500000000000e+02,7.665876842467581291e-10
1.152343750000000000e+02,7.355777598049952795e-10
1.152500000000000000e+02,7.116252189257313968e-10
1.152656250000000000e+02,6.761668899978939505e-10
1.152812500000000000e+02,6.431144844262080610e-10
1.152968750000000000e+02,6.176072519046770929e-10
1.153125000000000000e+02,5.981769187790528023e-10
1.153281250000000000e+02,6.111083674179353998e-10
1.153437500000000000e+02,6.663671079734791481e-10
1.153593750000000000e+02,7.370955035987287479e-10
1.153750000000000000e+02,7.887178886236220752e-10
1.153906250000000000e+02,7.836596129611927321e-10
1.154062500000000000e+02,7.235564049610104729e-10
1.154218750000000000e+02,6.976569720795625559e-10
1.154375000000000000e+02,7.938084825621761516e-10
1.154531250000000000e+02,9.619753457249423979e-10
1.154687500000000000e+02,1.104201282514151042e-09
1.154843750000000000e+02,1.181254304825380598e-09
1.155000000000000000e+02,1.212377677082749160e-09
1.155156250000000000e+02,1.223960300325735735e-09
1.155312500000000000e+02,1.211093106302633564e-09
1.155468750000000000e+02,1.170956955191905528e-09
1.155625000000000000e+02,1.148397341167869656e-09
1.155781250000000000e+02,1.180853887042555793e-09
1.155937500000000000e+02,1.219959797557684237e-09
1.156093750000000000e+02,1.209904789373092186e-09
1.156250000000000000e+02,1.171339198802061696e-09
1.156406250000000000e+02,1.149744565658251068e-09
1.156562500000000000e+02,1.158648848681995818e-09
1.156718750000000000e+02,1.182241727675916021e-09
1.156875000000000000e+02,1.192228675130500686e-09
1.157031250000000000e+02,1.176658297957723146e-09
1.157187500000000000e+02,1.148686153894653049e-09
1.157343750000000000e+02,1.117697660876576629e-09
1.157500000000000000e+02,1.080744844996193632e-09
1.157656250000000000e+02,1.051559833216732422e-09
1.157812500000000000e+02,1.052272422453145506e-09
1.157968750000000000e+02,1.073800605926737859e-09
1.158125000000000000e+02,1.077530193331096775e-09
1.158281250000000000e+02,1.043684354958761036e-09
1.158437500000000000e+02,1.002166159771047491e-09
1.158593750000000000e+02,9.781533719672150953e-10
1.158750000000000000e+02,9.517983296408528257e-10
1.158906250000000000e+02,9.128849189236766732e-10
1.159062500000000000e+02,9.070584644885766184e-10
1.159218750000000000e+02,9.704407923774186319e-10
1.159375000000000000e+02,1.048677410973793809e-09
1.159531250000000000e+02,1.096927235540247212e-09
1.159687500000000000e+02,1.132537511609073885e-09
1.159843750000000000e+02,1.163238244938445092e-09
1.160000000000000000e+02,1.154437571509794174e-09
1.160156250000000000e+02,1.077558043664362866e-09
1.160312500000000000e+02,9.667959566564468411e-10
1.160468750000000000e+02,8.838278958628580169e-10
1.160625000000000000e+02,8.431835899138593184e-10
1.160781250000000000e+02,8.337234682415794966e-10
1.160937500000000000e+02,8.490613434894744788e-10
1.161093750000000000e+02,8.905782256798247893e-10
1.161250000000000000e+02,9.712784765600391744e-10
1.161406250000000000e+02,1.076525082109535355e-09
1.161562500000000000e+02,1.144427660405078479e-09
1.161718750000000000e+02,1.129327998701147820e-09
1.161875000000000000e+02,1.067498039719230127e-09
1.162031250000000000e+02,1.026348942351938880e-09
1.162187500000000000e+02,1.006869235320690957e-09
1.162343750000000000e+02,9.730466186725381781e-10
1.162500000000000000e+02,9.017494415639213302e-10
1.162656250000000000e+02,7.852606014283295943e-10
1.162812500000000000e+02,6.611069309926647928e-10
1.162968750000000000e+02,6.254789699103699736e-10
1.163125000000000000e+02,7.051023201060222934e-10
1.163281250000000000e+02,7.926765456038149757e-10
1.163437500000000000e+02,8.189219107093899174e-10
1.163593750000000000e+02,7.952415581956099842e-10
1.163750000000000000e+02,7.676350052842568211e-10
1.163906250000000000e+02,7.768959352971032811e-10
1.164062500000000000e+02,8.221064001247543020e-10
1.164218750000000000e+02,8.661226862431704365e-10
1.164375000000000000e+02,8.916022640735600513e-10
1.164531250000000000e+02,9.176887461879267493e-10
1.164687500000000000e+02,9.507938768371325471e-10
1.164843750000000000e+02,9.692291852341425308e-10
1.165000000000000000e+02,9.637692013240854038e-10
1.165156250000000000e+02,9.514595916601264402e-10
1.165312500000000000e+02,9.555880526065139435e-10
1.165468750000000000e+02,9.776215672882903437e-10
1.165625000000000000e+02,9.898955322397639817e-10
1.165781250000000000e+02,9.761605273191170969e-10
1.165937500000000000e+02,9.635252408767092651e-10
1.166093750000000000e+02,9.811289157252166721e-10
1.166250000000000000e+02,1.000895320207688678e-09
1.166406250000000000e+02,9.875752120624821914e-10
1.166562500000000000e+02,9.756908604396031446e-10
1.166718750000000000e+02,1.013064173001366930e-09
1.166875000000000000e+02,1.063496179504341011e-09
1.167031250000000000e+02,1.067839751377229900e-09
1.167187500000000000e+02,1.030162168628925218e-09
1.167343750000000000e+02,9.892618523926822958e-10
1.167500000000000000e+02,9.374204599478320318e-10
1.167656250000000000e+02,8.560696026304185267e-10
1.167812500000000000e+02,8.027737872945724635e-10
1.167968750000000000e+02,8.198497962654264160e-10
1.168125000000000000e+02,8.384241100820015088e-10
1.168281250000000000e+02,7.983625653261643181e-10
1.168437500000000000e+02,7.276722151635078338e-10
1.168593750000000000e+02,6.958956752271512537e-10
1.168750000000000000e+02,7.090363020128796280e-10
1.168906250000000000e+02,7.083485845423827399e-10
1.169062500000000000e+02,6.783949273137825677e-10
1.169218750000000000e+02,6.704789670702893358e-10
1.169375000000000000e+02,7.253036791331362477e-10
1.169531250000000000e+02,8.067938224514977281e-10
1.169687500000000000e+02,8.671194140818184355e-10
1.169843750000000000e+02,9.002206265890610152e-10
1.170000000000000000e+02,8.915407941726425048e-10
1.170156250000000000e+02,8.183720506445178022e-10
1.170312500000000000e+02,7.192559368364641504e-10
1.170468750000000000e+02,6.665303884518280376e-10
1.170625000000000000e+02,6.703126412160901326e-10
1.170781250000000000e+02,7.132945175650993598e-10
1.170937500000000000e+02,7.956767058142177522e-10
1.171093750000000000e+02,8.951413760049268332e-10
1.171250000000000000e+02,9.815536165979012486e-10
1.171406250000000000e+02,1.054241657110810552e-09
1.171562500000000000e+02,1.124329560050195686e-09
1.171718750000000000e+02,1.170975723869576324e-09
1.171875000000000000e+02,1.169944533784577445e-09
1.172031250000000000e+02,1.140088563023530981e-09
1.172187500000000000e+02,1.114833794174265109e-09
1.172343750000000000e+02,1.095928522206095225e-09
1.172500000000000000e+02,1.074028464693645129e-09
1.172656250000000000e+02,1.041986442358304851e-09
1.172812500000000000e+02,9.793523026478314485e-10
1.172968750000000000e+02,8.887448336302513623e-10
1.173125000000000000e+02,8.037699060149252764e-10
1.173281250000000000e+02,7.324145336314083715e-10
1.173437500000000000e+02,6.590570133391417226e-10
1.173593750000000000e+02,5.926080081861153501e-10
1.173750000000000000e+02,5.551636552969691317e-10
1.173906250000000000e+02,5.433601607355295824e-10
1.174062500000000000e+02,5.347640992961716479e-10
1.174218750000000000e+02,5.315511900578636792e-10
1.174375000000000000e+02,5.468105541741600279e-10
1.174531250000000000e+02,5.671815909759297620e-10
1.174687500000000000e+02,5.856500248873472513e-10
1.174843750000000000e+02,6.134448616085302923e-10
1.175000000000000000e+02,6.489664423760744960e-10
1.175156250000000000e+02,6.645634750747366988e-10
1.175312500000000000e+02,6.351703741833076295e-10
1.175468750000000000e+02,5.820501313845478662e-10
1.175625000000000000e+02,5.617926004564919071e-10
1.175781250000000000e+02,5.858989661993651051e-10
1.175937500000000000e+02,6.243119159312049215e-10
1.176093750000000000e+02,6.673126130699640962e-10
1.176250000000000000e+02,7.002711370282679470e-10
1.176406250000000000e+02,6.934775905749946315e-10
1.176562500000000000e+02,6.390972029528646278e-10
1.176718750000000000e+02,5.629598753798212257e-10
1.176875000000000000e+02,5.064177818406769685e-10
1.177031250000000000e+02,4.995820169865025996e-10
1.177187500000000000e+02,5.297681947614177902e-10
1.177343750000000000e+02,5.531850024373970571e-10
1.177500000000000000e+02,5.504532817541550113e-10
1.177656250000000000e+02,5.317964688899980183e-10
1.177812500000000000e+02,5.033540991750463520e-10
1.177968750000000000e+02,4.573455797154475789e-10
1.178125000000000000e+02,3.929663492425463324e-10
1.178281250000000000e+02,3.427557820527033690e-10
1.178437500000000000e+02,3.372186122258645612e-10
1.178593750000000000e+02,3.601862913454836508e-10
1.178750000000000000e+02,3.987682790937084012e-10
1.178906250000000000e+02,4.463956302601747227e-10
1.179062500000000000e+02,4.801634739071872865e-10
1.179218750000000000e+02,4.871325052065442531e-10
1.179375000000000000e+02,4.764863507151439103e-10
1.179531250000000000e+02,4.609403069546627116e-10
1.179687500000000000e+02,4.525747623673109113e-10
1.179843750000000000e+02,4.605177964532876577e-10
1.180000000000000000e+02,4.747982366332196779e-10
1.180156250000000000e+02,4.797229275555654817e-10
1.180312500000000000e+02,4.782178774689083844e-10
1.180468750000000000e+02,4.898770403851473032e-10
1.180625000000000000e+02,5.154831674950449389e-10
1.180781250000000000e+02,5.265997361519994253e-10
1.180937500000000000e+02,5.079679812189718681e-10
1.181093750000000000e+02,4.698076101316684976e-10
1.181250000000000000e+02,4.330902377005824827e-10
1.181406250000000000e+02,4.187747874868845534e-10
1.181562500000000000e+02,4.225048635049016990e-10
1.181718750000000000e+02,4.190436113055515535e-10
1.181875000000000000e+02,3.982043152910778993e-10
1.182031250000000000e+02,3.695446807149448289e-10
1.182187500000000000e+02,3.519108599024779730e-10
1.182343750000000000e+02,3.536163179045263710e-10
1.182500000000000000e+02,3.622489855026486472e-10
1.182656250000000000e+02,3.746298641003670473e-10
1.182812500000000000e+02,3.982370890244703088e-10
1.182968750000000000e+02,4.198374519143480039e-10
1.183125000000000000e+02,4.218249503580254033e-10
1.183281250000000000e+02,4.133394718770070284e-10
1.183437500000000000e+02,4.144335881745936458e-10
1.183593750000000000e+02,4.304775371707822580e-10
1.183750000000000000e+02,4.524067831271477955e-10
1.183906250000000000e+02,4.710637013244125949e-10
1.184062500000000000e+02,4.879520075610884817e-10
1.184218750000000000e+02,5.024256668434337385e-10
1.184375000000000000e+02,5.060038231550666905e-10
1.184531250000000000e+02,4.962778575299252088e-10
1.184687500000000000e+02,4.749457856760805013e-10
1.184843750000000000e+02,4.416104819151753628e-10
1.185000000000000000e+02,4.012848359393896938e-10
1.185156250000000000e+02,3.746452637612121888e-10
1.185312500000000000e+02,3.797466823883487780e-10
1.185468750000000000e+02,4.050590523475828350e-10
1.185625000000000000e+02,4.331210711367073681e-10
1.185781250000000000e+02,4.651081560402159240e-10
1.185937500000000000e+02,4.973036496815286962e-10
1.186093750000000000e+02,5.068218336203272781e-10
1.186250000000000000e+02,4.838717480101088253e-10
1.186406250000000000e+02,4.468454546693736669e-10
1.186562500000000000e+02,4.198833156519649236e-10
1.186718750000000000e+02,4.156710982772353966e-10
1.186875000000000000e+02,4.319173971231363383e-10
1.187031250000000000e+02,4.531525864126757163e-10
1.187187500000000000e+02,4.679719300395445098e-10
1.187343750000000000e+02,4.730377752922853719e-10
1.187500000000000000e+02,4.633334941505314185e-10
1.187656250000000000e+02,4.389161746403808928e-10
1.187812500000000000e+02,4.272546299273512037e-10
1.187968750000000000e+02,4.525032983568155423e-10
1.188125000000000000e+02,4.831070174972506585e-10
1.188281250000000000e+02,4.829178362552332368e-10
1.188437500000000000e+02,4.540412016520611828e-10
1.188593750000000000e+02,4.201568820203482517e-10
1.188750000000000000e+02,4.020327870725874702e-10
1.188906250000000000e+02,4.021890387071305556e-10
1.189062500000000000e+02,4.066845339663204414e-10
1.189218750000000000e+02,3.977197767617336923e-10
1.189375000000000000e+02,3.823417734661167443e-10
1.189531250000000000e+02,3.944983505395436752e-10
1.189687500000000000e+02,4.344812532742335871e-10
1.189843750000000000e+02,4.642916726977706251e-10
1.190000000000000000e+02,4.602619610365625302e-10
1.190156250000000000e+02,4.220785722826492512e-10
1.190312500000000000e+02,3.662567931668733882e-10
1.190468750000000000e+02,3.255065393937029145e-10
1.190625000000000000e+02,3.214462602435360845e-10
1.190781250000000000e+02,3.322892128260770836e-10
1.190937500000000000e+02,3.282841412627376450e-10
1.191093750000000000e+02,3.115416542484373147e-10
1.191250000000000000e+02,3.045260688084514978e-10
1.191406250000000000e+02,3.099493196637992335e-10
1.191562500000000000e+02,3.092930410308976935e-10
1.191718750000000000e+02,2.967439283616093914e-10
1.191875000000000000e+02,2.827737449844936528e-10
1.192031250000000000e+02,2.717517926956727172e-10
1.192187500000000000e+02,2.586698767872645498e-10
1.192343750000000000e+02,2.449916722340124272e-10
1.192500000000000000e+02,2.384119226615133627e-10
1.192656250000000000e+02,2.381750576355665321e-10
1.192812500000000000e+02,2.373587921474917015e-10
1.192968750000000000e+02,2.419855451099148451e-10
1.193125000000000000e+02,2.628727701608732154e-10
1.193281250000000000e+02,2.934746718836492706e-10
1.193437500000000000e+02,3.242006630028142273e-10
1.193593750000000000e+02,3.545788548904518670e-10
1.193750000000000000e+02,3.812882251655675784e-10
1.193906250000000000e+02,3.943191062820923987e-10
1.194062500000000000e+02,3.873445980029359307e-10
1.194218750000000000e+02,3.647957617721555747e-10
1.194375000000000000e+02,3.375264808704982585e-10
1.194531250000000000e+02,3.174342321835400265e-10
1.194687500000000000e+02,3.170055214789688187e-10
1.194843750000000000e+02,3.369300578337489636e-10
1.195000000000000000e+02,3.588830057582308711e-10
1.195156250000000000e+02,3.674234066176362967e-10
1.195312500000000000e+02,3.680666715243858754e-10
1.195468750000000000e+02,3.708172037928781431e-10
1.195625000000000000e+02,3.711249998204459186e-10
1.195781250000000000e+02,3.654757415862650391e-10
1.195937500000000000e+02,3.593224162580061683e-10
1.196093750000000000e+02,3.488179677134545613e-10
1.196250000000000000e+02,3.258398296891369969e-10
1.196406250000000000e+02,2.986033565491705661e-10
1.196562500000000000e+02,2.746401313823838311e-10
1.196718750000000000e+02,2.457026710233099878e-10
1.196875000000000000e+02,2.139899346218521054e-10
1.197031250000000000e+02,1.944415637219958673e-10
1.197187500000000000e+02,1.824567673144214682e-10
1.197343750000000000e+02,1.635789909375689678e-10
1.197500000000000000e+02,1.399847426900798736e-10
1.197656250000000000e+02,1.211176312158845240e-10
1.197812500000000000e+02,1.090427378669574945e-10
1.197968750000000000e+02,1.014417762143585874e-10
1.198125000000000000e+02,9.664425353990251248e-11
1.198281250000000000e+02,9.254843875865270168e-11
1.198437500000000000e+02,8.862835382959777103e-11
1.198593750000000000e+02,8.545671734265520635e-11
1.198750000000000000e+02,8.374893229781353140e-11
1.198906250000000000e+02,8.557342407031057884e-11
1.199062500000000000e+02,9.050799406109466646e-11
1.199218750000000000e+02,9.478464937202936265e-11
1.199375000000000000e+02,9.947282620352127209e-11
1.199531250000000000e+02,1.093946758319638237e-10
1.199687500000000000e+02,1.214726885677045968e-10
1.199843750000000000e+02,1.291724600739948503e-10
1.200000000000000000e+02,1.323995762863392873e-10
1.200156250000000000e+02,1.335688908676294888e-10
1.200312500000000000e+02,1.317113448006608438e-10
1.200468750000000000e+02,1.269125095785898828e-10
1.200625000000000000e+02,1.222754081476394887e-10
1.200781250000000000e+02,1.183545302778130820e-10
1.200937500000000000e+02,1.119168849074547274e-10
1.201093750000000000e+02,1.022458987301314852e-10
1.201250000000000000e+02,9.319125012714371008e-11
1.201406250000000000e+02,8.705351507813312106e-11
1.201562500000000000e+02,8.674689204104830808e-11
1.201718750000000000e+02,9.583908274864680762e-11
1.201875000000000000e+02,1.080477124132065868e-10
1.202031250000000000e+02,1.160914617746298088e-10
1.202187500000000000e+02,1.203902429485202355e-10
1.202343750000000000e+02,1.239883288821275524e-10
1.202500000000000000e+02,1.271683520100309776e-10
1.202656250000000000e+02,1.297459937326422937e-10
1.202812500000000000e+02,1.367200840142802561e-10
1.202968750000000000e+02,1.533476620613782232e-10
1.203125000000000000e+02,1.731756125290698285e-10
1.203281250000000000e+02,1.827022064158168376e-10
1.203437500000000000e+02,1.757243364261073170e-10
1.203593750000000000e+02,1.592963186028356490e-10
1.203750000000000000e+02,1.446354578578019717e-10
1.203906250000000000e+02,1.357540275710377781e-10
1.204062500000000000e+02,1.332588564347527392e-10
1.204218750000000000e+02,1.371353481034010474e-10
1.204375000000000000e+02,1.430890745124577141e-10
1.204531250000000000e+02,1.485872676099560883e-10
1.204687500000000000e+02,1.566336467595153555e-10
1.204843750000000000e+02,1.700819135015901564e-10
1.205000000000000000e+02,1.872428894387515103e-10
1.205156250000000000e+02,2.020048917184576857e-10
1.205312500000000000e+02,2.151903213790294919e-10
1.205468750000000000e+02,2.394753574191595694e-10
1.205625000000000000e+02,2.768243116590954902e-10
1.205781250000000000e+02,3.105986305380044125e-10
1.205937500000000000e+02,3.251641443635408702e-10
1.206093750000000000e+02,3.164997639145169182e-10
1.206250000000000000e+02,2.968257612105883706e-10
1.206406250000000000e+02,2.861820350915975924e-10
1.206562500000000000e+02,2.839990441136151625e-10
1.206718750000000000e+02,2.794205887443403933e-10
1.206875000000000000e+02,2.769593423551813132e-10
1.207031250000000000e+02,2.815676447612297094e-10
1.207187500000000000e+02,2.854947418341358875e-10
1.207343750000000000e+02,2.809532353364794274e-10
1.207500000000000000e+02,2.751962912127741195e-10
1.207656250000000000e+02,2.834282722781312688e-10
1.207812500000000000e+02,2.976427167463450172e-10
1.207968750000000000e+02,2.975363972151315264e-10
1.208125000000000000e+02,2.832232156514388859e-10
1.208281250000000000e+02,2.672726649940681637e-10
1.208437500000000000e+02,2.535405999116738302e-10
1.208593750000000000e+02,2.405482959112497865e-10
1.208750000000000000e+02,2.312043827941958517e-10
1.208906250000000000e+02,2.243337727664382800e-10
1.209062500000000000e+02,2.215712718629205865e-10
1.209218750000000000e+02,2.391085155559352339e-10
1.209375000000000000e+02,2.781352158950428904e-10
1.209531250000000000e+02,3.204379122256235066e-10
1.209687500000000000e+02,3.548516026075953361e-10
1.209843750000000000e+02,3.766967130582860520e-10
1.210000000000000000e+02,3.814262633334703314e-10
1.210156250000000000e+02,3.664993288447003505e-10
1.210312500000000000e+02,3.378412968196981097e-10
1.210468750000000000e+02,3.095701053358143901e-10
1.210625000000000000e+02,2.935666115599022092e-10
1.210781250000000000e+02,2.898821779321008684e-10
1.210937500000000000e+02,2.886695021389392335e-10
1.211093750000000000e+02,2.870902097089686434e-10
1.211250000000000000e+02,2.937808880730515134e-10
1.211406250000000000e+02,3.067671276060033929e-10
1.211562500000000000e+02,3.077595798388270326e-10
1.211718750000000000e+02,2.943643667358262738e-10
1.211875000000000000e+02,2.854324758090436217e-10
1.212031250000000000e+02,2.862047720950262434e-10
1.212187500000000000e+02,2.899653473764887392e-10
1.212343750000000000e+02,3.028033618222383107e-10
1.212500000000000000e+02,3.191029258944324292e-10
1.212656250000000000e+02,3.182470990793628862e-10
1.212812500000000000e+02,3.030716687838855916e-10
1.212968750000000000e+02,2.965146121366862119e-10
1.213125000000000000e+02,3.081191486738761445e-10
1.213281250000000000e+02,3.292231860734675895e-10
1.213437500000000000e+02,3.431579464915787273e-10
1.213593750000000000e+02,3.391183585518398033e-10
1.213750000000000000e+02,3.275899394896363805e-10
1.213906250000000000e+02,3.280194179702922561e-10
1.214062500000000000e+02,3.456960839694453380e-10
1.214218750000000000e+02,3.697788357313735760e-10
1.214375000000000000e+02,3.831799878347682248e-10
1.214531250000000000e+02,3.798434366084624747e-10
1.214687500000000000e+02,3.711296666931845814e-10
1.214843750000000000e+02,3.713463892887740949e-10
1.215000000000000000e+02,3.819074838956380837e-10
1.215156250000000000e+02,3.934656464071281837e-10
1.215312500000000000e+02,3.979607240683043027e-10
1.215468750000000000e+02,3.896708870517960968e-10
1.215625000000000000e+02,3.701065534970980626e-10
1.215781250000000000e+02,3.525699996058659159e-10
1.215937500000000000e+02,3.426084219688906680e-10
1.216093750000000000e+02,3.274522330105474129e-10
1.216250000000000000e+02,3.006400194537762395e-10
1.216406250000000000e+02,2.843510254030369513e-10
1.216562500000000000e+02,3.021931177961848385e-10
1.216718750000000000e+02,3.281384944368344825e-10
1.216875000000000000e+02,3.286296929252664845e-10
1.217031250000000000e+02,3.075832606223979710e-10
1.217187500000000000e+02,2.860660451115310743e-10
1.217343750000000000e+02,2.724560116007879607e-10
1.217500000000000000e+02,2.688631407104782165e-10
1.217656250000000000e+02,2.874127562998167382e-10
1.217812500000000000e+02,3.309196151557093802e-10
1.217968750000000000e+02,3.749614050005856634e-10
1.218125000000000000e+02,3.943901318789605413e-10
1.218281250000000000e+02,3.863823303823273789e-10
1.218437500000000000e+02,3.684133355069157086e-10
1.218593750000000000e+02,3.545803597041876820e-10
1.218750000000000000e+02,3.419619153715402969e-10
1.218906250000000000e+02,3.272701289580056572e-10
1.219062500000000000e+02,3.143690278764415022e-10
1.219218750000000000e+02,3.095711755263766510e-10
1.219375000000000000e+02,3.201952195310279323e-10
1.219531250000000000e+02,3.446639278543782859e-10
1.219687500000000000e+02,3.677064672150414963e-10
1.219843750000000000e+02,3.734355255569387162e-10
1.220000000000000000e+02,3.617612232033445577e-10
1.220156250000000000e+02,3.562392912350327083e-10
1.220312500000000000e+02,3.808260340882653830e-10
1.220468750000000000e+02,4.297992981427937078e-10
1.220625000000000000e+02,4.814658504730281070e-10
1.220781250000000000e+02,5.230894435521789588e-10
1.220937500000000000e+02,5.523282933986812650e-10
1.221093750000000000e+02,5.624566885995178540e-10
1.221250000000000000e+02,5.476684587859335703e-10
1.221406250000000000e+02,5.091692799969789384e-10
1.221562500000000000e+02,4.502843523172975390e-10
1.221718750000000000e+02,3.935459732067349976e-10
1.221875000000000000e+02,3.785388753559496428e-10
1.222031250000000000e+02,4.114632053894653789e-10
1.222187500000000000e+02,4.677916276851140839e-10
1.222343750000000000e+02,5.341152331753250611e-10
1.222500000000000000e+02,6.008881001970811518e-10
1.222656250000000000e+02,6.367003406851052580e-10
1.222812500000000000e+02,6.076028606210847088e-10
1.222968750000000000e+02,5.297136511904965864e-10
1.223125000000000000e+02,4.712891949846280527e-10
1.223281250000000000e+02,4.666798083744591607e-10
1.223437500000000000e+02,4.851810704580964319e-10
1.223593750000000000e+02,5.163918861898202467e-10
1.223750000000000000e+02,5.581742856509224943e-10
1.223906250000000000e+02,5.895576918039267779e-10
1.224062500000000000e+02,6.060005048740200327e-10
1.224218750000000000e+02,6.170426049099581792e-10
1.224375000000000000e+02,6.239306983101455415e-10
1.224531250000000000e+02,6.152792192992418555e-10
1.224687500000000000e+02,5.784771392482968579e-10
1.224843750000000000e+02,5.268881594960773316e-10
1.225000000000000000e+02,5.049563543795028483e-10
1.225156250000000000e+02,5.281244086101453183e-10
1.225312500000000000e+02,5.576653647990386721e-10
1.225468750000000000e+02,5.590105827251478876e-10
1.225625000000000000e+02,5.285959646542876495e-10
1.225781250000000000e+02,4.926289350350385388e-10
1.225937500000000000e+02,4.849665515482210978e-10
1.226093750000000000e+02,4.990895605907233670e-10
1.226250000000000000e+02,5.037980991275178813e-10
1.226406250000000000e+02,4.982805531669800162e-10
1.226562500000000000e+02,4.945229612163096547e-10
1.226718750000000000e+02,4.831001601658863216e-10
1.226875000000000000e+02,4.673568663615458236e-10
1.227031250000000000e+02,4.671745966280219822e-10
1.227187500000000000e+02,4.662366719031152061e-10
1.227343750000000000e+02,4.392894327859515245e-10
1.227500000000000000e+02,4.077262767504817308e-10
1.227656250000000000e+02,4.126040747188638591e-10
1.227812500000000000e+02,4.491138810552813836e-10
1.227968750000000000e+02,4.771020203317343113e-10
1.228125000000000000e+02,4.725458590827093822e-10
1.228281250000000000e+02,4.475260876601136786e-10
1.228437500000000000e+02,4.366145454305974871e-10
1.228593750000000000e+02,4.434507062545436222e-10
1.228750000000000000e+02,4.388849780355054921e-10
1.228906250000000000e+02,4.271815459339609687e-10
1.229062500000000000e+02,4.327274509894506264e-10
1.229218750000000000e+02,4.445327802708795664e-10
1.229375000000000000e+02,4.427500326501174472e-10
1.229531250000000000e+02,4.255023551990373622e-10
1.229687500000000000e+02,4.100209025871151309e-10
1.229843750000000000e+02,4.194551838351754001e-10
1.230000000000000000e+02,4.474638000488174030e-10
1.230156250000000000e+02,4.708715036332826980e-10
1.230312500000000000e+02,4.753419861971249266e-10
1.230468750000000000e+02,4.682126751356265019e-10
1.230625000000000000e+02,4.760727428437833521e-10
1.230781250000000000e+02,4.975651334548459608e-10
1.230937500000000000e+02,5.081308724884413824e-10
1.231093750000000000e+02,5.086332429219134492e-10
1.231250000000000000e+02,5.100475384525031824e-10
1.231406250000000000e+02,5.056526667815355788e-10
1.231562500000000000e+02,4.969559266581074764e-10
1.231718750000000000e+02,4.978864911605779319e-10
1.231875000000000000e+02,5.097787322979418628e-10
1.232031250000000000e+02,5.251892810511308929e-10
1.232187500000000000e+02,5.370650824352476309e-10
1.232343750000000000e+02,5.444941016439408303e-10
1.232500000000000000e+02,5.404545662079595564e-10
1.232656250000000000e+02,5.205917983982691891e-10
1.232812500000000000e+02,5.183141038780282722e-10
1.232968750000000000e+02,5.583269336010776999e-10
1.233125000000000000e+02,6.144029461621963665e-10
1.233281250000000000e+02,6.516186922960648100e-10
1.233437500000000000e+02,6.529920566429488104e-10
1.233593750000000000e+02,6.419598701042474673e-10
1.233750000000000000e+02,6.550434406117894656e-10
1.233906250000000000e+02,6.788328217597599287e-10
1.234062500000000000e+02,6.733154355621996518e-10
1.234218750000000000e+02,6.202260790850473034e-10
1.234375000000000000e+02,5.370934172774683839e-10
1.234531250000000000e+02,4.609998398918671464e-10
1.234687500000000000e+02,4.108569121965453429e-10
1.234843750000000000e+02,4.063218490648950333e-10
1.235000000000000000e+02,4.761358647192048112e-10
1.235156250000000000e+02,5.762464874886958196e-10
1.235312500000000000e+02,6.384428698360141159e-10
1.235468750000000000e+02,6.503528982303194857e-10
1.235625000000000000e+02,6.435114390502901446e-10
1.235781250000000000e+02,6.541047723046733512e-10
1.235937500000000000e+02,6.885160377745687438e-10
1.236093750000000000e+02,7.034850105890563237e-10
1.236250000000000000e+02,6.860358879402116387e-10
1.236406250000000000e+02,6.863673623305808638e-10
1.236562500000000000e+02,7.073890245704877841e-10
1.236718750000000000e+02,7.101116934537803811e-10
1.236875000000000000e+02,7.052692928425327903e-10
1.237031250000000000e+02,7.072527190698066892e-10
1.237187500000000000e+02,6.949422022063788207e-10
1.237343750000000000e+02,6.731282459732353451e-10
1.237500000000000000e+02,6.517449467841866741e-10
1.237656250000000000e+02,6.048900212405329524e-10
1.237812500000000000e+02,5.426654118558183476e-10
1.237968750000000000e+02,5.212180395345874911e-10
1.238125000000000000e+02,5.454504055552507332e-10
1.238281250000000000e+02,5.630643507475819100e-10
1.238437500000000000e+02,5.550344401637701023e-10
1.238593750000000000e+02,5.454041718025306390e-10
1.238750000000000000e+02,5.530221739374781172e-10
1.238906250000000000e+02,5.798215920781464494e-10
1.239062500000000000e+02,6.137013977612083669e-10
1.239218750000000000e+02,6.469953501643041316e-10
1.239375000000000000e+02,6.934136775394332311e-10
1.239531250000000000e+02,7.433136102223326485e-10
1.239687500000000000e+02,7.564481152284917775e-10
1.239843750000000000e+02,7.168108605363379474e-10
1.240000000000000000e+02,6.484212665851699144e-10
1.240156250000000000e+02,5.882192469247879797e-10
1.240312500000000000e+02,5.506997498930181399e-10
1.240468750000000000e+02,5.269257764673217885e-10
1.240625000000000000e+02,5.263489762016078781e-10
1.240781250000000000e+02,5.607751658844246858e-10
1.240937500000000000e+02,5.975520714306660353e-10
1.241093750000000000e+02,6.019241948656037256e-10
1.241250000000000000e+02,5.833037824337526433e-10
1.241406250000000000e+02,5.796982599137417893e-10
1.241562500000000000e+02,6.107913219798046880e-10
1.241718750000000000e+02,6.666613218635676495e-10
1.241875000000000000e+02,7.279483795485540567e-10
1.242031250000000000e+02,7.776819020444668734e-10
1.242187500000000000e+02,8.083648567527076285e-10
1.242343750000000000e+02,8.003691785638551883e-10
1.242500000000000000e+02,7.360195155325894587e-10
1.242656250000000000e+02,6.505237041450852681e-10
1.242812500000000000e+02,5.955195670266424966e-10
1.242968750000000000e+02,5.814865980700236183e-10
1.243125000000000000e+02,5.966508639646115432e-10
1.243281250000000000e+02,6.248479320668181388e-10
1.243437500000000000e+02,6.493577218514106359e-10
1.243593750000000000e+02,6.526993143653468940e-10
1.243750000000000000e+02,6.254910083865023547e-10
1.243906250000000000e+02,5.889536666701387729e-10
1.244062500000000000e+02,5.725720774655034864e-10
1.244218750000000000e+02,5.692559233267423513e-10
1.244375000000000000e+02,5.574515604426400562e-10
1.244531250000000000e+02,5.308541879893439959e-10
1.244687500000000000e+02,5.107377989341457874e-10
1.244843750000000000e+02,5.308749270015856587e-10
1.245000000000000000e+02,5.787692450968095020e-10
1.245156250000000000e+02,6.115239410109917752e-10
1.245312500000000000e+02,6.202590903681471395e-10
1.245468750000000000e+02,6.396337199991581572e-10
1.245625000000000000e+02,6.871623716291224388e-10
1.245781250000000000e+02,7.355077868576326237e-10
1.245937500000000000e+02,7.720075532054229456e-10
1.246093750000000000e+02,8.049623248024379365e-10
1.246250000000000000e+02,8.333286385703355605e-10
1.246406250000000000e+02,8.506686964918082382e-10
1.246562500000000000e+02,8.577255061657272621e-10
1.246718750000000000e+02,8.514480718925424814e-10
1.246875000000000000e+02,8.100339173678287095e-10
1.247031250000000000e+02,7.380026732369169055e-10
1.247187500000000000e+02,6.820843934729594704e-10
1.247343750000000000e+02,6.609448304907652273e-10
1.247500000000000000e+02,6.589768147367380977e-10
1.247656250000000000e+02,6.680674058306967193e-10
1.247812500000000000e+02,6.824594244442520482e-10
1.247968750000000000e+02,7.115028679378418747e-10
1.248125000000000000e+02,7.788981765843520764e-10
1.248281250000000000e+02,8.567738228401746645e-10
1.248437500000000000e+02,8.846790986691896566e-10
1.248593750000000000e+02,8.612839815185797287e-10
1.248750000000000000e+02,8.369354096153897925e-10
1.248906250000000000e+02,8.310855830181140783e-10
1.249062500000000000e+02,8.174163693376556147e-10
1.249218750000000000e+02,7.778768936837316127e-10
1.249375000000000000e+02,7.220869166979528620e-10
1.249531250000000000e+02,6.650673276111104112e-10
1.249687500000000000e+02,6.068761932990475003e-10
1.249843750000000000e+02,5.361616518848811032e-10
1.250000000000000000e+02,4.561053312224377220e-10
1.250156250000000000e+02,3.978194295220158768e-10
1.250312500000000000e+02,3.870900170239181419e-10
1.250468750000000000e+02,4.058461164493012506e-10
1.250625000000000000e+02,4.300523582301659602e-10
1.250781250000000000e+02,4.534818346571566164e-10
1.250937500000000000e+02,4.681627594959967387e-10
1.251093750000000000e+02,4.638423780112443707e-10
1.251250000000000000e+02,4.496690260013103605e-10
1.251406250000000000e+02,4.575705364456162602e-10
1.251562500000000000e+02,4.918369545215131463e-10
1.251718750000000000e+02,5.130252741743918360e-10
1.251875000000000000e+02,4.938392840946816757e-10
1.252031250000000000e+02,4.576379271773730444e-10
1.252187500000000000e+02,4.642989381660213362e-10
1.252343750000000000e+02,5.320268838348874163e-10
1.252500000000000000e+02,6.155162545110269934e-10
1.252656250000000000e+02,6.669922082544010746e-10
1.252812500000000000e+02,6.719598760020195921e-10
1.252968750000000000e+02,6.568097353559321860e-10
1.253125000000000000e+02,6.517896704148379619e-10
1.253281250000000000e+02,6.557739265787851560e-10
1.253437500000000000e+02,6.550651580841456224e-10
1.253593750000000000e+02,6.444949249667833558e-10
1.253750000000000000e+02,6.226571897022359611e-10
1.253906250000000000e+02,5.936311714833263173e-10
1.254062500000000000e+02,5.766304816500863259e-10
1.254218750000000000e+02,5.965332644024344615e-10
1.254375000000000000e+02,6.477207372911286650e-10
1.254531250000000000e+02,6.949313483093036405e-10
1.254687500000000000e+02,7.222941771090520493e-10
1.254843750000000000e+02,7.325793673660458467e-10
1.255000000000000000e+02,7.199101302994022711e-10
1.255156250000000000e+02,6.883666094841049953e-10
1.255312500000000000e+02,6.669761785119689233e-10
1.255468750000000000e+02,6.703951952341536139e-10
1.255625000000000000e+02,6.794405882432666177e-10
1.255781250000000000e+02,6.755146103273887168e-10
1.255937500000000000e+02,6.609371190936287208e-10
1.256093750000000000e+02,6.402359838673259286e-10
1.256250000000000000e+02,5.971577596428805728e-10
1.256406250000000000e+02,5.250065279519680943e-10
1.256562500000000000e+02,4.633158408648873679e-10
1.256718750000000000e+02,4.584498100544272283e-10
1.256875000000000000e+02,4.931239877262002710e-10
1.257031250000000000e+02,5.161917376089626293e-10
1.257187500000000000e+02,5.084494397902654856e-10
1.257343750000000000e+02,4.940089009812566439e-10
1.257500000000000000e+02,5.043771607979616299e-10
1.257656250000000000e+02,5.401374741644335127e-10
1.257812500000000000e+02,5.840209672726116001e-10
1.257968750000000000e+02,6.292780261572312744e-10
1.258125000000000000e+02,6.880969160507680913e-10
1.258281250000000000e+02,7.580593163905754113e-10
1.258437500000000000e+02,7.871992043045991912e-10
1.258593750000000000e+02,7.668027584198948508e-10
1.258750000000000000e+02,7.797062099869155128e-10
1.258906250000000000e+02,8.531048356192812885e-10
1.259062500000000000e+02,9.188043872535838510e-10
1.259218750000000000e+02,9.188562640038885072e-10
1.259375000000000000e+02,8.586448745518378323e-10
1.259531250000000000e+02,8.183567518101690200e-10
1.259687500000000000e+02,8.447256106105963191e-10
1.259843750000000000e+02,8.871992797538049883e-10
1.260000000000000000e+02,9.063603170386566385e-10
1.260156250000000000e+02,8.890124188979261147e-10
1.260312500000000000e+02,8.152714428648489812e-10
1.260468750000000000e+02,7.001570029231929690e-10
1.260625000000000000e+02,6.118219428356381304e-10
1.260781250000000000e+02,6.026578732996925213e-10
1.260937500000000000e+02,6.606695775067235145e-10
1.261093750000000000e+02,7.323460420782978013e-10
1.261250000000000000e+02,7.724035868408263319e-10
1.261406250000000000e+02,7.914483788620836264e-10
1.261562500000000000e+02,8.142184447280362570e-10
1.261718750000000000e+02,8.117106182802154609e-10
1.261875000000000000e+02,7.460459305981514531e-10
1.262031250000000000e+02,6.440607418107435819e-10
1.262187500000000000e+02,5.843504475160935550e-10
1.262343750000000000e+02,6.194051712165916284e-10
1.262500000000000000e+02,7.209152006808931510e-10
1.262656250000000000e+02,8.111982076562224453e-10
1.262812500000000000e+02,8.293936034603774096e-10
1.262968750000000000e+02,7.836329261955276689e-10
1.263125000000000000e+02,7.290246097732608941e-10
1.263281250000000000e+02,6.957971668286499402e-10
1.263437500000000000e+02,6.889941458666277949e-10
1.263593750000000000e+02,7.105251868498107499e-10
1.263750000000000000e+02,7.368124275989066792e-10
1.263906250000000000e+02,7.426571751951684335e-10
1.264062500000000000e+02,7.342693759459072893e-10
1.264218750000000000e+02,7.215535273833587476e-10
1.264375000000000000e+02,7.058125097219277063e-10
1.264531250000000000e+02,6.940369610292923899e-10
1.264687500000000000e+02,6.970168081344623507e-10
1.264843750000000000e+02,7.324300295388700234e-10
1.265000000000000000e+02,7.930661452221337947e-10
1.265156250000000000e+02,8.364784110440129202e-10
1.265312500000000000e+02,8.448523871235080922e-10
1.265468750000000000e+02,8.515339787265497623e-10
1.265625000000000000e+02,8.790620124480193319e-10
1.265781250000000000e+02,8.922500108777954201e-10
1.265937500000000000e+02,8.738695771634696661e-10
1.266093750000000000e+02,8.577741108318538039e-10
1.266250000000000000e+02,8.565945758496604313e-10
1.266406250000000000e+02,8.327661486944311877e-10
1.266562500000000000e+02,7.574799804943571188e-10
1.266718750000000000e+02,6.604220239814359581e-10
1.266875000000000000e+02,6.223832502926534788e-10
1.267031250000000000e+02,6.620257160821884808e-10
1.267187500000000000e+02,7.050880285291635846e-10
1.267343750000000000e+02,7.127904113741747232e-10
1.267500000000000000e+02,6.940580149027983454e-10
1.267656250000000000e+02,6.680955565109953653e-10
1.267812500000000000e+02,6.562802873920105586e-10
1.267968750000000000e+02,6.533719676230333093e-10
1.268125000000000000e+02,6.543292220017446085e-10
1.268281250000000000e+02,6.676855164065188619e-10
1.268437500000000000e+02,6.879483809834601641e-10
1.268593750000000000e+02,7.212665446187583979e-10
1.268750000000000000e+02,7.555714995881897554e-10
1.268906250000000000e+02,7.492272737441213166e-10
1.269062500000000000e+02,7.063196865634958897e-10
1.269218750000000000e+02,6.891044919549365045e-10
1.269375000000000000e+02,7.233845698115884469e-10
1.269531250000000000e+02,7.690083354927478114e-10
1.269687500000000000e+02,7.956366182535670511e-10
1.269843750000000000e+02,7.917940042503379644e-10
1.270000000000000000e+02,7.500423155969520538e-10
1.270156250000000000e+02,7.014301492456536461e-10
1.270312500000000000e+02,6.929674106973415647e-10
1.270468750000000000e+02,6.891471215823145542e-10
1.270625000000000000e+02,6.417343248172580691e-10
1.270781250000000000e+02,5.988511587444643752e-10
1.270937500000000000e+02,6.126089381046056342e-10
1.271093750000000000e+02,6.404226791209537086e-10
1.271250000000000000e+02,6.381135545354282756e-10
1.271406250000000000e+02,6.035470971144036513e-10
1.271562500000000000e+02,5.577476157069427626e-10
1.271718750000000000e+02,5.369375024117402410e-10
1.271875000000000000e+02,5.544313168608390332e-10
1.272031250000000000e+02,5.818581181438218998e-10
1.272187500000000000e+02,5.961072501240685867e-10
1.272343750000000000e+02,5.902983295154047412e-10
1.272500000000000000e+02,5.592433260601795544e-10
1.272656250000000000e+02,5.138982223624419793e-10
1.272812500000000000e+02,4.856173639112216284e-10
1.272968750000000000e+02,4.909725593195175328e-10
1.273125000000000000e+02,5.067960146071548446e-10
1.273281250000000000e+02,4.982015728038340072e-10
1.273437500000000000e+02,4.630776306181466504e-10
1.273593750000000000e+02,4.464097751986709395e-10
1.273750000000000000e+02,4.833273981739424701e-10
1.273906250000000000e+02,5.482045844117075795e-10
1.274062500000000000e+02,6.107215400114764807e-10
1.274218750000000000e+02,6.731639515706135283e-10
1.274375000000000000e+02,7.324238339899618716e-10
1.274531250000000000e+02,7.682730482882860163e-10
1.274687500000000000e+02,7.807211292088198769e-10
1.274843750000000000e+02,8.035986659788965431e-10
1.275000000000000000e+02,8.718714838233925579e-10
1.275156250000000000e+02,9.623094910704349525e-10
1.275312500000000000e+02,1.008098568527538172e-09
1.275468750000000000e+02,9.797136543614113640e-10
1.275625000000000000e+02,9.155268060142739534e-10
1.275781250000000000e+02,8.706419212483778539e-10
1.275937500000000000e+02,8.427440037045179929e-10
1.276093750000000000e+02,7.936706277530330644e-10
1.276250000000000000e+02,7.199982087223111662e-10
1.276406250000000000e+02,6.423137525392946409e-10
1.276562500000000000e+02,5.767752383309193443e-10
1.276718750000000000e+02,5.511974874605805472e-10
1.276875000000000000e+02,5.726419202739274478e-10
1.277031250000000000e+02,5.972299495141147275e-10
1.277187500000000000e+02,5.946004229361751954e-10
1.277343750000000000e+02,5.899389572987159277e-10
1.277500000000000000e+02,6.167237355119931676e-10
1.277656250000000000e+02,6.529491326245061059e-10
1.277812500000000000e+02,6.673780610775531572e-10
1.277968750000000000e+02,6.769709607591908392e-10
1.278125000000000000e+02,6.994239328981129738e-10
1.278281250000000000e+02,7.147232777653848310e-10
1.278437500000000000e+02,7.107294638119541735e-10
1.278593750000000000e+02,6.825857267928773743e-10
1.278750000000000000e+02,6.266258543228115085e-10
1.278906250000000000e+02,5.729484175147720019e-10
1.279062500000000000e+02,5.748676465385625103e-10
1.279218750000000000e+02,6.468306723979875126e-10
1.279375000000000000e+02,7.331572303749262771e-10
1.279531250000000000e+02,7.768514905499755147e-10
1.279687500000000000e+02,7.895355170724737510e-10
1.279843750000000000e+02,8.180316141497980978e-10
1.280000000000000000e+02,5.940861269693037998e-10
