0.000000000000000000e+00,1.089758346817056007e-09
1.562500000000000000e-02,1.294922329234800806e-09
3.125000000000000000e-02,8.621074555982202958e-10
4.687500000000000000e-02,2.312405666568924535e-09
6.250000000000000000e-02,6.118883044148018948e-09
7.812500000000000000e-02,1.175672185907828621e-08
9.375000000000000000e-02,1.749579635804980448e-08
1.093750000000000000e-01,2.107411509229510966e-08
1.250000000000000000e-01,2.202152625121606365e-08
1.406250000000000000e-01,2.185882859614458629e-08
1.562500000000000000e-01,2.133283542796675514e-08
1.718750000000000000e-01,2.018241794461240232e-08
1.875000000000000000e-01,1.902987238105392242e-08
2.031250000000000000e-01,1.840768629286215531e-08
2.187500000000000000e-01,1.780039563306146043e-08
2.343750000000000000e-01,1.676118729893754489e-08
2.500000000000000000e-01,1.582669253923979022e-08
2.656250000000000000e-01,1.612299851127867651e-08
2.812500000000000000e-01,1.741451298015930642e-08
2.968750000000000000e-01,1.807221181603609325e-08
3.125000000000000000e-01,1.730233579582035184e-08
3.281250000000000000e-01,1.595405045466281264e-08
3.437500000000000000e-01,1.515604814591365977e-08
3.593750000000000000e-01,1.483881899522538771e-08
3.750000000000000000e-01,1.435839752209360497e-08
3.906250000000000000e-01,1.345078175165052630e-08
4.062500000000000000e-01,1.235247879753793078e-08
4.218750000000000000e-01,1.133582106481666404e-08
4.375000000000000000e-01,1.045021322641362668e-08
4.531250000000000000e-01,9.934700822939672060e-09
4.687500000000000000e-01,9.868297327545996069e-09
4.843750000000000000e-01,9.705218563652780687e-09
5.000000000000000000e-01,9.207997362604194807e-09
5.156250000000000000e-01,8.891649367562617080e-09
5.312500000000000000e-01,9.051243911344596260e-09
5.468750000000000000e-01,9.326792637545927984e-09
5.625000000000000000e-01,9.340225250590015782e-09
5.781250000000000000e-01,9.059298760959665366e-09
5.937500000000000000e-01,8.794885844208646661e-09
6.093750000000000000e-01,8.611296452667377408e-09
6.250000000000000000e-01,8.122315886391690746e-09
6.406250000000000000e-01,7.251349007188198984e-09
6.562500000000000000e-01,6.370273272340630849e-09
6.718750000000000000e-01,5.810739402342025782e-09
6.875000000000000000e-01,5.728170101822264529e-09
7.031250000000000000e-01,5.948014937628031160e-09
7.187500000000000000e-01,5.912890626913936325e-09
7.343750000000000000e-01,5.308988129004974132e-09
7.500000000000000000e-01,4.444237035814087662e-09
7.656250000000000000e-01,3.884690276889663336e-09
7.812500000000000000e-01,3.856541931386202626e-09
7.968750000000000000e-01,4.172120516597367014e-09
8.125000000000000000e-01,4.526817990053350490e-09
8.281250000000000000e-01,4.748202801469167754e-09
8.437500000000000000e-01,4.874220821050900791e-09
8.593750000000000000e-01,4.937847408584008348e-09
8.750000000000000000e-01,4.839659583087929752e-09
8.906250000000000000e-01,4.532234207060586924e-09
9.062500000000000000e-01,4.142252894386436727e-09
9.218750000000000000e-01,3.838195235752964120e-09
9.375000000000000000e-01,3.747760261211031513e-09
9.531250000000000000e-01,3.829083876920255714e-09
9.687500000000000000e-01,3.849116885778084673e-09
9.843750000000000000e-01,3.722006231795931543e-09
1.000000000000000000e+00,3.550614842390852296e-09
1.015625000000000000e+00,3.466318156800868798e-09
1.031250000000000000e+00,3.497126734053753700e-09
1.046875000000000000e+00,3.493007186967571395e-09
1.062500000000000000e+00,3.356452523814703436e-09
1.078125000000000000e+00,3.147803020455340633e-09
1.093750000000000000e+00,2.955840397336055866e-09
1.109375000000000000e+00,2.829526974357847817e-09
1.125000000000000000e+00,2.751400373041948870e-09
1.140625000000000000e+00,2.663560389826653273e-09
1.156250000000000000e+00,2.564322200279614727e-09
1.171875000000000000e+00,2.493287251042850723e-09
1.187500000000000000e+00,2.390696081078097928e-09
1.203125000000000000e+00,2.199230640502254991e-09
1.218750000000000000e+00,2.007795459988268588e-09
1.234375000000000000e+00,1.927283907143393620e-09
1.250000000000000000e+00,1.961992718092538344e-09
1.265625000000000000e+00,2.035971543034651650e-09
1.281250000000000000e+00,2.121021523606077679e-09
1.296875000000000000e+00,2.288124974263406509e-09
1.312500000000000000e+00,2.564462163914239916e-09
1.328125000000000000e+00,2.896404472146478997e-09
1.343750000000000000e+00,3.191128793643848170e-09
1.359375000000000000e+00,3.321308329058701742e-09
1.375000000000000000e+00,3.216201140420822584e-09
1.390625000000000000e+00,2.945799216541830975e-09
1.406250000000000000e+00,2.707562783197116846e-09
1.421875000000000000e+00,2.604782723875860115e-09
1.437500000000000000e+00,2.544368828669026207e-09
1.453125000000000000e+00,2.437247670811052448e-09
1.468750000000000000e+00,2.295700680471138887e-09
1.484375000000000000e+00,2.197274673090189731e-09
1.500000000000000000e+00,2.209571861679892429e-09
1.515625000000000000e+00,2.282166743374095510e-09
1.531250000000000000e+00,2.233518968793019946e-09
1.546875000000000000e+00,1.991765165062648497e-09
1.562500000000000000e+00,1.739049309335782999e-09
1.578125000000000000e+00,1.610137429417076426e-09
1.593750000000000000e+00,1.510627429705721927e-09
1.609375000000000000e+00,1.414893780415713210e-09
1.625000000000000000e+00,1.386853375739800834e-09
1.640625000000000000e+00,1.425813398295859159e-09
1.656250000000000000e+00,1.472262190209792314e-09
1.671875000000000000e+00,1.484827974031256427e-09
1.687500000000000000e+00,1.500076811127585842e-09
1.703125000000000000e+00,1.590320094632390238e-09
1.718750000000000000e+00,1.750080547509518603e-09
1.734375000000000000e+00,1.897518222048721867e-09
1.750000000000000000e+00,1.962353135983705475e-09
1.765625000000000000e+00,1.931684580447432979e-09
1.781250000000000000e+00,1.853394248151795055e-09
1.796875000000000000e+00,1.763750703734731685e-09
1.812500000000000000e+00,1.654622377547808054e-09
1.828125000000000000e+00,1.570375314100604271e-09
1.843750000000000000e+00,1.604435371503226586e-09
1.859375000000000000e+00,1.757241080140599897e-09
1.875000000000000000e+00,1.910059858369885626e-09
1.890625000000000000e+00,1.952075461641093026e-09
1.906250000000000000e+00,1.872932911997596099e-09
1.921875000000000000e+00,1.734629191576006279e-09
1.937500000000000000e+00,1.625731255600511242e-09
1.953125000000000000e+00,1.627318725457445073e-09
1.968750000000000000e+00,1.694949347961346403e-09
1.984375000000000000e+00,1.686065852304392704e-09
2.000000000000000000e+00,1.539061385513225167e-09
2.015625000000000000e+00,1.347070814788784387e-09
2.031250000000000000e+00,1.252345692016850747e-09
2.046875000000000000e+00,1.251390044718806208e-09
2.062500000000000000e+00,1.236710884509316125e-09
2.078125000000000000e+00,1.156203312377096491e-09
2.093750000000000000e+00,1.039932748953259383e-09
2.109375000000000000e+00,9.528851085604006462e-10
2.125000000000000000e+00,9.332377196875343354e-10
2.140625000000000000e+00,9.603854330502340308e-10
2.156250000000000000e+00,9.673251780526562020e-10
2.171875000000000000e+00,8.980278585060358476e-10
2.187500000000000000e+00,7.779296792886653521e-10
2.203125000000000000e+00,6.907070097327018629e-10
2.218750000000000000e+00,6.673887132948005356e-10
2.234375000000000000e+00,7.081187316129976031e-10
2.250000000000000000e+00,8.021222073590461258e-10
2.265625000000000000e+00,8.706347171013512595e-10
2.281250000000000000e+00,8.707127937773788990e-10
2.296875000000000000e+00,8.441849186723953533e-10
2.312500000000000000e+00,8.189464781146357517e-10
2.328125000000000000e+00,7.825420324787385374e-10
2.343750000000000000e+00,7.563468502892182292e-10
2.359375000000000000e+00,7.855275687468373018e-10
2.375000000000000000e+00,8.567714122176757762e-10
2.390625000000000000e+00,9.188530052350520903e-10
2.406250000000000000e+00,9.542370944738208889e-10
2.421875000000000000e+00,9.639420594574387509e-10
2.437500000000000000e+00,9.443937680226867069e-10
2.453125000000000000e+00,9.058201323860103774e-10
2.468750000000000000e+00,8.796808585486974614e-10
2.484375000000000000e+00,9.002476913557058205e-10
2.500000000000000000e+00,9.784513086801097840e-10
2.515625000000000000e+00,1.076170960102512031e-09
2.531250000000000000e+00,1.127290631753201715e-09
2.546875000000000000e+00,1.109823247608247172e-09
2.562500000000000000e+00,1.074782752415638841e-09
2.578125000000000000e+00,1.078588061584787619e-09
2.593750000000000000e+00,1.098485849237000454e-09
2.609375000000000000e+00,1.070070201011720129e-09
2.625000000000000000e+00,9.792496389974247895e-10
2.640625000000000000e+00,8.774276324395435287e-10
2.656250000000000000e+00,8.248636724276358157e-10
2.671875000000000000e+00,8.291094705108128354e-10
2.687500000000000000e+00,8.440181289546002400e-10
2.703125000000000000e+00,8.348954833045758022e-10
2.718750000000000000e+00,8.162908734964077966e-10
2.734375000000000000e+00,7.966591441243918232e-10
2.750000000000000000e+00,7.519034867681880740e-10
2.765625000000000000e+00,7.002005767398020535e-10
2.781250000000000000e+00,6.993280175619013500e-10
2.796875000000000000e+00,7.452408917097159836e-10
2.812500000000000000e+00,7.903975885267552405e-10
2.828125000000000000e+00,8.253349172078186304e-10
2.843750000000000000e+00,8.645411830642770118e-10
2.859375000000000000e+00,9.146945482812681741e-10
2.875000000000000000e+00,9.944315855934042511e-10
2.890625000000000000e+00,1.099211951628822203e-09
2.906250000000000000e+00,1.141017680403107508e-09
2.921875000000000000e+00,1.059353232489964173e-09
2.937500000000000000e+00,9.639182662331217128e-10
2.953125000000000000e+00,9.880268114432585349e-10
2.968750000000000000e+00,1.051357658153199440e-09
2.984375000000000000e+00,1.052252260557770469e-09
3.000000000000000000e+00,9.951205162126758237e-10
3.015625000000000000e+00,9.110265602944389569e-10
3.031250000000000000e+00,8.139173047189545372e-10
3.046875000000000000e+00,7.269611497798349143e-10
3.062500000000000000e+00,6.964900791380485253e-10
3.078125000000000000e+00,7.495083806887985180e-10
3.093750000000000000e+00,8.605774988802892066e-10
3.109375000000000000e+00,9.717184200060829038e-10
3.125000000000000000e+00,1.024835653587927141e-09
3.140625000000000000e+00,1.025729365593703609e-09
3.156250000000000000e+00,1.044112993638169988e-09
3.171875000000000000e+00,1.085001074816510669e-09
3.187500000000000000e+00,1.098251061723131133e-09
3.203125000000000000e+00,1.081582797130812753e-09
3.218750000000000000e+00,1.061284151560186256e-09
3.234375000000000000e+00,1.044960958107976771e-09
3.250000000000000000e+00,1.041681750814102892e-09
3.265625000000000000e+00,1.057944084015008907e-09
3.281250000000000000e+00,1.060345892842014179e-09
3.296875000000000000e+00,1.019175687783878109e-09
3.312500000000000000e+00,9.655412101101099098e-10
3.328125000000000000e+00,9.665398100299929852e-10
3.343750000000000000e+00,1.013690767048121776e-09
3.359375000000000000e+00,1.032365605582477621e-09
3.375000000000000000e+00,9.927214796074294251e-10
3.390625000000000000e+00,9.159587943935164662e-10
3.406250000000000000e+00,8.445514505899142881e-10
3.421875000000000000e+00,8.178697156316186359e-10
3.437500000000000000e+00,8.210450327496676362e-10
3.453125000000000000e+00,8.220097057318724144e-10
3.468750000000000000e+00,8.301399343718245770e-10
3.484375000000000000e+00,8.379502918137771642e-10
3.500000000000000000e+00,8.121420635473668742e-10
3.515625000000000000e+00,7.746811575656662433e-10
3.531250000000000000e+00,7.890853338142162365e-10
3.546875000000000000e+00,8.664211697396726469e-10
3.562500000000000000e+00,9.754463344716705273e-10
3.578125000000000000e+00,1.091647650627415176e-09
3.593750000000000000e+00,1.200473508350763380e-09
3.609375000000000000e+00,1.288044414832769259e-09
3.625000000000000000e+00,1.343057556709705480e-09
3.640625000000000000e+00,1.407562389079923431e-09
3.656250000000000000e+00,1.537773932415895220e-09
3.671875000000000000e+00,1.668495300104194078e-09
3.687500000000000000e+00,1.689574512691116751e-09
3.703125000000000000e+00,1.586512669436221237e-09
3.718750000000000000e+00,1.418698786287037340e-09
3.734375000000000000e+00,1.244369168202043053e-09
3.750000000000000000e+00,1.075504155426092789e-09
3.765625000000000000e+00,9.118626936417376947e-10
3.781250000000000000e+00,8.048087920785073094e-10
3.796875000000000000e+00,8.031998593887906354e-10
3.812500000000000000e+00,8.693407706113977657e-10
3.828125000000000000e+00,9.347343149371465028e-10
3.843750000000000000e+00,9.767873033628273646e-10
3.859375000000000000e+00,1.015501916594846623e-09
3.875000000000000000e+00,1.069316018769353604e-09
3.890625000000000000e+00,1.128952267745317299e-09
3.906250000000000000e+00,1.184409688394802784e-09
3.921875000000000000e+00,1.230607270399787755e-09
3.937500000000000000e+00,1.257669242665994415e-09
3.953125000000000000e+00,1.248819760287696727e-09
3.968750000000000000e+00,1.186737409905404887e-09
3.984375000000000000e+00,1.095782983916097551e-09
4.000000000000000000e+00,1.025842853218727190e-09
4.015625000000000000e+00,9.834801028758706543e-10
4.031250000000000000e+00,9.567881809145250127e-10
4.046875000000000000e+00,9.594672075695464670e-10
4.062500000000000000e+00,9.963565983772180617e-10
4.078125000000000000e+00,1.033519769181259291e-09
4.093750000000000000e+00,1.033081719415684086e-09
4.109375000000000000e+00,9.914886895842145754e-10
4.125000000000000000e+00,9.340131905780364043e-10
4.140625000000000000e+00,8.923732088343335863e-10
4.156250000000000000e+00,8.890040124806881947e-10
4.171875000000000000e+00,9.384820518900842095e-10
4.187500000000000000e+00,1.026877827829282367e-09
4.203125000000000000e+00,1.102354158824790947e-09
4.218750000000000000e+00,1.130341254580424581e-09
4.234375000000000000e+00,1.129605565690689383e-09
4.250000000000000000e+00,1.141513240922045903e-09
4.265625000000000000e+00,1.159067743658140160e-09
4.281250000000000000e+00,1.151512315136979621e-09
4.296875000000000000e+00,1.134639160781949243e-09
4.312500000000000000e+00,1.129772801713063318e-09
4.328125000000000000e+00,1.126210961675038174e-09
4.343750000000000000e+00,1.118361172750379769e-09
4.359375000000000000e+00,1.116050319434690569e-09
4.375000000000000000e+00,1.118463558364259665e-09
4.390625000000000000e+00,1.103408484404773436e-09
4.406250000000000000e+00,1.050521110679537134e-09
4.421875000000000000e+00,9.754268003520429244e-10
4.437500000000000000e+00,9.220933285210259981e-10
4.453125000000000000e+00,9.021235587225353706e-10
4.468750000000000000e+00,8.869651050879044833e-10
4.484375000000000000e+00,8.791777754381282798e-10
4.500000000000000000e+00,9.082719789945582824e-10
4.515625000000000000e+00,9.637535111239858670e-10
4.531250000000000000e+00,1.007088202595948701e-09
4.546875000000000000e+00,1.018826681750462844e-09
4.562500000000000000e+00,1.005543321622137916e-09
4.578125000000000000e+00,9.644879786596222077e-10
4.593750000000000000e+00,8.860384403020174472e-10
4.609375000000000000e+00,8.130187092765538261e-10
4.625000000000000000e+00,8.073909909090287959e-10
4.640625000000000000e+00,8.451889991685955406e-10
4.656250000000000000e+00,8.511042563413510348e-10
4.671875000000000000e+00,8.028365462060964439e-10
4.687500000000000000e+00,7.617918552820482244e-10
4.703125000000000000e+00,8.015796272123911436e-10
4.718750000000000000e+00,8.981157445355826139e-10
4.734375000000000000e+00,9.784273906475782534e-10
4.750000000000000000e+00,1.007742558955129754e-09
4.765625000000000000e+00,9.749236324691564821e-10
4.781250000000000000e+00,8.879090843404314556e-10
4.796875000000000000e+00,8.231455363365896178e-10
4.812500000000000000e+00,8.622689600486064569e-10
4.828125000000000000e+00,9.516202474807810624e-10
4.843750000000000000e+00,9.987209258002380224e-10
4.859375000000000000e+00,9.886038982534169054e-10
4.875000000000000000e+00,9.654910028426599943e-10
4.890625000000000000e+00,9.491804471769839048e-10
4.906250000000000000e+00,9.125189713065311890e-10
4.921875000000000000e+00,8.594431433629246073e-10
4.937500000000000000e+00,8.282620599137201682e-10
4.953125000000000000e+00,8.319512331811127860e-10
4.968750000000000000e+00,8.501273144944146695e-10
4.984375000000000000e+00,8.459853734193605912e-10
5.000000000000000000e+00,8.088453663618256837e-10
5.015625000000000000e+00,7.669391419115021425e-10
5.031250000000000000e+00,7.309957174984587127e-10
5.046875000000000000e+00,7.137834884198615114e-10
5.062500000000000000e+00,7.390914567927921208e-10
5.078125000000000000e+00,7.756450441587325604e-10
5.093750000000000000e+00,7.932996022015174367e-10
5.109375000000000000e+00,8.173064984361041729e-10
5.125000000000000000e+00,8.988904436643283060e-10
5.140625000000000000e+00,1.045362376664200465e-09
5.156250000000000000e+00,1.188326022246106407e-09
5.171875000000000000e+00,1.262920288834038332e-09
5.187500000000000000e+00,1.259223747566917791e-09
5.203125000000000000e+00,1.197471554295379845e-09
5.218750000000000000e+00,1.105295162190998418e-09
5.234375000000000000e+00,1.014086466674058908e-09
5.250000000000000000e+00,9.458909496113206730e-10
5.265625000000000000e+00,9.142153148642292505e-10
5.281250000000000000e+00,9.097862747109551457e-10
5.296875000000000000e+00,8.895877583322203290e-10
5.312500000000000000e+00,8.386855132486634320e-10
5.328125000000000000e+00,8.055460014718994937e-10
5.343750000000000000e+00,8.484611640250181388e-10
5.359375000000000000e+00,9.429996952694256880e-10
5.375000000000000000e+00,1.008633493649914080e-09
5.390625000000000000e+00,1.007204917733900448e-09
5.406250000000000000e+00,9.601217798591580852e-10
5.421875000000000000e+00,9.105427487462463665e-10
5.437500000000000000e+00,8.977130840271185391e-10
5.453125000000000000e+00,9.231078708049418136e-10
5.468750000000000000e+00,9.324720994595125717e-10
5.484375000000000000e+00,8.995095877420139204e-10
5.500000000000000000e+00,8.658875024243569026e-10
5.515625000000000000e+00,8.449026667587664419e-10
5.531250000000000000e+00,8.125438018539832126e-10
5.546875000000000000e+00,7.932327921385412430e-10
5.562500000000000000e+00,8.175531039019494921e-10
5.578125000000000000e+00,8.714194003629921756e-10
5.593750000000000000e+00,9.389863222596109610e-10
5.609375000000000000e+00,1.029936765894676922e-09
5.625000000000000000e+00,1.144950561823474449e-09
5.640625000000000000e+00,1.258216649487045027e-09
5.656250000000000000e+00,1.331037504953717526e-09
5.671875000000000000e+00,1.330908558892489847e-09
5.687500000000000000e+00,1.299029773042252440e-09
5.703125000000000000e+00,1.305437736451106130e-09
5.718750000000000000e+00,1.326046605478096394e-09
5.734375000000000000e+00,1.298226137832009393e-09
5.750000000000000000e+00,1.206393728041620822e-09
5.765625000000000000e+00,1.068814081872819967e-09
5.781250000000000000e+00,9.335153482974987913e-10
5.796875000000000000e+00,8.699424788202880190e-10
5.812500000000000000e+00,8.861104618591909303e-10
5.828125000000000000e+00,9.272162335729158594e-10
5.843750000000000000e+00,9.599257026649162893e-10
5.859375000000000000e+00,9.748015608969645731e-10
5.875000000000000000e+00,9.813036359272517581e-10
5.890625000000000000e+00,1.001119893635094087e-09
5.906250000000000000e+00,1.025457550494862392e-09
5.921875000000000000e+00,1.024718671593083296e-09
5.937500000000000000e+00,1.008040460977107251e-09
5.953125000000000000e+00,1.041308455016924362e-09
5.968750000000000000e+00,1.187821850020129140e-09
5.984375000000000000e+00,1.418957224428878082e-09
6.000000000000000000e+00,1.641759331930096959e-09
6.015625000000000000e+00,1.800348343660948301e-09
6.031250000000000000e+00,1.943098462322986830e-09
6.046875000000000000e+00,2.180538381517690950e-09
6.062500000000000000e+00,2.526593948588744755e-09
6.078125000000000000e+00,2.850907844961800641e-09
6.093750000000000000e+00,3.015402262766201866e-09
6.109375000000000000e+00,3.047358715987555914e-09
6.125000000000000000e+00,3.166591981388536035e-09
6.140625000000000000e+00,3.462653279641349750e-09
6.156250000000000000e+00,3.697287786819694897e-09
6.171875000000000000e+00,3.598851108595040779e-09
6.187500000000000000e+00,3.170871793350252441e-09
6.203125000000000000e+00,2.697469147956200829e-09
6.218750000000000000e+00,2.402366331684782277e-09
6.234375000000000000e+00,2.232307035026512218e-09
6.250000000000000000e+00,2.107077265041748057e-09
6.265625000000000000e+00,2.044747785309476343e-09
6.281250000000000000e+00,2.037267290315448699e-09
6.296875000000000000e+00,2.027578267954538774e-09
6.312500000000000000e+00,1.976614813750005920e-09
6.328125000000000000e+00,1.897908699785740073e-09
6.343750000000000000e+00,1.820548080697905324e-09
6.359375000000000000e+00,1.724766699767502084e-09
6.375000000000000000e+00,1.593186530321469483e-09
6.390625000000000000e+00,1.464227318681220648e-09
6.406250000000000000e+00,1.371914828588413886e-09
6.421875000000000000e+00,1.308232471983372088e-09
6.437500000000000000e+00,1.263041897255775998e-09
6.453125000000000000e+00,1.253091953624103529e-09
6.468750000000000000e+00,1.292003872581382081e-09
6.484375000000000000e+00,1.325851572807297858e-09
6.500000000000000000e+00,1.284393482771520693e-09
6.515625000000000000e+00,1.181895685776008255e-09
6.531250000000000000e+00,1.090348753927203200e-09
6.546875000000000000e+00,1.028993029005743622e-09
6.562500000000000000e+00,9.597135964762404700e-10
6.578125000000000000e+00,8.889992297560298132e-10
6.593750000000000000e+00,8.747058046707707408e-10
6.609375000000000000e+00,9.130350903174942829e-10
6.625000000000000000e+00,9.376806942971104158e-10
6.640625000000000000e+00,9.189253273582625705e-10
6.656250000000000000e+00,8.684474032104604586e-10
6.671875000000000000e+00,7.949871602542975780e-10
6.687500000000000000e+00,7.001252210562952152e-10
6.703125000000000000e+00,6.028221241032840497e-10
6.718750000000000000e+00,5.485518420163109148e-10
6.734375000000000000e+00,5.628300438471833024e-10
6.750000000000000000e+00,6.078396237952312140e-10
6.765625000000000000e+00,6.528574735222627004e-10
6.781250000000000000e+00,6.984242661666519463e-10
6.796875000000000000e+00,7.248497901542761423e-10
6.812500000000000000e+00,7.019628896163486425e-10
6.828125000000000000e+00,6.459863416357902875e-10
6.843750000000000000e+00,6.268153581614539028e-10
6.859375000000000000e+00,6.749378072489972667e-10
6.875000000000000000e+00,7.361726218460207723e-10
6.890625000000000000e+00,7.635286414058980787e-10
6.906250000000000000e+00,7.647063896982409826e-10
6.921875000000000000e+00,7.733591106579220582e-10
6.937500000000000000e+00,8.036636502151980873e-10
6.953125000000000000e+00,8.457675461323669241e-10
6.968750000000000000e+00,8.754860963970261835e-10
6.984375000000000000e+00,8.788332427237249280e-10
7.000000000000000000e+00,8.643037190917936657e-10
7.015625000000000000e+00,8.426750869763292372e-10
7.031250000000000000e+00,8.197498741081103392e-10
7.046875000000000000e+00,7.999073290453869184e-10
7.062500000000000000e+00,7.870285395656659999e-10
7.078125000000000000e+00,7.785801834148856940e-10
7.093750000000000000e+00,7.584801073216748154e-10
7.109375000000000000e+00,7.128131843850589031e-10
7.125000000000000000e+00,6.519937557290064925e-10
7.140625000000000000e+00,5.884972583371064894e-10
7.156250000000000000e+00,5.261174364781305901e-10
7.171875000000000000e+00,4.824251976628723974e-10
7.187500000000000000e+00,4.765148802156242371e-10
7.203125000000000000e+00,5.058877419748340114e-10
7.218750000000000000e+00,5.402903355696736484e-10
7.234375000000000000e+00,5.515179535356958907e-10
7.250000000000000000e+00,5.504536408269447408e-10
7.265625000000000000e+00,5.740189437098179680e-10
7.281250000000000000e+00,6.276203313129999904e-10
7.296875000000000000e+00,6.664999874275899742e-10
7.312500000000000000e+00,6.684513341162035834e-10
7.328125000000000000e+00,6.738622338759440759e-10
7.343750000000000000e+00,7.095467611688550468e-10
7.359375000000000000e+00,7.368591969578457360e-10
7.375000000000000000e+00,7.295789120873874647e-10
7.390625000000000000e+00,7.022475733970362441e-10
7.406250000000000000e+00,6.707705165625008221e-10
7.421875000000000000e+00,6.395470013159595729e-10
7.437500000000000000e+00,6.074131155480275197e-10
7.453125000000000000e+00,5.768335949843878457e-10
7.468750000000000000e+00,5.587246089863980767e-10
7.484375000000000000e+00,5.519957932174621139e-10
7.500000000000000000e+00,5.320824523504270335e-10
7.515625000000000000e+00,4.884069934978398271e-10
7.531250000000000000e+00,4.411666855068625775e-10
7.546875000000000000e+00,4.102594105322819829e-10
7.562500000000000000e+00,4.133091647015968638e-10
7.578125000000000000e+00,4.599986518629840829e-10
7.593750000000000000e+00,5.123116380976495388e-10
7.609375000000000000e+00,5.296171214713187383e-10
7.625000000000000000e+00,5.346165808162248391e-10
7.640625000000000000e+00,5.744923111774873632e-10
7.656250000000000000e+00,6.330326807058273034e-10
7.671875000000000000e+00,6.804498825088360531e-10
7.687500000000000000e+00,7.186316758013221663e-10
7.703125000000000000e+00,7.325807846618835650e-10
7.718750000000000000e+00,7.034391638571743022e-10
7.734375000000000000e+00,6.575083535387462085e-10
7.750000000000000000e+00,6.424585487057054552e-10
7.765625000000000000e+00,6.691289118373008494e-10
7.781250000000000000e+00,7.147462131948796602e-10
7.796875000000000000e+00,7.496580355673508866e-10
7.812500000000000000e+00,7.443066518076362979e-10
7.828125000000000000e+00,6.983762817489380523e-10
7.843750000000000000e+00,6.600515530180848786e-10
7.859375000000000000e+00,6.683882253830512711e-10
7.875000000000000000e+00,6.814927346744006945e-10
7.890625000000000000e+00,6.485099125169761658e-10
7.906250000000000000e+00,5.832208956010885084e-10
7.921875000000000000e+00,5.314118960261064785e-10
7.937500000000000000e+00,5.132317337649609980e-10
7.953125000000000000e+00,5.309505749769586659e-10
7.968750000000000000e+00,5.923828197893934312e-10
7.984375000000000000e+00,6.929653761579250693e-10
8.000000000000000000e+00,8.092416337307849594e-10
8.015625000000000000e+00,9.125012050083030260e-10
8.031250000000000000e+00,9.862211850729975906e-10
8.046875000000000000e+00,1.022955356739439894e-09
8.062500000000000000e+00,1.009542297405176728e-09
8.078125000000000000e+00,9.477493324201334722e-10
8.093750000000000000e+00,8.789624909047720773e-10
8.109375000000000000e+00,8.413930969956955069e-10
8.125000000000000000e+00,8.141702483509239099e-10
8.140625000000000000e+00,7.789102431510434058e-10
8.156250000000000000e+00,7.656109759869995652e-10
8.171875000000000000e+00,7.847159266079795527e-10
8.187500000000000000e+00,7.956936822773555337e-10
8.203125000000000000e+00,7.639554146332194962e-10
8.218750000000000000e+00,6.925395477099306532e-10
8.234375000000000000e+00,6.205608059455131870e-10
8.250000000000000000e+00,5.899283527647705888e-10
8.265625000000000000e+00,5.887226073927749488e-10
8.281250000000000000e+00,5.825360305656109370e-10
8.296875000000000000e+00,5.581981228391465915e-10
8.312500000000000000e+00,5.173228590219792287e-10
8.328125000000000000e+00,4.666852883363711222e-10
8.343750000000000000e+00,4.152912987882154242e-10
8.359375000000000000e+00,3.739187275916918903e-10
8.375000000000000000e+00,3.564749511227628372e-10
8.390625000000000000e+00,3.772786553095494617e-10
8.406250000000000000e+00,4.214274967264936175e-10
8.421875000000000000e+00,4.590117804535196780e-10
8.437500000000000000e+00,4.759291599562845495e-10
8.453125000000000000e+00,4.711377381716205002e-10
8.468750000000000000e+00,4.554181365489459793e-10
8.484375000000000000e+00,4.482533708695725818e-10
8.500000000000000000e+00,4.572607439136752206e-10
8.515625000000000000e+00,4.672082059864348517e-10
8.531250000000000000e+00,4.684826767970549928e-10
8.546875000000000000e+00,4.664284057155685530e-10
8.562500000000000000e+00,4.683109005002688943e-10
8.578125000000000000e+00,4.842193729525916192e-10
8.593750000000000000e+00,5.152792208721738019e-10
8.609375000000000000e+00,5.435317628824417110e-10
8.625000000000000000e+00,5.592612427719959002e-10
8.640625000000000000e+00,5.652704302185819658e-10
8.656250000000000000e+00,5.621615926710397143e-10
8.671875000000000000e+00,5.449749909522434239e-10
8.687500000000000000e+00,5.085139061325120624e-10
8.703125000000000000e+00,4.602381080309675986e-10
8.718750000000000000e+00,4.133610790681443963e-10
8.734375000000000000e+00,3.824383013469751716e-10
8.750000000000000000e+00,3.852339525010245676e-10
8.765625000000000000e+00,4.130147938620421636e-10
8.781250000000000000e+00,4.364766452492772075e-10
8.796875000000000000e+00,4.462924455796768515e-10
8.812500000000000000e+00,4.473975003240695169e-10
8.828125000000000000e+00,4.414295978409924489e-10
8.843750000000000000e+00,4.339209854847572354e-10
8.859375000000000000e+00,4.337754031374887812e-10
8.875000000000000000e+00,4.372446498820122657e-10
8.890625000000000000e+00,4.276227917255961459e-10
8.906250000000000000e+00,4.073774787997575051e-10
8.921875000000000000e+00,4.059441814642365581e-10
8.937500000000000000e+00,4.287023700430119845e-10
8.953125000000000000e+00,4.392368837431147288e-10
8.968750000000000000e+00,4.251843048172682766e-10
8.984375000000000000e+00,4.170706136042679476e-10
9.000000000000000000e+00,4.337953809985965652e-10
9.015625000000000000e+00,4.623307051584523217e-10
9.031250000000000000e+00,4.853970604851147863e-10
9.046875000000000000e+00,5.027903118186034296e-10
9.062500000000000000e+00,5.220689545355341934e-10
9.078125000000000000e+00,5.361838887634871615e-10
9.093750000000000000e+00,5.346447634875585201e-10
9.109375000000000000e+00,5.242209431577459877e-10
9.125000000000000000e+00,5.195959951973939249e-10
9.140625000000000000e+00,5.290054395328970745e-10
9.156250000000000000e+00,5.744519174966585291e-10
9.171875000000000000e+00,6.706041643301169672e-10
9.187500000000000000e+00,7.836613500277750468e-10
9.203125000000000000e+00,8.725796060559585020e-10
9.218750000000000000e+00,9.488259249643473408e-10
9.234375000000000000e+00,1.050311622325056683e-09
9.250000000000000000e+00,1.154845621579246740e-09
9.265625000000000000e+00,1.221364043190357676e-09
9.281250000000000000e+00,1.261477008970012268e-09
9.296875000000000000e+00,1.303826446090869474e-09
9.312500000000000000e+00,1.362392700326217616e-09
9.328125000000000000e+00,1.449938393536674322e-09
9.343750000000000000e+00,1.541437637156913891e-09
9.359375000000000000e+00,1.578365082569192587e-09
9.375000000000000000e+00,1.529295801440366486e-09
9.390625000000000000e+00,1.407413787756060759e-09
9.406250000000000000e+00,1.266064833420263908e-09
9.421875000000000000e+00,1.182366291492495978e-09
9.437500000000000000e+00,1.222680384618130539e-09
9.453125000000000000e+00,1.331757232992068640e-09
9.468750000000000000e+00,1.376524837546364311e-09
9.484375000000000000e+00,1.368168203420346428e-09
9.500000000000000000e+00,1.403647535672137071e-09
9.515625000000000000e+00,1.442947754679619604e-09
9.531250000000000000e+00,1.405477075917196980e-09
9.546875000000000000e+00,1.311989439331782328e-09
9.562500000000000000e+00,1.240286906530690104e-09
9.578125000000000000e+00,1.225446383775696249e-09
9.593750000000000000e+00,1.237323020725394213e-09
9.609375000000000000e+00,1.282429778218637742e-09
9.625000000000000000e+00,1.358514314630981893e-09
9.640625000000000000e+00,1.385256560314571835e-09
9.656250000000000000e+00,1.332978015999125644e-09
9.671875000000000000e+00,1.259209210499456238e-09
9.687500000000000000e+00,1.219348880486889166e-09
9.703125000000000000e+00,1.228810185673992880e-09
9.718750000000000000e+00,1.247302234075234981e-09
9.734375000000000000e+00,1.213661525621381586e-09
9.750000000000000000e+00,1.143689796717165765e-09
9.765625000000000000e+00,1.104581012892996649e-09
9.781250000000000000e+00,1.087117646966693477e-09
9.796875000000000000e+00,1.062769021959429591e-09
9.812500000000000000e+00,1.047311701385003817e-09
9.828125000000000000e+00,1.051302636904814073e-09
9.843750000000000000e+00,1.086560970446298060e-09
9.859375000000000000e+00,1.125070525416108746e-09
9.875000000000000000e+00,1.125903202718629375e-09
9.890625000000000000e+00,1.102243353671784164e-09
9.906250000000000000e+00,1.052559201775580911e-09
9.921875000000000000e+00,9.664670510172813623e-10
9.937500000000000000e+00,9.203386806358689997e-10
9.953125000000000000e+00,9.707168004475780694e-10
9.968750000000000000e+00,1.043757065635353476e-09
9.984375000000000000e+00,1.070093929967587036e-09
1.000000000000000000e+01,1.035466817510330329e-09
1.001562500000000000e+01,9.493403388094447514e-10
1.003125000000000000e+01,8.655691665741503925e-10
1.004687500000000000e+01,8.652744443096047669e-10
1.006250000000000000e+01,9.272878274485603263e-10
1.007812500000000000e+01,9.720769365990239925e-10
1.009375000000000000e+01,9.769917171978433336e-10
1.010937500000000000e+01,9.581372224746077738e-10
1.012500000000000000e+01,9.560285543771585696e-10
1.014062500000000000e+01,9.815249718328355237e-10
1.015625000000000000e+01,9.825482153613611848e-10
1.017187500000000000e+01,9.295048800773537641e-10
1.018750000000000000e+01,8.574402683965267727e-10
1.020312500000000000e+01,8.010480710621573177e-10
1.021875000000000000e+01,7.494739082085609302e-10
1.023437500000000000e+01,7.001051010399771308e-10
1.025000000000000000e+01,6.672146947176544526e-10
1.026562500000000000e+01,6.462846909935134728e-10
1.028125000000000000e+01,6.321436598077423592e-10
1.029687500000000000e+01,6.407232998416944365e-10
1.031250000000000000e+01,6.798932733699181037e-10
1.032812500000000000e+01,7.212335788906888882e-10
1.034375000000000000e+01,7.269724310670435434e-10
1.035937500000000000e+01,6.907873291617839159e-10
1.037500000000000000e+01,6.563240553972686206e-10
1.039062500000000000e+01,6.793303424829599716e-10
1.040625000000000000e+01,7.400584385289199806e-10
1.042187500000000000e+01,7.678402748920340004e-10
1.043750000000000000e+01,7.452520931551266844e-10
1.045312500000000000e+01,7.202279127333925874e-10
1.046875000000000000e+01,7.274547547874819889e-10
1.048437500000000000e+01,7.439837636019746745e-10
1.050000000000000000e+01,7.311227529973606062e-10
1.051562500000000000e+01,6.828884723178782749e-10
1.053125000000000000e+01,6.428345454523166519e-10
1.054687500000000000e+01,6.549396396675576252e-10
1.056250000000000000e+01,7.008597381404494659e-10
1.057812500000000000e+01,7.395347010166935619e-10
1.059375000000000000e+01,7.401142647134525549e-10
1.060937500000000000e+01,6.909496834127934539e-10
1.062500000000000000e+01,6.226694566782019491e-10
1.064062500000000000e+01,5.823650133411152851e-10
1.065625000000000000e+01,5.717953958671475919e-10
1.067187500000000000e+01,5.677011128903059547e-10
1.068750000000000000e+01,5.799866726824891685e-10
1.070312500000000000e+01,6.266540370887480784e-10
1.071875000000000000e+01,6.873567355588777833e-10
1.073437500000000000e+01,7.274271689562782342e-10
1.075000000000000000e+01,7.404430794093349835e-10
1.076562500000000000e+01,7.505101375352321750e-10
1.078125000000000000e+01,7.580734928855306297e-10
1.079687500000000000e+01,7.203418223021883572e-10
1.081250000000000000e+01,6.262629964537635881e-10
1.082812500000000000e+01,5.377502658696717130e-10
1.084375000000000000e+01,5.111899185480756427e-10
1.085937500000000000e+01,5.235909595383086079e-10
1.087500000000000000e+01,5.384326705420183412e-10
1.089062500000000000e+01,5.475733926120098380e-10
1.090625000000000000e+01,5.547675173514630666e-10
1.092187500000000000e+01,5.610136005298620384e-10
1.093750000000000000e+01,5.749254390979142053e-10
1.095312500000000000e+01,6.021551955790391628e-10
1.096875000000000000e+01,6.216162862949772686e-10
1.098437500000000000e+01,6.101427786607387550e-10
1.100000000000000000e+01,5.652745113534315571e-10
1.101562500000000000e+01,5.144157120865919280e-10
1.103125000000000000e+01,4.957570676338640532e-10
1.104687500000000000e+01,4.965683214563549018e-10
1.106250000000000000e+01,4.829155260291207775e-10
1.107812500000000000e+01,4.662170144170983424e-10
1.109375000000000000e+01,4.691164990579282916e-10
1.110937500000000000e+01,4.784822882830431766e-10
1.112500000000000000e+01,4.791157158793630273e-10
1.114062500000000000e+01,4.971087649573557706e-10
1.115625000000000000e+01,5.475506131682473964e-10
1.117187500000000000e+01,5.806028820732983740e-10
1.118750000000000000e+01,5.594802721871511308e-10
1.120312500000000000e+01,5.038202874602174846e-10
1.121875000000000000e+01,4.624195287166463575e-10
1.123437500000000000e+01,4.641784872230683345e-10
1.125000000000000000e+01,4.850655600432492750e-10
1.126562500000000000e+01,5.009979373336377360e-10
1.128125000000000000e+01,5.271437831638975870e-10
1.129687500000000000e+01,5.735897759631499891e-10
1.131250000000000000e+01,6.101572747015251627e-10
1.132812500000000000e+01,6.037881946459856858e-10
1.134375000000000000e+01,5.580278063799733480e-10
1.135937500000000000e+01,5.063696767850747660e-10
1.137500000000000000e+01,4.743092259844968717e-10
1.139062500000000000e+01,4.619040844263702286e-10
1.140625000000000000e+01,4.522624662700852873e-10
1.142187500000000000e+01,4.311625878146376734e-10
1.143750000000000000e+01,4.071010257874148211e-10
1.145312500000000000e+01,3.993795496228518402e-10
1.146875000000000000e+01,4.052350483889664566e-10
1.148437500000000000e+01,4.055937949632261271e-10
1.150000000000000000e+01,3.966911381518571514e-10
1.151562500000000000e+01,3.971670895277534349e-10
1.153125000000000000e+01,4.226106046290844152e-10
1.154687500000000000e+01,4.609565212134567798e-10
1.156250000000000000e+01,4.885243798537608316e-10
1.157812500000000000e+01,4.918102973341347901e-10
1.159375000000000000e+01,4.742629030166036873e-10
1.160937500000000000e+01,4.621072320398794881e-10
1.162500000000000000e+01,4.822404332037728078e-10
1.164062500000000000e+01,5.150940783420116960e-10
1.165625000000000000e+01,5.293053395777682708e-10
1.167187500000000000e+01,5.322816810220420147e-10
1.168750000000000000e+01,5.378491906910811422e-10
1.170312500000000000e+01,5.370387656132504245e-10
1.171875000000000000e+01,5.311131246601247239e-10
1.173437500000000000e+01,5.415068987348213271e-10
1.175000000000000000e+01,5.706662363720992149e-10
1.176562500000000000e+01,5.979574186868294317e-10
1.178125000000000000e+01,6.091335702801220522e-10
1.179687500000000000e+01,5.998023271633078304e-10
1.181250000000000000e+01,5.662941533577374460e-10
1.182812500000000000e+01,5.072728537524214334e-10
1.184375000000000000e+01,4.407947456765538434e-10
1.185937500000000000e+01,4.206441971685042068e-10
1.187500000000000000e+01,4.923277734895928192e-10
1.189062500000000000e+01,6.130841360881969702e-10
1.190625000000000000e+01,7.081811408801940393e-10
1.192187500000000000e+01,7.441371222245172470e-10
1.193750000000000000e+01,7.326035177697384669e-10
1.195312500000000000e+01,6.946903750373841409e-10
1.196875000000000000e+01,6.368357572936086321e-10
1.198437500000000000e+01,5.666271292092725875e-10
1.200000000000000000e+01,5.075924270599421994e-10
1.201562500000000000e+01,4.814592519539230077e-10
1.203125000000000000e+01,4.825332972000029373e-10
1.204687500000000000e+01,4.909695828474017565e-10
1.206250000000000000e+01,5.021219056811619618e-10
1.207812500000000000e+01,5.203891957356184715e-10
1.209375000000000000e+01,5.360651668138894790e-10
1.210937500000000000e+01,5.449814100210606270e-10
1.212500000000000000e+01,5.582590751332583917e-10
1.214062500000000000e+01,5.646506271415968708e-10
1.215625000000000000e+01,5.553614525197991274e-10
1.217187500000000000e+01,5.502448431336333435e-10
1.218750000000000000e+01,5.452930403126205907e-10
1.220312500000000000e+01,5.238531230852828177e-10
1.221875000000000000e+01,4.992231659143016471e-10
1.223437500000000000e+01,4.818494293294743570e-10
1.225000000000000000e+01,4.599896461334432017e-10
1.226562500000000000e+01,4.346149916003416885e-10
1.228125000000000000e+01,4.197244423844179122e-10
1.229687500000000000e+01,4.095786725081854452e-10
1.231250000000000000e+01,3.927144937007697429e-10
1.232812500000000000e+01,3.827288657664747485e-10
1.234375000000000000e+01,4.053462789652828989e-10
1.235937500000000000e+01,4.600114116910521357e-10
1.237500000000000000e+01,5.144905041559121512e-10
1.239062500000000000e+01,5.437298274604344519e-10
1.240625000000000000e+01,5.463481712707178515e-10
1.242187500000000000e+01,5.238119984396543554e-10
1.243750000000000000e+01,4.766586074390070484e-10
1.245312500000000000e+01,4.245128598127905057e-10
1.246875000000000000e+01,3.959481681173726791e-10
1.248437500000000000e+01,3.938700424747069248e-10
1.250000000000000000e+01,4.059764981467738013e-10
1.251562500000000000e+01,4.251501839112041029e-10
1.253125000000000000e+01,4.474541796718990678e-10
1.254687500000000000e+01,4.726742426706782869e-10
1.256250000000000000e+01,4.968234647051031581e-10
1.257812500000000000e+01,5.116286211482608742e-10
1.259375000000000000e+01,5.176052218310483901e-10
1.260937500000000000e+01,5.157941914410469438e-10
1.262500000000000000e+01,4.998918188992410409e-10
1.264062500000000000e+01,4.692865399963517540e-10
1.265625000000000000e+01,4.318007989878307775e-10
1.267187500000000000e+01,4.047795222700493886e-10
1.268750000000000000e+01,3.999541203085026957e-10
1.270312500000000000e+01,4.062927939126282180e-10
1.271875000000000000e+01,4.103839303883269334e-10
1.273437500000000000e+01,4.086572742069453679e-10
1.275000000000000000e+01,4.065070425570790642e-10
1.276562500000000000e+01,4.153896552009427607e-10
1.278125000000000000e+01,4.359471750072783706e-10
1.279687500000000000e+01,4.530875108212190765e-10
1.281250000000000000e+01,4.493126156040754622e-10
1.282812500000000000e+01,4.204500362116996372e-10
1.284375000000000000e+01,3.806250102956922633e-10
1.285937500000000000e+01,3.494439641378274424e-10
1.287500000000000000e+01,3.367706326095199965e-10
1.289062500000000000e+01,3.405218962888842338e-10
1.290625000000000000e+01,3.509326405417783006e-10
1.292187500000000000e+01,3.621842824991641699e-10
1.293750000000000000e+01,3.748421302267081272e-10
1.295312500000000000e+01,3.817976120663517310e-10
1.296875000000000000e+01,3.768223204560357795e-10
1.298437500000000000e+01,3.713970519229474112e-10
1.300000000000000000e+01,3.714857587520916593e-10
1.301562500000000000e+01,3.684509367020126525e-10
1.303125000000000000e+01,3.609793221089471700e-10
1.304687500000000000e+01,3.507225038105549630e-10
1.306250000000000000e+01,3.398239869457791672e-10
1.307812500000000000e+01,3.375086225021109351e-10
1.309375000000000000e+01,3.430619496349043498e-10
1.310937500000000000e+01,3.410199036774481305e-10
1.312500000000000000e+01,3.231529763241254779e-10
1.314062500000000000e+01,2.993689024619735692e-10
1.315625000000000000e+01,2.896679597946246038e-10
1.317187500000000000e+01,2.997985749389393877e-10
1.318750000000000000e+01,3.214075893056450481e-10
1.320312500000000000e+01,3.553572910396193871e-10
1.321875000000000000e+01,3.974010040010142561e-10
1.323437500000000000e+01,4.236076252326636924e-10
1.325000000000000000e+01,4.214713334464427731e-10
1.326562500000000000e+01,4.113654670016068476e-10
1.328125000000000000e+01,4.111996187016453159e-10
1.329687500000000000e+01,4.076980159232298230e-10
1.331250000000000000e+01,3.897219487486829684e-10
1.332812500000000000e+01,3.695022238867446614e-10
1.334375000000000000e+01,3.653366088580027664e-10
1.335937500000000000e+01,3.749098717944028933e-10
1.337500000000000000e+01,3.755184288690615003e-10
1.339062500000000000e+01,3.647908262893816796e-10
1.340625000000000000e+01,3.619915643330219905e-10
1.342187500000000000e+01,3.685405284426721630e-10
1.343750000000000000e+01,3.812944344777082773e-10
1.345312500000000000e+01,4.140516843765354038e-10
1.346875000000000000e+01,4.684747881788197854e-10
1.348437500000000000e+01,5.239333714787684498e-10
1.350000000000000000e+01,5.653608831294195661e-10
1.351562500000000000e+01,5.854134545771698102e-10
1.353125000000000000e+01,5.794146464674621231e-10
1.354687500000000000e+01,5.574242598739943135e-10
1.356250000000000000e+01,5.325239133848719560e-10
1.357812500000000000e+01,5.052140179847020043e-10
1.359375000000000000e+01,4.800327994869410276e-10
1.360937500000000000e+01,4.698306509797121181e-10
1.362500000000000000e+01,4.749213087862595794e-10
1.364062500000000000e+01,4.802988832020087692e-10
1.365625000000000000e+01,4.751678670216270656e-10
1.367187500000000000e+01,4.609135646067542244e-10
1.368750000000000000e+01,4.512897018932010525e-10
1.370312500000000000e+01,4.568955602559828953e-10
1.371875000000000000e+01,4.736885082461911156e-10
1.373437500000000000e+01,4.976342243935883814e-10
1.375000000000000000e+01,5.158488392631599538e-10
1.376562500000000000e+01,5.135501941020713431e-10
1.378125000000000000e+01,4.998554779416231825e-10
1.379687500000000000e+01,4.856989129727989149e-10
1.381250000000000000e+01,4.654568878822719598e-10
1.382812500000000000e+01,4.433469870186888260e-10
1.384375000000000000e+01,4.305941482177500227e-10
1.385937500000000000e+01,4.237463481563207430e-10
1.387500000000000000e+01,4.136080038125594176e-10
1.389062500000000000e+01,3.981178950866400321e-10
1.390625000000000000e+01,3.815119372397824274e-10
1.392187500000000000e+01,3.666812651846111714e-10
1.393750000000000000e+01,3.599682096541288373e-10
1.395312500000000000e+01,3.704600735454526311e-10
1.396875000000000000e+01,3.876620097551793985e-10
1.398437500000000000e+01,3.970750223007937568e-10
1.400000000000000000e+01,4.053342647682493870e-10
1.401562500000000000e+01,4.226603730481898296e-10
1.403125000000000000e+01,4.464938722083289399e-10
1.404687500000000000e+01,4.673403918346429043e-10
1.406250000000000000e+01,4.782162648124858452e-10
1.407812500000000000e+01,4.777930903122716144e-10
1.409375000000000000e+01,4.735956101812777530e-10
1.410937500000000000e+01,4.680648299259364647e-10
1.412500000000000000e+01,4.484198531396306983e-10
1.414062500000000000e+01,4.136750357778400869e-10
1.415625000000000000e+01,3.781946518110063797e-10
1.417187500000000000e+01,3.462241438633726998e-10
1.418750000000000000e+01,3.145793201074820225e-10
1.420312500000000000e+01,2.849474910978184127e-10
1.421875000000000000e+01,2.617756037818626708e-10
1.423437500000000000e+01,2.566107804929979560e-10
1.425000000000000000e+01,2.703674605371324449e-10
1.426562500000000000e+01,2.894954413612635655e-10
1.428125000000000000e+01,3.102412995525974523e-10
1.429687500000000000e+01,3.279077335132254632e-10
1.431250000000000000e+01,3.379906447727629051e-10
1.432812500000000000e+01,3.486090754030956214e-10
1.434375000000000000e+01,3.590332258286445094e-10
1.435937500000000000e+01,3.554356821805346933e-10
1.437500000000000000e+01,3.422299815650341767e-10
1.439062500000000000e+01,3.402604838897344119e-10
1.440625000000000000e+01,3.559102789135183459e-10
1.442187500000000000e+01,3.804996132401870199e-10
1.443750000000000000e+01,4.050123741955249396e-10
1.445312500000000000e+01,4.264936899910499474e-10
1.446875000000000000e+01,4.405757789498620160e-10
1.448437500000000000e+01,4.395477408414445773e-10
1.450000000000000000e+01,4.309480557391020240e-10
1.451562500000000000e+01,4.379146409533173645e-10
1.453125000000000000e+01,4.679324574792861503e-10
1.454687500000000000e+01,4.941559499512981171e-10
1.456250000000000000e+01,4.899267302138177042e-10
1.457812500000000000e+01,4.692483644443012678e-10
1.459375000000000000e+01,4.793898046490022396e-10
1.460937500000000000e+01,5.359592201789262157e-10
1.462500000000000000e+01,5.947674525468342210e-10
1.464062500000000000e+01,6.096542279782195015e-10
1.465625000000000000e+01,5.696414660133736137e-10
1.467187500000000000e+01,5.004419274065495132e-10
1.468750000000000000e+01,4.459886221554916752e-10
1.470312500000000000e+01,4.280522249929732262e-10
1.471875000000000000e+01,4.284292770964891742e-10
1.473437500000000000e+01,4.124685160332291066e-10
1.475000000000000000e+01,3.668217261123816442e-10
1.476562500000000000e+01,3.197301519784292245e-10
1.478125000000000000e+01,3.102403519786472655e-10
1.479687500000000000e+01,3.316209875650101333e-10
1.481250000000000000e+01,3.595785292014812266e-10
1.482812500000000000e+01,3.925520214422960079e-10
1.484375000000000000e+01,4.297236423985446268e-10
1.485937500000000000e+01,4.657106642754614407e-10
1.487500000000000000e+01,5.025304629252749182e-10
1.489062500000000000e+01,5.404055649968555669e-10
1.490625000000000000e+01,5.679604791087926500e-10
1.492187500000000000e+01,5.694784623862292767e-10
1.493750000000000000e+01,5.479499290872422316e-10
1.495312500000000000e+01,5.272612197356548447e-10
1.496875000000000000e+01,5.159289239744842907e-10
1.498437500000000000e+01,5.073863307954254911e-10
1.500000000000000000e+01,5.002777788318655569e-10
1.501562500000000000e+01,4.799108378410706669e-10
1.503125000000000000e+01,4.393328897743967995e-10
1.504687500000000000e+01,4.051255755110945950e-10
1.506250000000000000e+01,3.949011096923005305e-10
1.507812500000000000e+01,3.891810057403642581e-10
1.509375000000000000e+01,3.656619181848696868e-10
1.510937500000000000e+01,3.252690695661874004e-10
1.512500000000000000e+01,2.988427282422576753e-10
1.514062500000000000e+01,3.097007389178370488e-10
1.515625000000000000e+01,3.313407189595142375e-10
1.517187500000000000e+01,3.351814723560190489e-10
1.518750000000000000e+01,3.205273078243930204e-10
1.520312500000000000e+01,2.936761584449804464e-10
1.521875000000000000e+01,2.584140562385700085e-10
1.523437500000000000e+01,2.228822405770550870e-10
1.525000000000000000e+01,2.012646112380799163e-10
1.526562500000000000e+01,2.051873473722196349e-10
1.528125000000000000e+01,2.250736374397561783e-10
1.529687500000000000e+01,2.434986942182171940e-10
1.531250000000000000e+01,2.603706235611588679e-10
1.532812500000000000e+01,2.857783494396931967e-10
1.534375000000000000e+01,3.183594355858510727e-10
1.535937500000000000e+01,3.437040422819758994e-10
1.537500000000000000e+01,3.569283838028895030e-10
1.539062500000000000e+01,3.740823578203281443e-10
1.540625000000000000e+01,4.011595951149463552e-10
1.542187500000000000e+01,4.129933278875182698e-10
1.543750000000000000e+01,3.918582453623242040e-10
1.545312500000000000e+01,3.594169052254953301e-10
1.546875000000000000e+01,3.487377472021176543e-10
1.548437500000000000e+01,3.500666835321197472e-10
1.550000000000000000e+01,3.345474173045396216e-10
1.551562500000000000e+01,3.067012722925065699e-10
1.553125000000000000e+01,2.985967898626954662e-10
1.554687500000000000e+01,3.194486255260832447e-10
1.556250000000000000e+01,3.521444711543906643e-10
1.557812500000000000e+01,3.942979109032571050e-10
1.559375000000000000e+01,4.474285036571269561e-10
1.560937500000000000e+01,4.982752069891953567e-10
1.562500000000000000e+01,5.320181849247212596e-10
1.564062500000000000e+01,5.400468633332168019e-10
1.565625000000000000e+01,5.238073357758653176e-10
1.567187500000000000e+01,5.048257027639787052e-10
1.568750000000000000e+01,5.085264870359796120e-10
1.570312500000000000e+01,5.296653048895724890e-10
1.571875000000000000e+01,5.440534043356582329e-10
1.573437500000000000e+01,5.349504841283303963e-10
1.575000000000000000e+01,4.997243246293195230e-10
1.576562500000000000e+01,4.562028455828144957e-10
1.578125000000000000e+01,4.332398396090133405e-10
1.579687500000000000e+01,4.436984183762703804e-10
1.581250000000000000e+01,4.806093801726244117e-10
1.582812500000000000e+01,5.270078279776640403e-10
1.584375000000000000e+01,5.502051847503238670e-10
1.585937500000000000e+01,5.202565277126284410e-10
1.587500000000000000e+01,4.533496383971654475e-10
1.589062500000000000e+01,4.079261558358172479e-10
1.590625000000000000e+01,4.041023953813905419e-10
1.592187500000000000e+01,4.128533469819337303e-10
1.593750000000000000e+01,4.319986955715166989e-10
1.595312500000000000e+01,4.589071300131669633e-10
1.596875000000000000e+01,4.653579528490944782e-10
1.598437500000000000e+01,4.516040867534472997e-10
1.600000000000000000e+01,4.439962271945412912e-10
1.601562500000000000e+01,4.445577008091944533e-10
1.603125000000000000e+01,4.375023478930049371e-10
1.604687500000000000e+01,4.189584446238323986e-10
1.606250000000000000e+01,3.948768611330967225e-10
1.607812500000000000e+01,3.785555636046552633e-10
1.609375000000000000e+01,3.897773865063478590e-10
1.610937500000000000e+01,4.298265295290782229e-10
1.612500000000000000e+01,4.804034594239268358e-10
1.614062500000000000e+01,5.400098870621982669e-10
1.615625000000000000e+01,6.180191285772506427e-10
1.617187500000000000e+01,6.917932665011059711e-10
1.618750000000000000e+01,7.248774138443204747e-10
1.620312500000000000e+01,7.283377742008128374e-10
1.621875000000000000e+01,7.490558651492791981e-10
1.623437500000000000e+01,7.793060968010810901e-10
1.625000000000000000e+01,7.797435790284291815e-10
1.626562500000000000e+01,7.656334896282736229e-10
1.628125000000000000e+01,7.646049146571607280e-10
1.629687500000000000e+01,7.645686569895878345e-10
1.631250000000000000e+01,7.454996365023202459e-10
1.632812500000000000e+01,7.038039383117956771e-10
1.634375000000000000e+01,6.585166532815763304e-10
1.635937500000000000e+01,6.363390415316686896e-10
1.637500000000000000e+01,6.326859566439982929e-10
1.639062500000000000e+01,6.133227838057982188e-10
1.640625000000000000e+01,5.606286550940939267e-10
1.642187500000000000e+01,4.933214255628124974e-10
1.643750000000000000e+01,4.480016792123489445e-10
1.645312500000000000e+01,4.373393361131574710e-10
1.646875000000000000e+01,4.418938874578101282e-10
1.648437500000000000e+01,4.571912298489672626e-10
1.650000000000000000e+01,4.830905491757618789e-10
1.651562500000000000e+01,4.953128605470162353e-10
1.653125000000000000e+01,4.769705386865848230e-10
1.654687500000000000e+01,4.394885883001034381e-10
1.656250000000000000e+01,4.088649967557203106e-10
1.657812500000000000e+01,4.018251629435131054e-10
1.659375000000000000e+01,4.196608920629691752e-10
1.660937500000000000e+01,4.535930950396000479e-10
1.662500000000000000e+01,4.812815254690670216e-10
1.664062500000000000e+01,4.882399146394076676e-10
1.665625000000000000e+01,4.909643056250463901e-10
1.667187500000000000e+01,5.137888595768497912e-10
1.668750000000000000e+01,5.499600347942343580e-10
1.670312500000000000e+01,5.709583240738344521e-10
1.671875000000000000e+01,5.715094700987805035e-10
1.673437500000000000e+01,5.757007238576353577e-10
1.675000000000000000e+01,5.967911025783528883e-10
1.676562500000000000e+01,6.274629589442177629e-10
1.678125000000000000e+01,6.584380118336079339e-10
1.679687500000000000e+01,6.851669525768996141e-10
1.681250000000000000e+01,6.985370682976273776e-10
1.682812500000000000e+01,6.819525081787762014e-10
1.684375000000000000e+01,6.429387406458111575e-10
1.685937500000000000e+01,6.228247506502662117e-10
1.687500000000000000e+01,6.260707089383326562e-10
1.689062500000000000e+01,6.079391160637183462e-10
1.690625000000000000e+01,5.826489588023016872e-10
1.692187500000000000e+01,6.251899336793670771e-10
1.693750000000000000e+01,7.182682766044823483e-10
1.695312500000000000e+01,7.802998838982537285e-10
1.696875000000000000e+01,7.903405238821337937e-10
1.698437500000000000e+01,7.761776840163613055e-10
1.700000000000000000e+01,7.546781757799111292e-10
1.701562500000000000e+01,7.205569875603908153e-10
1.703125000000000000e+01,6.805916478456331506e-10
1.704687500000000000e+01,6.628695391684228453e-10
1.706250000000000000e+01,6.743010253288263730e-10
1.707812500000000000e+01,6.905283239581826411e-10
1.709375000000000000e+01,7.052430142835304051e-10
1.710937500000000000e+01,7.261314276463021466e-10
1.712500000000000000e+01,7.368726661240291009e-10
1.714062500000000000e+01,7.294346352075485098e-10
1.715625000000000000e+01,7.187622892709149157e-10
1.717187500000000000e+01,6.950643771355753305e-10
1.718750000000000000e+01,6.359483930730956322e-10
1.720312500000000000e+01,5.543266314776106870e-10
1.721875000000000000e+01,4.889360990439747023e-10
1.723437500000000000e+01,4.518750173872668928e-10
1.725000000000000000e+01,4.190925453085352789e-10
1.726562500000000000e+01,3.769034532718934999e-10
1.728125000000000000e+01,3.344722887529451451e-10
1.729687500000000000e+01,3.051043540189456200e-10
1.731250000000000000e+01,2.928153093976794126e-10
1.732812500000000000e+01,2.921997842970836370e-10
1.734375000000000000e+01,2.953421191664656779e-10
1.735937500000000000e+01,3.035770484727403913e-10
1.737500000000000000e+01,3.222423547068611101e-10
1.739062500000000000e+01,3.419548320608466724e-10
1.740625000000000000e+01,3.552482687476593940e-10
1.742187500000000000e+01,3.678761900530503091e-10
1.743750000000000000e+01,3.729131502737851802e-10
1.745312500000000000e+01,3.677405825975598253e-10
1.746875000000000000e+01,3.831914961972750099e-10
1.748437500000000000e+01,4.270819637141695065e-10
1.750000000000000000e+01,4.651917453372678415e-10
1.751562500000000000e+01,4.833783848644355219e-10
1.753125000000000000e+01,4.955801882098828000e-10
1.754687500000000000e+01,5.087429572089914857e-10
1.756250000000000000e+01,5.109022101918206871e-10
1.757812500000000000e+01,4.960185114264649944e-10
1.759375000000000000e+01,4.712610150422071565e-10
1.760937500000000000e+01,4.428357157717792418e-10
1.762500000000000000e+01,4.208146131874082231e-10
1.764062500000000000e+01,4.176902475625890846e-10
1.765625000000000000e+01,4.196086163720428738e-10
1.767187500000000000e+01,4.035833670715706157e-10
1.768750000000000000e+01,3.723274999217349878e-10
1.770312500000000000e+01,3.489124531838335768e-10
1.771875000000000000e+01,3.541404374382781755e-10
1.773437500000000000e+01,3.715241224433425598e-10
1.775000000000000000e+01,3.668277228902473229e-10
1.776562500000000000e+01,3.483464333944544071e-10
1.778125000000000000e+01,3.576156385319189363e-10
1.779687500000000000e+01,3.923247488676497742e-10
1.781250000000000000e+01,4.111482379621871967e-10
1.782812500000000000e+01,3.949143360663177631e-10
1.784375000000000000e+01,3.611649269557176912e-10
1.785937500000000000e+01,3.566808508372909463e-10
1.787500000000000000e+01,4.077674555099433693e-10
1.789062500000000000e+01,4.825721989776534606e-10
1.790625000000000000e+01,5.516330651331279901e-10
1.792187500000000000e+01,6.085142689847531514e-10
1.793750000000000000e+01,6.524912417282589872e-10
1.795312500000000000e+01,6.887681805522089744e-10
1.796875000000000000e+01,7.166560192471077933e-10
1.798437500000000000e+01,7.217773512327429722e-10
1.800000000000000000e+01,7.019489465354328108e-10
1.801562500000000000e+01,6.718976325241475487e-10
1.803125000000000000e+01,6.434002851515367989e-10
1.804687500000000000e+01,6.232842218761044867e-10
1.806250000000000000e+01,6.073864583562081342e-10
1.807812500000000000e+01,5.807229117813530675e-10
1.809375000000000000e+01,5.443583897398723082e-10
1.810937500000000000e+01,5.233286497041929493e-10
1.812500000000000000e+01,5.273812060560595071e-10
1.814062500000000000e+01,5.371047259970740939e-10
1.815625000000000000e+01,5.536185155647492906e-10
1.817187500000000000e+01,5.930457912698015425e-10
1.818750000000000000e+01,6.445227136593623876e-10
1.820312500000000000e+01,6.832637976006610427e-10
1.821875000000000000e+01,6.902432813432809492e-10
1.823437500000000000e+01,6.540429587020916840e-10
1.825000000000000000e+01,5.893837911850546322e-10
1.826562500000000000e+01,5.402394439350870555e-10
1.828125000000000000e+01,5.229144342692901679e-10
1.829687500000000000e+01,5.150302723038341725e-10
1.831250000000000000e+01,5.100963694327630531e-10
1.832812500000000000e+01,5.014384017952843506e-10
1.834375000000000000e+01,4.792540788600871639e-10
1.835937500000000000e+01,4.643608857910305450e-10
1.837500000000000000e+01,4.828210113912660345e-10
1.839062500000000000e+01,5.217348883083396337e-10
1.840625000000000000e+01,5.613863319792461824e-10
1.842187500000000000e+01,6.265096585785045679e-10
1.843750000000000000e+01,7.329382024628271857e-10
1.845312500000000000e+01,8.287091588905060631e-10
1.846875000000000000e+01,8.594472090494428601e-10
1.848437500000000000e+01,8.354090271635968874e-10
1.850000000000000000e+01,8.149523247661930365e-10
1.851562500000000000e+01,8.185005732685519459e-10
1.853125000000000000e+01,8.151483467785418101e-10
1.854687500000000000e+01,8.043039501465623648e-10
1.856250000000000000e+01,8.017830960242311959e-10
1.857812500000000000e+01,8.010528965088752640e-10
1.859375000000000000e+01,7.987622070378122133e-10
1.860937500000000000e+01,7.724870269412627924e-10
1.862500000000000000e+01,7.104154794672960369e-10
1.864062500000000000e+01,6.784866908517714933e-10
1.865625000000000000e+01,7.235663745582552542e-10
1.867187500000000000e+01,7.948068265574885419e-10
1.868750000000000000e+01,8.420045703995371041e-10
1.870312500000000000e+01,8.449774857667233016e-10
1.871875000000000000e+01,7.986889931875433941e-10
1.873437500000000000e+01,7.308719977380061623e-10
1.875000000000000000e+01,6.861613885419959684e-10
1.876562500000000000e+01,6.561595444708827297e-10
1.878125000000000000e+01,6.029052491477272513e-10
1.879687500000000000e+01,5.464919359653619387e-10
1.881250000000000000e+01,5.387126651253991079e-10
1.882812500000000000e+01,5.681263726519472916e-10
1.884375000000000000e+01,6.004858465271912641e-10
1.885937500000000000e+01,6.376222716074307157e-10
1.887500000000000000e+01,6.637157084320775739e-10
1.889062500000000000e+01,6.482972342677207980e-10
1.890625000000000000e+01,6.068189558917993180e-10
1.892187500000000000e+01,5.834065596804069148e-10
1.893750000000000000e+01,6.072140474702836429e-10
1.895312500000000000e+01,6.608634093072010013e-10
1.896875000000000000e+01,6.766329955627145021e-10
1.898437500000000000e+01,6.222072490739674963e-10
1.900000000000000000e+01,5.542107404274370825e-10
1.901562500000000000e+01,5.501125378465720897e-10
1.903125000000000000e+01,5.786456305935765721e-10
1.904687500000000000e+01,5.653438445742796063e-10
1.906250000000000000e+01,5.088748293782751600e-10
1.907812500000000000e+01,4.588728729871342770e-10
1.909375000000000000e+01,4.379147656755889287e-10
1.910937500000000000e+01,4.241875944419701540e-10
1.912500000000000000e+01,4.067963652354179502e-10
1.914062500000000000e+01,4.050791848853265040e-10
1.915625000000000000e+01,4.262300734910322167e-10
1.917187500000000000e+01,4.414523210217856111e-10
1.918750000000000000e+01,4.301123303974026039e-10
1.920312500000000000e+01,4.138208919335452887e-10
1.921875000000000000e+01,4.375747334698093066e-10
1.923437500000000000e+01,5.013280939439834458e-10
1.925000000000000000e+01,5.597051462243262652e-10
1.926562500000000000e+01,5.904550876306525899e-10
1.928125000000000000e+01,5.892404948900751998e-10
1.929687500000000000e+01,5.475682917484812836e-10
1.931250000000000000e+01,4.839807782226221059e-10
1.932812500000000000e+01,4.436325991217700900e-10
1.934375000000000000e+01,4.317583690243579350e-10
1.935937500000000000e+01,4.292481656500340793e-10
1.937500000000000000e+01,4.412253827499351469e-10
1.939062500000000000e+01,4.612290031602465394e-10
1.940625000000000000e+01,4.668249987306909245e-10
1.942187500000000000e+01,4.574118268885982895e-10
1.943750000000000000e+01,4.522277433905231288e-10
1.945312500000000000e+01,4.618880246860778598e-10
1.946875000000000000e+01,4.682412926724756846e-10
1.948437500000000000e+01,4.482832860606010342e-10
1.950000000000000000e+01,4.095696162175320079e-10
1.951562500000000000e+01,3.779869151183537915e-10
1.953125000000000000e+01,3.687693284623799874e-10
1.954687500000000000e+01,3.768992724756836579e-10
1.956250000000000000e+01,3.846871644635374196e-10
1.957812500000000000e+01,3.845624707421008526e-10
1.959375000000000000e+01,3.802503820457818938e-10
1.960937500000000000e+01,3.739508139172616760e-10
1.962500000000000000e+01,3.706069769849248208e-10
1.964062500000000000e+01,3.715667485999902869e-10
1.965625000000000000e+01,3.729396270909266185e-10
1.967187500000000000e+01,3.828983658786967461e-10
1.968750000000000000e+01,4.203178988495309977e-10
1.970312500000000000e+01,4.872019121635129796e-10
1.971875000000000000e+01,5.492172912029852219e-10
1.973437500000000000e+01,5.706596957584586107e-10
1.975000000000000000e+01,5.622842332910092772e-10
1.976562500000000000e+01,5.693003590652243239e-10
1.978125000000000000e+01,5.969030259719818969e-10
1.979687500000000000e+01,6.091313018073345745e-10
1.981250000000000000e+01,5.948654955797976976e-10
1.982812500000000000e+01,5.634043851393823426e-10
1.984375000000000000e+01,5.385502362788581180e-10
1.985937500000000000e+01,5.464055475305244591e-10
1.987500000000000000e+01,5.663972018025897835e-10
1.989062500000000000e+01,5.748812165618258934e-10
1.990625000000000000e+01,5.861980804012904721e-10
1.992187500000000000e+01,6.187958409401549252e-10
1.993750000000000000e+01,6.524996415853495671e-10
1.995312500000000000e+01,6.419052987907185651e-10
1.996875000000000000e+01,5.735670422914816473e-10
1.998437500000000000e+01,4.979406793980490553e-10
2.000000000000000000e+01,4.808822702702184799e-10
2.001562500000000000e+01,4.987991755134646309e-10
2.003125000000000000e+01,4.934348806932800742e-10
2.004687500000000000e+01,4.603049959034762085e-10
2.006250000000000000e+01,4.202117791239170470e-10
2.007812500000000000e+01,3.863351794551945664e-10
2.009375000000000000e+01,3.603756794372962627e-10
2.010937500000000000e+01,3.386566477323770096e-10
2.012500000000000000e+01,3.229384471186974842e-10
2.014062500000000000e+01,3.222459576283842032e-10
2.015625000000000000e+01,3.403853635657241161e-10
2.017187500000000000e+01,3.645960228614208275e-10
2.018750000000000000e+01,3.826449975358138339e-10
2.020312500000000000e+01,3.903999262882080654e-10
2.021875000000000000e+01,3.863925121607429055e-10
2.023437500000000000e+01,3.734131708661862246e-10
2.025000000000000000e+01,3.608984579115898414e-10
2.026562500000000000e+01,3.596155141247133778e-10
2.028125000000000000e+01,3.678616975013598568e-10
2.029687500000000000e+01,3.738846484839112052e-10
2.031250000000000000e+01,3.687311319456693138e-10
2.032812500000000000e+01,3.480619869623931911e-10
2.034375000000000000e+01,3.233665727793889107e-10
2.035937500000000000e+01,3.168965635323110149e-10
2.037500000000000000e+01,3.216210288520833717e-10
2.039062500000000000e+01,3.173501863954934416e-10
2.040625000000000000e+01,3.144467439211269503e-10
2.042187500000000000e+01,3.379504191442970272e-10
2.043750000000000000e+01,3.854560724741753797e-10
2.045312500000000000e+01,4.415320196401327761e-10
2.046875000000000000e+01,4.947301637897033637e-10
2.048437500000000000e+01,5.235864273588611778e-10
2.050000000000000000e+01,5.179235240192150424e-10
2.051562500000000000e+01,5.003522628368854670e-10
2.053125000000000000e+01,4.987406351009012614e-10
2.054687500000000000e+01,5.032280281518753777e-10
2.056250000000000000e+01,4.817615576050425898e-10
2.057812500000000000e+01,4.283553148943302338e-10
2.059375000000000000e+01,3.722384757349867100e-10
2.060937500000000000e+01,3.459476983471687701e-10
2.062500000000000000e+01,3.487049869950489217e-10
2.064062500000000000e+01,3.529911365573869418e-10
2.065625000000000000e+01,3.504251301396106827e-10
2.067187500000000000e+01,3.609930956797374732e-10
2.068750000000000000e+01,3.883402463507490073e-10
2.070312500000000000e+01,4.176673031454449937e-10
2.071875000000000000e+01,4.413456057156426958e-10
2.073437500000000000e+01,4.470609737921049667e-10
2.075000000000000000e+01,4.282053566563526633e-10
2.076562500000000000e+01,4.090025337312055519e-10
2.078125000000000000e+01,4.147044672396156638e-10
2.079687500000000000e+01,4.324434738885919906e-10
2.081250000000000000e+01,4.434463952843320886e-10
2.082812500000000000e+01,4.434406026692766877e-10
2.084375000000000000e+01,4.392291549333724127e-10
2.085937500000000000e+01,4.424724090606950619e-10
2.087500000000000000e+01,4.460183874614311832e-10
2.089062500000000000e+01,4.419346252533816229e-10
2.090625000000000000e+01,4.559237758746751284e-10
2.092187500000000000e+01,4.997617007497591573e-10
2.093750000000000000e+01,5.415896695497319537e-10
2.095312500000000000e+01,5.707144267253531235e-10
2.096875000000000000e+01,6.003867259343778662e-10
2.098437500000000000e+01,6.233492234090060668e-10
2.100000000000000000e+01,6.278459706963885674e-10
2.101562500000000000e+01,6.306303340258122970e-10
2.103125000000000000e+01,6.513968285850546094e-10
2.104687500000000000e+01,6.703120025873745832e-10
2.106250000000000000e+01,6.638885779075356453e-10
2.107812500000000000e+01,6.435309968875259000e-10
2.109375000000000000e+01,6.287647233642513362e-10
2.110937500000000000e+01,6.317648674025163706e-10
2.112500000000000000e+01,6.473372352233734528e-10
2.114062500000000000e+01,6.419568274253814906e-10
2.115625000000000000e+01,5.991367654224936893e-10
2.117187500000000000e+01,5.391494822108234117e-10
2.118750000000000000e+01,4.820686313079488089e-10
2.120312500000000000e+01,4.367078387889003378e-10
2.121875000000000000e+01,4.223074307911121157e-10
2.123437500000000000e+01,4.476529887293314463e-10
2.125000000000000000e+01,4.908768814018279706e-10
2.126562500000000000e+01,5.326365507573569213e-10
2.128125000000000000e+01,5.605531411119907064e-10
2.129687500000000000e+01,5.588246316406688911e-10
2.131250000000000000e+01,5.309551985411319679e-10
2.132812500000000000e+01,5.105180821997532898e-10
2.134375000000000000e+01,5.164466572455004721e-10
2.135937500000000000e+01,5.276014513290022060e-10
2.137500000000000000e+01,5.217982055298453342e-10
2.139062500000000000e+01,4.926884389910966583e-10
2.140625000000000000e+01,4.521321317550929492e-10
2.142187500000000000e+01,4.330201744129547001e-10
2.143750000000000000e+01,4.470852466371159754e-10
2.145312500000000000e+01,4.533584347465108439e-10
2.146875000000000000e+01,4.227778905445326576e-10
2.148437500000000000e+01,3.839513852699128799e-10
2.150000000000000000e+01,3.744354250312253867e-10
2.151562500000000000e+01,3.717068812459555418e-10
2.153125000000000000e+01,3.541678050483307895e-10
2.154687500000000000e+01,3.464169238462051384e-10
2.156250000000000000e+01,3.443561333584448091e-10
2.157812500000000000e+01,3.135042855462833259e-10
2.159375000000000000e+01,2.629713494950856339e-10
2.160937500000000000e+01,2.481425889196969933e-10
2.162500000000000000e+01,2.884373675226436010e-10
2.164062500000000000e+01,3.445257620918776594e-10
2.165625000000000000e+01,3.892390069402527380e-10
2.167187500000000000e+01,4.091239241233357265e-10
2.168750000000000000e+01,3.995197576789711103e-10
2.170312500000000000e+01,3.771047639370935920e-10
2.171875000000000000e+01,3.652142828891853489e-10
2.173437500000000000e+01,3.643210653144128269e-10
2.175000000000000000e+01,3.624319786439859050e-10
2.176562500000000000e+01,3.574864593225285025e-10
2.178125000000000000e+01,3.583424574308526255e-10
2.179687500000000000e+01,3.683637777309421913e-10
2.181250000000000000e+01,3.801293646730078769e-10
2.182812500000000000e+01,3.931344663115982614e-10
2.184375000000000000e+01,4.035892196398747594e-10
2.185937500000000000e+01,4.005659221749910450e-10
2.187500000000000000e+01,3.817061216093831780e-10
2.189062500000000000e+01,3.533386491833008781e-10
2.190625000000000000e+01,3.373543526325880361e-10
2.192187500000000000e+01,3.475152038890620029e-10
2.193750000000000000e+01,3.632312969963810990e-10
2.195312500000000000e+01,3.771309928421247918e-10
2.196875000000000000e+01,4.045722600239133951e-10
2.198437500000000000e+01,4.449083123223689573e-10
2.200000000000000000e+01,4.807292492007920738e-10
2.201562500000000000e+01,4.954223111748661137e-10
2.203125000000000000e+01,4.868643863773417507e-10
2.204687500000000000e+01,4.803068270716719727e-10
2.206250000000000000e+01,4.944239167467655731e-10
2.207812500000000000e+01,5.085618161506410805e-10
2.209375000000000000e+01,5.037883712580249261e-10
2.210937500000000000e+01,4.878814931750419920e-10
2.212500000000000000e+01,4.742557396537238123e-10
2.214062500000000000e+01,4.730971311439839476e-10
2.215625000000000000e+01,4.846221461098169252e-10
2.217187500000000000e+01,4.836353735570696249e-10
2.218750000000000000e+01,4.539106935507614529e-10
2.220312500000000000e+01,4.098468764626561963e-10
2.221875000000000000e+01,3.748291866666854675e-10
2.223437500000000000e+01,3.630049757224841778e-10
2.225000000000000000e+01,3.642824795539144637e-10
2.226562500000000000e+01,3.618318581327071762e-10
2.228125000000000000e+01,3.555015697233656018e-10
2.229687500000000000e+01,3.474837828332858232e-10
2.231250000000000000e+01,3.322281622821008601e-10
2.232812500000000000e+01,3.109010377175826239e-10
2.234375000000000000e+01,2.984694946290722871e-10
2.235937500000000000e+01,3.055233514169154408e-10
2.237500000000000000e+01,3.362545743657717893e-10
2.239062500000000000e+01,3.851299059841673782e-10
2.240625000000000000e+01,4.338628265415274409e-10
2.242187500000000000e+01,4.803668181051825059e-10
2.243750000000000000e+01,5.245720183207338988e-10
2.245312500000000000e+01,5.592872157764819275e-10
2.246875000000000000e+01,5.888269894767342862e-10
2.248437500000000000e+01,6.061130912593579788e-10
2.250000000000000000e+01,5.972977088093033169e-10
2.251562500000000000e+01,5.772508697689265741e-10
2.253125000000000000e+01,5.708496245050578586e-10
2.254687500000000000e+01,5.722656176609755497e-10
2.256250000000000000e+01,5.573675705250811631e-10
2.257812500000000000e+01,5.171709331323603993e-10
2.259375000000000000e+01,4.716324440775976513e-10
2.260937500000000000e+01,4.544538133699750007e-10
2.262500000000000000e+01,4.707778961664450523e-10
2.264062500000000000e+01,5.076338116210920708e-10
2.265625000000000000e+01,5.689822970645893744e-10
2.267187500000000000e+01,6.409210954596874410e-10
2.268750000000000000e+01,6.727178993844954044e-10
2.270312500000000000e+01,6.372306606892499249e-10
2.271875000000000000e+01,5.681660134762705958e-10
2.273437500000000000e+01,5.313152842298298828e-10
2.275000000000000000e+01,5.494072874788125253e-10
2.276562500000000000e+01,5.783879216256084726e-10
2.278125000000000000e+01,5.777287248685735494e-10
2.279687500000000000e+01,5.503578991084702185e-10
2.281250000000000000e+01,5.271817307033994308e-10
2.282812500000000000e+01,5.386294621643207648e-10
2.284375000000000000e+01,5.708988251330617220e-10
2.285937500000000000e+01,5.844798930592297415e-10
2.287500000000000000e+01,5.769970884085356611e-10
2.289062500000000000e+01,5.546591706578412829e-10
2.290625000000000000e+01,5.114573183927412965e-10
2.292187500000000000e+01,4.872408935406408354e-10
2.293750000000000000e+01,5.242904042729012114e-10
2.295312500000000000e+01,5.796852258778595066e-10
2.296875000000000000e+01,6.056289541141353734e-10
2.298437500000000000e+01,5.936672845126979556e-10
2.300000000000000000e+01,5.651872554626282232e-10
2.301562500000000000e+01,5.530749094489755867e-10
2.303125000000000000e+01,5.597597154532232288e-10
2.304687500000000000e+01,5.638929967165216841e-10
2.306250000000000000e+01,5.573529860226972654e-10
2.307812500000000000e+01,5.612769371582131123e-10
2.309375000000000000e+01,5.962960365100648572e-10
2.310937500000000000e+01,6.418260075729123465e-10
2.312500000000000000e+01,6.808821676085618908e-10
2.314062500000000000e+01,7.250110372968856781e-10
2.315625000000000000e+01,7.733144798029179030e-10
2.317187500000000000e+01,8.000495594895167009e-10
2.318750000000000000e+01,7.953295395850530151e-10
2.320312500000000000e+01,7.863319130549374843e-10
2.321875000000000000e+01,8.054018501663304087e-10
2.323437500000000000e+01,8.421987766435968856e-10
2.325000000000000000e+01,8.539556352788321519e-10
2.326562500000000000e+01,8.363947731612905282e-10
2.328125000000000000e+01,8.217729467788461526e-10
2.329687500000000000e+01,8.153247291648797060e-10
2.331250000000000000e+01,7.927629572834222493e-10
2.332812500000000000e+01,7.481705588202744158e-10
2.334375000000000000e+01,7.078390562334569223e-10
2.335937500000000000e+01,6.851831231054588905e-10
2.337500000000000000e+01,6.656961588672653241e-10
2.339062500000000000e+01,6.408305527995475140e-10
2.340625000000000000e+01,6.075006980040513738e-10
2.342187500000000000e+01,5.630859178885353444e-10
2.343750000000000000e+01,5.247692533651173570e-10
2.345312500000000000e+01,5.088511364018203428e-10
2.346875000000000000e+01,4.918812251084966683e-10
2.348437500000000000e+01,4.552354696612173803e-10
2.350000000000000000e+01,4.307979681955234388e-10
2.351562500000000000e+01,4.449840877951967807e-10
2.353125000000000000e+01,4.678915888107014024e-10
2.354687500000000000e+01,4.925046527543008590e-10
2.356250000000000000e+01,5.478836815109578117e-10
2.357812500000000000e+01,6.186880689023002517e-10
2.359375000000000000e+01,6.785237815487069295e-10
2.360937500000000000e+01,7.319996122268013059e-10
2.362500000000000000e+01,7.889587659153862027e-10
2.364062500000000000e+01,8.444114945796254931e-10
2.365625000000000000e+01,8.789695947607740632e-10
2.367187500000000000e+01,8.776499904094599048e-10
2.368750000000000000e+01,8.270656481894202131e-10
2.370312500000000000e+01,7.453044069684213126e-10
2.371875000000000000e+01,7.139373232176353595e-10
2.373437500000000000e+01,7.685895259823569902e-10
2.375000000000000000e+01,8.427537184580633086e-10
2.376562500000000000e+01,8.893160769327320848e-10
2.378125000000000000e+01,9.016094891468413198e-10
2.379687500000000000e+01,8.860820062301040555e-10
2.381250000000000000e+01,8.840942822271236569e-10
2.382812500000000000e+01,9.369181937596970901e-10
2.384375000000000000e+01,1.006175630202770823e-09
2.385937500000000000e+01,1.029389914559185146e-09
2.387500000000000000e+01,1.003897004622759333e-09
2.389062500000000000e+01,9.724988760548465202e-10
2.390625000000000000e+01,9.781833876780035514e-10
2.392187500000000000e+01,1.024777336517121901e-09
2.393750000000000000e+01,1.066546499129866715e-09
2.395312500000000000e+01,1.074735517346840986e-09
2.396875000000000000e+01,1.088056320753710234e-09
2.398437500000000000e+01,1.139970281754800959e-09
2.400000000000000000e+01,1.192039516188165087e-09
2.401562500000000000e+01,1.183683025535048052e-09
2.403125000000000000e+01,1.097997955608942059e-09
2.404687500000000000e+01,9.895710576236216587e-10
2.406250000000000000e+01,9.403193222640733517e-10
2.407812500000000000e+01,9.588504184402546528e-10
2.409375000000000000e+01,1.008115508765129655e-09
2.410937500000000000e+01,1.118899437919013054e-09
2.412500000000000000e+01,1.284795140644458288e-09
2.414062500000000000e+01,1.396776919210543931e-09
2.415625000000000000e+01,1.422049028677148866e-09
2.417187500000000000e+01,1.418899081265331118e-09
2.418750000000000000e+01,1.403850764809953458e-09
2.420312500000000000e+01,1.372884906058038192e-09
2.421875000000000000e+01,1.356640412536264537e-09
2.423437500000000000e+01,1.371832909836744889e-09
2.425000000000000000e+01,1.389773361880478413e-09
2.426562500000000000e+01,1.358022147126734265e-09
2.428125000000000000e+01,1.268164436189644022e-09
2.429687500000000000e+01,1.181144095920445909e-09
2.431250000000000000e+01,1.132134984952825553e-09
2.432812500000000000e+01,1.091827683329750981e-09
2.434375000000000000e+01,1.069287560256862972e-09
2.435937500000000000e+01,1.117702228059409245e-09
2.437500000000000000e+01,1.219296926195109070e-09
2.439062500000000000e+01,1.313062750154494033e-09
2.440625000000000000e+01,1.356162718034276947e-09
2.442187500000000000e+01,1.327525701592147461e-09
2.443750000000000000e+01,1.262233343345430537e-09
2.445312500000000000e+01,1.218159692236314554e-09
2.446875000000000000e+01,1.216593950555586665e-09
2.448437500000000000e+01,1.266048223237659693e-09
2.450000000000000000e+01,1.361256904043477164e-09
2.451562500000000000e+01,1.437830024051359076e-09
2.453125000000000000e+01,1.433266217125473203e-09
2.454687500000000000e+01,1.404023726147775371e-09
2.456250000000000000e+01,1.428979603799049514e-09
2.457812500000000000e+01,1.473800206839176123e-09
2.459375000000000000e+01,1.530390180969654720e-09
2.460937500000000000e+01,1.634001382838610157e-09
2.462500000000000000e+01,1.734661695108296024e-09
2.464062500000000000e+01,1.772328876363608142e-09
2.465625000000000000e+01,1.752056310820202050e-09
2.467187500000000000e+01,1.705806217464758466e-09
2.468750000000000000e+01,1.739648107535112144e-09
2.470312500000000000e+01,1.926274302067335627e-09
2.471875000000000000e+01,2.118491044952142425e-09
2.473437500000000000e+01,2.130953033596040764e-09
2.475000000000000000e+01,1.922824521360831281e-09
2.476562500000000000e+01,1.642986903190838846e-09
2.478125000000000000e+01,1.521665597289136836e-09
2.479687500000000000e+01,1.579386676128818265e-09
2.481250000000000000e+01,1.677432810102587119e-09
2.482812500000000000e+01,1.767969533531758076e-09
2.484375000000000000e+01,1.841420161471661973e-09
2.485937500000000000e+01,1.865018092141689935e-09
2.487500000000000000e+01,1.850197681015290051e-09
2.489062500000000000e+01,1.854357840241112901e-09
2.490625000000000000e+01,1.888499961616618287e-09
2.492187500000000000e+01,1.884351457572481640e-09
2.493750000000000000e+01,1.779897618367581366e-09
2.495312500000000000e+01,1.608882889149775564e-09
2.496875000000000000e+01,1.472516625889062364e-09
2.498437500000000000e+01,1.464129471581728880e-09
2.500000000000000000e+01,1.589309588306283381e-09
2.501562500000000000e+01,1.748257514482156723e-09
2.503125000000000000e+01,1.869019966106476051e-09
2.504687500000000000e+01,1.945357541245777215e-09
2.506250000000000000e+01,2.011949242514397236e-09
2.507812500000000000e+01,2.129289954852324378e-09
2.509375000000000000e+01,2.286888881036142694e-09
2.510937500000000000e+01,2.358707987060117753e-09
2.512500000000000000e+01,2.246591037954893413e-09
2.514062500000000000e+01,2.023301106466449047e-09
2.515625000000000000e+01,1.854341974389380274e-09
2.517187500000000000e+01,1.785035920123192725e-09
2.518750000000000000e+01,1.775344377987582131e-09
2.520312500000000000e+01,1.832157194697555910e-09
2.521875000000000000e+01,1.973160049483549633e-09
2.523437500000000000e+01,2.180746030142311707e-09
2.525000000000000000e+01,2.344150750965675305e-09
2.526562500000000000e+01,2.352111059570255502e-09
2.528125000000000000e+01,2.267083504777274375e-09
2.529687500000000000e+01,2.244446122306450990e-09
2.531250000000000000e+01,2.297010443824877783e-09
2.532812500000000000e+01,2.348392511978480169e-09
2.534375000000000000e+01,2.380236651796000405e-09
2.535937500000000000e+01,2.422524051193908318e-09
2.537500000000000000e+01,2.541909986154214118e-09
2.539062500000000000e+01,2.702405261142875289e-09
2.540625000000000000e+01,2.752130707794873950e-09
2.542187500000000000e+01,2.661342664612169355e-09
2.543750000000000000e+01,2.520588372000607300e-09
2.545312500000000000e+01,2.388631641767860039e-09
2.546875000000000000e+01,2.307290584624263776e-09
2.548437500000000000e+01,2.284918685654268679e-09
2.550000000000000000e+01,2.228164135953823827e-09
2.551562500000000000e+01,2.045957273334553515e-09
2.553125000000000000e+01,1.784765273387904782e-09
2.554687500000000000e+01,1.612364437175201712e-09
2.556250000000000000e+01,1.581989603889054698e-09
2.557812500000000000e+01,1.550535674010590213e-09
2.559375000000000000e+01,1.453946623289658591e-09
2.560937500000000000e+01,1.374592646163289947e-09
2.562500000000000000e+01,1.365337333202269743e-09
2.564062500000000000e+01,1.392404724109932905e-09
2.565625000000000000e+01,1.429896797740804940e-09
2.567187500000000000e+01,1.480516031412527391e-09
2.568750000000000000e+01,1.541331234634370155e-09
2.570312500000000000e+01,1.601728949520666088e-09
2.571875000000000000e+01,1.664162157092534672e-09
2.573437500000000000e+01,1.716204793607199164e-09
2.575000000000000000e+01,1.729564425434063167e-09
2.576562500000000000e+01,1.740626573045747711e-09
2.578125000000000000e+01,1.811678204414375834e-09
2.579687500000000000e+01,1.898407086563685691e-09
2.581250000000000000e+01,1.916037884708222710e-09
2.582812500000000000e+01,1.847393995418920740e-09
2.584375000000000000e+01,1.714543485542344970e-09
2.585937500000000000e+01,1.546324629954301000e-09
2.587500000000000000e+01,1.408358301152481548e-09
2.589062500000000000e+01,1.383195495325962340e-09
2.590625000000000000e+01,1.423691617804252426e-09
2.592187500000000000e+01,1.410169824018860652e-09
2.593750000000000000e+01,1.334974287047347035e-09
2.595312500000000000e+01,1.284001495852231211e-09
2.596875000000000000e+01,1.283392235672779265e-09
2.598437500000000000e+01,1.272380361054844349e-09
2.600000000000000000e+01,1.241587261481005516e-09
2.601562500000000000e+01,1.243174341890559606e-09
2.603125000000000000e+01,1.266087691928424532e-09
2.604687500000000000e+01,1.273963571076051749e-09
2.606250000000000000e+01,1.285623385651932304e-09
2.607812500000000000e+01,1.302236007752640906e-09
2.609375000000000000e+01,1.296625077786092348e-09
2.610937500000000000e+01,1.276663414196924492e-09
2.612500000000000000e+01,1.298295723008578636e-09
2.614062500000000000e+01,1.413547865678991874e-09
2.615625000000000000e+01,1.592980534759944968e-09
2.617187500000000000e+01,1.748738105086634180e-09
2.618750000000000000e+01,1.817115713677913780e-09
2.620312500000000000e+01,1.816933801077558901e-09
2.621875000000000000e+01,1.813695334562500922e-09
2.623437500000000000e+01,1.812801329088601147e-09
2.625000000000000000e+01,1.742470721083006466e-09
2.626562500000000000e+01,1.579597887480380055e-09
2.628125000000000000e+01,1.401385095875860217e-09
2.629687500000000000e+01,1.272707010260690479e-09
2.631250000000000000e+01,1.188835182869518533e-09
2.632812500000000000e+01,1.117604325615262400e-09
2.634375000000000000e+01,1.042929730205169818e-09
2.635937500000000000e+01,9.830360826393431455e-10
2.637500000000000000e+01,9.425460898134422048e-10
2.639062500000000000e+01,9.099986756881229203e-10
2.640625000000000000e+01,9.040806270759592986e-10
2.642187500000000000e+01,9.279011431493319659e-10
2.643750000000000000e+01,9.519305110659475754e-10
2.645312500000000000e+01,9.518369318213438306e-10
2.646875000000000000e+01,9.187816044605923382e-10
2.648437500000000000e+01,8.848127398854453831e-10
2.650000000000000000e+01,8.879494344715940109e-10
2.651562500000000000e+01,9.137683141914322745e-10
2.653125000000000000e+01,9.498125476395994217e-10
2.654687500000000000e+01,1.011031896273216909e-09
2.656250000000000000e+01,1.080565499763021166e-09
2.657812500000000000e+01,1.113744133572314839e-09
2.659375000000000000e+01,1.106271038813414816e-09
2.660937500000000000e+01,1.094497037394896137e-09
2.662500000000000000e+01,1.121163798510865264e-09
2.664062500000000000e+01,1.224547871772741006e-09
2.665625000000000000e+01,1.385090281451006551e-09
2.667187500000000000e+01,1.541765922236569367e-09
2.668750000000000000e+01,1.664445181075659682e-09
2.670312500000000000e+01,1.752137070010773497e-09
2.671875000000000000e+01,1.802254190811660954e-09
2.673437500000000000e+01,1.820301317303554879e-09
2.675000000000000000e+01,1.835651906558301642e-09
2.676562500000000000e+01,1.852594142333540559e-09
2.678125000000000000e+01,1.860054515757558635e-09
2.679687500000000000e+01,1.882763487769217403e-09
2.681250000000000000e+01,1.923974999807095553e-09
2.682812500000000000e+01,1.963695391760741295e-09
2.684375000000000000e+01,2.009108229371358117e-09
2.685937500000000000e+01,2.030618488412474409e-09
2.687500000000000000e+01,1.961214282671435346e-09
2.689062500000000000e+01,1.788106480347154030e-09
2.690625000000000000e+01,1.580232327010249840e-09
2.692187500000000000e+01,1.446566413708365698e-09
2.693750000000000000e+01,1.414157816576053372e-09
2.695312500000000000e+01,1.399510057211974012e-09
2.696875000000000000e+01,1.351604017726220171e-09
2.698437500000000000e+01,1.284091007981756657e-09
2.700000000000000000e+01,1.214347274252370804e-09
2.701562500000000000e+01,1.146278283645850957e-09
2.703125000000000000e+01,1.094635802543984215e-09
2.704687500000000000e+01,1.079343331441294248e-09
2.706250000000000000e+01,1.089454845599525381e-09
2.707812500000000000e+01,1.099785919576095792e-09
2.709375000000000000e+01,1.087170680729453369e-09
2.710937500000000000e+01,1.052495746917814531e-09
2.712500000000000000e+01,1.038028485565046616e-09
2.714062500000000000e+01,1.045125312562464382e-09
2.715625000000000000e+01,1.035235327958385191e-09
2.717187500000000000e+01,1.029434931716308648e-09
2.718750000000000000e+01,1.044799281325954442e-09
2.720312500000000000e+01,1.053977817441506917e-09
2.721875000000000000e+01,1.068271745557527479e-09
2.723437500000000000e+01,1.097869645553720104e-09
2.725000000000000000e+01,1.107099985416844298e-09
2.726562500000000000e+01,1.074204086038099232e-09
2.728125000000000000e+01,1.007279406556332461e-09
2.729687500000000000e+01,9.227435991373484043e-10
2.731250000000000000e+01,8.614702065927834261e-10
2.732812500000000000e+01,8.624172665869941084e-10
2.734375000000000000e+01,9.009795020987054560e-10
2.735937500000000000e+01,9.574349140149273038e-10
2.737500000000000000e+01,1.026041192145109938e-09
2.739062500000000000e+01,1.075487257065428474e-09
2.740625000000000000e+01,1.111440927066937744e-09
2.742187500000000000e+01,1.131970194629059240e-09
2.743750000000000000e+01,1.086281594416635699e-09
2.745312500000000000e+01,9.913237124091389554e-10
2.746875000000000000e+01,9.362136440913259878e-10
2.748437500000000000e+01,9.440525863880013121e-10
2.750000000000000000e+01,9.526295473428941528e-10
2.751562500000000000e+01,9.112874272552859884e-10
2.753125000000000000e+01,8.479246516151809238e-10
2.754687500000000000e+01,8.286744926997729051e-10
2.756250000000000000e+01,8.462448721689416475e-10
2.757812500000000000e+01,8.415309472236027895e-10
2.759375000000000000e+01,8.135517245496453203e-10
2.760937500000000000e+01,8.336239135996194420e-10
2.762500000000000000e+01,9.343231025854573237e-10
2.764062500000000000e+01,1.047540823112075372e-09
2.765625000000000000e+01,1.085125457445428863e-09
2.767187500000000000e+01,1.016580844121846822e-09
2.768750000000000000e+01,9.006310140309142724e-10
2.770312500000000000e+01,8.172543366092929326e-10
2.771875000000000000e+01,7.699387091024141918e-10
2.773437500000000000e+01,7.327972064305441952e-10
2.775000000000000000e+01,7.120143204800870630e-10
2.776562500000000000e+01,7.285689415208095351e-10
2.778125000000000000e+01,7.801108622632320334e-10
2.779687500000000000e+01,8.352248979296183642e-10
2.781250000000000000e+01,8.867202991908551374e-10
2.782812500000000000e+01,9.370644318002382011e-10
2.784375000000000000e+01,9.574805278983575777e-10
2.785937500000000000e+01,9.421554388408539566e-10
2.787500000000000000e+01,9.375112442578563108e-10
2.789062500000000000e+01,9.605572197034510591e-10
2.790625000000000000e+01,9.685330280573469118e-10
2.792187500000000000e+01,9.299475893979524070e-10
2.793750000000000000e+01,8.629013877532202678e-10
2.795312500000000000e+01,8.211133131434678227e-10
2.796875000000000000e+01,8.347429322106411977e-10
2.798437500000000000e+01,8.712154318512468862e-10
2.800000000000000000e+01,8.708974570187581665e-10
2.801562500000000000e+01,8.285175220842689763e-10
2.803125000000000000e+01,8.380014283893595738e-10
2.804687500000000000e+01,9.537118460757877363e-10
2.806250000000000000e+01,1.092114014128175895e-09
2.807812500000000000e+01,1.189374213004150554e-09
2.809375000000000000e+01,1.261746901197802355e-09
2.810937500000000000e+01,1.337486460005852560e-09
2.812500000000000000e+01,1.395767578516208384e-09
2.814062500000000000e+01,1.390086707053073663e-09
2.815625000000000000e+01,1.331458147306897106e-09
2.817187500000000000e+01,1.305347175485408582e-09
2.818750000000000000e+01,1.346653119146741836e-09
2.820312500000000000e+01,1.392201912598690505e-09
2.821875000000000000e+01,1.403331681356968898e-09
2.823437500000000000e+01,1.387751177511238090e-09
2.825000000000000000e+01,1.361368765040999418e-09
2.826562500000000000e+01,1.369687514219109290e-09
2.828125000000000000e+01,1.435149607362709640e-09
2.829687500000000000e+01,1.466224058170786257e-09
2.831250000000000000e+01,1.363979906140742417e-09
2.832812500000000000e+01,1.161332697239729308e-09
2.834375000000000000e+01,9.938588285524457960e-10
2.835937500000000000e+01,9.685846584725186192e-10
2.837500000000000000e+01,1.052189119984746450e-09
2.839062500000000000e+01,1.130866138875092284e-09
2.840625000000000000e+01,1.173698184904202011e-09
2.842187500000000000e+01,1.243273856176492468e-09
2.843750000000000000e+01,1.340794778220709142e-09
2.845312500000000000e+01,1.412630054156943566e-09
2.846875000000000000e+01,1.461098661473554719e-09
2.848437500000000000e+01,1.514147506009853255e-09
2.850000000000000000e+01,1.577267036708105837e-09
2.851562500000000000e+01,1.609087312379234572e-09
2.853125000000000000e+01,1.569725217255942389e-09
2.854687500000000000e+01,1.473933623966056509e-09
2.856250000000000000e+01,1.331324788463903213e-09
2.857812500000000000e+01,1.161638814806571803e-09
2.859375000000000000e+01,1.055718328435072463e-09
2.860937500000000000e+01,1.082206049668372447e-09
2.862500000000000000e+01,1.164826777636244469e-09
2.864062500000000000e+01,1.217466318504605394e-09
2.865625000000000000e+01,1.277402041968858957e-09
2.867187500000000000e+01,1.379444280478762196e-09
2.868750000000000000e+01,1.470061147049953964e-09
2.870312500000000000e+01,1.530073997090337916e-09
2.871875000000000000e+01,1.592708513241403756e-09
2.873437500000000000e+01,1.659765944306252696e-09
2.875000000000000000e+01,1.669482465248949340e-09
2.876562500000000000e+01,1.576921614922050043e-09
2.878125000000000000e+01,1.432558212927373733e-09
2.879687500000000000e+01,1.336622840349244875e-09
2.881250000000000000e+01,1.344579900366587311e-09
2.882812500000000000e+01,1.415854691672142540e-09
2.884375000000000000e+01,1.473764464797313890e-09
2.885937500000000000e+01,1.496209553819303620e-09
2.887500000000000000e+01,1.523669576095841887e-09
2.889062500000000000e+01,1.590310726462459754e-09
2.890625000000000000e+01,1.640006748703136520e-09
2.892187500000000000e+01,1.585362562413369150e-09
2.893750000000000000e+01,1.479695134439161317e-09
2.895312500000000000e+01,1.473279606383434451e-09
2.896875000000000000e+01,1.570982044884929662e-09
2.898437500000000000e+01,1.658824121063705481e-09
2.900000000000000000e+01,1.673023241222925777e-09
2.901562500000000000e+01,1.643186413113701719e-09
2.903125000000000000e+01,1.649060668862059809e-09
2.904687500000000000e+01,1.730701776126252496e-09
2.906250000000000000e+01,1.860413463202204434e-09
2.907812500000000000e+01,1.954899583600950607e-09
2.909375000000000000e+01,1.948508926744800598e-09
2.910937500000000000e+01,1.905230659510585862e-09
2.912500000000000000e+01,1.921870519752835892e-09
2.914062500000000000e+01,1.993308306640139316e-09
2.915625000000000000e+01,2.090424522330343332e-09
2.917187500000000000e+01,2.157207627958112338e-09
2.918750000000000000e+01,2.126486691263354712e-09
2.920312500000000000e+01,2.062312751421619622e-09
2.921875000000000000e+01,2.094839604168239261e-09
2.923437500000000000e+01,2.194810667145037897e-09
2.925000000000000000e+01,2.236573858280270921e-09
2.926562500000000000e+01,2.201295083175784436e-09
2.928125000000000000e+01,2.150916540023612021e-09
2.929687500000000000e+01,2.091240320145874218e-09
2.931250000000000000e+01,2.022843856586770565e-09
2.932812500000000000e+01,1.984828413154375728e-09
2.934375000000000000e+01,2.009713558999652247e-09
2.935937500000000000e+01,2.139100838898971118e-09
2.937500000000000000e+01,2.322326375134884067e-09
2.939062500000000000e+01,2.449749231566827552e-09
2.940625000000000000e+01,2.535515358098005671e-09
2.942187500000000000e+01,2.682241929770325185e-09
2.943750000000000000e+01,2.883901619726853503e-09
2.945312500000000000e+01,3.009888094247320782e-09
2.946875000000000000e+01,2.961607591890206433e-09
2.948437500000000000e+01,2.744204994179294676e-09
2.950000000000000000e+01,2.471153724110112108e-09
2.951562500000000000e+01,2.269148432613097059e-09
2.953125000000000000e+01,2.120539923020841527e-09
2.954687500000000000e+01,1.961559287411793158e-09
2.956250000000000000e+01,1.866470778668674546e-09
2.957812500000000000e+01,1.907565872409917785e-09
2.959375000000000000e+01,1.986316468327490860e-09
2.960937500000000000e+01,1.990658521588771441e-09
2.962500000000000000e+01,1.940577324108125910e-09
2.964062500000000000e+01,1.970600973993114502e-09
2.965625000000000000e+01,2.171768376982000990e-09
2.967187500000000000e+01,2.444288254118060264e-09
2.968750000000000000e+01,2.591067111894957022e-09
2.970312500000000000e+01,2.539292622211627752e-09
2.971875000000000000e+01,2.418441380055232628e-09
2.973437500000000000e+01,2.352129514623038320e-09
2.975000000000000000e+01,2.297866209193945496e-09
2.976562500000000000e+01,2.227354462010151233e-09
2.978125000000000000e+01,2.234618600409629198e-09
2.979687500000000000e+01,2.357881797745942637e-09
2.981250000000000000e+01,2.509701284141719428e-09
2.982812500000000000e+01,2.635465635545609876e-09
2.984375000000000000e+01,2.698379266048972835e-09
2.985937500000000000e+01,2.655831507375052987e-09
2.987500000000000000e+01,2.524173881114115812e-09
2.989062500000000000e+01,2.364770703151815086e-09
2.990625000000000000e+01,2.251561398163600786e-09
2.992187500000000000e+01,2.194143237025594995e-09
2.993750000000000000e+01,2.162581513077324564e-09
2.995312500000000000e+01,2.150090812144835132e-09
2.996875000000000000e+01,2.134750666425864844e-09
2.998437500000000000e+01,2.109568693607093881e-09
3.000000000000000000e+01,2.060886131121056203e-09
3.001562500000000000e+01,1.936059855924441240e-09
3.003125000000000000e+01,1.726730553657911019e-09
3.004687500000000000e+01,1.527452017912397176e-09
3.006250000000000000e+01,1.435344056695261272e-09
3.007812500000000000e+01,1.399895738895626140e-09
3.009375000000000000e+01,1.330895722054066670e-09
3.010937500000000000e+01,1.234033967168934475e-09
3.012500000000000000e+01,1.130103106150898917e-09
3.014062500000000000e+01,1.012218651373363865e-09
3.015625000000000000e+01,9.262083188789759981e-10
3.017187500000000000e+01,9.452514047965284288e-10
3.018750000000000000e+01,1.043387912936873382e-09
3.020312500000000000e+01,1.112894349990793698e-09
3.021875000000000000e+01,1.093102780497687956e-09
3.023437500000000000e+01,1.015809385215562731e-09
3.025000000000000000e+01,9.334880525933711228e-10
3.026562500000000000e+01,8.551927588869417474e-10
3.028125000000000000e+01,7.935345347068187431e-10
3.029687500000000000e+01,7.807595202510603096e-10
3.031250000000000000e+01,8.077352963544715198e-10
3.032812500000000000e+01,8.472808519598558340e-10
3.034375000000000000e+01,8.900954279394223375e-10
3.035937500000000000e+01,9.232536343229849827e-10
3.037500000000000000e+01,9.515414182265834157e-10
3.039062500000000000e+01,1.027828780583173809e-09
3.040625000000000000e+01,1.146452840347834764e-09
3.042187500000000000e+01,1.222931071590836075e-09
3.043750000000000000e+01,1.260442500197224687e-09
3.045312500000000000e+01,1.327399395253044145e-09
3.046875000000000000e+01,1.415342839400876009e-09
3.048437500000000000e+01,1.483742261370001370e-09
3.050000000000000000e+01,1.532555583324320478e-09
3.051562500000000000e+01,1.559685972860250409e-09
3.053125000000000000e+01,1.540135548087086358e-09
3.054687500000000000e+01,1.451512808875691760e-09
3.056250000000000000e+01,1.300383357863956498e-09
3.057812500000000000e+01,1.131103792425497953e-09
3.059375000000000000e+01,1.001184218914341402e-09
3.060937500000000000e+01,9.359517977926739266e-10
3.062500000000000000e+01,9.138211998822357686e-10
3.064062500000000000e+01,9.056364695489772678e-10
3.065625000000000000e+01,9.050946678934698443e-10
3.067187500000000000e+01,9.036275499251755742e-10
3.068750000000000000e+01,8.817197304660519288e-10
3.070312500000000000e+01,8.501143881797642335e-10
3.071875000000000000e+01,8.415154325848691210e-10
3.073437500000000000e+01,8.487261481638717677e-10
3.075000000000000000e+01,8.331854541665636408e-10
3.076562500000000000e+01,7.668841242507650452e-10
3.078125000000000000e+01,6.584375984167846963e-10
3.079687500000000000e+01,5.734690428233237159e-10
3.081250000000000000e+01,5.706771682256461412e-10
3.082812500000000000e+01,6.090918508672859301e-10
3.084375000000000000e+01,6.236976399710327134e-10
3.085937500000000000e+01,6.027610774632125765e-10
3.087500000000000000e+01,5.793349976506412578e-10
3.089062500000000000e+01,5.757157484068997121e-10
3.090625000000000000e+01,5.778955232599256584e-10
3.092187500000000000e+01,5.752142706060655344e-10
3.093750000000000000e+01,5.571988874738007665e-10
3.095312500000000000e+01,5.188539948653119736e-10
3.096875000000000000e+01,4.845863170149152980e-10
3.098437500000000000e+01,4.733457480451530240e-10
3.100000000000000000e+01,4.799499187675481787e-10
3.101562500000000000e+01,5.070204942049557733e-10
3.103125000000000000e+01,5.487833353729356296e-10
3.104687500000000000e+01,5.834026007859601069e-10
3.106250000000000000e+01,5.911309123092541009e-10
3.107812500000000000e+01,5.650320153354819604e-10
3.109375000000000000e+01,5.342627520156520254e-10
3.110937500000000000e+01,5.310935098163102714e-10
3.112500000000000000e+01,5.384731265269227463e-10
3.114062500000000000e+01,5.230935943291112230e-10
3.115625000000000000e+01,4.846501271409315209e-10
3.117187500000000000e+01,4.528404916139677424e-10
3.118750000000000000e+01,4.399662087576429656e-10
3.120312500000000000e+01,4.299584326934390594e-10
3.121875000000000000e+01,4.196090110813016599e-10
3.123437500000000000e+01,4.248230621397231710e-10
3.125000000000000000e+01,4.537496729968193569e-10
3.126562500000000000e+01,4.939660253535664371e-10
3.128125000000000000e+01,5.273754222837663247e-10
3.129687500000000000e+01,5.347835773853079452e-10
3.131250000000000000e+01,5.067526217141125343e-10
3.132812500000000000e+01,4.658730687677869797e-10
3.134375000000000000e+01,4.389333654388057704e-10
3.135937500000000000e+01,4.238256459703808907e-10
3.137500000000000000e+01,4.127670236742289271e-10
3.139062500000000000e+01,4.018532415933473717e-10
3.140625000000000000e+01,3.833516414405209130e-10
3.142187500000000000e+01,3.530259752213024319e-10
3.143750000000000000e+01,3.160181113378019115e-10
3.145312500000000000e+01,2.895039225882541044e-10
3.146875000000000000e+01,3.040390408525500151e-10
3.148437500000000000e+01,3.631146453986764594e-10
3.150000000000000000e+01,4.263606462090156029e-10
3.151562500000000000e+01,4.688336815991328341e-10
3.153125000000000000e+01,5.002950381671187747e-10
3.154687500000000000e+01,5.302047240183501764e-10
3.156250000000000000e+01,5.525320847904802550e-10
3.157812500000000000e+01,5.810073840051881100e-10
3.159375000000000000e+01,6.401465806481188325e-10
3.160937500000000000e+01,7.172205152603138933e-10
3.162500000000000000e+01,7.938379366812357278e-10
3.164062500000000000e+01,8.715492584762262601e-10
3.165625000000000000e+01,9.265691331906896583e-10
3.167187500000000000e+01,9.271081833396440906e-10
3.168750000000000000e+01,8.926265439720764694e-10
3.170312500000000000e+01,8.563403961873984999e-10
3.171875000000000000e+01,8.137646509715763868e-10
3.173437500000000000e+01,7.581577976560283460e-10
3.175000000000000000e+01,6.985557969193078976e-10
3.176562500000000000e+01,6.354436082740776045e-10
3.178125000000000000e+01,5.693321087148023769e-10
3.179687500000000000e+01,5.140872601229528762e-10
3.181250000000000000e+01,4.787273713836276259e-10
3.182812500000000000e+01,4.599020552732831425e-10
3.184375000000000000e+01,4.513750663266682850e-10
3.185937500000000000e+01,4.432969020478317110e-10
3.187500000000000000e+01,4.391195903030412498e-10
3.189062500000000000e+01,4.480770610780928244e-10
3.190625000000000000e+01,4.556194237516807966e-10
3.192187500000000000e+01,4.544780423384761654e-10
3.193750000000000000e+01,4.546384885297844181e-10
3.195312500000000000e+01,4.554047240644328838e-10
3.196875000000000000e+01,4.492682670400434560e-10
3.198437500000000000e+01,4.421926107462207701e-10
3.200000000000000000e+01,4.615425329888346887e-10
3.201562500000000000e+01,5.211025030291585233e-10
3.203125000000000000e+01,5.929430092723504010e-10
3.204687500000000000e+01,6.494049909716776397e-10
3.206250000000000000e+01,6.781063181282276827e-10
3.207812500000000000e+01,6.694944539503544603e-10
3.209375000000000000e+01,6.335295669310844788e-10
3.210937500000000000e+01,5.950423166748390308e-10
3.212500000000000000e+01,5.660440193516135059e-10
3.214062500000000000e+01,5.648616889741949512e-10
3.215625000000000000e+01,5.951455815808245736e-10
3.217187500000000000e+01,6.130996644349992861e-10
3.218750000000000000e+01,5.955547760380231068e-10
3.220312500000000000e+01,5.769666990181043598e-10
3.221875000000000000e+01,6.027778044911730854e-10
3.223437500000000000e+01,6.609056936271556328e-10
3.225000000000000000e+01,7.199050812094539145e-10
3.226562500000000000e+01,7.858765604763423563e-10
3.228125000000000000e+01,8.617497641383705559e-10
3.229687500000000000e+01,9.320187413232224468e-10
3.231250000000000000e+01,9.927354191375356825e-10
3.232812500000000000e+01,1.041488210220523225e-09
3.234375000000000000e+01,1.074258953027851253e-09
3.235937500000000000e+01,1.084555739068056211e-09
3.237500000000000000e+01,1.059319560657863692e-09
3.239062500000000000e+01,1.001078200944774124e-09
3.240625000000000000e+01,9.189739212209635314e-10
3.242187500000000000e+01,8.219499585072247517e-10
3.243750000000000000e+01,7.389412942763232705e-10
3.245312500000000000e+01,6.849603904891079264e-10
3.246875000000000000e+01,6.338386924883751883e-10
3.248437500000000000e+01,5.767301973577912474e-10
3.250000000000000000e+01,5.298074994423269108e-10
3.251562500000000000e+01,4.892832456874784618e-10
3.253125000000000000e+01,4.493817075840173651e-10
3.254687500000000000e+01,4.248914222352164838e-10
3.256250000000000000e+01,4.325129767821808499e-10
3.257812500000000000e+01,4.772519510854349635e-10
3.259375000000000000e+01,5.539725555255875715e-10
3.260937500000000000e+01,6.387331578723748734e-10
3.262500000000000000e+01,6.979844236534860000e-10
3.264062500000000000e+01,7.245563267794065269e-10
3.265625000000000000e+01,7.365485600739416761e-10
3.267187500000000000e+01,7.272777998408991678e-10
3.268750000000000000e+01,6.902648828779639867e-10
3.270312500000000000e+01,6.686280018379523897e-10
3.271875000000000000e+01,7.032737826922190297e-10
3.273437500000000000e+01,7.952459031481440028e-10
3.275000000000000000e+01,9.136225137657278568e-10
3.276562500000000000e+01,1.010069861903019580e-09
3.278125000000000000e+01,1.086726667110339742e-09
3.279687500000000000e+01,1.202412486573323574e-09
3.281250000000000000e+01,1.362838954938474945e-09
3.282812500000000000e+01,1.500369246688643837e-09
3.284375000000000000e+01,1.567099273375923587e-09
3.285937500000000000e+01,1.575684819346181604e-09
3.287500000000000000e+01,1.590419006021835430e-09
3.289062500000000000e+01,1.654408514008960057e-09
3.290625000000000000e+01,1.725084603430418111e-09
3.292187500000000000e+01,1.744267251283152932e-09
3.293750000000000000e+01,1.700039828950932036e-09
3.295312500000000000e+01,1.582831397279013192e-09
3.296875000000000000e+01,1.385302630286166539e-09
3.298437500000000000e+01,1.173651956982916018e-09
3.300000000000000000e+01,1.047317433617157407e-09
3.301562500000000000e+01,9.884679800644438806e-10
3.303125000000000000e+01,9.043460736604313263e-10
3.304687500000000000e+01,7.910441474420335699e-10
3.306250000000000000e+01,7.100084372946236994e-10
3.307812500000000000e+01,6.689473473719978049e-10
3.309375000000000000e+01,6.258182444284889774e-10
3.310937500000000000e+01,5.756574028752008692e-10
3.312500000000000000e+01,5.422337121712293548e-10
3.314062500000000000e+01,5.286839549597571645e-10
3.315625000000000000e+01,5.281239054194459758e-10
3.317187500000000000e+01,5.239196712730393012e-10
3.318750000000000000e+01,4.877711526855235598e-10
3.320312500000000000e+01,4.351131692546053373e-10
3.321875000000000000e+01,4.096661745306673504e-10
3.323437500000000000e+01,4.040920613180605272e-10
3.325000000000000000e+01,4.046545585035684292e-10
3.326562500000000000e+01,4.183185592536518956e-10
3.328125000000000000e+01,4.362317168334726499e-10
3.329687500000000000e+01,4.496448228152633852e-10
3.331250000000000000e+01,4.539086985479228844e-10
3.332812500000000000e+01,4.568815870731040981e-10
3.334375000000000000e+01,4.810171707928499981e-10
3.335937500000000000e+01,5.165422605742719948e-10
3.337500000000000000e+01,5.318951894289681381e-10
3.339062500000000000e+01,5.285788434076456528e-10
3.340625000000000000e+01,5.246484534266249128e-10
3.342187500000000000e+01,5.209097673788231704e-10
3.343750000000000000e+01,5.125010447179669184e-10
3.345312500000000000e+01,4.974778310819167485e-10
3.346875000000000000e+01,4.734456463952122509e-10
3.348437500000000000e+01,4.555603235592220066e-10
3.350000000000000000e+01,4.745442236333483217e-10
3.351562500000000000e+01,5.168495581055213055e-10
3.353125000000000000e+01,5.402507162126274955e-10
3.354687500000000000e+01,5.397538761372513507e-10
3.356250000000000000e+01,5.414021758191025553e-10
3.357812500000000000e+01,5.581250372045052203e-10
3.359375000000000000e+01,5.719773084323394362e-10
3.360937500000000000e+01,5.607456725810575562e-10
3.362500000000000000e+01,5.419218246707517057e-10
3.364062500000000000e+01,5.590334269634961334e-10
3.365625000000000000e+01,5.978304293498952284e-10
3.367187500000000000e+01,6.089029021769332290e-10
3.368750000000000000e+01,5.811634105216777677e-10
3.370312500000000000e+01,5.301826353395930817e-10
3.371875000000000000e+01,4.728229091930712132e-10
3.373437500000000000e+01,4.242357533776428440e-10
3.375000000000000000e+01,3.926982182490848044e-10
3.376562500000000000e+01,3.706870562556274973e-10
3.378125000000000000e+01,3.588223132607513615e-10
3.379687500000000000e+01,3.742948273946360138e-10
3.381250000000000000e+01,4.030399180004385119e-10
3.382812500000000000e+01,4.220324956755112453e-10
3.384375000000000000e+01,4.389624986176307247e-10
3.385937500000000000e+01,4.528796493268591672e-10
3.387500000000000000e+01,4.446421466046946317e-10
3.389062500000000000e+01,4.190624015910465342e-10
3.390625000000000000e+01,4.101039600199578739e-10
3.392187500000000000e+01,4.323135461524954468e-10
3.393750000000000000e+01,4.628455220705177124e-10
3.395312500000000000e+01,4.870821982867660720e-10
3.396875000000000000e+01,5.118015183290775637e-10
3.398437500000000000e+01,5.363318836904619058e-10
3.400000000000000000e+01,5.470917699704229635e-10
3.401562500000000000e+01,5.417417322199501938e-10
3.403125000000000000e+01,5.261823680234005867e-10
3.404687500000000000e+01,5.045075533612625771e-10
3.406250000000000000e+01,4.929224040841254128e-10
3.407812500000000000e+01,5.015547128601115730e-10
3.409375000000000000e+01,5.069880446359335151e-10
3.410937500000000000e+01,5.050523686534658083e-10
3.412500000000000000e+01,5.344301255502506999e-10
3.414062500000000000e+01,6.043126245273248692e-10
3.415625000000000000e+01,6.704292482732323458e-10
3.417187500000000000e+01,6.958063101486650372e-10
3.418750000000000000e+01,6.984241672774998492e-10
3.420312500000000000e+01,7.240583675958766400e-10
3.421875000000000000e+01,7.709614860498345665e-10
3.423437500000000000e+01,8.059451325909759839e-10
3.425000000000000000e+01,8.166371720075506915e-10
3.426562500000000000e+01,8.062614285508778215e-10
3.428125000000000000e+01,7.785846713130758448e-10
3.429687500000000000e+01,7.477408230461940155e-10
3.431250000000000000e+01,7.347621408925146190e-10
3.432812500000000000e+01,7.270002876613996472e-10
3.434375000000000000e+01,7.090779103857119327e-10
3.435937500000000000e+01,7.154186573280310767e-10
3.437500000000000000e+01,7.708448612915703921e-10
3.439062500000000000e+01,8.282233998328679589e-10
3.440625000000000000e+01,8.573055419209668044e-10
3.442187500000000000e+01,8.784002426204084229e-10
3.443750000000000000e+01,8.726165051690374334e-10
3.445312500000000000e+01,8.235485172913178178e-10
3.446875000000000000e+01,7.862308100461232527e-10
3.448437500000000000e+01,7.850305100695965204e-10
3.450000000000000000e+01,7.758842680564974911e-10
3.451562500000000000e+01,7.629640396338160613e-10
3.453125000000000000e+01,7.897284583596898714e-10
3.454687500000000000e+01,8.587097678996470122e-10
3.456250000000000000e+01,9.492872312698382551e-10
3.457812500000000000e+01,1.041362487964314032e-09
3.459375000000000000e+01,1.107957071821448136e-09
3.460937500000000000e+01,1.161802895921858498e-09
3.462500000000000000e+01,1.226824508441322829e-09
3.464062500000000000e+01,1.246895873737265196e-09
3.465625000000000000e+01,1.170100256948844472e-09
3.467187500000000000e+01,1.040082899814276326e-09
3.468750000000000000e+01,9.249562951549434570e-10
3.470312500000000000e+01,8.419762764994180681e-10
3.471875000000000000e+01,7.946880170461749894e-10
3.473437500000000000e+01,7.783796812843993978e-10
3.475000000000000000e+01,7.494667001583107686e-10
3.476562500000000000e+01,6.885248002636032255e-10
3.478125000000000000e+01,6.270056425884828541e-10
3.479687500000000000e+01,6.011416256255595313e-10
3.481250000000000000e+01,6.140508743414827902e-10
3.482812500000000000e+01,6.371550910261645402e-10
3.484375000000000000e+01,6.590736645662170463e-10
3.485937500000000000e+01,6.863855807967112099e-10
3.487500000000000000e+01,7.061763540852724854e-10
3.489062500000000000e+01,7.038960140661984437e-10
3.490625000000000000e+01,6.838583172060310277e-10
3.492187500000000000e+01,6.483846356354008116e-10
3.493750000000000000e+01,5.891611379325556046e-10
3.495312500000000000e+01,5.129569308357389627e-10
3.496875000000000000e+01,4.579218810032046534e-10
3.498437500000000000e+01,4.441066892383538771e-10
3.500000000000000000e+01,4.405707669184598378e-10
3.501562500000000000e+01,4.334171490662787415e-10
3.503125000000000000e+01,4.489109238163418068e-10
3.504687500000000000e+01,5.019920813715638919e-10
3.506250000000000000e+01,5.702647051224162414e-10
3.507812500000000000e+01,6.314651639452542062e-10
3.509375000000000000e+01,6.787938884805124859e-10
3.510937500000000000e+01,7.096612774928668718e-10
3.512500000000000000e+01,7.269572145920329105e-10
3.514062500000000000e+01,7.383543861946109639e-10
3.515625000000000000e+01,7.356668398508836235e-10
3.517187500000000000e+01,7.053649474784391212e-10
3.518750000000000000e+01,6.632415295672774907e-10
3.520312500000000000e+01,6.281235069659708106e-10
3.521875000000000000e+01,6.032542645783440987e-10
3.523437500000000000e+01,6.117573336465714071e-10
3.525000000000000000e+01,6.533667402530708873e-10
3.526562500000000000e+01,6.788010366086942710e-10
3.528125000000000000e+01,6.666402981300932690e-10
3.529687500000000000e+01,6.371830172059647094e-10
3.531250000000000000e+01,6.132513728127602880e-10
3.532812500000000000e+01,6.006148302337833332e-10
3.534375000000000000e+01,5.895523894571376934e-10
3.535937500000000000e+01,5.719811654754932389e-10
3.537500000000000000e+01,5.512710224001326805e-10
3.539062500000000000e+01,5.428415614705186589e-10
3.540625000000000000e+01,5.501269776440227634e-10
3.542187500000000000e+01,5.554269813613430427e-10
3.543750000000000000e+01,5.524240464929180772e-10
3.545312500000000000e+01,5.321971294814608617e-10
3.546875000000000000e+01,4.825162288969099463e-10
3.548437500000000000e+01,4.257938782193557486e-10
3.550000000000000000e+01,3.986859709740953681e-10
3.551562500000000000e+01,3.970845038556886253e-10
3.553125000000000000e+01,4.003609754890605608e-10
3.554687500000000000e+01,4.161087290404588073e-10
3.556250000000000000e+01,4.566748904462883458e-10
3.557812500000000000e+01,5.100617556817663508e-10
3.559375000000000000e+01,5.497331850375268527e-10
3.560937500000000000e+01,5.632756129291950583e-10
3.562500000000000000e+01,5.589128783806615961e-10
3.564062500000000000e+01,5.416549725239782692e-10
3.565625000000000000e+01,5.153555734755308458e-10
3.567187500000000000e+01,4.978492445380176008e-10
3.568750000000000000e+01,4.968428199931116142e-10
3.570312500000000000e+01,5.042652070620705859e-10
3.571875000000000000e+01,5.173441329305723741e-10
3.573437500000000000e+01,5.221101068511771903e-10
3.575000000000000000e+01,5.009024522201499232e-10
3.576562500000000000e+01,4.692292366300278938e-10
3.578125000000000000e+01,4.535940941967685664e-10
3.579687500000000000e+01,4.494776506577376358e-10
3.581250000000000000e+01,4.354527791542436590e-10
3.582812500000000000e+01,4.003700613108801030e-10
3.584375000000000000e+01,3.564611432347591538e-10
3.585937500000000000e+01,3.252449158893697892e-10
3.587500000000000000e+01,3.063248220977958966e-10
3.589062500000000000e+01,2.881888381812569115e-10
3.590625000000000000e+01,2.788994262396256989e-10
3.592187500000000000e+01,2.923543072827428594e-10
3.593750000000000000e+01,3.212169432975603921e-10
3.595312500000000000e+01,3.470831079899601108e-10
3.596875000000000000e+01,3.617264013905719226e-10
3.598437500000000000e+01,3.709475827312681506e-10
3.600000000000000000e+01,3.794489759397894674e-10
3.601562500000000000e+01,3.818024366790376829e-10
3.603125000000000000e+01,3.787946909623945001e-10
3.604687500000000000e+01,3.734443689237509438e-10
3.606250000000000000e+01,3.602818858085179103e-10
3.607812500000000000e+01,3.396571375798278003e-10
3.609375000000000000e+01,3.189385439862212120e-10
3.610937500000000000e+01,3.085735820514575749e-10
3.612500000000000000e+01,3.127223131612001995e-10
3.614062500000000000e+01,3.228637582809319603e-10
3.615625000000000000e+01,3.396207298419667374e-10
3.617187500000000000e+01,3.602590457190021806e-10
3.618750000000000000e+01,3.698356433207467122e-10
3.620312500000000000e+01,3.651020316055315195e-10
3.621875000000000000e+01,3.558717106162046815e-10
3.623437500000000000e+01,3.510134603122359872e-10
3.625000000000000000e+01,3.459696629386138035e-10
3.626562500000000000e+01,3.341520387901608466e-10
3.628125000000000000e+01,3.216859693720909609e-10
3.629687500000000000e+01,3.106638850614483300e-10
3.631250000000000000e+01,2.975438592525603929e-10
3.632812500000000000e+01,2.974564758279254244e-10
3.634375000000000000e+01,3.291117841919953512e-10
3.635937500000000000e+01,3.733472015780850861e-10
3.637500000000000000e+01,4.009426529819549648e-10
3.639062500000000000e+01,4.075730637957006373e-10
3.640625000000000000e+01,4.007064917289371745e-10
3.642187500000000000e+01,3.807494672103957536e-10
3.643750000000000000e+01,3.501767773155377835e-10
3.645312500000000000e+01,3.277131597340042674e-10
3.646875000000000000e+01,3.337728972720930362e-10
3.648437500000000000e+01,3.608991548270504142e-10
3.650000000000000000e+01,3.904931204336689315e-10
3.651562500000000000e+01,4.136089203597978501e-10
3.653125000000000000e+01,4.209745247937670609e-10
3.654687500000000000e+01,4.085700515554872738e-10
3.656250000000000000e+01,3.909457599707992445e-10
3.657812500000000000e+01,3.839708464975903977e-10
3.659375000000000000e+01,3.839495342548640713e-10
3.660937500000000000e+01,3.814764800427620786e-10
3.662500000000000000e+01,3.760882561305827302e-10
3.664062500000000000e+01,3.707270243908072803e-10
3.665625000000000000e+01,3.665233024682241360e-10
3.667187500000000000e+01,3.652361985333312264e-10
3.668750000000000000e+01,3.628257343436358570e-10
3.670312500000000000e+01,3.477147243114492627e-10
3.671875000000000000e+01,3.233924672554375251e-10
3.673437500000000000e+01,3.108535501562787278e-10
3.675000000000000000e+01,3.184218757333551190e-10
3.676562500000000000e+01,3.332473588290683933e-10
3.678125000000000000e+01,3.380951936689598943e-10
3.679687500000000000e+01,3.263444113563534673e-10
3.681250000000000000e+01,3.103978995309862000e-10
3.682812500000000000e+01,3.070283735569867018e-10
3.684375000000000000e+01,3.105684626120915754e-10
3.685937500000000000e+01,3.134386793168614328e-10
3.687500000000000000e+01,3.229946754001570271e-10
3.689062500000000000e+01,3.335400479546043744e-10
3.690625000000000000e+01,3.315787970733831768e-10
3.692187500000000000e+01,3.274035501261828570e-10
3.693750000000000000e+01,3.367334919475753700e-10
3.695312500000000000e+01,3.525755535830756821e-10
3.696875000000000000e+01,3.669880579008123019e-10
3.698437500000000000e+01,3.832395688656397763e-10
3.700000000000000000e+01,4.025348452321168354e-10
3.701562500000000000e+01,4.113549019906996263e-10
3.703125000000000000e+01,3.969483891529141369e-10
3.704687500000000000e+01,3.688052816429469144e-10
3.706250000000000000e+01,3.466927446631551960e-10
3.707812500000000000e+01,3.364323818166947474e-10
3.709375000000000000e+01,3.298982427893859282e-10
3.710937500000000000e+01,3.211776406202987644e-10
3.712500000000000000e+01,3.119749547368804715e-10
3.714062500000000000e+01,3.055722703378494001e-10
3.715625000000000000e+01,3.074644416941358119e-10
3.717187500000000000e+01,3.271894730785364914e-10
3.718750000000000000e+01,3.653775407975527973e-10
3.720312500000000000e+01,4.022255582406812254e-10
3.721875000000000000e+01,4.189277932157572223e-10
3.723437500000000000e+01,4.205877775553768646e-10
3.725000000000000000e+01,4.148353730640535807e-10
3.726562500000000000e+01,3.909566625729622242e-10
3.728125000000000000e+01,3.525285873057159910e-10
3.729687500000000000e+01,3.233961097849859086e-10
3.731250000000000000e+01,3.096984861903161053e-10
3.732812500000000000e+01,3.070023837468961801e-10
3.734375000000000000e+01,3.214699231627071147e-10
3.735937500000000000e+01,3.505664472595487340e-10
3.737500000000000000e+01,3.731111949766833453e-10
3.739062500000000000e+01,3.723968245821513653e-10
3.740625000000000000e+01,3.539422684731941610e-10
3.742187500000000000e+01,3.366650709352401756e-10
3.743750000000000000e+01,3.265056450296332594e-10
3.745312500000000000e+01,3.199152864763979216e-10
3.746875000000000000e+01,3.222623929860610363e-10
3.748437500000000000e+01,3.340319599561965242e-10
3.750000000000000000e+01,3.431471069961714618e-10
3.751562500000000000e+01,3.425456826319949887e-10
3.753125000000000000e+01,3.404585767296434410e-10
3.754687500000000000e+01,3.445231253714932018e-10
3.756250000000000000e+01,3.422643426409593040e-10
3.757812500000000000e+01,3.185826674735773618e-10
3.759375000000000000e+01,2.838238258578605733e-10
3.760937500000000000e+01,2.679179088438678939e-10
3.762500000000000000e+01,2.743174929604272234e-10
3.764062500000000000e+01,2.759197013523306711e-10
3.765625000000000000e+01,2.723178669682947223e-10
3.767187500000000000e+01,2.887361674867642997e-10
3.768750000000000000e+01,3.228400366519485921e-10
3.770312500000000000e+01,3.513161284265509557e-10
3.771875000000000000e+01,3.669825101580302423e-10
3.773437500000000000e+01,3.798211413295639485e-10
3.775000000000000000e+01,3.932223467055850728e-10
3.776562500000000000e+01,3.938158781900724583e-10
3.778125000000000000e+01,3.775276983469291550e-10
3.779687500000000000e+01,3.594107900773698797e-10
3.781250000000000000e+01,3.495536933295171972e-10
3.782812500000000000e+01,3.466093673825355248e-10
3.784375000000000000e+01,3.437594656979952203e-10
3.785937500000000000e+01,3.345002480353418824e-10
3.787500000000000000e+01,3.185055304647608479e-10
3.789062500000000000e+01,3.013060284909474349e-10
3.790625000000000000e+01,2.914061458762194685e-10
3.792187500000000000e+01,2.867315408525829013e-10
3.793750000000000000e+01,2.803964220263304498e-10
3.795312500000000000e+01,2.742849394291931522e-10
3.796875000000000000e+01,2.747852887528294404e-10
3.798437500000000000e+01,2.855881509313706518e-10
3.800000000000000000e+01,3.023854654299546674e-10
3.801562500000000000e+01,3.190371496076260884e-10
3.803125000000000000e+01,3.346602875646152642e-10
3.804687500000000000e+01,3.508734695283415620e-10
3.806250000000000000e+01,3.619169567626220638e-10
3.807812500000000000e+01,3.565922576745128602e-10
3.809375000000000000e+01,3.355535085023712683e-10
3.810937500000000000e+01,3.144777948474431147e-10
3.812500000000000000e+01,3.074052234645160587e-10
3.814062500000000000e+01,3.096859426995931622e-10
3.815625000000000000e+01,3.078296700968937027e-10
3.817187500000000000e+01,3.023150528953499202e-10
3.818750000000000000e+01,2.995242928942846956e-10
3.820312500000000000e+01,2.949130430841681070e-10
3.821875000000000000e+01,2.832743261971260556e-10
3.823437500000000000e+01,2.705837016640908864e-10
3.825000000000000000e+01,2.652083650449219697e-10
3.826562500000000000e+01,2.613022899361091726e-10
3.828125000000000000e+01,2.490188584271092646e-10
3.829687500000000000e+01,2.375348672641788996e-10
3.831250000000000000e+01,2.470775702768336933e-10
3.832812500000000000e+01,2.775764096800377711e-10
3.834375000000000000e+01,3.187469705500219158e-10
3.835937500000000000e+01,3.645559190300711258e-10
3.837500000000000000e+01,3.977534258103464040e-10
3.839062500000000000e+01,4.064893228571422507e-10
3.840625000000000000e+01,4.026391350947660923e-10
3.842187500000000000e+01,4.065116105155275593e-10
3.843750000000000000e+01,4.221141028999886943e-10
3.845312500000000000e+01,4.344137409064366802e-10
3.846875000000000000e+01,4.303879141634543244e-10
3.848437500000000000e+01,4.111590235978135778e-10
3.850000000000000000e+01,3.873797419545118685e-10
3.851562500000000000e+01,3.731194158881414244e-10
3.853125000000000000e+01,3.746662516310156587e-10
3.854687500000000000e+01,3.790654775970539602e-10
3.856250000000000000e+01,3.784183286049021259e-10
3.857812500000000000e+01,3.777322786966913528e-10
3.859375000000000000e+01,3.744835577932561137e-10
3.860937500000000000e+01,3.680059856210263756e-10
3.862500000000000000e+01,3.591780543770709755e-10
3.864062500000000000e+01,3.447646423051523933e-10
3.865625000000000000e+01,3.338441497881585142e-10
3.867187500000000000e+01,3.302582484620681327e-10
3.868750000000000000e+01,3.172843125717361983e-10
3.870312500000000000e+01,2.865504002410083579e-10
3.871875000000000000e+01,2.510894161439967719e-10
3.873437500000000000e+01,2.327382118502539598e-10
3.875000000000000000e+01,2.451840130523035962e-10
3.876562500000000000e+01,2.823094519873097044e-10
3.878125000000000000e+01,3.246977080453910408e-10
3.879687500000000000e+01,3.599697878848241009e-10
3.881250000000000000e+01,3.821009071178888415e-10
3.882812500000000000e+01,3.832640564048783289e-10
3.884375000000000000e+01,3.617374259252438978e-10
3.885937500000000000e+01,3.296703892355536339e-10
3.887500000000000000e+01,3.076907513295747863e-10
3.889062500000000000e+01,3.061426301231979234e-10
3.890625000000000000e+01,3.190929675625066435e-10
3.892187500000000000e+01,3.348795516661243505e-10
3.893750000000000000e+01,3.417810137493729196e-10
3.895312500000000000e+01,3.393751669001902455e-10
3.896875000000000000e+01,3.368353013129372037e-10
3.898437500000000000e+01,3.344291245830473414e-10
3.900000000000000000e+01,3.295095586078876891e-10
3.901562500000000000e+01,3.325345785643290649e-10
3.903125000000000000e+01,3.553822582568403714e-10
3.904687500000000000e+01,3.925329241525882452e-10
3.906250000000000000e+01,4.288428264602077809e-10
3.907812500000000000e+01,4.568675774152521495e-10
3.909375000000000000e+01,4.790889783692329154e-10
3.910937500000000000e+01,5.013085509271633308e-10
3.912500000000000000e+01,5.255094973017077083e-10
3.914062500000000000e+01,5.400024752008687758e-10
3.915625000000000000e+01,5.320053731503914564e-10
3.917187500000000000e+01,5.136244663269499732e-10
3.918750000000000000e+01,4.971144251533179441e-10
3.920312500000000000e+01,4.809205166676768153e-10
3.921875000000000000e+01,4.759846473113204302e-10
3.923437500000000000e+01,4.809391010524176730e-10
3.925000000000000000e+01,4.786283877383182136e-10
3.926562500000000000e+01,4.686362442207189033e-10
3.928125000000000000e+01,4.558122298689652420e-10
3.929687500000000000e+01,4.280651422074746837e-10
3.931250000000000000e+01,3.808866573241535659e-10
3.932812500000000000e+01,3.497645976399843409e-10
3.934375000000000000e+01,3.652242555927583901e-10
3.935937500000000000e+01,3.866966027901246881e-10
3.937500000000000000e+01,3.759357688889485502e-10
3.939062500000000000e+01,3.536527066886178429e-10
3.940625000000000000e+01,3.540191591365661443e-10
3.942187500000000000e+01,3.735157138257376155e-10
3.943750000000000000e+01,3.922332710812616872e-10
3.945312500000000000e+01,3.974807780921316644e-10
3.946875000000000000e+01,3.883329493624057216e-10
3.948437500000000000e+01,3.827211525466563088e-10
3.950000000000000000e+01,3.918680737001871715e-10
3.951562500000000000e+01,3.910438997492372798e-10
3.953125000000000000e+01,3.667702695176959339e-10
3.954687500000000000e+01,3.442001330927975191e-10
3.956250000000000000e+01,3.378268686327645659e-10
3.957812500000000000e+01,3.344350787461446744e-10
3.959375000000000000e+01,3.255038475269087427e-10
3.960937500000000000e+01,3.038213828827560607e-10
3.962500000000000000e+01,2.652387842889137434e-10
3.964062500000000000e+01,2.330801481467883108e-10
3.965625000000000000e+01,2.421032457032497785e-10
3.967187500000000000e+01,2.809082339560746585e-10
3.968750000000000000e+01,3.155895457723009868e-10
3.970312500000000000e+01,3.340479731763912368e-10
3.971875000000000000e+01,3.406077422218816633e-10
3.973437500000000000e+01,3.444469753015969811e-10
3.975000000000000000e+01,3.496971404961528786e-10
3.976562500000000000e+01,3.476198176199508552e-10
3.978125000000000000e+01,3.316475580205311258e-10
3.979687500000000000e+01,3.131570690740076576e-10
3.981250000000000000e+01,3.038104278709165756e-10
3.982812500000000000e+01,3.074415231204914260e-10
3.984375000000000000e+01,3.322953598755427046e-10
3.985937500000000000e+01,3.690574535780935368e-10
3.987500000000000000e+01,3.855345160825709345e-10
3.989062500000000000e+01,3.664449118320166994e-10
3.990625000000000000e+01,3.350814868877105745e-10
3.992187500000000000e+01,3.194575133165641466e-10
3.993750000000000000e+01,3.159614228290943147e-10
3.995312500000000000e+01,3.192481327998009765e-10
3.996875000000000000e+01,3.318448728847650326e-10
3.998437500000000000e+01,3.378489970781730506e-10
4.000000000000000000e+01,3.216573693617434822e-10
4.001562500000000000e+01,2.921213848910595248e-10
4.003125000000000000e+01,2.690900923684867062e-10
4.004687500000000000e+01,2.615921421551460802e-10
4.006250000000000000e+01,2.645214699880838592e-10
4.007812500000000000e+01,2.683935148596730838e-10
4.009375000000000000e+01,2.673860363975678239e-10
4.010937500000000000e+01,2.669372661529107692e-10
4.012500000000000000e+01,2.837106010969872109e-10
4.014062500000000000e+01,3.153689236897234066e-10
4.015625000000000000e+01,3.356366372540578051e-10
4.017187500000000000e+01,3.322623617473756852e-10
4.018750000000000000e+01,3.180285940807597002e-10
4.020312500000000000e+01,3.073617858487764907e-10
4.021875000000000000e+01,3.045562376207926894e-10
4.023437500000000000e+01,3.068118262381467514e-10
4.025000000000000000e+01,2.999678681446710807e-10
4.026562500000000000e+01,2.798017420096130698e-10
4.028125000000000000e+01,2.766594934739387565e-10
4.029687500000000000e+01,3.122697651355987724e-10
4.031250000000000000e+01,3.589116679002918667e-10
4.032812500000000000e+01,3.914643042069750272e-10
4.034375000000000000e+01,4.061590208710476025e-10
4.035937500000000000e+01,4.032095993721578931e-10
4.037500000000000000e+01,3.864331090780479369e-10
4.039062500000000000e+01,3.668279773068168797e-10
4.040625000000000000e+01,3.599053432185227723e-10
4.042187500000000000e+01,3.668598781219841255e-10
4.043750000000000000e+01,3.722712818539226965e-10
4.045312500000000000e+01,3.759921150148412470e-10
4.046875000000000000e+01,3.859757960722737923e-10
4.048437500000000000e+01,3.927213951564790226e-10
4.050000000000000000e+01,3.875345262824310947e-10
4.051562500000000000e+01,3.846208262604789786e-10
4.053125000000000000e+01,3.967653158106695514e-10
4.054687500000000000e+01,4.116471735398920080e-10
4.056250000000000000e+01,4.238207713986394326e-10
4.057812500000000000e+01,4.407934679215335913e-10
4.059375000000000000e+01,4.603358152796794890e-10
4.060937500000000000e+01,4.727720076647952757e-10
4.062500000000000000e+01,4.705136269738604390e-10
4.064062500000000000e+01,4.601958715765573196e-10
4.065625000000000000e+01,4.609145262458148684e-10
4.067187500000000000e+01,4.692466394166041260e-10
4.068750000000000000e+01,4.567223190403829075e-10
4.070312500000000000e+01,4.207405223575864211e-10
4.071875000000000000e+01,3.897918748171852608e-10
4.073437500000000000e+01,3.693736812520300794e-10
4.075000000000000000e+01,3.406521822621533761e-10
4.076562500000000000e+01,3.085974396884448212e-10
4.078125000000000000e+01,3.012827405489059108e-10
4.079687500000000000e+01,3.276712434899231969e-10
4.081250000000000000e+01,3.714207153806336998e-10
4.082812500000000000e+01,4.203471198802170025e-10
4.084375000000000000e+01,4.573197010215141721e-10
4.085937500000000000e+01,4.574497050455348310e-10
4.087500000000000000e+01,4.219691826074698071e-10
4.089062500000000000e+01,3.858047822037434603e-10
4.090625000000000000e+01,3.734147518400095269e-10
4.092187500000000000e+01,3.851927341134992917e-10
4.093750000000000000e+01,4.127016951356759572e-10
4.095312500000000000e+01,4.320644463903069295e-10
4.096875000000000000e+01,4.304606867948264519e-10
4.098437500000000000e+01,4.232519935368212109e-10
4.100000000000000000e+01,4.223848530648957017e-10
4.101562500000000000e+01,4.134518625350156186e-10
4.103125000000000000e+01,3.859771434303977438e-10
4.104687500000000000e+01,3.560546239162157623e-10
4.106250000000000000e+01,3.372939287018398715e-10
4.107812500000000000e+01,3.232718801501069778e-10
4.109375000000000000e+01,3.142151057090754415e-10
4.110937500000000000e+01,3.140438778021322047e-10
4.112500000000000000e+01,3.183300131990856250e-10
4.114062500000000000e+01,3.285122240537919456e-10
4.115625000000000000e+01,3.468434438686713894e-10
4.117187500000000000e+01,3.731336971201925386e-10
4.118750000000000000e+01,4.126051234077345845e-10
4.120312500000000000e+01,4.594049435629934471e-10
4.121875000000000000e+01,4.996242237433117273e-10
4.123437500000000000e+01,5.259125860308955866e-10
4.125000000000000000e+01,5.300709286491033389e-10
4.126562500000000000e+01,5.056846951835056582e-10
4.128125000000000000e+01,4.591416387120912574e-10
4.129687500000000000e+01,4.061188315049771100e-10
4.131250000000000000e+01,3.583827426138313977e-10
4.132812500000000000e+01,3.216867217312616439e-10
4.134375000000000000e+01,3.029254357498715783e-10
4.135937500000000000e+01,3.000009268109532703e-10
4.137500000000000000e+01,3.038947302028995981e-10
4.139062500000000000e+01,3.190702333708680191e-10
4.140625000000000000e+01,3.484803020060904805e-10
4.142187500000000000e+01,3.791708829424743642e-10
4.143750000000000000e+01,3.983790811820390376e-10
4.145312500000000000e+01,4.048617182258563491e-10
4.146875000000000000e+01,4.096738350628047893e-10
4.148437500000000000e+01,4.159638391457129090e-10
4.150000000000000000e+01,4.073317594108816691e-10
4.151562500000000000e+01,3.755425710974917597e-10
4.153125000000000000e+01,3.389886468966013747e-10
4.154687500000000000e+01,3.169556661667300163e-10
4.156250000000000000e+01,3.100955321019526728e-10
4.157812500000000000e+01,3.162011305898988622e-10
4.159375000000000000e+01,3.259873800777686680e-10
4.160937500000000000e+01,3.288167352482047361e-10
4.162500000000000000e+01,3.255508437345795831e-10
4.164062500000000000e+01,3.165113007988231827e-10
4.165625000000000000e+01,3.052016283919361392e-10
4.167187500000000000e+01,3.030676203762482871e-10
4.168750000000000000e+01,3.064792113625955533e-10
4.170312500000000000e+01,3.043096421344981141e-10
4.171875000000000000e+01,3.023598492245671675e-10
4.173437500000000000e+01,3.108950194031475978e-10
4.175000000000000000e+01,3.283625717451996809e-10
4.176562500000000000e+01,3.501891597873353164e-10
4.178125000000000000e+01,3.738952053460553654e-10
4.179687500000000000e+01,3.953531107650173003e-10
4.181250000000000000e+01,4.090531133945129163e-10
4.182812500000000000e+01,4.175104993690529359e-10
4.184375000000000000e+01,4.339160760454051547e-10
4.185937500000000000e+01,4.548424920404997132e-10
4.187500000000000000e+01,4.570036303374012466e-10
4.189062500000000000e+01,4.297726390807702942e-10
4.190625000000000000e+01,3.828950514260159130e-10
4.192187500000000000e+01,3.327397378709384438e-10
4.193750000000000000e+01,2.923501541753078532e-10
4.195312500000000000e+01,2.732330680633672403e-10
4.196875000000000000e+01,2.776430922415248854e-10
4.198437500000000000e+01,2.833197641330730978e-10
4.200000000000000000e+01,2.732075978296779305e-10
4.201562500000000000e+01,2.603292237663327848e-10
4.203125000000000000e+01,2.662684789715863034e-10
4.204687500000000000e+01,2.868101207892801090e-10
4.206250000000000000e+01,3.011953263280895651e-10
4.207812500000000000e+01,3.013719121931567356e-10
4.209375000000000000e+01,2.925968087764232806e-10
4.210937500000000000e+01,2.829526413706002391e-10
4.212500000000000000e+01,2.802751350910248965e-10
4.214062500000000000e+01,2.877809240570063966e-10
4.215625000000000000e+01,3.020620859231865259e-10
4.217187500000000000e+01,3.173476797975736011e-10
4.218750000000000000e+01,3.245020761178607265e-10
4.220312500000000000e+01,3.122706367399200664e-10
4.221875000000000000e+01,2.829434063805802899e-10
4.223437500000000000e+01,2.603625576081885415e-10
4.225000000000000000e+01,2.595485219478252835e-10
4.226562500000000000e+01,2.659975463186723950e-10
4.228125000000000000e+01,2.732130578608027448e-10
4.229687500000000000e+01,2.978024582169138522e-10
4.231250000000000000e+01,3.481148715321774791e-10
4.232812500000000000e+01,4.025759500379208760e-10
4.234375000000000000e+01,4.402015023570725094e-10
4.235937500000000000e+01,4.565282463348911098e-10
4.237500000000000000e+01,4.529585111580709375e-10
4.239062500000000000e+01,4.423921991912463739e-10
4.240625000000000000e+01,4.426169768182879344e-10
4.242187500000000000e+01,4.573325986839632071e-10
4.243750000000000000e+01,4.821705976467759876e-10
4.245312500000000000e+01,4.985611225259848129e-10
4.246875000000000000e+01,4.839047629933390188e-10
4.248437500000000000e+01,4.486608871568012162e-10
4.250000000000000000e+01,4.320520530416101699e-10
4.251562500000000000e+01,4.495295098467422370e-10
4.253125000000000000e+01,4.831009557573472655e-10
4.254687500000000000e+01,5.079633270097696082e-10
4.256250000000000000e+01,5.062026343291131187e-10
4.257812500000000000e+01,4.922696080351857074e-10
4.259375000000000000e+01,5.040847412220733301e-10
4.260937500000000000e+01,5.449528933810727496e-10
4.262500000000000000e+01,5.825810312057675365e-10
4.264062500000000000e+01,6.012530577118462174e-10
4.265625000000000000e+01,6.064270934339858292e-10
4.267187500000000000e+01,6.017871908710693071e-10
4.268750000000000000e+01,5.931028719529406637e-10
4.270312500000000000e+01,5.942156977695778049e-10
4.271875000000000000e+01,6.082890033155831557e-10
4.273437500000000000e+01,6.369394274204292144e-10
4.275000000000000000e+01,6.930948315222928874e-10
4.276562500000000000e+01,7.543204642297964567e-10
4.278125000000000000e+01,7.891390182200206500e-10
4.279687500000000000e+01,8.308820613422396179e-10
4.281250000000000000e+01,9.155520825005688204e-10
4.282812500000000000e+01,1.004159112435817299e-09
4.284375000000000000e+01,1.033118533662586090e-09
4.285937500000000000e+01,9.854824250585016668e-10
4.287500000000000000e+01,9.264799874872740185e-10
4.289062500000000000e+01,9.417552524719806620e-10
4.290625000000000000e+01,1.014326737529690765e-09
4.292187500000000000e+01,1.077217928217745909e-09
4.293750000000000000e+01,1.108343218436820748e-09
4.295312500000000000e+01,1.108756084301397002e-09
4.296875000000000000e+01,1.079274652848599688e-09
4.298437500000000000e+01,1.034772675352781323e-09
4.300000000000000000e+01,9.978315243388319790e-10
4.301562500000000000e+01,9.714163266739472166e-10
4.303125000000000000e+01,9.477185771623353948e-10
4.304687500000000000e+01,9.440099495840020965e-10
4.306250000000000000e+01,9.672996779748244398e-10
4.307812500000000000e+01,9.800072843046089180e-10
4.309375000000000000e+01,9.609023718241281256e-10
4.310937500000000000e+01,9.147549093339780801e-10
4.312500000000000000e+01,8.525408490093641524e-10
4.314062500000000000e+01,7.945620662851983666e-10
4.315625000000000000e+01,7.358132525582198959e-10
4.317187500000000000e+01,6.660866379040469020e-10
4.318750000000000000e+01,6.428790371840341288e-10
4.320312500000000000e+01,6.939426225396883666e-10
4.321875000000000000e+01,7.425384545987967707e-10
4.323437500000000000e+01,7.391859214119046929e-10
4.325000000000000000e+01,6.903678186772546276e-10
4.326562500000000000e+01,6.153300313755190678e-10
4.328125000000000000e+01,5.414459504422574685e-10
4.329687500000000000e+01,4.955361352176690373e-10
4.331250000000000000e+01,4.656388665394165866e-10
4.332812500000000000e+01,4.260224934201409602e-10
4.334375000000000000e+01,3.856986598944973509e-10
4.335937500000000000e+01,3.711692535960162254e-10
4.337500000000000000e+01,3.976311266928217092e-10
4.339062500000000000e+01,4.468600295852375011e-10
4.340625000000000000e+01,4.830538035884294108e-10
4.342187500000000000e+01,4.954389463405215099e-10
4.343750000000000000e+01,4.931488374600401863e-10
4.345312500000000000e+01,4.941546106818170160e-10
4.346875000000000000e+01,5.113757850885165835e-10
4.348437500000000000e+01,5.236081684324878072e-10
4.350000000000000000e+01,4.997516536650786458e-10
4.351562500000000000e+01,4.407141106632257929e-10
4.353125000000000000e+01,3.764516199841544322e-10
4.354687500000000000e+01,3.401324057657147904e-10
4.356250000000000000e+01,3.442499786553773712e-10
4.357812500000000000e+01,3.636868267920150221e-10
4.359375000000000000e+01,3.705287707165998123e-10
4.360937500000000000e+01,3.632123055434715287e-10
4.362500000000000000e+01,3.415882892626019733e-10
4.364062500000000000e+01,3.064788352988790612e-10
4.365625000000000000e+01,2.769080704968700368e-10
4.367187500000000000e+01,2.686840987089403884e-10
4.368750000000000000e+01,2.770052425569126226e-10
4.370312500000000000e+01,2.917112255777769171e-10
4.371875000000000000e+01,3.022815944779060204e-10
4.373437500000000000e+01,3.063855157925378656e-10
4.375000000000000000e+01,3.132712419380994647e-10
4.376562500000000000e+01,3.255559872422483226e-10
4.378125000000000000e+01,3.376653692812658013e-10
4.379687500000000000e+01,3.527528961581626342e-10
4.381250000000000000e+01,3.754611226312694274e-10
4.382812500000000000e+01,4.003660207551697703e-10
4.384375000000000000e+01,4.247167626673564837e-10
4.385937500000000000e+01,4.473845699327012045e-10
4.387500000000000000e+01,4.567655196146400904e-10
4.389062500000000000e+01,4.478039194695963157e-10
4.390625000000000000e+01,4.406805050037928795e-10
4.392187500000000000e+01,4.614655821086581927e-10
4.393750000000000000e+01,5.039294320109712779e-10
4.395312500000000000e+01,5.400121190060335265e-10
4.396875000000000000e+01,5.528190281223032982e-10
4.398437500000000000e+01,5.382757047432009745e-10
4.400000000000000000e+01,4.987150504483115065e-10
4.401562500000000000e+01,4.428270904938712069e-10
4.403125000000000000e+01,3.904354115495856928e-10
4.404687500000000000e+01,3.690321609143197189e-10
4.406250000000000000e+01,3.899411347656234292e-10
4.407812500000000000e+01,4.353783734982714846e-10
4.409375000000000000e+01,4.880987289803010908e-10
4.410937500000000000e+01,5.414579064185811295e-10
4.412500000000000000e+01,5.784400488708593130e-10
4.414062500000000000e+01,5.828545812593989646e-10
4.415625000000000000e+01,5.646982472759447140e-10
4.417187500000000000e+01,5.498928650837847042e-10
4.418750000000000000e+01,5.410893505805489989e-10
4.420312500000000000e+01,5.172322544216433774e-10
4.421875000000000000e+01,4.836803609454218207e-10
4.423437500000000000e+01,4.854425643576983712e-10
4.425000000000000000e+01,5.161503823207834818e-10
4.426562500000000000e+01,5.200716668586315308e-10
4.428125000000000000e+01,4.908191569135955203e-10
4.429687500000000000e+01,4.524861793285270885e-10
4.431250000000000000e+01,4.117676188872562831e-10
4.432812500000000000e+01,3.679077155724284535e-10
4.434375000000000000e+01,3.284794467547794479e-10
4.435937500000000000e+01,3.065702386816940211e-10
4.437500000000000000e+01,3.027347163112150793e-10
4.439062500000000000e+01,3.032736663203570862e-10
4.440625000000000000e+01,2.975723234500268527e-10
4.442187500000000000e+01,2.845097404604818441e-10
4.443750000000000000e+01,2.712726914661474171e-10
4.445312500000000000e+01,2.619648357178615330e-10
4.446875000000000000e+01,2.519071355854721493e-10
4.448437500000000000e+01,2.421966306744654754e-10
4.450000000000000000e+01,2.378774113802855802e-10
4.451562500000000000e+01,2.407169817967145221e-10
4.453125000000000000e+01,2.511340912073490080e-10
4.454687500000000000e+01,2.609397283243373927e-10
4.456250000000000000e+01,2.619155504152372118e-10
4.457812500000000000e+01,2.595856635479992614e-10
4.459375000000000000e+01,2.592556654398430189e-10
4.460937500000000000e+01,2.555875206816038649e-10
4.462500000000000000e+01,2.531569820673141592e-10
4.464062500000000000e+01,2.687299926957946118e-10
4.465625000000000000e+01,3.071950801903733300e-10
4.467187500000000000e+01,3.575449360548462040e-10
4.468750000000000000e+01,3.975317764430727944e-10
4.470312500000000000e+01,4.126705886505467766e-10
4.471875000000000000e+01,4.142270332234232028e-10
4.473437500000000000e+01,4.179091678569627836e-10
4.475000000000000000e+01,4.275596305982928880e-10
4.476562500000000000e+01,4.457864562884321302e-10
4.478125000000000000e+01,4.675537751873446910e-10
4.479687500000000000e+01,4.740790779834575545e-10
4.481250000000000000e+01,4.482852820040909388e-10
4.482812500000000000e+01,4.012177497546669595e-10
4.484375000000000000e+01,3.725565808903208280e-10
4.485937500000000000e+01,3.777826510459979873e-10
4.487500000000000000e+01,3.898015982184407631e-10
4.489062500000000000e+01,3.912964235572331586e-10
4.490625000000000000e+01,3.910553322986730101e-10
4.492187500000000000e+01,4.033879061233472169e-10
4.493750000000000000e+01,4.298250140232438603e-10
4.495312500000000000e+01,4.596769950326697179e-10
4.496875000000000000e+01,4.824321306699843820e-10
4.498437500000000000e+01,4.821366486741259676e-10
4.500000000000000000e+01,4.493913788340814629e-10
4.501562500000000000e+01,4.064562504442303732e-10
4.503125000000000000e+01,3.910387418333827527e-10
4.504687500000000000e+01,4.103248900705654372e-10
4.506250000000000000e+01,4.318632373290585705e-10
4.507812500000000000e+01,4.222444243584266670e-10
4.509375000000000000e+01,3.819852196110816972e-10
4.510937500000000000e+01,3.415327931331832249e-10
4.512500000000000000e+01,3.222017065882119323e-10
4.514062500000000000e+01,3.218696197896064653e-10
4.515625000000000000e+01,3.404936275289048010e-10
4.517187500000000000e+01,3.717047916374423369e-10
4.518750000000000000e+01,3.979703730379869243e-10
4.520312500000000000e+01,4.156641974449308373e-10
4.521875000000000000e+01,4.296676558797092936e-10
4.523437500000000000e+01,4.382559698476264882e-10
4.525000000000000000e+01,4.395869094514174018e-10
4.526562500000000000e+01,4.424850026194035302e-10
4.528125000000000000e+01,4.598495849309370169e-10
4.529687500000000000e+01,4.888639447832362881e-10
4.531250000000000000e+01,5.123599974834434797e-10
4.532812500000000000e+01,5.179626365702808910e-10
4.534375000000000000e+01,5.016802738161776263e-10
4.535937500000000000e+01,4.607517206234155217e-10
4.537500000000000000e+01,4.071132639406031335e-10
4.539062500000000000e+01,3.689148990771637888e-10
4.540625000000000000e+01,3.629926621444007162e-10
4.542187500000000000e+01,3.779406086604712825e-10
4.543750000000000000e+01,3.843994285923976399e-10
4.545312500000000000e+01,3.717316623777839922e-10
4.546875000000000000e+01,3.548241288102671737e-10
4.548437500000000000e+01,3.384238831967140496e-10
4.550000000000000000e+01,3.164004290416651097e-10
4.551562500000000000e+01,3.013095893508113365e-10
4.553125000000000000e+01,3.035300709506667737e-10
4.554687500000000000e+01,3.144455357393827817e-10
4.556250000000000000e+01,3.336241384248252590e-10
4.557812500000000000e+01,3.620812496230753947e-10
4.559375000000000000e+01,3.984454201497779267e-10
4.560937500000000000e+01,4.363728868483249386e-10
4.562500000000000000e+01,4.551058021031215948e-10
4.564062500000000000e+01,4.432818933221803543e-10
4.565625000000000000e+01,4.179267789345111867e-10
4.567187500000000000e+01,4.013415349573793585e-10
4.568750000000000000e+01,3.901317485854926826e-10
4.570312500000000000e+01,3.734310125391044816e-10
4.571875000000000000e+01,3.627720082744927524e-10
4.573437500000000000e+01,3.756448961978808250e-10
4.575000000000000000e+01,4.011818156441771629e-10
4.576562500000000000e+01,4.198105343135870463e-10
4.578125000000000000e+01,4.256433090007031104e-10
4.579687500000000000e+01,4.136610831743130964e-10
4.581250000000000000e+01,3.879216620351588785e-10
4.582812500000000000e+01,3.697565321590980702e-10
4.584375000000000000e+01,3.622058699549499758e-10
4.585937500000000000e+01,3.509836931211959622e-10
4.587500000000000000e+01,3.501686007867020742e-10
4.589062500000000000e+01,3.775664267935266268e-10
4.590625000000000000e+01,4.130885585436213665e-10
4.592187500000000000e+01,4.334423723665329356e-10
4.593750000000000000e+01,4.342283233879492104e-10
4.595312500000000000e+01,4.210534375668469660e-10
4.596875000000000000e+01,4.020848801310008476e-10
4.598437500000000000e+01,3.812521966332386082e-10
4.600000000000000000e+01,3.627681217827093398e-10
4.601562500000000000e+01,3.541159162932706908e-10
4.603125000000000000e+01,3.512584096725716022e-10
4.604687500000000000e+01,3.390049493210866462e-10
4.606250000000000000e+01,3.093715736606027065e-10
4.607812500000000000e+01,2.695753020225679721e-10
4.609375000000000000e+01,2.379501809755658706e-10
4.610937500000000000e+01,2.269667928099936885e-10
4.612500000000000000e+01,2.339409830349863027e-10
4.614062500000000000e+01,2.560027500336245743e-10
4.615625000000000000e+01,2.904673937207051684e-10
4.617187500000000000e+01,3.258078132037171444e-10
4.618750000000000000e+01,3.527621009580069578e-10
4.620312500000000000e+01,3.745835276952007802e-10
4.621875000000000000e+01,4.016643262965462289e-10
4.623437500000000000e+01,4.392029963052965865e-10
4.625000000000000000e+01,4.792406479312052529e-10
4.626562500000000000e+01,5.147832799331584153e-10
4.628125000000000000e+01,5.420547963805075354e-10
4.629687500000000000e+01,5.398402320383803001e-10
4.631250000000000000e+01,4.911959946154721311e-10
4.632812500000000000e+01,4.189961997856897343e-10
4.634375000000000000e+01,3.748865169558405589e-10
4.635937500000000000e+01,3.795386879234575471e-10
4.637500000000000000e+01,3.995503277401446886e-10
4.639062500000000000e+01,4.107600288245527391e-10
4.640625000000000000e+01,4.164301997774422377e-10
4.642187500000000000e+01,4.184264879077560346e-10
4.643750000000000000e+01,4.101408999740230336e-10
4.645312500000000000e+01,3.950661142926195666e-10
4.646875000000000000e+01,3.870849673318008075e-10
4.648437500000000000e+01,3.885527851551398083e-10
4.650000000000000000e+01,3.870279869564450776e-10
4.651562500000000000e+01,3.785662008921587983e-10
4.653125000000000000e+01,3.761981215090370727e-10
4.654687500000000000e+01,3.861254278404980318e-10
4.656250000000000000e+01,3.970088201206315468e-10
4.657812500000000000e+01,3.984459631289495286e-10
4.659375000000000000e+01,3.914253142837127996e-10
4.660937500000000000e+01,3.788435573961534541e-10
4.662500000000000000e+01,3.636710175100290274e-10
4.664062500000000000e+01,3.560955378906302178e-10
4.665625000000000000e+01,3.633365923776928968e-10
4.667187500000000000e+01,3.788174831504332033e-10
4.668750000000000000e+01,3.917368050984887959e-10
4.670312500000000000e+01,3.980750037171434908e-10
4.671875000000000000e+01,3.961901070622058379e-10
4.673437500000000000e+01,3.853241665337903070e-10
4.675000000000000000e+01,3.759683917874984872e-10
4.676562500000000000e+01,3.835671406449934398e-10
4.678125000000000000e+01,4.092639079050596710e-10
4.679687500000000000e+01,4.363329910331538724e-10
4.681250000000000000e+01,4.428286603288652329e-10
4.682812500000000000e+01,4.241360893305247834e-10
4.684375000000000000e+01,3.993860799822932318e-10
4.685937500000000000e+01,3.872171715218728854e-10
4.687500000000000000e+01,3.766184451111004776e-10
4.689062500000000000e+01,3.474238446539521869e-10
4.690625000000000000e+01,3.089844822343057760e-10
4.692187500000000000e+01,2.907408608943319889e-10
4.693750000000000000e+01,2.979110275114169379e-10
4.695312500000000000e+01,3.081325086303972659e-10
4.696875000000000000e+01,3.083362506206602758e-10
4.698437500000000000e+01,2.978648278831108633e-10
4.700000000000000000e+01,2.833095572868067293e-10
4.701562500000000000e+01,2.886532620453969796e-10
4.703125000000000000e+01,3.203138402952861566e-10
4.704687500000000000e+01,3.479618363455259625e-10
4.706250000000000000e+01,3.589418479444043483e-10
4.707812500000000000e+01,3.681770357806845735e-10
4.709375000000000000e+01,3.813313247951636870e-10
4.710937500000000000e+01,3.939689132442082966e-10
4.712500000000000000e+01,4.119804527574713989e-10
4.714062500000000000e+01,4.305233492890003279e-10
4.715625000000000000e+01,4.256629786500153342e-10
4.717187500000000000e+01,3.997055995933053831e-10
4.718750000000000000e+01,4.026689465462257864e-10
4.720312500000000000e+01,4.535624792711640979e-10
4.721875000000000000e+01,5.034023890538787104e-10
4.723437500000000000e+01,5.257423142797511551e-10
4.725000000000000000e+01,5.327533020382008051e-10
4.726562500000000000e+01,5.358384246424628609e-10
4.728125000000000000e+01,5.350612158474238372e-10
4.729687500000000000e+01,5.256909699394249954e-10
4.731250000000000000e+01,5.048583209374475249e-10
4.732812500000000000e+01,4.788546365209902676e-10
4.734375000000000000e+01,4.572684249407370878e-10
4.735937500000000000e+01,4.385912742310074855e-10
4.737500000000000000e+01,4.155123396914344656e-10
4.739062500000000000e+01,3.924767202205404051e-10
4.740625000000000000e+01,3.835979907476665725e-10
4.742187500000000000e+01,3.905739857912725421e-10
4.743750000000000000e+01,3.985920487551780653e-10
4.745312500000000000e+01,4.075350637881094817e-10
4.746875000000000000e+01,4.447847501737713144e-10
4.748437500000000000e+01,5.161499599707998511e-10
4.750000000000000000e+01,6.019769008961994956e-10
4.751562500000000000e+01,6.938047163277514795e-10
4.753125000000000000e+01,7.650949591991013567e-10
4.754687500000000000e+01,7.809588397866013215e-10
4.756250000000000000e+01,7.420877492594497803e-10
4.757812500000000000e+01,6.835049510103020565e-10
4.759375000000000000e+01,6.436980058036138907e-10
4.760937500000000000e+01,6.210529800323364336e-10
4.762500000000000000e+01,5.888611970225437823e-10
4.764062500000000000e+01,5.525516020264924252e-10
4.765625000000000000e+01,5.359972771251781297e-10
4.767187500000000000e+01,5.319661897449210321e-10
4.768750000000000000e+01,5.167344797495901303e-10
4.770312500000000000e+01,4.906024614748717589e-10
4.771875000000000000e+01,4.668946116930272544e-10
4.773437500000000000e+01,4.459389080429522611e-10
4.775000000000000000e+01,4.238817845106243145e-10
4.776562500000000000e+01,4.072018371187522660e-10
4.778125000000000000e+01,4.207010389515660329e-10
4.779687500000000000e+01,4.661399927316669469e-10
4.781250000000000000e+01,4.961509450420595071e-10
4.782812500000000000e+01,4.913546542386043576e-10
4.784375000000000000e+01,4.721454486527923038e-10
4.785937500000000000e+01,4.524293221707793132e-10
4.787500000000000000e+01,4.347585443091899212e-10
4.789062500000000000e+01,4.241511907385598993e-10
4.790625000000000000e+01,4.190106210305090567e-10
4.792187500000000000e+01,4.063958483174465812e-10
4.793750000000000000e+01,3.793968338721598803e-10
4.795312500000000000e+01,3.422114434810598482e-10
4.796875000000000000e+01,3.041741810612273900e-10
4.798437500000000000e+01,2.774451276215622728e-10
4.800000000000000000e+01,2.647315830609471999e-10
4.801562500000000000e+01,2.629366744267713822e-10
4.803125000000000000e+01,2.760937136564018252e-10
4.804687500000000000e+01,2.968231073595595724e-10
4.806250000000000000e+01,3.075464294457521358e-10
4.807812500000000000e+01,3.053307467972739216e-10
4.809375000000000000e+01,2.999240856424010614e-10
4.810937500000000000e+01,2.986410264420697986e-10
4.812500000000000000e+01,3.071158338782751843e-10
4.814062500000000000e+01,3.254885887540271028e-10
4.815625000000000000e+01,3.400459545311522734e-10
4.817187500000000000e+01,3.432496803733038704e-10
4.818750000000000000e+01,3.449077790384365419e-10
4.820312500000000000e+01,3.474404082105296352e-10
4.821875000000000000e+01,3.472478708146574999e-10
4.823437500000000000e+01,3.600023252163443996e-10
4.825000000000000000e+01,3.934699401611590077e-10
4.826562500000000000e+01,4.195136046850610251e-10
4.828125000000000000e+01,4.128218209358169497e-10
4.829687500000000000e+01,3.843297570120051705e-10
4.831250000000000000e+01,3.668417607786195576e-10
4.832812500000000000e+01,3.703717653497861828e-10
4.834375000000000000e+01,3.705582158368193554e-10
4.835937500000000000e+01,3.513134259372463046e-10
4.837500000000000000e+01,3.213550492026365485e-10
4.839062500000000000e+01,2.955879217431391066e-10
4.840625000000000000e+01,2.847780967072482228e-10
4.842187500000000000e+01,2.937016963589714939e-10
4.843750000000000000e+01,3.172969385996605094e-10
4.845312500000000000e+01,3.454143012755953520e-10
4.846875000000000000e+01,3.687137237841512162e-10
4.848437500000000000e+01,3.841407539898028664e-10
4.850000000000000000e+01,3.920341841183327626e-10
4.851562500000000000e+01,3.978543939834724836e-10
4.853125000000000000e+01,4.066388298305411050e-10
4.854687500000000000e+01,4.095459808786206255e-10
4.856250000000000000e+01,4.011418171485049042e-10
4.857812500000000000e+01,3.867253723151339537e-10
4.859375000000000000e+01,3.755639227707448927e-10
4.860937500000000000e+01,3.746858513634337347e-10
4.862500000000000000e+01,3.725446292494457135e-10
4.864062500000000000e+01,3.543849638088231716e-10
4.865625000000000000e+01,3.346864431855508333e-10
4.867187500000000000e+01,3.395617572028969235e-10
4.868750000000000000e+01,3.599234051794710549e-10
4.870312500000000000e+01,3.726054390186713570e-10
4.871875000000000000e+01,3.804450547981747133e-10
4.873437500000000000e+01,3.950368673044194172e-10
4.875000000000000000e+01,4.160268423452629480e-10
4.876562500000000000e+01,4.391481992029330769e-10
4.878125000000000000e+01,4.563446563018052707e-10
4.879687500000000000e+01,4.588324525475705084e-10
4.881250000000000000e+01,4.505432339040341453e-10
4.882812500000000000e+01,4.476260503285095755e-10
4.884375000000000000e+01,4.540989864516020314e-10
4.885937500000000000e+01,4.512700047779170555e-10
4.887500000000000000e+01,4.333936335786227250e-10
4.889062500000000000e+01,4.205372159150562782e-10
4.890625000000000000e+01,4.246589382524823074e-10
4.892187500000000000e+01,4.374310643375702388e-10
4.893750000000000000e+01,4.525566692582614474e-10
4.895312500000000000e+01,4.711080701860688241e-10
4.896875000000000000e+01,4.805383560025612968e-10
4.898437500000000000e+01,4.655190214894289478e-10
4.900000000000000000e+01,4.357771878217996262e-10
4.901562500000000000e+01,4.132773229846440438e-10
4.903125000000000000e+01,4.106048694053798623e-10
4.904687500000000000e+01,4.214760571596375024e-10
4.906250000000000000e+01,4.285842093928359583e-10
4.907812500000000000e+01,4.214524802657099156e-10
4.909375000000000000e+01,3.990088637866800629e-10
4.910937500000000000e+01,3.736302151983092700e-10
4.912500000000000000e+01,3.594789314378568054e-10
4.914062500000000000e+01,3.507794889520006849e-10
4.915625000000000000e+01,3.418399209439758119e-10
4.917187500000000000e+01,3.369480604909701074e-10
4.918750000000000000e+01,3.370723719042535903e-10
4.920312500000000000e+01,3.503134265969294641e-10
4.921875000000000000e+01,3.885822567051406863e-10
4.923437500000000000e+01,4.341018943039328338e-10
4.925000000000000000e+01,4.540260700595817689e-10
4.926562500000000000e+01,4.422481787696936985e-10
4.928125000000000000e+01,4.139094398201450937e-10
4.929687500000000000e+01,3.820757227975924004e-10
4.931250000000000000e+01,3.617001381947089241e-10
4.932812500000000000e+01,3.606388801707831030e-10
4.934375000000000000e+01,3.602376969846142823e-10
4.935937500000000000e+01,3.444173422630561157e-10
4.937500000000000000e+01,3.176454425314379805e-10
4.939062500000000000e+01,2.888050441436395169e-10
4.940625000000000000e+01,2.623274953591036821e-10
4.942187500000000000e+01,2.461543562916570906e-10
4.943750000000000000e+01,2.491930025523622703e-10
4.945312500000000000e+01,2.624999100444427967e-10
4.946875000000000000e+01,2.714144176357731450e-10
4.948437500000000000e+01,2.797507139651038109e-10
4.950000000000000000e+01,2.957578729880743060e-10
4.951562500000000000e+01,3.146181723302815343e-10
4.953125000000000000e+01,3.298207201022560223e-10
4.954687500000000000e+01,3.391024675777644676e-10
4.956250000000000000e+01,3.466490822514110650e-10
4.957812500000000000e+01,3.698963421362058911e-10
4.959375000000000000e+01,4.064734566988499232e-10
4.960937500000000000e+01,4.218622231616555208e-10
4.962500000000000000e+01,4.094981799868303450e-10
4.964062500000000000e+01,4.076388523968302153e-10
4.965625000000000000e+01,4.320564443290392590e-10
4.967187500000000000e+01,4.481596064717146581e-10
4.968750000000000000e+01,4.365261996020195427e-10
4.970312500000000000e+01,4.133451625876318585e-10
4.971875000000000000e+01,3.950340079206787739e-10
4.973437500000000000e+01,3.791842463530147954e-10
4.975000000000000000e+01,3.511729199155015549e-10
4.976562500000000000e+01,3.023855526520337451e-10
4.978125000000000000e+01,2.533038561570336186e-10
4.979687500000000000e+01,2.446255555202037146e-10
4.981250000000000000e+01,2.733360903213057603e-10
4.982812500000000000e+01,3.039017341717583525e-10
4.984375000000000000e+01,3.253617001281620463e-10
4.985937500000000000e+01,3.424338802346299788e-10
4.987500000000000000e+01,3.563605477638139604e-10
4.989062500000000000e+01,3.675681621432047799e-10
4.990625000000000000e+01,3.895516561740124743e-10
4.992187500000000000e+01,4.301854020656026715e-10
4.993750000000000000e+01,4.649457458088650247e-10
4.995312500000000000e+01,4.662759336841214471e-10
4.996875000000000000e+01,4.440074252610940350e-10
4.998437500000000000e+01,4.387986114889226583e-10
5.000000000000000000e+01,4.627260021521126924e-10
5.001562500000000000e+01,4.871082014147186587e-10
5.003125000000000000e+01,5.093230748376810073e-10
5.004687500000000000e+01,5.385712503499662802e-10
5.006250000000000000e+01,5.530916437753244514e-10
5.007812500000000000e+01,5.452858497283496542e-10
5.009375000000000000e+01,5.386861902075544153e-10
5.010937500000000000e+01,5.469180220289927504e-10
5.012500000000000000e+01,5.576822995434444754e-10
5.014062500000000000e+01,5.470959155187774916e-10
5.015625000000000000e+01,5.165473610861166468e-10
5.017187500000000000e+01,5.047188009908083325e-10
5.018750000000000000e+01,5.264573017220332095e-10
5.020312500000000000e+01,5.553807670320587119e-10
5.021875000000000000e+01,5.826214307316688187e-10
5.023437500000000000e+01,6.203083318124727734e-10
5.025000000000000000e+01,6.579324683476723603e-10
5.026562500000000000e+01,6.596948280568569255e-10
5.028125000000000000e+01,6.173332942361171847e-10
5.029687500000000000e+01,5.710220820728010020e-10
5.031250000000000000e+01,5.652328133479259801e-10
5.032812500000000000e+01,5.924104786698728877e-10
5.034375000000000000e+01,6.106512121148966870e-10
5.035937500000000000e+01,6.042073511897518746e-10
5.037500000000000000e+01,5.897690085963270845e-10
5.039062500000000000e+01,5.744122170233168939e-10
5.040625000000000000e+01,5.521977451510231213e-10
5.042187500000000000e+01,5.235891608746554334e-10
5.043750000000000000e+01,4.898330256310400479e-10
5.045312500000000000e+01,4.598901728497369201e-10
5.046875000000000000e+01,4.561797802180946705e-10
5.048437500000000000e+01,4.912367331201748634e-10
5.050000000000000000e+01,5.432628386339429399e-10
5.051562500000000000e+01,5.797023265051758833e-10
5.053125000000000000e+01,5.914615108613829263e-10
5.054687500000000000e+01,5.878782049539977019e-10
5.056250000000000000e+01,5.757349305184427654e-10
5.057812500000000000e+01,5.588220533405545023e-10
5.059375000000000000e+01,5.475380478690451738e-10
5.060937500000000000e+01,5.541853875118268259e-10
5.062500000000000000e+01,5.769703735764241714e-10
5.064062500000000000e+01,5.939658623474021256e-10
5.065625000000000000e+01,5.935391507552523342e-10
5.067187500000000000e+01,5.884234192265043968e-10
5.068750000000000000e+01,5.771442556970314631e-10
5.070312500000000000e+01,5.452335452410067859e-10
5.071875000000000000e+01,5.225904041989072128e-10
5.073437500000000000e+01,5.452458826700763623e-10
5.075000000000000000e+01,5.830712958135719539e-10
5.076562500000000000e+01,6.086406143052242534e-10
5.078125000000000000e+01,6.190382062426916644e-10
5.079687500000000000e+01,6.094758338166856715e-10
5.081250000000000000e+01,5.876318881946871113e-10
5.082812500000000000e+01,5.655730729720243397e-10
5.084375000000000000e+01,5.449142652425010330e-10
5.085937500000000000e+01,5.302719549865282188e-10
5.087500000000000000e+01,5.274882292325062378e-10
5.089062500000000000e+01,5.259853562797790487e-10
5.090625000000000000e+01,5.067284795954347698e-10
5.092187500000000000e+01,4.628506056174163625e-10
5.093750000000000000e+01,4.019836409963113101e-10
5.095312500000000000e+01,3.469946967914648458e-10
5.096875000000000000e+01,3.259056552483163060e-10
5.098437500000000000e+01,3.393905470369603841e-10
5.100000000000000000e+01,3.592262590350559680e-10
5.101562500000000000e+01,3.679599582202229085e-10
5.103125000000000000e+01,3.786498345397065795e-10
5.104687500000000000e+01,4.093360225773645159e-10
5.106250000000000000e+01,4.569578228129978652e-10
5.107812500000000000e+01,5.024919036739661947e-10
5.109375000000000000e+01,5.331050413978810170e-10
5.110937500000000000e+01,5.574184138867441380e-10
5.112500000000000000e+01,5.877682271429855818e-10
5.114062500000000000e+01,6.255414645672243814e-10
5.115625000000000000e+01,6.645202370705266574e-10
5.117187500000000000e+01,6.895933030032332880e-10
5.118750000000000000e+01,6.937296362748127817e-10
5.120312500000000000e+01,6.827821269314435163e-10
5.121875000000000000e+01,6.514420979208230319e-10
5.123437500000000000e+01,5.952426201768054013e-10
5.125000000000000000e+01,5.363101670439528429e-10
5.126562500000000000e+01,4.995744641859318536e-10
5.128125000000000000e+01,4.820155069996617648e-10
5.129687500000000000e+01,4.693073256169865546e-10
5.131250000000000000e+01,4.588873897213591543e-10
5.132812500000000000e+01,4.531676278174595901e-10
5.134375000000000000e+01,4.512521628654362812e-10
5.135937500000000000e+01,4.573088447372505965e-10
5.137500000000000000e+01,4.763594969921561668e-10
5.139062500000000000e+01,5.070142539723006962e-10
5.140625000000000000e+01,5.456624241701228854e-10
5.142187500000000000e+01,5.862223640917080804e-10
5.143750000000000000e+01,6.258435476684306358e-10
5.145312500000000000e+01,6.584672205810013481e-10
5.146875000000000000e+01,6.617060947418129003e-10
5.148437500000000000e+01,6.235332101574854136e-10
5.150000000000000000e+01,5.666894375082503625e-10
5.151562500000000000e+01,5.158603464665434579e-10
5.153125000000000000e+01,4.644594023359885334e-10
5.154687500000000000e+01,4.152995029980134552e-10
5.156250000000000000e+01,4.112909612374199268e-10
5.157812500000000000e+01,4.561421171724047462e-10
5.159375000000000000e+01,4.972012844360491815e-10
5.160937500000000000e+01,5.105512222516957623e-10
5.162500000000000000e+01,5.078505567838621920e-10
5.164062500000000000e+01,5.045587546823022596e-10
5.165625000000000000e+01,5.051293323098543033e-10
5.167187500000000000e+01,5.195844981840215034e-10
5.168750000000000000e+01,5.677258146936621725e-10
5.170312500000000000e+01,6.326543984286863007e-10
5.171875000000000000e+01,6.737490443680098794e-10
5.173437500000000000e+01,6.830743965068386652e-10
5.175000000000000000e+01,6.760915581331168539e-10
5.176562500000000000e+01,6.596737068303211737e-10
5.178125000000000000e+01,6.349844776452388056e-10
5.179687500000000000e+01,6.012502695075495307e-10
5.181250000000000000e+01,5.612062428908797837e-10
5.182812500000000000e+01,5.285153287557604348e-10
5.184375000000000000e+01,5.231911033203628137e-10
5.185937500000000000e+01,5.537958771183400849e-10
5.187500000000000000e+01,6.000863565097539644e-10
5.189062500000000000e+01,6.320251768556792542e-10
5.190625000000000000e+01,6.331878706633571672e-10
5.192187500000000000e+01,6.157416850786055726e-10
5.193750000000000000e+01,6.038439447357103675e-10
5.195312500000000000e+01,5.939263602095631613e-10
5.196875000000000000e+01,5.672351472516976905e-10
5.198437500000000000e+01,5.281334743457913182e-10
5.200000000000000000e+01,4.935707285161277588e-10
5.201562500000000000e+01,4.640584335323992576e-10
5.203125000000000000e+01,4.372883607626768936e-10
5.204687500000000000e+01,4.191213723891076081e-10
5.206250000000000000e+01,4.034957898663006929e-10
5.207812500000000000e+01,3.823775150210036365e-10
5.209375000000000000e+01,3.581907403018868219e-10
5.210937500000000000e+01,3.264510672887598304e-10
5.212500000000000000e+01,2.831090187382969608e-10
5.214062500000000000e+01,2.421381515127721850e-10
5.215625000000000000e+01,2.315509176339921900e-10
5.217187500000000000e+01,2.681873310167884809e-10
5.218750000000000000e+01,3.328101505152286845e-10
5.220312500000000000e+01,4.014167592088025573e-10
5.221875000000000000e+01,4.667586325521407173e-10
5.223437500000000000e+01,5.255739114973528541e-10
5.225000000000000000e+01,5.685252489241037919e-10
5.226562500000000000e+01,5.925853933380751162e-10
5.228125000000000000e+01,5.995127340652255381e-10
5.229687500000000000e+01,5.874530370258876899e-10
5.231250000000000000e+01,5.764493624381027089e-10
5.232812500000000000e+01,5.956641429617140052e-10
5.234375000000000000e+01,6.267197637881292937e-10
5.235937500000000000e+01,6.349881214644384851e-10
5.237500000000000000e+01,6.239320542240134805e-10
5.239062500000000000e+01,6.080414486087566025e-10
5.240625000000000000e+01,5.839033506234807204e-10
5.242187500000000000e+01,5.466657170876676648e-10
5.243750000000000000e+01,4.995458135867762610e-10
5.245312500000000000e+01,4.551040794229419384e-10
5.246875000000000000e+01,4.263695370535867580e-10
5.248437500000000000e+01,4.136420947738963901e-10
5.250000000000000000e+01,4.170801122609294544e-10
5.251562500000000000e+01,4.414401987171477558e-10
5.253125000000000000e+01,4.703907293562758578e-10
5.254687500000000000e+01,4.734837163069664692e-10
5.256250000000000000e+01,4.565314488675509377e-10
5.257812500000000000e+01,4.693947945743797245e-10
5.259375000000000000e+01,5.214426685522016078e-10
5.260937500000000000e+01,5.597500173877348208e-10
5.262500000000000000e+01,5.588479969432624814e-10
5.264062500000000000e+01,5.432801304212881211e-10
5.265625000000000000e+01,5.485492654475545143e-10
5.267187500000000000e+01,6.066825139225869674e-10
5.268750000000000000e+01,7.276105748151966948e-10
5.270312500000000000e+01,8.459095837992954766e-10
5.271875000000000000e+01,8.827242885273459645e-10
5.273437500000000000e+01,8.560100036101760417e-10
5.275000000000000000e+01,8.484608147454720749e-10
5.276562500000000000e+01,8.689400059556734236e-10
5.278125000000000000e+01,8.778516576961511111e-10
5.279687500000000000e+01,8.659506239190400505e-10
5.281250000000000000e+01,8.432506385417382925e-10
5.282812500000000000e+01,8.388109547509712134e-10
5.284375000000000000e+01,8.792248106834879794e-10
5.285937500000000000e+01,9.507716598833828028e-10
5.287500000000000000e+01,1.022749976948928515e-09
5.289062500000000000e+01,1.057444460926587079e-09
5.290625000000000000e+01,1.030659006711380697e-09
5.292187500000000000e+01,9.863652169979563988e-10
5.293750000000000000e+01,9.934843425971821671e-10
5.295312500000000000e+01,1.048674598430742711e-09
5.296875000000000000e+01,1.117663271401464126e-09
5.298437500000000000e+01,1.194274045721629864e-09
5.300000000000000000e+01,1.259964926914287201e-09
5.301562500000000000e+01,1.261751406292048118e-09
5.303125000000000000e+01,1.201487676185590153e-09
5.304687500000000000e+01,1.176171102394280096e-09
5.306250000000000000e+01,1.246803355139859729e-09
5.307812500000000000e+01,1.343947523598591571e-09
5.309375000000000000e+01,1.401796786284606019e-09
5.310937500000000000e+01,1.428185721712309123e-09
5.312500000000000000e+01,1.442128168158542699e-09
5.314062500000000000e+01,1.470891395398147035e-09
5.315625000000000000e+01,1.562855545004149577e-09
5.317187500000000000e+01,1.741644797067473373e-09
5.318750000000000000e+01,1.943902056725880120e-09
5.320312500000000000e+01,2.044146791913890164e-09
5.321875000000000000e+01,2.002531606310697589e-09
5.323437500000000000e+01,1.928848512854894143e-09
5.325000000000000000e+01,1.964027338802186669e-09
5.326562500000000000e+01,2.117769070137752467e-09
5.328125000000000000e+01,2.302443076258235504e-09
5.329687500000000000e+01,2.500075334092441747e-09
5.331250000000000000e+01,2.726613564523998933e-09
5.332812500000000000e+01,2.905140935400871048e-09
5.334375000000000000e+01,2.967005933721395764e-09
5.335937500000000000e+01,2.973628858973530988e-09
5.337500000000000000e+01,3.057374109524794734e-09
5.339062500000000000e+01,3.266449091289617077e-09
5.340625000000000000e+01,3.541528434399826315e-09
5.342187500000000000e+01,3.846295304917327348e-09
5.343750000000000000e+01,4.157907109159196463e-09
5.345312500000000000e+01,4.420133593703640585e-09
5.346875000000000000e+01,4.582947254255862585e-09
5.348437500000000000e+01,4.694480514493297720e-09
5.350000000000000000e+01,5.007578018299007356e-09
5.351562500000000000e+01,5.610679462940263924e-09
5.353125000000000000e+01,6.034467079400586017e-09
5.354687500000000000e+01,5.796698374442615045e-09
5.356250000000000000e+01,5.080005057969003211e-09
5.357812500000000000e+01,4.753617352816217824e-09
5.359375000000000000e+01,5.244111845240257760e-09
5.360937500000000000e+01,5.818748039633960944e-09
5.362500000000000000e+01,5.920055098453407604e-09
5.364062500000000000e+01,5.604227312019080463e-09
5.365625000000000000e+01,5.135965453615943322e-09
5.367187500000000000e+01,4.876222366006120076e-09
5.368750000000000000e+01,4.947502152548334180e-09
5.370312500000000000e+01,4.944041694219859932e-09
5.371875000000000000e+01,4.652326226420240406e-09
5.373437500000000000e+01,4.308391568240624900e-09
5.375000000000000000e+01,4.052758606724366206e-09
5.376562500000000000e+01,3.805629623509047585e-09
5.378125000000000000e+01,3.548961112694272319e-09
5.379687500000000000e+01,3.280848461470469114e-09
5.381250000000000000e+01,2.989252456611973253e-09
5.382812500000000000e+01,2.720730141772927408e-09
5.384375000000000000e+01,2.560299701805462563e-09
5.385937500000000000e+01,2.541749160059543580e-09
5.387500000000000000e+01,2.574683768374355681e-09
5.389062500000000000e+01,2.551603558593696898e-09
5.390625000000000000e+01,2.476504785802763476e-09
5.392187500000000000e+01,2.390439954965957976e-09
5.393750000000000000e+01,2.258905361019515427e-09
5.395312500000000000e+01,2.048183926398429335e-09
5.396875000000000000e+01,1.828674340629735446e-09
5.398437500000000000e+01,1.743061628088666431e-09
5.400000000000000000e+01,1.801024307098297581e-09
5.401562500000000000e+01,1.829284380812470431e-09
5.403125000000000000e+01,1.744412793625152946e-09
5.404687500000000000e+01,1.623426198523833823e-09
5.406250000000000000e+01,1.529336465115366761e-09
5.407812500000000000e+01,1.477147103354204891e-09
5.409375000000000000e+01,1.495023821309575731e-09
5.410937500000000000e+01,1.555288164355684523e-09
5.412500000000000000e+01,1.599425142268343261e-09
5.414062500000000000e+01,1.614305007908889772e-09
5.415625000000000000e+01,1.592576973022632565e-09
5.417187500000000000e+01,1.529072186527513169e-09
5.418750000000000000e+01,1.463878842886086425e-09
5.420312500000000000e+01,1.421848868869018425e-09
5.421875000000000000e+01,1.347812936032781179e-09
5.423437500000000000e+01,1.211463475793500241e-09
5.425000000000000000e+01,1.065843797681743702e-09
5.426562500000000000e+01,9.729517622070181887e-10
5.428125000000000000e+01,9.610525268048289807e-10
5.429687500000000000e+01,9.896558082689225511e-10
5.431250000000000000e+01,9.819160303299670537e-10
5.432812500000000000e+01,9.109805040508775250e-10
5.434375000000000000e+01,8.092826660500307239e-10
5.435937500000000000e+01,7.575381774414004059e-10
5.437500000000000000e+01,8.028184347096193650e-10
5.439062500000000000e+01,8.696989404881046369e-10
5.440625000000000000e+01,8.959161999616815533e-10
5.442187500000000000e+01,8.833740299155415334e-10
5.443750000000000000e+01,8.359732761424682255e-10
5.445312500000000000e+01,7.658630411879913957e-10
5.446875000000000000e+01,7.052563485195655727e-10
5.448437500000000000e+01,6.622503217467101936e-10
5.450000000000000000e+01,6.156257801191488448e-10
5.451562500000000000e+01,5.713682988771314131e-10
5.453125000000000000e+01,5.674971286264608955e-10
5.454687500000000000e+01,6.190550597949093016e-10
5.456250000000000000e+01,7.076728564412614024e-10
5.457812500000000000e+01,7.930969679776965621e-10
5.459375000000000000e+01,8.297944621037227509e-10
5.460937500000000000e+01,8.197246683639496152e-10
5.462500000000000000e+01,8.060775592838516959e-10
5.464062500000000000e+01,7.995855144843465703e-10
5.465625000000000000e+01,7.762907885426134515e-10
5.467187500000000000e+01,7.270659533159322641e-10
5.468750000000000000e+01,6.536549885552178151e-10
5.470312500000000000e+01,5.720159697545668198e-10
5.471875000000000000e+01,5.319671634243286323e-10
5.473437500000000000e+01,5.554557325826074540e-10
5.475000000000000000e+01,5.992745072282306465e-10
5.476562500000000000e+01,6.350261424275180495e-10
5.478125000000000000e+01,6.620332456887031524e-10
5.479687500000000000e+01,6.626318445037862048e-10
5.481250000000000000e+01,6.195010516519878420e-10
5.482812500000000000e+01,5.587563802595978613e-10
5.484375000000000000e+01,5.246459219012424451e-10
5.485937500000000000e+01,5.227881586516091444e-10
5.487500000000000000e+01,5.307394049086679963e-10
5.489062500000000000e+01,5.367196323884054256e-10
5.490625000000000000e+01,5.385978231417783662e-10
5.492187500000000000e+01,5.408406382906763693e-10
5.493750000000000000e+01,5.520944661436893209e-10
5.495312500000000000e+01,5.690611399953836176e-10
5.496875000000000000e+01,5.776094426239636462e-10
5.498437500000000000e+01,5.678041775601794488e-10
5.500000000000000000e+01,5.398252474537759696e-10
5.501562500000000000e+01,5.145866281868755798e-10
5.503125000000000000e+01,5.150826908821747158e-10
5.504687500000000000e+01,5.190445062581838022e-10
5.506250000000000000e+01,5.130534415485275211e-10
5.507812500000000000e+01,5.250266460848146389e-10
5.509375000000000000e+01,5.519577522301434835e-10
5.510937500000000000e+01,5.730268186739213602e-10
5.512500000000000000e+01,5.917823610399787862e-10
5.514062500000000000e+01,6.149223848503250364e-10
5.515625000000000000e+01,6.335438968362611855e-10
5.517187500000000000e+01,6.323945446249936432e-10
5.518750000000000000e+01,6.163282030999128286e-10
5.520312500000000000e+01,6.162873700813984165e-10
5.521875000000000000e+01,6.470680979370965804e-10
5.523437500000000000e+01,6.810083785822289004e-10
5.525000000000000000e+01,7.007500581005740519e-10
5.526562500000000000e+01,7.257932897500005907e-10
5.528125000000000000e+01,7.546803045064187824e-10
5.529687500000000000e+01,7.503693641592254280e-10
5.531250000000000000e+01,7.018974914929612394e-10
5.532812500000000000e+01,6.434410589903876707e-10
5.534375000000000000e+01,6.059238347612453122e-10
5.535937500000000000e+01,5.917390863928910089e-10
5.537500000000000000e+01,5.925474792332256260e-10
5.539062500000000000e+01,5.775933920911053229e-10
5.540625000000000000e+01,5.298135888668116957e-10
5.542187500000000000e+01,4.761905431281284633e-10
5.543750000000000000e+01,4.365911833355186794e-10
5.545312500000000000e+01,4.068456134484100251e-10
5.546875000000000000e+01,3.863539200340938032e-10
5.548437500000000000e+01,3.749450793032351498e-10
5.550000000000000000e+01,3.650382525280274477e-10
5.551562500000000000e+01,3.463557966381764695e-10
5.553125000000000000e+01,3.254257611760073452e-10
5.554687500000000000e+01,3.297031134459968031e-10
5.556250000000000000e+01,3.730207407369130893e-10
5.557812500000000000e+01,4.271018677525869406e-10
5.559375000000000000e+01,4.543438348237721452e-10
5.560937500000000000e+01,4.648658352679355612e-10
5.562500000000000000e+01,5.029656045012822996e-10
5.564062500000000000e+01,5.664407910550030730e-10
5.565625000000000000e+01,6.136010130214934766e-10
5.567187500000000000e+01,6.272015462008892551e-10
5.568750000000000000e+01,6.160577137786733015e-10
5.570312500000000000e+01,5.938629807316414517e-10
5.571875000000000000e+01,5.710914657897031800e-10
5.573437500000000000e+01,5.492276838237383132e-10
5.575000000000000000e+01,5.417044634700856552e-10
5.576562500000000000e+01,5.750531799710396776e-10
5.578125000000000000e+01,6.343355284132988872e-10
5.579687500000000000e+01,6.811180545556179384e-10
5.581250000000000000e+01,7.081668634766610193e-10
5.582812500000000000e+01,7.385979404602607031e-10
5.584375000000000000e+01,7.864008305938944518e-10
5.585937500000000000e+01,8.380003687323996800e-10
5.587500000000000000e+01,8.762781424913957136e-10
5.589062500000000000e+01,8.915180631693297789e-10
5.590625000000000000e+01,8.857125469400822295e-10
5.592187500000000000e+01,8.585359580053424706e-10
5.593750000000000000e+01,7.886466860442347482e-10
5.595312500000000000e+01,6.750318084771129217e-10
5.596875000000000000e+01,5.635667758929474213e-10
5.598437500000000000e+01,4.980482265118483499e-10
5.600000000000000000e+01,4.702228677385068379e-10
5.601562500000000000e+01,4.552928806739349034e-10
5.603125000000000000e+01,4.462103274513429241e-10
5.604687500000000000e+01,4.445340292819331200e-10
5.606250000000000000e+01,4.556937989045509388e-10
5.607812500000000000e+01,4.655559627994571645e-10
5.609375000000000000e+01,4.505697072109481622e-10
5.610937500000000000e+01,4.223765868005763384e-10
5.612500000000000000e+01,4.183375589333489071e-10
5.614062500000000000e+01,4.406604341916773791e-10
5.615625000000000000e+01,4.590659244470558596e-10
5.617187500000000000e+01,4.674447578588337803e-10
5.618750000000000000e+01,4.743633301122296429e-10
5.620312500000000000e+01,4.744412993974407670e-10
5.621875000000000000e+01,4.697647631119223754e-10
5.623437500000000000e+01,4.791596517747057884e-10
5.625000000000000000e+01,5.019826186127013203e-10
5.626562500000000000e+01,5.129113874453835056e-10
5.628125000000000000e+01,5.080881023884985609e-10
5.629687500000000000e+01,5.104579494208194894e-10
5.631250000000000000e+01,5.196887740545883053e-10
5.632812500000000000e+01,5.137670985537136603e-10
5.634375000000000000e+01,4.953478059898848614e-10
5.635937500000000000e+01,4.882083459902683510e-10
5.637500000000000000e+01,4.971790635062844931e-10
5.639062500000000000e+01,5.200854227245153665e-10
5.640625000000000000e+01,5.764112494149217765e-10
5.642187500000000000e+01,6.523984525605348599e-10
5.643750000000000000e+01,6.944222900975431363e-10
5.645312500000000000e+01,6.824285368425578200e-10
5.646875000000000000e+01,6.568722753194322633e-10
5.648437500000000000e+01,6.673767287499432932e-10
5.650000000000000000e+01,7.055465123023400573e-10
5.651562500000000000e+01,7.247142010025758526e-10
5.653125000000000000e+01,7.026261101340650115e-10
5.654687500000000000e+01,6.795484216239335810e-10
5.656250000000000000e+01,7.118916949467848987e-10
5.657812500000000000e+01,7.708896165904616817e-10
5.659375000000000000e+01,7.871706192337797584e-10
5.660937500000000000e+01,7.444476771143824529e-10
5.662500000000000000e+01,6.869502095565351307e-10
5.664062500000000000e+01,6.634713465854991420e-10
5.665625000000000000e+01,6.672969281197214134e-10
5.667187500000000000e+01,6.615733895311465083e-10
5.668750000000000000e+01,6.312757117288252988e-10
5.670312500000000000e+01,6.016890488562415726e-10
5.671875000000000000e+01,6.031124335324583325e-10
5.673437500000000000e+01,6.193701787345285147e-10
5.675000000000000000e+01,6.280726413088715171e-10
5.676562500000000000e+01,6.273861459181685497e-10
5.678125000000000000e+01,6.142521296959987174e-10
5.679687500000000000e+01,6.052148576059340218e-10
5.681250000000000000e+01,6.174575493201513186e-10
5.682812500000000000e+01,6.299883007984929434e-10
5.684375000000000000e+01,6.277853408247708117e-10
5.685937500000000000e+01,6.271655876124570200e-10
5.687500000000000000e+01,6.373228057922503389e-10
5.689062500000000000e+01,6.357477607377638888e-10
5.690625000000000000e+01,6.097681518512152019e-10
5.692187500000000000e+01,6.000433747586411758e-10
5.693750000000000000e+01,6.488287472207677885e-10
5.695312500000000000e+01,7.184769306191200364e-10
5.696875000000000000e+01,7.515791317529102367e-10
5.698437500000000000e+01,7.465127080482347903e-10
5.700000000000000000e+01,7.225044123400654530e-10
5.701562500000000000e+01,6.756894302227895326e-10
5.703125000000000000e+01,6.156107020231273614e-10
5.704687500000000000e+01,5.799143756837499397e-10
5.706250000000000000e+01,5.853661712963283136e-10
5.707812500000000000e+01,6.123316092512977658e-10
5.709375000000000000e+01,6.316532747372124692e-10
5.710937500000000000e+01,6.254205816780974789e-10
5.712500000000000000e+01,6.137062553293247026e-10
5.714062500000000000e+01,6.340414185972953781e-10
5.715625000000000000e+01,6.683286355951425191e-10
5.717187500000000000e+01,6.684938344956955429e-10
5.718750000000000000e+01,6.236057233740651079e-10
5.720312500000000000e+01,5.560844597934348256e-10
5.721875000000000000e+01,4.931778093577000567e-10
5.723437500000000000e+01,4.550179199331083700e-10
5.725000000000000000e+01,4.521097290258316051e-10
5.726562500000000000e+01,4.747954607791965834e-10
5.728125000000000000e+01,5.035974720129945801e-10
5.729687500000000000e+01,5.319609823704764142e-10
5.731250000000000000e+01,5.609824870201821266e-10
5.732812500000000000e+01,5.806931509120385474e-10
5.734375000000000000e+01,5.772023355581691649e-10
5.735937500000000000e+01,5.575697926389674026e-10
5.737500000000000000e+01,5.443276336041226164e-10
5.739062500000000000e+01,5.382047954405951899e-10
5.740625000000000000e+01,5.207079748627154493e-10
5.742187500000000000e+01,4.946750811330734455e-10
5.743750000000000000e+01,4.820018365218955871e-10
5.745312500000000000e+01,4.855885615325320703e-10
5.746875000000000000e+01,4.854720100248098756e-10
5.748437500000000000e+01,4.732074958030792271e-10
5.750000000000000000e+01,4.601906120752159537e-10
5.751562500000000000e+01,4.522014971874841867e-10
5.753125000000000000e+01,4.574794260373852789e-10
5.754687500000000000e+01,4.923398085159695930e-10
5.756250000000000000e+01,5.373760413029967162e-10
5.757812500000000000e+01,5.574347502737730755e-10
5.759375000000000000e+01,5.446029604754877287e-10
5.760937500000000000e+01,5.153601045958066921e-10
5.762500000000000000e+01,4.950981445702437769e-10
5.764062500000000000e+01,4.847653159801625876e-10
5.765625000000000000e+01,4.612524442698863112e-10
5.767187500000000000e+01,4.263010407698761731e-10
5.768750000000000000e+01,4.081317825762917938e-10
5.770312500000000000e+01,4.127732370969155705e-10
5.771875000000000000e+01,4.155270669592542256e-10
5.773437500000000000e+01,4.030588880377417502e-10
5.775000000000000000e+01,3.905323688317793922e-10
5.776562500000000000e+01,3.923624004442329717e-10
5.778125000000000000e+01,3.984991945437555060e-10
5.779687500000000000e+01,4.066769670441798186e-10
5.781250000000000000e+01,4.306441058199566988e-10
5.782812500000000000e+01,4.724414736090758741e-10
5.784375000000000000e+01,5.297100520130142682e-10
5.785937500000000000e+01,6.026449778829967148e-10
5.787500000000000000e+01,6.745987688024623250e-10
5.789062500000000000e+01,7.101334533841297558e-10
5.790625000000000000e+01,6.902237793350552580e-10
5.792187500000000000e+01,6.470727278710307479e-10
5.793750000000000000e+01,6.285423655902923929e-10
5.795312500000000000e+01,6.363759955958622156e-10
5.796875000000000000e+01,6.560389159456135063e-10
5.798437500000000000e+01,6.849288122820787149e-10
5.800000000000000000e+01,7.037540341527713817e-10
5.801562500000000000e+01,6.906872813345878845e-10
5.803125000000000000e+01,6.468830080995127465e-10
5.804687500000000000e+01,5.847638644537007722e-10
5.806250000000000000e+01,5.290803488167629100e-10
5.807812500000000000e+01,5.097092339111576491e-10
5.809375000000000000e+01,5.150622180995375937e-10
5.810937500000000000e+01,5.085274981222239398e-10
5.812500000000000000e+01,4.771454750872729896e-10
5.814062500000000000e+01,4.301373109068254767e-10
5.815625000000000000e+01,3.772777433590063225e-10
5.817187500000000000e+01,3.287357981288110575e-10
5.818750000000000000e+01,3.182550753136126322e-10
5.820312500000000000e+01,3.570993172073203868e-10
5.821875000000000000e+01,3.984369502433598770e-10
5.823437500000000000e+01,4.183843747434765119e-10
5.825000000000000000e+01,4.366394732705568231e-10
5.826562500000000000e+01,4.649302438262676979e-10
5.828125000000000000e+01,4.790392719368946761e-10
5.829687500000000000e+01,4.590494264579339068e-10
5.831250000000000000e+01,4.266038133715925917e-10
5.832812500000000000e+01,4.198097429437278167e-10
5.834375000000000000e+01,4.405848584577823191e-10
5.835937500000000000e+01,4.645631358054119103e-10
5.837500000000000000e+01,4.695285850248934160e-10
5.839062500000000000e+01,4.471842646611620837e-10
5.840625000000000000e+01,4.247746391146481827e-10
5.842187500000000000e+01,4.506383953663046218e-10
5.843750000000000000e+01,5.122290435482979049e-10
5.845312500000000000e+01,5.496739666502542813e-10
5.846875000000000000e+01,5.420226721831211898e-10
5.848437500000000000e+01,5.061753838500322339e-10
5.850000000000000000e+01,4.615948871991954727e-10
5.851562500000000000e+01,4.238805492074121922e-10
5.853125000000000000e+01,3.980611836094201312e-10
5.854687500000000000e+01,3.779365103696275218e-10
5.856250000000000000e+01,3.641172751790247249e-10
5.857812500000000000e+01,3.650089690193088585e-10
5.859375000000000000e+01,3.790057940027181739e-10
5.860937500000000000e+01,3.926917087736790814e-10
5.862500000000000000e+01,3.934153875211925741e-10
5.864062500000000000e+01,3.842337218579346159e-10
5.865625000000000000e+01,3.864817519534963934e-10
5.867187500000000000e+01,4.136740592101408679e-10
5.868750000000000000e+01,4.478601626340677714e-10
5.870312500000000000e+01,4.659390854629159173e-10
5.871875000000000000e+01,4.750224232800147393e-10
5.873437500000000000e+01,4.872721772286107729e-10
5.875000000000000000e+01,4.951332879379936221e-10
5.876562500000000000e+01,5.056905067040604219e-10
5.878125000000000000e+01,5.351237273413396427e-10
5.879687500000000000e+01,5.700207674393214619e-10
5.881250000000000000e+01,5.919606844112192942e-10
5.882812500000000000e+01,6.154170644944018625e-10
5.884375000000000000e+01,6.573247148965463554e-10
5.885937500000000000e+01,6.895337879380689213e-10
5.887500000000000000e+01,6.810056550342043206e-10
5.889062500000000000e+01,6.508082771980916686e-10
5.890625000000000000e+01,6.469760110249272195e-10
5.892187500000000000e+01,6.835148153477134300e-10
5.893750000000000000e+01,7.240424376309888739e-10
5.895312500000000000e+01,7.364411812685508246e-10
5.896875000000000000e+01,7.136678112693655624e-10
5.898437500000000000e+01,6.581604822637740281e-10
5.900000000000000000e+01,5.982806436870797047e-10
5.901562500000000000e+01,5.748505832360288191e-10
5.903125000000000000e+01,5.790893932075093386e-10
5.904687500000000000e+01,5.808360002374483976e-10
5.906250000000000000e+01,5.746843355102093457e-10
5.907812500000000000e+01,5.680178903737420987e-10
5.909375000000000000e+01,5.647968107748904007e-10
5.910937500000000000e+01,5.584416871673258528e-10
5.912500000000000000e+01,5.416696217955124775e-10
5.914062500000000000e+01,5.276231332943186186e-10
5.915625000000000000e+01,5.262296674549106630e-10
5.917187500000000000e+01,5.135310603797878298e-10
5.918750000000000000e+01,4.808178153716499606e-10
5.920312500000000000e+01,4.513897913365289393e-10
5.921875000000000000e+01,4.310588574129537535e-10
5.923437500000000000e+01,4.108360177935292198e-10
5.925000000000000000e+01,3.966453280418434606e-10
5.926562500000000000e+01,3.915198716112109848e-10
5.928125000000000000e+01,3.830580889130368432e-10
5.929687500000000000e+01,3.764545787534723795e-10
5.931250000000000000e+01,4.050677659603262397e-10
5.932812500000000000e+01,4.777783757588120435e-10
5.934375000000000000e+01,5.639483913483835650e-10
5.935937500000000000e+01,6.245559445504289831e-10
5.937500000000000000e+01,6.315382214244032612e-10
5.939062500000000000e+01,6.002817572730895112e-10
5.940625000000000000e+01,5.747717035476145846e-10
5.942187500000000000e+01,5.694121604565725829e-10
5.943750000000000000e+01,5.772803116141874736e-10
5.945312500000000000e+01,5.949739665790802893e-10
5.946875000000000000e+01,6.133402101064086984e-10
5.948437500000000000e+01,6.177741432261502459e-10
5.950000000000000000e+01,6.022339815103544000e-10
5.951562500000000000e+01,5.829878993679913321e-10
5.953125000000000000e+01,5.827743934992102112e-10
5.954687500000000000e+01,5.941665895715315428e-10
5.956250000000000000e+01,6.006107402888030232e-10
5.957812500000000000e+01,6.128356603990881006e-10
5.959375000000000000e+01,6.435349934200762099e-10
5.960937500000000000e+01,6.752842669804643020e-10
5.962500000000000000e+01,6.869787778847265861e-10
5.964062500000000000e+01,6.901237047325339959e-10
5.965625000000000000e+01,7.068350003029955034e-10
5.967187500000000000e+01,7.287713489495593834e-10
5.968750000000000000e+01,7.309986566296459617e-10
5.970312500000000000e+01,7.067332060571632996e-10
5.971875000000000000e+01,6.727049494215720254e-10
5.973437500000000000e+01,6.467679776011480252e-10
5.975000000000000000e+01,6.318089119512735875e-10
5.976562500000000000e+01,6.136104220107135521e-10
5.978125000000000000e+01,5.800150997882084880e-10
5.979687500000000000e+01,5.432870122373732280e-10
5.981250000000000000e+01,5.154475106812607680e-10
5.982812500000000000e+01,4.811722186944934802e-10
5.984375000000000000e+01,4.262160749154496742e-10
5.985937500000000000e+01,3.623324146956816314e-10
5.987500000000000000e+01,3.111600621549600206e-10
5.989062500000000000e+01,2.769764831262109352e-10
5.990625000000000000e+01,2.460705586911091776e-10
5.992187500000000000e+01,2.050717995225962519e-10
5.993750000000000000e+01,1.568303163008936342e-10
5.995312500000000000e+01,1.193641398511821177e-10
5.996875000000000000e+01,1.031950267212398184e-10
5.998437500000000000e+01,1.005300282628771109e-10
6.000000000000000000e+01,1.031815110137907285e-10
6.001562500000000000e+01,1.101484423753270842e-10
6.003125000000000000e+01,1.199828463889041449e-10
6.004687500000000000e+01,1.258705837083761585e-10
6.006250000000000000e+01,1.248518009588906614e-10
6.007812500000000000e+01,1.229451197799339229e-10
6.009375000000000000e+01,1.268391363481616289e-10
6.010937500000000000e+01,1.366811925097639367e-10
6.012500000000000000e+01,1.468922731359712348e-10
6.014062500000000000e+01,1.522940284659656996e-10
6.015625000000000000e+01,1.548882401759072076e-10
6.017187500000000000e+01,1.591313035310635824e-10
6.018750000000000000e+01,1.639135825256640695e-10
6.020312500000000000e+01,1.678410216512114825e-10
6.021875000000000000e+01,1.752143757277390341e-10
6.023437500000000000e+01,1.903337764537519014e-10
6.025000000000000000e+01,2.095510423954144954e-10
6.026562500000000000e+01,2.262024361990362140e-10
6.028125000000000000e+01,2.383801650649736606e-10
6.029687500000000000e+01,2.495190844052543381e-10
6.031250000000000000e+01,2.642902497439812946e-10
6.032812500000000000e+01,2.804530663342614083e-10
6.034375000000000000e+01,2.884037334106305090e-10
6.035937500000000000e+01,2.865104153499911436e-10
6.037500000000000000e+01,2.871620070740283694e-10
6.039062500000000000e+01,3.016067295939995593e-10
6.040625000000000000e+01,3.247764752949387464e-10
6.042187500000000000e+01,3.401701405422689812e-10
6.043750000000000000e+01,3.338139608847469745e-10
6.045312500000000000e+01,3.047623424539697071e-10
6.046875000000000000e+01,2.713010568535607707e-10
6.048437500000000000e+01,2.571158757056442737e-10
6.050000000000000000e+01,2.647588730845833415e-10
6.051562500000000000e+01,2.831407080321222528e-10
6.053125000000000000e+01,3.076453538046873144e-10
6.054687500000000000e+01,3.309695780041429832e-10
6.056250000000000000e+01,3.457183564067254088e-10
6.057812500000000000e+01,3.633214790552855205e-10
6.059375000000000000e+01,3.911771259887543198e-10
6.060937500000000000e+01,4.069868927758554489e-10
6.062500000000000000e+01,4.002060903766806915e-10
6.064062500000000000e+01,3.931870208874024373e-10
6.065625000000000000e+01,3.955470449482324657e-10
6.067187500000000000e+01,3.940349716286146550e-10
6.068750000000000000e+01,3.952770363513916224e-10
6.070312500000000000e+01,4.158526378163173603e-10
6.071875000000000000e+01,4.358808552926888454e-10
6.073437500000000000e+01,4.353292986414420457e-10
6.075000000000000000e+01,4.316286823642118518e-10
6.076562500000000000e+01,4.339304068402102157e-10
6.078125000000000000e+01,4.343985610103431797e-10
6.079687500000000000e+01,4.387862984649474816e-10
6.081250000000000000e+01,4.462298063113933543e-10
6.082812500000000000e+01,4.497827841099773601e-10
6.084375000000000000e+01,4.522997663734426933e-10
6.085937500000000000e+01,4.555747939516610368e-10
6.087500000000000000e+01,4.591708550763290848e-10
6.089062500000000000e+01,4.621731834305305007e-10
6.090625000000000000e+01,4.573395944146385048e-10
6.092187500000000000e+01,4.410339406684086197e-10
6.093750000000000000e+01,4.217338928036775146e-10
6.095312500000000000e+01,4.141524636514767417e-10
6.096875000000000000e+01,4.226343609362980931e-10
6.098437500000000000e+01,4.368144729074512127e-10
6.100000000000000000e+01,4.483462456423721579e-10
6.101562500000000000e+01,4.518395007051903514e-10
6.103125000000000000e+01,4.417667815467858104e-10
6.104687500000000000e+01,4.120219488116704100e-10
6.106250000000000000e+01,3.592204384871076203e-10
6.107812500000000000e+01,3.039474354182497827e-10
6.109375000000000000e+01,2.866341414495342532e-10
6.110937500000000000e+01,3.051065382500098587e-10
6.112500000000000000e+01,3.206722960080118872e-10
6.114062500000000000e+01,3.234763058286201493e-10
6.115625000000000000e+01,3.266973997294081464e-10
6.117187500000000000e+01,3.317358080070348027e-10
6.118750000000000000e+01,3.253821764566657182e-10
6.120312500000000000e+01,3.070744752835624099e-10
6.121875000000000000e+01,2.886092906185956890e-10
6.123437500000000000e+01,2.655899588608859468e-10
6.125000000000000000e+01,2.290433864661614030e-10
6.126562500000000000e+01,1.924223969244298394e-10
6.128125000000000000e+01,1.789041423074760075e-10
6.129687500000000000e+01,1.911680200528483027e-10
6.131250000000000000e+01,2.081338960531650786e-10
6.132812500000000000e+01,2.190696147773977517e-10
6.134375000000000000e+01,2.384141603372573858e-10
6.135937500000000000e+01,2.755498571191387809e-10
6.137500000000000000e+01,3.132350265983862357e-10
6.139062500000000000e+01,3.336660535723591067e-10
6.140625000000000000e+01,3.404854146661945997e-10
6.142187500000000000e+01,3.425838265146662385e-10
6.143750000000000000e+01,3.390622831585788691e-10
6.145312500000000000e+01,3.372018567861402740e-10
6.146875000000000000e+01,3.503972576614662597e-10
6.148437500000000000e+01,3.667818135352564562e-10
6.150000000000000000e+01,3.646474884547044136e-10
6.151562500000000000e+01,3.520611809137060373e-10
6.153125000000000000e+01,3.546959852530280121e-10
6.154687500000000000e+01,3.718682471988567076e-10
6.156250000000000000e+01,3.894594152727362823e-10
6.157812500000000000e+01,4.051639335673431638e-10
6.159375000000000000e+01,4.181447938845794871e-10
6.160937500000000000e+01,4.334873073846009314e-10
6.162500000000000000e+01,4.590298243551934413e-10
6.164062500000000000e+01,4.974055482330071432e-10
6.165625000000000000e+01,5.447402546283508747e-10
6.167187500000000000e+01,5.759300693775620957e-10
6.168750000000000000e+01,5.693352048727551809e-10
6.170312500000000000e+01,5.460616579743343821e-10
6.171875000000000000e+01,5.382094649812102207e-10
6.173437500000000000e+01,5.361868149825855365e-10
6.175000000000000000e+01,5.279033581547215426e-10
6.176562500000000000e+01,5.196300186002637648e-10
6.178125000000000000e+01,5.034708729187594908e-10
6.179687500000000000e+01,4.704503135934477358e-10
6.181250000000000000e+01,4.293825796647798718e-10
6.182812500000000000e+01,3.951343602290944882e-10
6.184375000000000000e+01,3.772362084053602366e-10
6.185937500000000000e+01,3.749905181549374597e-10
6.187500000000000000e+01,3.775991401027221978e-10
6.189062500000000000e+01,3.734017821976286791e-10
6.190625000000000000e+01,3.727739355206207042e-10
6.192187500000000000e+01,3.938887863988709698e-10
6.193750000000000000e+01,4.203442706513053307e-10
6.195312500000000000e+01,4.280613936087927711e-10
6.196875000000000000e+01,4.158032364491181613e-10
6.198437500000000000e+01,3.968056580296777009e-10
6.200000000000000000e+01,3.873999405072292895e-10
6.201562500000000000e+01,3.919149324432482702e-10
6.203125000000000000e+01,4.002261094262951995e-10
6.204687500000000000e+01,4.054260940797471870e-10
6.206250000000000000e+01,4.141137956101999502e-10
6.207812500000000000e+01,4.336845044538544188e-10
6.209375000000000000e+01,4.601834903243826441e-10
6.210937500000000000e+01,4.842101701889679202e-10
6.212500000000000000e+01,4.949637946358698882e-10
6.214062500000000000e+01,4.856503590308222796e-10
6.215625000000000000e+01,4.619027353278987484e-10
6.217187500000000000e+01,4.356268414331705546e-10
6.218750000000000000e+01,4.113954676429067922e-10
6.220312500000000000e+01,3.931368698220367586e-10
6.221875000000000000e+01,3.834783733827963508e-10
6.223437500000000000e+01,3.771594126947321583e-10
6.225000000000000000e+01,3.829618214697753339e-10
6.226562500000000000e+01,3.992915933007717180e-10
6.228125000000000000e+01,3.981005750468662210e-10
6.229687500000000000e+01,3.767665949411558322e-10
6.231250000000000000e+01,3.536960528822108703e-10
6.232812500000000000e+01,3.324804530867922311e-10
6.234375000000000000e+01,3.173852880670021945e-10
6.235937500000000000e+01,3.169843046908884704e-10
6.237500000000000000e+01,3.271888938085774084e-10
6.239062500000000000e+01,3.425901507008826949e-10
6.240625000000000000e+01,3.583350824669593449e-10
6.242187500000000000e+01,3.719433721047951162e-10
6.243750000000000000e+01,3.875092191318920710e-10
6.245312500000000000e+01,4.021444587082140962e-10
6.246875000000000000e+01,4.121358277480109359e-10
6.248437500000000000e+01,4.264723347239426738e-10
6.250000000000000000e+01,4.425439145419121031e-10
6.251562500000000000e+01,4.366039003666678390e-10
6.253125000000000000e+01,4.078259484208440492e-10
6.254687500000000000e+01,3.885126966685449907e-10
6.256250000000000000e+01,3.826752933180781978e-10
6.257812500000000000e+01,3.680942980249829790e-10
6.259375000000000000e+01,3.492110507697025206e-10
6.260937500000000000e+01,3.325843785620120318e-10
6.262500000000000000e+01,3.055614031242762791e-10
6.264062500000000000e+01,2.703728716738304540e-10
6.265625000000000000e+01,2.542448535576924286e-10
6.267187500000000000e+01,2.658749136393323619e-10
6.268750000000000000e+01,2.846727775089074702e-10
6.270312500000000000e+01,2.985295885996641166e-10
6.271875000000000000e+01,3.056833097101779200e-10
6.273437500000000000e+01,3.092570157931119536e-10
6.275000000000000000e+01,3.112194780612886629e-10
6.276562500000000000e+01,3.087910831802499570e-10
6.278125000000000000e+01,3.090176644940239840e-10
6.279687500000000000e+01,3.242065775672377536e-10
6.281250000000000000e+01,3.533244636029700235e-10
6.282812500000000000e+01,3.832760580104982978e-10
6.284375000000000000e+01,4.009126207377147756e-10
6.285937500000000000e+01,4.006665933412599424e-10
6.287500000000000000e+01,3.880242707592946923e-10
6.289062500000000000e+01,3.748088889580603865e-10
6.290625000000000000e+01,3.640103150725788167e-10
6.292187500000000000e+01,3.589791225701160210e-10
6.293750000000000000e+01,3.618055827157770760e-10
6.295312500000000000e+01,3.560489349760213653e-10
6.296875000000000000e+01,3.400154187670703898e-10
6.298437500000000000e+01,3.372771423280226228e-10
6.300000000000000000e+01,3.566607331428733391e-10
6.301562500000000000e+01,3.846419669876348718e-10
6.303125000000000000e+01,4.061137524825136330e-10
6.304687500000000000e+01,4.089929150242628201e-10
6.306250000000000000e+01,3.923026909806106935e-10
6.307812500000000000e+01,3.723994441229070355e-10
6.309375000000000000e+01,3.621140732162171243e-10
6.310937500000000000e+01,3.561537195195047743e-10
6.312500000000000000e+01,3.515489321260318951e-10
6.314062500000000000e+01,3.532422493079650409e-10
6.315625000000000000e+01,3.535617758860037156e-10
6.317187500000000000e+01,3.399786787028247329e-10
6.318750000000000000e+01,3.199073116468302577e-10
6.320312500000000000e+01,3.078118591111448614e-10
6.321875000000000000e+01,3.099735302251792671e-10
6.323437500000000000e+01,3.269280688378716361e-10
6.325000000000000000e+01,3.390718996832435243e-10
6.326562500000000000e+01,3.299305478782564343e-10
6.328125000000000000e+01,3.173629088874115379e-10
6.329687500000000000e+01,3.253054467920341804e-10
6.331250000000000000e+01,3.429135818248023398e-10
6.332812500000000000e+01,3.518190099058715155e-10
6.334375000000000000e+01,3.659082517876284915e-10
6.335937500000000000e+01,4.011701876511780403e-10
6.337500000000000000e+01,4.325436840889541440e-10
6.339062500000000000e+01,4.342213446186513540e-10
6.340625000000000000e+01,4.155057982401371098e-10
6.342187500000000000e+01,3.897842427080903631e-10
6.343750000000000000e+01,3.533366094916060965e-10
6.345312500000000000e+01,3.178181341511432845e-10
6.346875000000000000e+01,3.141771951673649112e-10
6.348437500000000000e+01,3.409380691619970716e-10
6.350000000000000000e+01,3.699846403546553822e-10
6.351562500000000000e+01,3.883785391542242295e-10
6.353125000000000000e+01,3.888437652440679054e-10
6.354687500000000000e+01,3.712034758295505797e-10
6.356250000000000000e+01,3.579977709520648744e-10
6.357812500000000000e+01,3.748432429128974285e-10
6.359375000000000000e+01,4.182725335242717530e-10
6.360937500000000000e+01,4.625460607082380846e-10
6.362500000000000000e+01,4.847338648147973542e-10
6.364062500000000000e+01,4.820672215006474864e-10
6.365625000000000000e+01,4.674963511766886819e-10
6.367187500000000000e+01,4.508571507987479371e-10
6.368750000000000000e+01,4.276778177092182369e-10
6.370312500000000000e+01,3.928937244016917567e-10
6.371875000000000000e+01,3.671959623011071503e-10
6.373437500000000000e+01,3.700080891356660723e-10
6.375000000000000000e+01,3.819920219083633111e-10
6.376562500000000000e+01,3.881165931454221168e-10
6.378125000000000000e+01,3.968744162421299421e-10
6.379687500000000000e+01,4.080995368380897889e-10
6.381250000000000000e+01,4.066248545246429849e-10
6.382812500000000000e+01,3.809042816683794419e-10
6.384375000000000000e+01,3.387249032434569232e-10
6.385937500000000000e+01,3.043986410079416457e-10
6.387500000000000000e+01,2.877031906387156708e-10
6.389062500000000000e+01,2.764287053633734809e-10
6.390625000000000000e+01,2.678885674039923730e-10
6.392187500000000000e+01,2.735359353301391616e-10
6.393750000000000000e+01,2.902853805430360931e-10
6.395312500000000000e+01,2.971978650117194114e-10
6.396875000000000000e+01,2.851333479586194843e-10
6.398437500000000000e+01,2.637861240031316924e-10
6.400000000000000000e+01,2.440778143671248218e-10
6.401562500000000000e+01,2.339458533413152009e-10
6.403125000000000000e+01,2.395133622485794555e-10
6.404687500000000000e+01,2.563429584828855318e-10
6.406250000000000000e+01,2.803571907690293454e-10
6.407812500000000000e+01,3.033975353896790343e-10
6.409375000000000000e+01,3.083503188286720866e-10
6.410937500000000000e+01,3.005699654351335805e-10
6.412500000000000000e+01,3.125474524269683744e-10
6.414062500000000000e+01,3.456673213246131292e-10
6.415625000000000000e+01,3.666205495102769116e-10
6.417187500000000000e+01,3.645908357205590755e-10
6.418750000000000000e+01,3.577508888661109644e-10
6.420312500000000000e+01,3.580864175848123446e-10
6.421875000000000000e+01,3.504683618910849256e-10
6.423437500000000000e+01,3.262814748256558547e-10
6.425000000000000000e+01,3.262141799979381616e-10
6.426562500000000000e+01,4.030024533296971753e-10
6.428125000000000000e+01,5.136463926959334314e-10
6.429687500000000000e+01,5.844287122669347489e-10
6.431250000000000000e+01,5.973919139496793442e-10
6.432812500000000000e+01,5.774566799780262426e-10
6.434375000000000000e+01,5.402954513901736783e-10
6.435937500000000000e+01,4.904475770564714529e-10
6.437500000000000000e+01,4.584537207241689475e-10
6.439062500000000000e+01,4.621430826518540742e-10
6.440625000000000000e+01,4.582443585866048581e-10
6.442187500000000000e+01,4.203977026784667686e-10
6.443750000000000000e+01,3.741215794452296125e-10
6.445312500000000000e+01,3.375392094518266338e-10
6.446875000000000000e+01,3.046887182661170892e-10
6.448437500000000000e+01,2.834704898406270755e-10
6.450000000000000000e+01,2.922095770964144917e-10
6.451562500000000000e+01,3.224462603080981482e-10
6.453125000000000000e+01,3.455163670703193373e-10
6.454687500000000000e+01,3.535005597479943413e-10
6.456250000000000000e+01,3.627179709664177731e-10
6.457812500000000000e+01,3.823896991504081875e-10
6.459375000000000000e+01,4.002628533629686962e-10
6.460937500000000000e+01,4.007716380976560431e-10
6.462500000000000000e+01,3.781449262150497040e-10
6.464062500000000000e+01,3.416830325323594273e-10
6.465625000000000000e+01,3.085125034659513109e-10
6.467187500000000000e+01,2.851645083982344917e-10
6.468750000000000000e+01,2.693615175593064989e-10
6.470312500000000000e+01,2.613409433540146719e-10
6.471875000000000000e+01,2.661926429671007469e-10
6.473437500000000000e+01,2.838626442411107317e-10
6.475000000000000000e+01,3.044285413282026297e-10
6.476562500000000000e+01,3.194979576603230433e-10
6.478125000000000000e+01,3.248736175558127931e-10
6.479687500000000000e+01,3.208159719621859147e-10
6.481250000000000000e+01,3.127698139358482196e-10
6.482812500000000000e+01,3.009644563946608990e-10
6.484375000000000000e+01,2.826573126721751169e-10
6.485937500000000000e+01,2.688097901294280928e-10
6.487500000000000000e+01,2.645085075808441554e-10
6.489062500000000000e+01,2.521098220653674662e-10
6.490625000000000000e+01,2.269060284731479076e-10
6.492187500000000000e+01,2.099566155397110597e-10
6.493750000000000000e+01,2.117935093568097106e-10
6.495312500000000000e+01,2.262711033750867883e-10
6.496875000000000000e+01,2.627345286439662172e-10
6.498437500000000000e+01,3.172718525818746602e-10
6.500000000000000000e+01,3.595178271433696149e-10
6.501562500000000000e+01,3.812455043235319907e-10
6.503125000000000000e+01,4.076265989960110508e-10
6.504687500000000000e+01,4.464539653532655507e-10
6.506250000000000000e+01,4.687351953520880579e-10
6.507812500000000000e+01,4.534716566032933862e-10
6.509375000000000000e+01,4.119568459394074627e-10
6.510937500000000000e+01,3.700153841109253887e-10
6.512500000000000000e+01,3.404802873170196719e-10
6.514062500000000000e+01,3.248102788454880385e-10
6.515625000000000000e+01,3.191040730156387614e-10
6.517187500000000000e+01,3.219305655927860903e-10
6.518750000000000000e+01,3.408425182181291322e-10
6.520312500000000000e+01,3.704579297023985232e-10
6.521875000000000000e+01,3.940684735860726698e-10
6.523437500000000000e+01,4.004669094307815561e-10
6.525000000000000000e+01,3.900783340836487879e-10
6.526562500000000000e+01,3.814836079184294702e-10
6.528125000000000000e+01,3.877155096184888300e-10
6.529687500000000000e+01,3.907726318809508276e-10
6.531250000000000000e+01,3.773251135678791817e-10
6.532812500000000000e+01,3.634229807424955272e-10
6.534375000000000000e+01,3.661298065468356720e-10
6.535937500000000000e+01,3.766432391519266798e-10
6.537500000000000000e+01,3.820082398691817217e-10
6.539062500000000000e+01,3.926581420222936464e-10
6.540625000000000000e+01,4.235265185268079157e-10
6.542187500000000000e+01,4.586440803582379730e-10
6.543750000000000000e+01,4.743759190542256674e-10
6.545312500000000000e+01,4.780419688086756870e-10
6.546875000000000000e+01,4.905234961774281523e-10
6.548437500000000000e+01,5.043204734173559731e-10
6.550000000000000000e+01,4.979535642267677772e-10
6.551562500000000000e+01,4.698996655685404229e-10
6.553125000000000000e+01,4.326329769972550424e-10
6.554687500000000000e+01,3.998673778978661581e-10
6.556250000000000000e+01,3.732698116441065386e-10
6.557812500000000000e+01,3.435815581315061549e-10
6.559375000000000000e+01,3.181370246905256584e-10
6.560937500000000000e+01,3.136379093215257926e-10
6.562500000000000000e+01,3.283609746541272915e-10
6.564062500000000000e+01,3.496801895498684677e-10
6.565625000000000000e+01,3.702016848243120937e-10
6.567187500000000000e+01,3.850553419917368006e-10
6.568750000000000000e+01,3.913858312392543496e-10
6.570312500000000000e+01,4.030807720370695551e-10
6.571875000000000000e+01,4.316383696534425989e-10
6.573437500000000000e+01,4.579192519663311270e-10
6.575000000000000000e+01,4.672229468241589195e-10
6.576562500000000000e+01,4.696840873198756681e-10
6.578125000000000000e+01,4.688715040961689432e-10
6.579687500000000000e+01,4.526246792109984744e-10
6.581250000000000000e+01,4.212257223706894123e-10
6.582812500000000000e+01,3.927350662663495860e-10
6.584375000000000000e+01,3.733523874687110084e-10
6.585937500000000000e+01,3.496796456785677376e-10
6.587500000000000000e+01,3.241552619948120914e-10
6.589062500000000000e+01,3.093611893176994324e-10
6.590625000000000000e+01,2.970738343372428973e-10
6.592187500000000000e+01,2.823096053057853856e-10
6.593750000000000000e+01,2.740974621553801500e-10
6.595312500000000000e+01,2.868072756414031624e-10
6.596875000000000000e+01,3.296968691098697785e-10
6.598437500000000000e+01,3.837357979941201696e-10
6.600000000000000000e+01,4.246917538578721990e-10
6.601562500000000000e+01,4.521571814994311427e-10
6.603125000000000000e+01,4.688562574658852086e-10
6.604687500000000000e+01,4.640636580580231816e-10
6.606250000000000000e+01,4.393059233563845743e-10
6.607812500000000000e+01,4.183901214396755513e-10
6.609375000000000000e+01,4.165535326539333932e-10
6.610937500000000000e+01,4.186148607713463899e-10
6.612500000000000000e+01,4.090865466537741291e-10
6.614062500000000000e+01,3.925335377632565668e-10
6.615625000000000000e+01,3.801796060204740300e-10
6.617187500000000000e+01,3.783531577446671986e-10
6.618750000000000000e+01,3.809039656121088249e-10
6.620312500000000000e+01,3.780222705619137507e-10
6.621875000000000000e+01,3.719321618422146482e-10
6.623437500000000000e+01,3.684551489058212975e-10
6.625000000000000000e+01,3.664927478032188527e-10
6.626562500000000000e+01,3.605355477486150735e-10
6.628125000000000000e+01,3.460612180250445575e-10
6.629687500000000000e+01,3.245930044413761975e-10
6.631250000000000000e+01,2.992613238370299849e-10
6.632812500000000000e+01,2.765363267575442780e-10
6.634375000000000000e+01,2.678294746798351248e-10
6.635937500000000000e+01,2.744761826087404606e-10
6.637500000000000000e+01,2.854756950599187233e-10
6.639062500000000000e+01,2.858610755001986649e-10
6.640625000000000000e+01,2.703780372270270333e-10
6.642187500000000000e+01,2.525357637655913336e-10
6.643750000000000000e+01,2.461293777684416931e-10
6.645312500000000000e+01,2.461561195402071481e-10
6.646875000000000000e+01,2.404701385213805866e-10
6.648437500000000000e+01,2.283629566076423550e-10
6.650000000000000000e+01,2.231567332132302073e-10
6.651562500000000000e+01,2.348234734741934917e-10
6.653125000000000000e+01,2.527575258238169868e-10
6.654687500000000000e+01,2.600407696739728940e-10
6.656250000000000000e+01,2.562923272143153690e-10
6.657812500000000000e+01,2.557187766684381789e-10
6.659375000000000000e+01,2.639706247877237538e-10
6.660937500000000000e+01,2.695861661723938164e-10
6.662500000000000000e+01,2.672948988818592532e-10
6.664062500000000000e+01,2.691419600279782028e-10
6.665625000000000000e+01,2.824701852456727501e-10
6.667187500000000000e+01,3.037712843360381103e-10
6.668750000000000000e+01,3.269978047969185788e-10
6.670312500000000000e+01,3.397560816307296932e-10
6.671875000000000000e+01,3.381013290660837037e-10
6.673437500000000000e+01,3.287558837737466504e-10
6.675000000000000000e+01,3.180156410253186172e-10
6.676562500000000000e+01,3.124587442946291954e-10
6.678125000000000000e+01,3.057919677980336010e-10
6.679687500000000000e+01,2.901542130951059665e-10
6.681250000000000000e+01,2.833891025279353098e-10
6.682812500000000000e+01,3.039114691527666902e-10
6.684375000000000000e+01,3.323405970039008433e-10
6.685937500000000000e+01,3.384978099575608621e-10
6.687500000000000000e+01,3.200392550179117209e-10
6.689062500000000000e+01,3.045404033337536989e-10
6.690625000000000000e+01,3.077677292231090563e-10
6.692187500000000000e+01,3.103657299594759958e-10
6.693750000000000000e+01,2.981010215676943886e-10
6.695312500000000000e+01,2.789852273321545319e-10
6.696875000000000000e+01,2.687712996783982206e-10
6.698437500000000000e+01,2.709024154403654394e-10
6.700000000000000000e+01,2.725238395771020504e-10
6.701562500000000000e+01,2.654899408957440334e-10
6.703125000000000000e+01,2.553014584949101106e-10
6.704687500000000000e+01,2.498305767452804015e-10
6.706250000000000000e+01,2.459149838522438439e-10
6.707812500000000000e+01,2.371417338708627864e-10
6.709375000000000000e+01,2.255714638745772610e-10
6.710937500000000000e+01,2.154852022814289519e-10
6.712500000000000000e+01,2.087289748439324692e-10
6.714062500000000000e+01,2.045564419731820455e-10
6.715625000000000000e+01,1.997393152400628826e-10
6.717187500000000000e+01,1.934835994948809933e-10
6.718750000000000000e+01,1.898284971677307573e-10
6.720312500000000000e+01,1.937569968250787557e-10
6.721875000000000000e+01,2.038197483786217728e-10
6.723437500000000000e+01,2.129170959202366316e-10
6.725000000000000000e+01,2.240418998161754400e-10
6.726562500000000000e+01,2.493248842566412378e-10
6.728125000000000000e+01,2.831259576154486852e-10
6.729687500000000000e+01,3.059717467604365891e-10
6.731250000000000000e+01,3.103009406077436617e-10
6.732812500000000000e+01,3.031755373186657305e-10
6.734375000000000000e+01,2.908243300115108796e-10
6.735937500000000000e+01,2.713500967119207514e-10
6.737500000000000000e+01,2.451315489554137696e-10
6.739062500000000000e+01,2.232223614158785126e-10
6.740625000000000000e+01,2.130902005912237208e-10
6.742187500000000000e+01,2.087177131999902958e-10
6.743750000000000000e+01,2.090021660997250485e-10
6.745312500000000000e+01,2.153027018101510551e-10
6.746875000000000000e+01,2.209797651237969191e-10
6.748437500000000000e+01,2.250521482295251588e-10
6.750000000000000000e+01,2.333069355155753053e-10
6.751562500000000000e+01,2.415608174263083541e-10
6.753125000000000000e+01,2.399358036791644368e-10
6.754687500000000000e+01,2.286821447586526302e-10
6.756250000000000000e+01,2.219664129983466477e-10
6.757812500000000000e+01,2.314140430234407668e-10
6.759375000000000000e+01,2.440684957027292027e-10
6.760937500000000000e+01,2.420565337728202390e-10
6.762500000000000000e+01,2.286367173353479221e-10
6.764062500000000000e+01,2.162175891690398399e-10
6.765625000000000000e+01,2.051985351482606094e-10
6.767187500000000000e+01,1.930559565597112915e-10
6.768750000000000000e+01,1.822805668058842208e-10
6.770312500000000000e+01,1.744152118648776226e-10
6.771875000000000000e+01,1.739681302226165214e-10
6.773437500000000000e+01,1.874401609426793662e-10
6.775000000000000000e+01,2.126988244827487505e-10
6.776562500000000000e+01,2.442525380737386680e-10
6.778125000000000000e+01,2.775422525583041972e-10
6.779687500000000000e+01,3.039998074380625824e-10
6.781250000000000000e+01,3.156275873645803295e-10
6.782812500000000000e+01,3.127789590539550831e-10
6.784375000000000000e+01,3.067545872262549314e-10
6.785937500000000000e+01,3.098251560340099702e-10
6.787500000000000000e+01,3.188738794914428167e-10
6.789062500000000000e+01,3.262020803077231115e-10
6.790625000000000000e+01,3.324377727371311698e-10
6.792187500000000000e+01,3.348296889079389243e-10
6.793750000000000000e+01,3.310401153409349198e-10
6.795312500000000000e+01,3.266303945223708078e-10
6.796875000000000000e+01,3.223860041082259894e-10
6.798437500000000000e+01,3.186536397745212801e-10
6.800000000000000000e+01,3.185321579365359659e-10
6.801562500000000000e+01,3.128284608504820934e-10
6.803125000000000000e+01,2.930584987525551365e-10
6.804687500000000000e+01,2.726298687880698793e-10
6.806250000000000000e+01,2.727895548098787181e-10
6.807812500000000000e+01,2.908418759451484366e-10
6.809375000000000000e+01,3.084721212823541716e-10
6.810937500000000000e+01,3.227908824239990393e-10
6.812500000000000000e+01,3.383312465557095176e-10
6.814062500000000000e+01,3.445198677204078520e-10
6.815625000000000000e+01,3.340599547476453811e-10
6.817187500000000000e+01,3.186150386225525425e-10
6.818750000000000000e+01,3.108988122337167733e-10
6.820312500000000000e+01,3.222662557783921870e-10
6.821875000000000000e+01,3.505775735250579157e-10
6.823437500000000000e+01,3.689622471468790973e-10
6.825000000000000000e+01,3.656927117045967114e-10
6.826562500000000000e+01,3.574284992331491466e-10
6.828125000000000000e+01,3.560001823484703835e-10
6.829687500000000000e+01,3.519592889885078653e-10
6.831250000000000000e+01,3.412370393951982095e-10
6.832812500000000000e+01,3.283359195975562085e-10
6.834375000000000000e+01,3.095391485254342215e-10
6.835937500000000000e+01,2.888233911626509442e-10
6.837500000000000000e+01,2.809040515648535418e-10
6.839062500000000000e+01,2.861647420972864512e-10
6.840625000000000000e+01,2.896053625680465304e-10
6.842187500000000000e+01,2.770288874992578440e-10
6.843750000000000000e+01,2.508081390659777120e-10
6.845312500000000000e+01,2.335290449453650355e-10
6.846875000000000000e+01,2.331895590117387354e-10
6.848437500000000000e+01,2.272247441334403015e-10
6.850000000000000000e+01,2.052184911850594361e-10
6.851562500000000000e+01,1.811109080755802319e-10
6.853125000000000000e+01,1.711612955662286632e-10
6.854687500000000000e+01,1.792752291552192326e-10
6.856250000000000000e+01,1.980602760728736975e-10
6.857812500000000000e+01,2.152362116827746927e-10
6.859375000000000000e+01,2.227790147620721067e-10
6.860937500000000000e+01,2.261958854969302532e-10
6.862500000000000000e+01,2.331171418469104108e-10
6.864062500000000000e+01,2.432426913999075119e-10
6.865625000000000000e+01,2.612537084214374044e-10
6.867187500000000000e+01,2.927990468727877760e-10
6.868750000000000000e+01,3.253368011928925148e-10
6.870312500000000000e+01,3.406805243137485969e-10
6.871875000000000000e+01,3.369378255009624539e-10
6.873437500000000000e+01,3.269765106259631445e-10
6.875000000000000000e+01,3.231269101056953160e-10
6.876562500000000000e+01,3.215731799559264805e-10
6.878125000000000000e+01,3.138522525679839699e-10
6.879687500000000000e+01,3.037959579098287635e-10
6.881250000000000000e+01,2.918662356348273355e-10
6.882812500000000000e+01,2.683750094998259169e-10
6.884375000000000000e+01,2.361849947150692888e-10
6.885937500000000000e+01,2.127097200489340677e-10
6.887500000000000000e+01,2.031331904037802741e-10
6.889062500000000000e+01,1.975309451958772331e-10
6.890625000000000000e+01,1.930343763399128353e-10
6.892187500000000000e+01,1.919174541015371038e-10
6.893750000000000000e+01,1.941744836166905177e-10
6.895312500000000000e+01,2.056839676824476090e-10
6.896875000000000000e+01,2.334784476344146943e-10
6.898437500000000000e+01,2.720411972202665240e-10
6.900000000000000000e+01,3.065839599578550971e-10
6.901562500000000000e+01,3.208656883116587440e-10
6.903125000000000000e+01,3.074415700603225486e-10
6.904687500000000000e+01,2.776952341890161562e-10
6.906250000000000000e+01,2.607798171516135670e-10
6.907812500000000000e+01,2.777062118562391380e-10
6.909375000000000000e+01,3.110282744175559488e-10
6.910937500000000000e+01,3.298143476621436871e-10
6.912500000000000000e+01,3.239939562449288707e-10
6.914062500000000000e+01,3.062959228331251748e-10
6.915625000000000000e+01,2.912984304510053946e-10
6.917187500000000000e+01,2.848318756782882737e-10
6.918750000000000000e+01,2.919093820033033929e-10
6.920312500000000000e+01,3.116566615867601971e-10
6.921875000000000000e+01,3.363677105542589162e-10
6.923437500000000000e+01,3.604817502498049463e-10
6.925000000000000000e+01,3.798427751420050001e-10
6.926562500000000000e+01,3.903767316851674082e-10
6.928125000000000000e+01,3.920272374305944678e-10
6.929687500000000000e+01,3.822968164124878147e-10
6.931250000000000000e+01,3.601804053400641716e-10
6.932812500000000000e+01,3.502101916770858328e-10
6.934375000000000000e+01,3.753215467676077919e-10
6.935937500000000000e+01,4.060988474592217106e-10
6.937500000000000000e+01,4.054622862491356363e-10
6.939062500000000000e+01,3.769007205873174805e-10
6.940625000000000000e+01,3.503978481814981588e-10
6.942187500000000000e+01,3.362326844016231323e-10
6.943750000000000000e+01,3.225585013724450011e-10
6.945312500000000000e+01,3.180549599546294246e-10
6.946875000000000000e+01,3.339291586015556711e-10
6.948437500000000000e+01,3.506302604129265229e-10
6.950000000000000000e+01,3.523254520588527613e-10
6.951562500000000000e+01,3.448980692576766961e-10
6.953125000000000000e+01,3.374892355415807834e-10
6.954687500000000000e+01,3.355651965011799994e-10
6.956250000000000000e+01,3.438846090479242313e-10
6.957812500000000000e+01,3.548838836336324135e-10
6.959375000000000000e+01,3.528200745371112810e-10
6.960937500000000000e+01,3.418344235897648078e-10
6.962500000000000000e+01,3.433353496198472207e-10
6.964062500000000000e+01,3.582681175882855907e-10
6.965625000000000000e+01,3.653957703250994813e-10
6.967187500000000000e+01,3.582688226380974118e-10
6.968750000000000000e+01,3.520146315880270835e-10
6.970312500000000000e+01,3.637640938118198655e-10
6.971875000000000000e+01,3.937614702016615939e-10
6.973437500000000000e+01,4.216899475439283492e-10
6.975000000000000000e+01,4.307479412678966643e-10
6.976562500000000000e+01,4.215234957507632540e-10
6.978125000000000000e+01,4.097334846795714324e-10
6.979687500000000000e+01,4.147712123127719382e-10
6.981250000000000000e+01,4.302542769796492834e-10
6.982812500000000000e+01,4.325425785265794703e-10
6.984375000000000000e+01,4.249079105564202853e-10
6.985937500000000000e+01,4.331605644382822899e-10
6.987500000000000000e+01,4.522909855825440558e-10
6.989062500000000000e+01,4.524228052737721843e-10
6.990625000000000000e+01,4.328101620938073536e-10
6.992187500000000000e+01,4.127504841631377926e-10
6.993750000000000000e+01,3.973738984197942204e-10
6.995312500000000000e+01,3.869942240976950273e-10
6.996875000000000000e+01,3.894626069795703232e-10
6.998437500000000000e+01,4.067695383661736377e-10
7.000000000000000000e+01,4.288326822930458874e-10
7.001562500000000000e+01,4.517446499744973154e-10
7.003125000000000000e+01,4.882492341494511717e-10
7.004687500000000000e+01,5.336447139558150093e-10
7.006250000000000000e+01,5.490743216021403401e-10
7.007812500000000000e+01,5.152428991251381795e-10
7.009375000000000000e+01,4.705937236589002141e-10
7.010937500000000000e+01,4.602574916280844960e-10
7.012500000000000000e+01,4.682102981059586137e-10
7.014062500000000000e+01,4.656404154593014389e-10
7.015625000000000000e+01,4.529060715542421880e-10
7.017187500000000000e+01,4.354780220877095666e-10
7.018750000000000000e+01,4.115793202777481313e-10
7.020312500000000000e+01,3.780464777548655927e-10
7.021875000000000000e+01,3.516799401346391657e-10
7.023437500000000000e+01,3.632499938180713912e-10
7.025000000000000000e+01,4.031564601284816013e-10
7.026562500000000000e+01,4.376658781241359876e-10
7.028125000000000000e+01,4.511991440208666393e-10
7.029687500000000000e+01,4.413187201152286555e-10
7.031250000000000000e+01,4.151810906051279615e-10
7.032812500000000000e+01,3.907871036641832157e-10
7.034375000000000000e+01,3.774655232527008565e-10
7.035937500000000000e+01,3.690335923320277356e-10
7.037500000000000000e+01,3.624540118286731515e-10
7.039062500000000000e+01,3.622768703047642319e-10
7.040625000000000000e+01,3.614713955405240704e-10
7.042187500000000000e+01,3.460051511576276166e-10
7.043750000000000000e+01,3.195417610447087417e-10
7.045312500000000000e+01,2.972687182727021074e-10
7.046875000000000000e+01,2.932903457112871430e-10
7.048437500000000000e+01,3.141136883171545640e-10
7.050000000000000000e+01,3.495530586613076274e-10
7.051562500000000000e+01,3.835562149297233143e-10
7.053125000000000000e+01,4.021727119158326996e-10
7.054687500000000000e+01,3.986813405962932405e-10
7.056250000000000000e+01,3.853162755801618590e-10
7.057812500000000000e+01,3.827188660350589152e-10
7.059375000000000000e+01,3.920687317552365212e-10
7.060937500000000000e+01,4.025032219202673029e-10
7.062500000000000000e+01,4.038542549649385932e-10
7.064062500000000000e+01,3.892609297768323211e-10
7.065625000000000000e+01,3.701203285859099601e-10
7.067187500000000000e+01,3.636449612854911117e-10
7.068750000000000000e+01,3.728419627928886095e-10
7.070312500000000000e+01,3.954436421815078304e-10
7.071875000000000000e+01,4.191700101844916281e-10
7.073437500000000000e+01,4.361701204087588697e-10
7.075000000000000000e+01,4.557192655435523099e-10
7.076562500000000000e+01,4.698375588452686765e-10
7.078125000000000000e+01,4.530048202257290103e-10
7.079687500000000000e+01,4.026566694565049972e-10
7.081250000000000000e+01,3.527817299466027505e-10
7.082812500000000000e+01,3.389303585728943315e-10
7.084375000000000000e+01,3.451223558738259367e-10
7.085937500000000000e+01,3.393436625598313363e-10
7.087500000000000000e+01,3.223827877724841368e-10
7.089062500000000000e+01,3.061924691013329354e-10
7.090625000000000000e+01,2.930362721509676707e-10
7.092187500000000000e+01,2.834239962253345407e-10
7.093750000000000000e+01,2.779952777242576861e-10
7.095312500000000000e+01,2.766634048301363661e-10
7.096875000000000000e+01,2.743355554675356710e-10
7.098437500000000000e+01,2.620972981038161130e-10
7.100000000000000000e+01,2.444504846477902259e-10
7.101562500000000000e+01,2.339742673049764079e-10
7.103125000000000000e+01,2.352093734975748598e-10
7.104687500000000000e+01,2.491355161022816598e-10
7.106250000000000000e+01,2.681112558281601231e-10
7.107812500000000000e+01,2.792881557014260764e-10
7.109375000000000000e+01,2.834635886717135668e-10
7.110937500000000000e+01,2.852849305690740100e-10
7.112500000000000000e+01,2.822149280885751222e-10
7.114062500000000000e+01,2.872815853912574567e-10
7.115625000000000000e+01,3.180160645116080102e-10
7.117187500000000000e+01,3.581232845702479315e-10
7.118750000000000000e+01,3.897349966416575169e-10
7.120312500000000000e+01,4.054368906774948869e-10
7.121875000000000000e+01,3.895174017111236135e-10
7.123437500000000000e+01,3.463914314584851569e-10
7.125000000000000000e+01,3.238044459300525251e-10
7.126562500000000000e+01,3.389711581789915737e-10
7.128125000000000000e+01,3.411628601335579366e-10
7.129687500000000000e+01,3.072211335278891940e-10
7.131250000000000000e+01,2.648210572989246742e-10
7.132812500000000000e+01,2.417922464406688039e-10
7.134375000000000000e+01,2.343122040896133313e-10
7.135937500000000000e+01,2.309774022455766627e-10
7.137500000000000000e+01,2.277892306663112806e-10
7.139062500000000000e+01,2.242973551215457853e-10
7.140625000000000000e+01,2.247026420007661213e-10
7.142187500000000000e+01,2.342449458985892684e-10
7.143750000000000000e+01,2.531460506318475272e-10
7.145312500000000000e+01,2.751150203004439118e-10
7.146875000000000000e+01,2.988376208796084780e-10
7.148437500000000000e+01,3.314668020523642510e-10
7.150000000000000000e+01,3.686322770472971409e-10
7.151562500000000000e+01,3.966029716380227031e-10
7.153125000000000000e+01,4.051052025576099667e-10
7.154687500000000000e+01,3.901051607593881031e-10
7.156250000000000000e+01,3.671160910925957029e-10
7.157812500000000000e+01,3.595823326494018593e-10
7.159375000000000000e+01,3.582601457702558380e-10
7.160937500000000000e+01,3.519881232476695332e-10
7.162500000000000000e+01,3.534990711008773196e-10
7.164062500000000000e+01,3.604726435138914914e-10
7.165625000000000000e+01,3.644102719257113619e-10
7.167187500000000000e+01,3.696582021908724714e-10
7.168750000000000000e+01,3.768524454784743847e-10
7.170312500000000000e+01,3.766574598700450423e-10
7.171875000000000000e+01,3.629839243843274867e-10
7.173437500000000000e+01,3.402899093390668012e-10
7.175000000000000000e+01,3.279510871448132203e-10
7.176562500000000000e+01,3.421379149510513148e-10
7.178125000000000000e+01,3.652488318920842110e-10
7.179687500000000000e+01,3.747428069892113561e-10
7.181250000000000000e+01,3.706300137141638738e-10
7.182812500000000000e+01,3.644792089870289486e-10
7.184375000000000000e+01,3.618443683800869605e-10
7.185937500000000000e+01,3.612031979074408176e-10
7.187500000000000000e+01,3.585255758154422345e-10
7.189062500000000000e+01,3.527367262919867931e-10
7.190625000000000000e+01,3.456821066053009449e-10
7.192187500000000000e+01,3.348187352959927660e-10
7.193750000000000000e+01,3.224433136548994345e-10
7.195312500000000000e+01,3.141554153773321110e-10
7.196875000000000000e+01,3.051285135646184144e-10
7.198437500000000000e+01,2.961768820902487669e-10
7.200000000000000000e+01,2.968420919835113162e-10
7.201562500000000000e+01,3.055645389863763279e-10
7.203125000000000000e+01,3.118311259737506007e-10
7.204687500000000000e+01,3.197894102314226434e-10
7.206250000000000000e+01,3.432675981586716628e-10
7.207812500000000000e+01,3.737900003392783735e-10
7.209375000000000000e+01,3.906472719600340628e-10
7.210937500000000000e+01,3.888798151284545402e-10
7.212500000000000000e+01,3.879653267219300049e-10
7.214062500000000000e+01,4.041292427096249543e-10
7.215625000000000000e+01,4.153146582264491961e-10
7.217187500000000000e+01,3.968845067926829228e-10
7.218750000000000000e+01,3.572609405245178265e-10
7.220312500000000000e+01,3.222063357570798236e-10
7.221875000000000000e+01,3.066590133944839040e-10
7.223437500000000000e+01,3.034154420191612413e-10
7.225000000000000000e+01,2.962337042759235030e-10
7.226562500000000000e+01,2.763835259504598036e-10
7.228125000000000000e+01,2.509517087917272125e-10
7.229687500000000000e+01,2.373893156592150162e-10
7.231250000000000000e+01,2.382793990892708815e-10
7.232812500000000000e+01,2.459491191475025656e-10
7.234375000000000000e+01,2.640907877073799779e-10
7.235937500000000000e+01,2.919241925713942416e-10
7.237500000000000000e+01,3.148925059901752884e-10
7.239062500000000000e+01,3.202449103936581757e-10
7.240625000000000000e+01,3.063089052943717449e-10
7.242187500000000000e+01,2.879988000960905920e-10
7.243750000000000000e+01,2.899391261306629056e-10
7.245312500000000000e+01,3.106885339579528930e-10
7.246875000000000000e+01,3.258005562834896721e-10
7.248437500000000000e+01,3.288582188930310986e-10
7.250000000000000000e+01,3.372884540932929759e-10
7.251562500000000000e+01,3.632759455368643511e-10
7.253125000000000000e+01,3.935536035009493093e-10
7.254687500000000000e+01,4.062532013149369198e-10
7.256250000000000000e+01,3.894938023544351324e-10
7.257812500000000000e+01,3.544023709699203436e-10
7.259375000000000000e+01,3.328747515753115793e-10
7.260937500000000000e+01,3.364252513191022665e-10
7.262500000000000000e+01,3.467191600045885767e-10
7.264062500000000000e+01,3.584795284772139094e-10
7.265625000000000000e+01,3.741943819060024897e-10
7.267187500000000000e+01,3.862920823267808719e-10
7.268750000000000000e+01,4.010818821239725184e-10
7.270312500000000000e+01,4.363695928187547811e-10
7.271875000000000000e+01,4.741662018385456607e-10
7.273437500000000000e+01,4.743468244137565671e-10
7.275000000000000000e+01,4.319212872736670377e-10
7.276562500000000000e+01,3.822315147019029871e-10
7.278125000000000000e+01,3.524871114732194644e-10
7.279687500000000000e+01,3.341566614201289277e-10
7.281250000000000000e+01,3.103614636387891677e-10
7.282812500000000000e+01,2.778032563731770843e-10
7.284375000000000000e+01,2.433733164810125412e-10
7.285937500000000000e+01,2.143609142654320686e-10
7.287500000000000000e+01,1.952290843101222080e-10
7.289062500000000000e+01,1.838343254190658629e-10
7.290625000000000000e+01,1.721824930203686552e-10
7.292187500000000000e+01,1.632926607229246259e-10
7.293750000000000000e+01,1.693189149864246644e-10
7.295312500000000000e+01,1.851225375308922336e-10
7.296875000000000000e+01,1.970109959529151798e-10
7.298437500000000000e+01,2.004747215905788962e-10
7.300000000000000000e+01,1.934595747876221955e-10
7.301562500000000000e+01,1.758580771286443912e-10
7.303125000000000000e+01,1.545507566081003755e-10
7.304687500000000000e+01,1.381675242785348394e-10
7.306250000000000000e+01,1.323613265514669667e-10
7.307812500000000000e+01,1.396351823236111432e-10
7.309375000000000000e+01,1.548903078965952028e-10
7.310937500000000000e+01,1.723207238165808518e-10
7.312500000000000000e+01,1.875665710101585238e-10
7.314062500000000000e+01,1.925060679624218257e-10
7.315625000000000000e+01,1.874942404468203570e-10
7.317187500000000000e+01,1.867424704672024252e-10
7.318750000000000000e+01,1.955628993432369353e-10
7.320312500000000000e+01,2.047075590666875882e-10
7.321875000000000000e+01,2.102421113836357178e-10
7.323437500000000000e+01,2.132739962609207701e-10
7.325000000000000000e+01,2.102698097182315434e-10
7.326562500000000000e+01,2.022756516709404137e-10
7.328125000000000000e+01,2.022708458712861992e-10
7.329687500000000000e+01,2.167230813406694405e-10
7.331250000000000000e+01,2.342308540317974080e-10
7.332812500000000000e+01,2.442790368557175630e-10
7.334375000000000000e+01,2.504278017743573743e-10
7.335937500000000000e+01,2.549297435932294615e-10
7.337500000000000000e+01,2.512889789672542760e-10
7.339062500000000000e+01,2.416330457080773482e-10
7.340625000000000000e+01,2.378957399916277660e-10
7.342187500000000000e+01,2.442671894401212710e-10
7.343750000000000000e+01,2.525804165286146846e-10
7.345312500000000000e+01,2.550026483640962405e-10
7.346875000000000000e+01,2.500616381568421190e-10
7.348437500000000000e+01,2.465854876123645580e-10
7.350000000000000000e+01,2.664987393043494609e-10
7.351562500000000000e+01,3.132245516153414433e-10
7.353125000000000000e+01,3.579823053426697214e-10
7.354687500000000000e+01,3.764518785665095201e-10
7.356250000000000000e+01,3.638774367769731092e-10
7.357812500000000000e+01,3.278677743998900713e-10
7.359375000000000000e+01,2.901585475579982351e-10
7.360937500000000000e+01,2.808496032023976300e-10
7.362500000000000000e+01,2.939746695106305290e-10
7.364062500000000000e+01,2.961649134178645817e-10
7.365625000000000000e+01,2.877774391872122098e-10
7.367187500000000000e+01,2.914968217283417011e-10
7.368750000000000000e+01,3.021787672632030834e-10
7.370312500000000000e+01,3.093507284138173966e-10
7.371875000000000000e+01,3.206982664411534205e-10
7.373437500000000000e+01,3.362688576283379982e-10
7.375000000000000000e+01,3.463488839454453709e-10
7.376562500000000000e+01,3.409467367594669604e-10
7.378125000000000000e+01,3.197921594449330592e-10
7.379687500000000000e+01,3.016255459054177105e-10
7.381250000000000000e+01,3.046544510892815262e-10
7.382812500000000000e+01,3.235117545856061535e-10
7.384375000000000000e+01,3.361634510853337751e-10
7.385937500000000000e+01,3.287416462675295719e-10
7.387500000000000000e+01,3.063042519162709337e-10
7.389062500000000000e+01,2.796260562207829770e-10
7.390625000000000000e+01,2.538562585267010393e-10
7.392187500000000000e+01,2.317530890735385220e-10
7.393750000000000000e+01,2.204757997001817724e-10
7.395312500000000000e+01,2.225262200688519762e-10
7.396875000000000000e+01,2.213853500930694915e-10
7.398437500000000000e+01,2.074156240563858523e-10
7.400000000000000000e+01,1.975214720029413800e-10
7.401562500000000000e+01,2.012615968013943704e-10
7.403125000000000000e+01,2.060982691764917729e-10
7.404687500000000000e+01,2.119492637672117210e-10
7.406250000000000000e+01,2.287229702185024035e-10
7.407812500000000000e+01,2.566162624147771187e-10
7.409375000000000000e+01,2.876634466161162290e-10
7.410937500000000000e+01,3.115301015686562554e-10
7.412500000000000000e+01,3.198085840566444643e-10
7.414062500000000000e+01,3.134661752500351665e-10
7.415625000000000000e+01,3.073375699204636129e-10
7.417187500000000000e+01,3.109460215253033163e-10
7.418750000000000000e+01,3.125214535036880100e-10
7.420312500000000000e+01,3.030177962635881317e-10
7.421875000000000000e+01,2.873982115195626300e-10
7.423437500000000000e+01,2.745597353293740031e-10
7.425000000000000000e+01,2.677621100328619773e-10
7.426562500000000000e+01,2.631238558187645417e-10
7.428125000000000000e+01,2.633818215867124461e-10
7.429687500000000000e+01,2.767096009468299571e-10
7.431250000000000000e+01,2.980848155166362928e-10
7.432812500000000000e+01,3.118236449045457544e-10
7.434375000000000000e+01,3.126564330941954364e-10
7.435937500000000000e+01,3.122268507297920328e-10
7.437500000000000000e+01,3.141197744187538088e-10
7.439062500000000000e+01,3.048401182315373994e-10
7.440625000000000000e+01,2.806400026217212148e-10
7.442187500000000000e+01,2.599537010191172315e-10
7.443750000000000000e+01,2.603244194770023701e-10
7.445312500000000000e+01,2.660150707720471508e-10
7.446875000000000000e+01,2.627405595581620209e-10
7.448437500000000000e+01,2.646912987648456311e-10
7.450000000000000000e+01,2.787880817363924721e-10
7.451562500000000000e+01,2.988056163337308545e-10
7.453125000000000000e+01,3.224994467118945647e-10
7.454687500000000000e+01,3.450833901582079770e-10
7.456250000000000000e+01,3.569600809585322621e-10
7.457812500000000000e+01,3.521550337314824048e-10
7.459375000000000000e+01,3.496263527688486367e-10
7.460937500000000000e+01,3.845161378040911777e-10
7.462500000000000000e+01,4.423397405089267746e-10
7.464062500000000000e+01,4.773784516671745442e-10
7.465625000000000000e+01,4.884017667295654806e-10
7.467187500000000000e+01,5.079001009027479089e-10
7.468750000000000000e+01,5.378600207325254333e-10
7.470312500000000000e+01,5.548925320378555303e-10
7.471875000000000000e+01,5.581954216601569320e-10
7.473437500000000000e+01,5.608219919006667703e-10
7.475000000000000000e+01,5.592241168140843079e-10
7.476562500000000000e+01,5.592460097898797019e-10
7.478125000000000000e+01,5.825848271551163666e-10
7.479687500000000000e+01,6.155311750707157797e-10
7.481250000000000000e+01,6.325813251920909939e-10
7.482812500000000000e+01,6.430546314406499267e-10
7.484375000000000000e+01,6.660702366473917827e-10
7.485937500000000000e+01,6.902651997954735508e-10
7.487500000000000000e+01,6.897174679246790881e-10
7.489062500000000000e+01,6.676751277051635104e-10
7.490625000000000000e+01,6.503897337964885252e-10
7.492187500000000000e+01,6.411858031050297835e-10
7.493750000000000000e+01,6.254159072746963865e-10
7.495312500000000000e+01,6.088710137762811618e-10
7.496875000000000000e+01,6.056082055032273270e-10
7.498437500000000000e+01,6.137830768913240400e-10
7.500000000000000000e+01,6.216700646157206989e-10
7.501562500000000000e+01,6.066309262255688779e-10
7.503125000000000000e+01,5.541562977492370415e-10
7.504687500000000000e+01,4.905752439703999056e-10
7.506250000000000000e+01,4.528775312678282552e-10
7.507812500000000000e+01,4.396667328575762359e-10
7.509375000000000000e+01,4.400687781840013296e-10
7.510937500000000000e+01,4.580189098699531873e-10
7.512500000000000000e+01,4.833091099460084992e-10
7.514062500000000000e+01,4.893740929007647864e-10
7.515625000000000000e+01,4.603698803844025833e-10
7.517187500000000000e+01,4.158858203616844016e-10
7.518750000000000000e+01,3.962571239128299533e-10
7.520312500000000000e+01,4.009580097313165432e-10
7.521875000000000000e+01,3.950859778486585900e-10
7.523437500000000000e+01,3.684468086837964762e-10
7.525000000000000000e+01,3.413169004315885780e-10
7.526562500000000000e+01,3.323727820330292977e-10
7.528125000000000000e+01,3.361245944593690412e-10
7.529687500000000000e+01,3.407004009617064901e-10
7.531250000000000000e+01,3.462685950156141005e-10
7.532812500000000000e+01,3.434761020274112901e-10
7.534375000000000000e+01,3.171899906684955500e-10
7.535937500000000000e+01,2.814084578314014003e-10
7.537500000000000000e+01,2.654709657139056949e-10
7.539062500000000000e+01,2.715962955318619972e-10
7.540625000000000000e+01,2.819109591652164576e-10
7.542187500000000000e+01,2.832673690563191295e-10
7.543750000000000000e+01,2.824216202897121743e-10
7.545312500000000000e+01,2.921572748375750343e-10
7.546875000000000000e+01,3.059983808701812850e-10
7.548437500000000000e+01,3.176333790454052217e-10
7.550000000000000000e+01,3.240270190118403499e-10
7.551562500000000000e+01,3.257959421700243888e-10
7.553125000000000000e+01,3.436482054077637638e-10
7.554687500000000000e+01,3.865212800552577740e-10
7.556250000000000000e+01,4.334361416751029593e-10
7.557812500000000000e+01,4.744334871221485074e-10
7.559375000000000000e+01,5.150838796930436764e-10
7.560937500000000000e+01,5.520594872902187210e-10
7.562500000000000000e+01,5.782376676909328913e-10
7.564062500000000000e+01,5.916326879067772142e-10
7.565625000000000000e+01,5.907751240610022475e-10
7.567187500000000000e+01,5.864217692808680488e-10
7.568750000000000000e+01,5.997026751715998918e-10
7.570312500000000000e+01,6.273920392817050288e-10
7.571875000000000000e+01,6.421440224750657753e-10
7.573437500000000000e+01,6.257564994286546040e-10
7.575000000000000000e+01,5.803073747864771032e-10
7.576562500000000000e+01,5.266027708635479755e-10
7.578125000000000000e+01,4.932683462372149349e-10
7.579687500000000000e+01,4.885777962034072558e-10
7.581250000000000000e+01,4.858104445993746308e-10
7.582812500000000000e+01,4.528793330914234526e-10
7.584375000000000000e+01,3.939475499500776482e-10
7.585937500000000000e+01,3.485664470805581267e-10
7.587500000000000000e+01,3.400112364685066333e-10
7.589062500000000000e+01,3.490943035909056623e-10
7.590625000000000000e+01,3.563116114403272277e-10
7.592187500000000000e+01,3.584504639688873558e-10
7.593750000000000000e+01,3.584286643417127324e-10
7.595312500000000000e+01,3.572932283220535080e-10
7.596875000000000000e+01,3.543819680550038600e-10
7.598437500000000000e+01,3.497808885931790771e-10
7.600000000000000000e+01,3.409557722776521618e-10
7.601562500000000000e+01,3.220712323487706687e-10
7.603125000000000000e+01,2.890952734897215998e-10
7.604687500000000000e+01,2.528881085370850228e-10
7.606250000000000000e+01,2.405768437448889931e-10
7.607812500000000000e+01,2.600044338510006745e-10
7.609375000000000000e+01,2.844703477569657749e-10
7.610937500000000000e+01,2.871789592620952376e-10
7.612500000000000000e+01,2.644319991814735604e-10
7.614062500000000000e+01,2.435207143814197414e-10
7.615625000000000000e+01,2.472581759391346173e-10
7.617187500000000000e+01,2.617733362711044435e-10
7.618750000000000000e+01,2.788664585335379054e-10
7.620312500000000000e+01,2.981154587789644119e-10
7.621875000000000000e+01,3.061240223975735374e-10
7.623437500000000000e+01,2.984766279679940862e-10
7.625000000000000000e+01,2.894026958748319175e-10
7.626562500000000000e+01,2.896324745055730287e-10
7.628125000000000000e+01,2.967510658628157832e-10
7.629687500000000000e+01,3.070148121846410531e-10
7.631250000000000000e+01,3.188276746749187507e-10
7.632812500000000000e+01,3.260240108415585144e-10
7.634375000000000000e+01,3.204703670810726355e-10
7.635937500000000000e+01,3.072521510751476071e-10
7.637500000000000000e+01,3.030347287973702915e-10
7.639062500000000000e+01,3.153536286513395426e-10
7.640625000000000000e+01,3.313025049142281180e-10
7.642187500000000000e+01,3.332249070060320429e-10
7.643750000000000000e+01,3.302777187281073909e-10
7.645312500000000000e+01,3.511550954749901375e-10
7.646875000000000000e+01,3.890873204016747192e-10
7.648437500000000000e+01,4.167952407193984002e-10
7.650000000000000000e+01,4.367709616876796655e-10
7.651562500000000000e+01,4.617186698437495155e-10
7.653125000000000000e+01,4.781493729349004379e-10
7.654687500000000000e+01,4.729621160409033004e-10
7.656250000000000000e+01,4.623214267411877904e-10
7.657812500000000000e+01,4.683499563750030454e-10
7.659375000000000000e+01,4.884372893750532033e-10
7.660937500000000000e+01,5.027401002231706345e-10
7.662500000000000000e+01,5.008436710476949809e-10
7.664062500000000000e+01,4.866122107912398829e-10
7.665625000000000000e+01,4.553156983211995786e-10
7.667187500000000000e+01,4.001673452158230913e-10
7.668750000000000000e+01,3.430428074989285756e-10
7.670312500000000000e+01,3.219295036736361653e-10
7.671875000000000000e+01,3.424590117029606287e-10
7.673437500000000000e+01,3.741039676773191653e-10
7.675000000000000000e+01,3.920611671145959957e-10
7.676562500000000000e+01,3.906758910562485675e-10
7.678125000000000000e+01,3.811836259857007178e-10
7.679687500000000000e+01,3.940022547609816118e-10
7.681250000000000000e+01,4.543978051645353184e-10
7.682812500000000000e+01,5.358792475406390964e-10
7.684375000000000000e+01,5.896869054645928395e-10
7.685937500000000000e+01,5.988192643326741496e-10
7.687500000000000000e+01,5.724197753859717847e-10
7.689062500000000000e+01,5.177011954193021222e-10
7.690625000000000000e+01,4.473126197657417958e-10
7.692187500000000000e+01,3.987780807526592600e-10
7.693750000000000000e+01,4.048241343755784356e-10
7.695312500000000000e+01,4.422312106414404580e-10
7.696875000000000000e+01,4.647564060525437138e-10
7.698437500000000000e+01,4.572207624905388985e-10
7.700000000000000000e+01,4.336824771609596767e-10
7.701562500000000000e+01,4.080514140868490572e-10
7.703125000000000000e+01,3.796633885788008944e-10
7.704687500000000000e+01,3.405505654679514910e-10
7.706250000000000000e+01,3.007560778707439576e-10
7.707812500000000000e+01,2.893827803726107599e-10
7.709375000000000000e+01,3.003427433670988853e-10
7.710937500000000000e+01,3.024504834332969288e-10
7.712500000000000000e+01,2.919512411337811060e-10
7.714062500000000000e+01,2.854560944316306464e-10
7.715625000000000000e+01,2.865891571292597796e-10
7.717187500000000000e+01,2.843384363159076939e-10
7.718750000000000000e+01,2.808830590379313027e-10
7.720312500000000000e+01,2.848571943431632262e-10
7.721875000000000000e+01,2.947744326710153555e-10
7.723437500000000000e+01,3.163688240554551270e-10
7.725000000000000000e+01,3.463454747797817768e-10
7.726562500000000000e+01,3.597286626156664179e-10
7.728125000000000000e+01,3.499951804260591390e-10
7.729687500000000000e+01,3.358496688421275832e-10
7.731250000000000000e+01,3.272771708574394878e-10
7.732812500000000000e+01,3.185884873350916877e-10
7.734375000000000000e+01,3.088250386302691819e-10
7.735937500000000000e+01,3.019454620520642527e-10
7.737500000000000000e+01,3.004174159036412548e-10
7.739062500000000000e+01,3.104309441701503895e-10
7.740625000000000000e+01,3.350831315700445131e-10
7.742187500000000000e+01,3.587591731263079120e-10
7.743750000000000000e+01,3.583875742411766549e-10
7.745312500000000000e+01,3.304785557795624146e-10
7.746875000000000000e+01,2.975635848957791714e-10
7.748437500000000000e+01,2.925707346830428152e-10
7.750000000000000000e+01,3.291505961184148374e-10
7.751562500000000000e+01,3.816303187817607915e-10
7.753125000000000000e+01,4.164975204331403317e-10
7.754687500000000000e+01,4.258131039709360102e-10
7.756250000000000000e+01,4.232332331717616184e-10
7.757812500000000000e+01,4.177120897696643747e-10
7.759375000000000000e+01,4.102395932513115202e-10
7.760937500000000000e+01,4.037917454838838318e-10
7.762500000000000000e+01,4.037337626646141848e-10
7.764062500000000000e+01,4.115022384167263937e-10
7.765625000000000000e+01,4.259593630273915390e-10
7.767187500000000000e+01,4.414240016566174067e-10
7.768750000000000000e+01,4.379211542925713065e-10
7.770312500000000000e+01,4.107028086367839594e-10
7.771875000000000000e+01,3.882144857457630025e-10
7.773437500000000000e+01,3.893606346614093052e-10
7.775000000000000000e+01,4.027676386813173821e-10
7.776562500000000000e+01,4.129262448086493555e-10
7.778125000000000000e+01,4.090888997646125131e-10
7.779687500000000000e+01,3.934666995199293632e-10
7.781250000000000000e+01,3.793029345828397043e-10
7.782812500000000000e+01,3.717154101985620275e-10
7.784375000000000000e+01,3.696328314450369538e-10
7.785937500000000000e+01,3.754992293202279652e-10
7.787500000000000000e+01,3.937726148894389278e-10
7.789062500000000000e+01,4.229841365464503817e-10
7.790625000000000000e+01,4.499056283850900925e-10
7.792187500000000000e+01,4.676783069116139608e-10
7.793750000000000000e+01,4.799872227968262124e-10
7.795312500000000000e+01,4.830992332198033252e-10
7.796875000000000000e+01,4.677054629548431807e-10
7.798437500000000000e+01,4.364550420427728165e-10
7.800000000000000000e+01,4.015605938389891656e-10
7.801562500000000000e+01,3.706178720698097735e-10
7.803125000000000000e+01,3.553074784654809910e-10
7.804687500000000000e+01,3.619067650697525810e-10
7.806250000000000000e+01,3.761959816097331087e-10
7.807812500000000000e+01,3.848923802660320438e-10
7.809375000000000000e+01,3.899492981227101017e-10
7.810937500000000000e+01,4.100054335629876631e-10
7.812500000000000000e+01,4.438911318737827970e-10
7.814062500000000000e+01,4.644086263601210644e-10
7.815625000000000000e+01,4.838711535993606918e-10
7.817187500000000000e+01,5.366929200917719820e-10
7.818750000000000000e+01,6.089485519335838001e-10
7.820312500000000000e+01,6.846342088571183384e-10
7.821875000000000000e+01,7.593776495857718272e-10
7.823437500000000000e+01,7.985165769604754304e-10
7.825000000000000000e+01,7.809306836024816246e-10
7.826562500000000000e+01,7.340141215556820747e-10
7.828125000000000000e+01,6.875418864540559314e-10
7.829687500000000000e+01,6.470846101841256110e-10
7.831250000000000000e+01,6.150229101158968434e-10
7.832812500000000000e+01,5.848258422715428210e-10
7.834375000000000000e+01,5.435705182368248775e-10
7.835937500000000000e+01,5.031001892093732932e-10
7.837500000000000000e+01,4.871244353977388130e-10
7.839062500000000000e+01,4.891429142999369751e-10
7.840625000000000000e+01,4.890613953812144310e-10
7.842187500000000000e+01,4.818147725604460425e-10
7.843750000000000000e+01,4.712162082318472849e-10
7.845312500000000000e+01,4.676521889022198318e-10
7.846875000000000000e+01,4.870343473177483325e-10
7.848437500000000000e+01,5.270556353448125462e-10
7.850000000000000000e+01,5.597810824267064399e-10
7.851562500000000000e+01,5.734045804946494950e-10
7.853125000000000000e+01,5.816327286450930957e-10
7.854687500000000000e+01,5.812893368626500603e-10
7.856250000000000000e+01,5.625147978036267493e-10
7.857812500000000000e+01,5.568605442981474103e-10
7.859375000000000000e+01,5.918811724616168847e-10
7.860937500000000000e+01,6.291497157353501393e-10
7.862500000000000000e+01,6.206470921398492276e-10
7.864062500000000000e+01,5.676679662419017758e-10
7.865625000000000000e+01,5.230832646650047597e-10
7.867187500000000000e+01,5.394361364016986990e-10
7.868750000000000000e+01,5.962580225439073642e-10
7.870312500000000000e+01,6.552913013247966692e-10
7.871875000000000000e+01,7.216853905601054534e-10
7.873437500000000000e+01,7.835492168658663096e-10
7.875000000000000000e+01,7.952998007986550536e-10
7.876562500000000000e+01,7.677108640779191847e-10
7.878125000000000000e+01,7.800067286534626556e-10
7.879687500000000000e+01,8.441381817697000861e-10
7.881250000000000000e+01,8.934786066038254423e-10
7.882812500000000000e+01,8.904440012103583945e-10
7.884375000000000000e+01,8.442388400613892865e-10
7.885937500000000000e+01,8.032258447352214768e-10
7.887500000000000000e+01,7.968698543973641149e-10
7.889062500000000000e+01,7.986506955550107100e-10
7.890625000000000000e+01,8.012485459623367862e-10
7.892187500000000000e+01,8.294174061270453057e-10
7.893750000000000000e+01,8.813028023091942178e-10
7.895312500000000000e+01,9.347322903555147860e-10
7.896875000000000000e+01,9.934769104192021615e-10
7.898437500000000000e+01,1.070010151636936620e-09
7.900000000000000000e+01,1.137987204202179310e-09
7.901562500000000000e+01,1.151699148768722841e-09
7.903125000000000000e+01,1.091170775148088600e-09
7.904687500000000000e+01,9.740550933312371599e-10
7.906250000000000000e+01,8.328765599769913528e-10
7.907812500000000000e+01,6.848598141319939438e-10
7.909375000000000000e+01,5.502887741716710452e-10
7.910937500000000000e+01,4.629629873263140877e-10
7.912500000000000000e+01,4.403610105019147068e-10
7.914062500000000000e+01,4.741823872577332188e-10
7.915625000000000000e+01,5.157295257426708679e-10
7.917187500000000000e+01,5.251067004270983124e-10
7.918750000000000000e+01,5.245989408497776992e-10
7.920312500000000000e+01,5.463340766456600819e-10
7.921875000000000000e+01,5.779040606183327400e-10
7.923437500000000000e+01,5.892626845386054349e-10
7.925000000000000000e+01,5.650799500364638392e-10
7.926562500000000000e+01,5.142920481079155676e-10
7.928125000000000000e+01,4.570805891589123404e-10
7.929687500000000000e+01,4.137533841213599922e-10
7.931250000000000000e+01,4.066126714646218209e-10
7.932812500000000000e+01,4.254464923069378056e-10
7.934375000000000000e+01,4.328002246606001576e-10
7.935937500000000000e+01,4.230506856255130520e-10
7.937500000000000000e+01,4.248490041981974431e-10
7.939062500000000000e+01,4.499402827291189137e-10
7.940625000000000000e+01,4.827529762711635300e-10
7.942187500000000000e+01,5.127064238813224683e-10
7.943750000000000000e+01,5.379763339192219906e-10
7.945312500000000000e+01,5.592983695507968795e-10
7.946875000000000000e+01,5.809216336865722658e-10
7.948437500000000000e+01,6.068983563300356555e-10
7.950000000000000000e+01,6.464100620040230873e-10
7.951562500000000000e+01,7.011091565201200800e-10
7.953125000000000000e+01,7.389449497512424502e-10
7.954687500000000000e+01,7.265148582679461925e-10
7.956250000000000000e+01,6.740019197416619004e-10
7.957812500000000000e+01,6.134467188306071735e-10
7.959375000000000000e+01,5.595262445672079910e-10
7.960937500000000000e+01,5.250762983105166547e-10
7.962500000000000000e+01,5.094525070037209835e-10
7.964062500000000000e+01,4.847998243977053600e-10
7.965625000000000000e+01,4.548816021765529819e-10
7.967187500000000000e+01,4.443509780213156218e-10
7.968750000000000000e+01,4.399375950709884553e-10
7.970312500000000000e+01,4.313364322341491779e-10
7.971875000000000000e+01,4.378918848909699394e-10
7.973437500000000000e+01,4.580334439832151271e-10
7.975000000000000000e+01,4.657343235671578845e-10
7.976562500000000000e+01,4.553002560325409879e-10
7.978125000000000000e+01,4.453836386778737470e-10
7.979687500000000000e+01,4.406979203873990559e-10
7.981250000000000000e+01,4.293521405840305001e-10
7.982812500000000000e+01,4.159534798030934692e-10
7.984375000000000000e+01,4.169099879444751177e-10
7.985937500000000000e+01,4.276723868219054773e-10
7.987500000000000000e+01,4.251789267945517876e-10
7.989062500000000000e+01,4.020360481860620602e-10
7.990625000000000000e+01,3.777723141222195635e-10
7.992187500000000000e+01,3.815789246272753713e-10
7.993750000000000000e+01,4.237961539332946715e-10
7.995312500000000000e+01,4.804745096634722454e-10
7.996875000000000000e+01,5.246205774441365971e-10
7.998437500000000000e+01,5.422728890109882017e-10
8.000000000000000000e+01,5.374418243344467772e-10
8.001562500000000000e+01,5.379118539582075310e-10
8.003125000000000000e+01,5.487315501185065518e-10
8.004687500000000000e+01,5.582999072800544090e-10
8.006250000000000000e+01,5.764689464930465615e-10
8.007812500000000000e+01,5.909119624300719962e-10
8.009375000000000000e+01,5.738063607553430001e-10
8.010937500000000000e+01,5.416845261217877395e-10
8.012500000000000000e+01,5.508098048388989691e-10
8.014062500000000000e+01,6.086895452780616576e-10
8.015625000000000000e+01,6.564322103184972074e-10
8.017187500000000000e+01,6.594517233936236922e-10
8.018750000000000000e+01,6.489238247792684541e-10
8.020312500000000000e+01,6.880567178716698351e-10
8.021875000000000000e+01,7.646662565572979626e-10
8.023437500000000000e+01,8.023121098408728709e-10
8.025000000000000000e+01,7.632531155524623984e-10
8.026562500000000000e+01,6.638502646356762397e-10
8.028125000000000000e+01,5.566757420516309802e-10
8.029687500000000000e+01,5.026384047640878428e-10
8.031250000000000000e+01,5.098899648086718146e-10
8.032812500000000000e+01,5.378051345153629100e-10
8.034375000000000000e+01,5.572667827774458568e-10
8.035937500000000000e+01,5.598294700785621362e-10
8.037500000000000000e+01,5.589199226767926769e-10
8.039062500000000000e+01,5.791821477550154006e-10
8.040625000000000000e+01,6.214491288997595309e-10
8.042187500000000000e+01,6.638402865247705431e-10
8.043750000000000000e+01,6.974997688035606159e-10
8.045312500000000000e+01,7.320279403396124723e-10
8.046875000000000000e+01,7.731548477194084139e-10
8.048437500000000000e+01,8.195121983487151364e-10
8.050000000000000000e+01,8.633815719106695843e-10
8.051562500000000000e+01,8.991968460649339971e-10
8.053125000000000000e+01,9.332229637881105920e-10
8.054687500000000000e+01,9.636221105996851800e-10
8.056250000000000000e+01,9.589564232486134495e-10
8.057812500000000000e+01,9.038556599739098149e-10
8.059375000000000000e+01,8.420845645959669582e-10
8.060937500000000000e+01,8.283465887107469369e-10
8.062500000000000000e+01,8.580517857213319340e-10
8.064062500000000000e+01,8.768734546405492621e-10
8.065625000000000000e+01,8.415134273056991404e-10
8.067187500000000000e+01,7.629494462259207995e-10
8.068750000000000000e+01,7.027655814821706572e-10
8.070312500000000000e+01,6.892113229250164508e-10
8.071875000000000000e+01,6.744543395840511748e-10
8.073437500000000000e+01,6.343194240697826273e-10
8.075000000000000000e+01,6.022049078136492505e-10
8.076562500000000000e+01,5.910454284413252209e-10
8.078125000000000000e+01,5.756906698379735066e-10
8.079687500000000000e+01,5.518248175410183028e-10
8.081250000000000000e+01,5.392196462661968954e-10
8.082812500000000000e+01,5.394707766672882364e-10
8.084375000000000000e+01,5.333686279944419653e-10
8.085937500000000000e+01,5.170594084684581689e-10
8.087500000000000000e+01,5.051170156558802435e-10
8.089062500000000000e+01,4.943014703704141380e-10
8.090625000000000000e+01,4.727529900776010475e-10
8.092187500000000000e+01,4.485604312541983375e-10
8.093750000000000000e+01,4.371071742060693930e-10
8.095312500000000000e+01,4.535687664092661056e-10
8.096875000000000000e+01,4.862568754828144364e-10
8.098437500000000000e+01,4.951046008805673607e-10
8.100000000000000000e+01,4.658067030931274911e-10
8.101562500000000000e+01,4.103510980944464329e-10
8.103125000000000000e+01,3.527088790522251289e-10
8.104687500000000000e+01,3.330712428946576637e-10
8.106250000000000000e+01,3.539344811542795575e-10
8.107812500000000000e+01,3.741008818684795859e-10
8.109375000000000000e+01,3.800719849524700610e-10
8.110937500000000000e+01,3.900621938926850591e-10
8.112500000000000000e+01,4.219854881656536592e-10
8.114062500000000000e+01,4.668646319887527371e-10
8.115625000000000000e+01,4.990816159176308015e-10
8.117187500000000000e+01,5.074064840009198459e-10
8.118750000000000000e+01,5.019134279830788476e-10
8.120312500000000000e+01,4.892934337793532190e-10
8.121875000000000000e+01,4.690317543530398575e-10
8.123437500000000000e+01,4.610771964404304391e-10
8.125000000000000000e+01,4.780519337428690565e-10
8.126562500000000000e+01,4.988268997226404131e-10
8.128125000000000000e+01,5.020754475771994469e-10
8.129687500000000000e+01,4.777311511620031806e-10
8.131250000000000000e+01,4.367794768199222554e-10
8.132812500000000000e+01,4.059876600235486220e-10
8.134375000000000000e+01,3.868399336083213005e-10
8.135937500000000000e+01,3.594221301509302307e-10
8.137500000000000000e+01,3.218743012934713936e-10
8.139062500000000000e+01,2.842717934461663191e-10
8.140625000000000000e+01,2.500167231098857566e-10
8.142187500000000000e+01,2.279031538775454562e-10
8.143750000000000000e+01,2.413628540018814097e-10
8.145312500000000000e+01,2.873772303428690111e-10
8.146875000000000000e+01,3.335541796464700473e-10
8.148437500000000000e+01,3.727700209455116242e-10
8.150000000000000000e+01,4.160229934599902183e-10
8.151562500000000000e+01,4.570057205637869879e-10
8.153125000000000000e+01,4.774619214996329508e-10
8.154687500000000000e+01,4.809865514567676777e-10
8.156250000000000000e+01,4.900577766552284985e-10
8.157812500000000000e+01,5.044857573863491622e-10
8.159375000000000000e+01,5.045606156626266911e-10
8.160937500000000000e+01,4.813479189782434871e-10
8.162500000000000000e+01,4.425053782355212355e-10
8.164062500000000000e+01,4.048101146086037421e-10
8.165625000000000000e+01,3.794300295607316615e-10
8.167187500000000000e+01,3.647075828985239969e-10
8.168750000000000000e+01,3.534301145963473217e-10
8.170312500000000000e+01,3.400797837572735248e-10
8.171875000000000000e+01,3.235760850686794273e-10
8.173437500000000000e+01,3.102931774366246375e-10
8.175000000000000000e+01,3.136931155303071448e-10
8.176562500000000000e+01,3.368771037590289101e-10
8.178125000000000000e+01,3.598092450105278053e-10
8.179687500000000000e+01,3.674504835128831632e-10
8.181250000000000000e+01,3.728029723644733340e-10
8.182812500000000000e+01,3.947850995275894778e-10
8.184375000000000000e+01,4.280443705924483955e-10
8.185937500000000000e+01,4.509919284041991047e-10
8.187500000000000000e+01,4.521500303876347375e-10
8.189062500000000000e+01,4.423974542198160964e-10
8.190625000000000000e+01,4.349669506693154757e-10
8.192187500000000000e+01,4.338055155072306170e-10
8.193750000000000000e+01,4.303213503758956186e-10
8.195312500000000000e+01,4.036676896030921283e-10
8.196875000000000000e+01,3.528794057229469239e-10
8.198437500000000000e+01,3.046607769403544752e-10
8.200000000000000000e+01,2.824700684304741695e-10
8.201562500000000000e+01,2.789391937174085895e-10
8.203125000000000000e+01,2.703685024937856675e-10
8.204687500000000000e+01,2.465043754272213386e-10
8.206250000000000000e+01,2.174454909402389384e-10
8.207812500000000000e+01,2.064605521247088631e-10
8.209375000000000000e+01,2.170162017804040287e-10
8.210937500000000000e+01,2.271333440758656065e-10
8.212500000000000000e+01,2.309925258957924516e-10
8.214062500000000000e+01,2.396399996947366067e-10
8.215625000000000000e+01,2.517964211621113938e-10
8.217187500000000000e+01,2.525915473950085710e-10
8.218750000000000000e+01,2.434978018394883909e-10
8.220312500000000000e+01,2.483876860721086200e-10
8.221875000000000000e+01,2.724722411748990024e-10
8.223437500000000000e+01,2.959172539597902098e-10
8.225000000000000000e+01,3.127550446842439284e-10
8.226562500000000000e+01,3.290884774666378812e-10
8.228125000000000000e+01,3.425681779576420011e-10
8.229687500000000000e+01,3.520797193258351158e-10
8.231250000000000000e+01,3.668969109114695746e-10
8.232812500000000000e+01,3.825044082731248366e-10
8.234375000000000000e+01,3.828199991504874005e-10
8.235937500000000000e+01,3.710283599507413886e-10
8.237500000000000000e+01,3.691984401583073311e-10
8.239062500000000000e+01,3.763422164467965438e-10
8.240625000000000000e+01,3.673105069144043951e-10
8.242187500000000000e+01,3.488751576159830530e-10
8.243750000000000000e+01,3.481234497206511262e-10
8.245312500000000000e+01,3.626416460691313429e-10
8.246875000000000000e+01,3.847350858999125170e-10
8.248437500000000000e+01,4.179769732678742904e-10
8.250000000000000000e+01,4.633136960479179929e-10
8.251562500000000000e+01,5.130620455055311160e-10
8.253125000000000000e+01,5.450431885645370850e-10
8.254687500000000000e+01,5.440639102039766659e-10
8.256250000000000000e+01,5.222434116791754432e-10
8.257812500000000000e+01,4.982894639899722896e-10
8.259375000000000000e+01,4.767341533147222458e-10
8.260937500000000000e+01,4.566920763909167540e-10
8.262500000000000000e+01,4.323025671801941471e-10
8.264062500000000000e+01,4.046654730996264352e-10
8.265625000000000000e+01,3.955905657769701910e-10
8.267187500000000000e+01,4.044833612686653713e-10
8.268750000000000000e+01,4.057013916713864566e-10
8.270312500000000000e+01,4.044562465851349858e-10
8.271875000000000000e+01,4.157142233995389567e-10
8.273437500000000000e+01,4.180250356460043413e-10
8.275000000000000000e+01,3.965251479339700396e-10
8.276562500000000000e+01,3.794180285778216328e-10
8.278125000000000000e+01,3.975327978984049492e-10
8.279687500000000000e+01,4.394380626386737661e-10
8.281250000000000000e+01,4.755857724103734765e-10
8.282812500000000000e+01,4.918702518136164011e-10
8.284375000000000000e+01,4.978424058614216204e-10
8.285937500000000000e+01,5.170860201143094051e-10
8.287500000000000000e+01,5.556853195040057629e-10
8.289062500000000000e+01,5.871549495967896835e-10
8.290625000000000000e+01,5.821441303620546908e-10
8.292187500000000000e+01,5.410912687563883480e-10
8.293750000000000000e+01,4.844058450111208066e-10
8.295312500000000000e+01,4.463749959438030495e-10
8.296875000000000000e+01,4.731298470095204556e-10
8.298437500000000000e+01,5.332069631832006512e-10
8.300000000000000000e+01,5.671605664484585668e-10
8.301562500000000000e+01,5.927049478293439211e-10
8.303125000000000000e+01,6.613336469822398353e-10
8.304687500000000000e+01,7.839935860332074637e-10
8.306250000000000000e+01,9.214132019974234367e-10
8.307812500000000000e+01,1.017014654705501514e-09
8.309375000000000000e+01,1.049045945813238112e-09
8.310937500000000000e+01,1.043878015687758561e-09
8.312500000000000000e+01,1.036310877786473680e-09
8.314062500000000000e+01,1.042897108657714515e-09
8.315625000000000000e+01,1.070936355779149979e-09
8.317187500000000000e+01,1.121867645565653119e-09
8.318750000000000000e+01,1.176907000559658302e-09
8.320312500000000000e+01,1.215379777725231857e-09
8.321875000000000000e+01,1.232932505343361735e-09
8.323437500000000000e+01,1.229177492301133203e-09
8.325000000000000000e+01,1.199116810590331245e-09
8.326562500000000000e+01,1.141392681450633331e-09
8.328125000000000000e+01,1.080072794267172897e-09
8.329687500000000000e+01,1.024295891731281125e-09
8.331250000000000000e+01,9.638846653001844472e-10
8.332812500000000000e+01,9.143574909660072865e-10
8.334375000000000000e+01,8.700288127369461731e-10
8.335937500000000000e+01,8.108414996428957137e-10
8.337500000000000000e+01,7.373492859194875190e-10
8.339062500000000000e+01,6.668572263571324374e-10
8.340625000000000000e+01,6.346062464767337693e-10
8.342187500000000000e+01,6.345310544136982335e-10
8.343750000000000000e+01,6.173547212945513881e-10
8.345312500000000000e+01,5.727529727722944869e-10
8.346875000000000000e+01,5.295055362287365039e-10
8.348437500000000000e+01,5.005441893333040710e-10
8.350000000000000000e+01,4.807860090481309689e-10
8.351562500000000000e+01,4.684007951864872288e-10
8.353125000000000000e+01,4.548404438885664422e-10
8.354687500000000000e+01,4.277944551292981750e-10
8.356250000000000000e+01,3.859508223743476353e-10
8.357812500000000000e+01,3.461472442323138563e-10
8.359375000000000000e+01,3.253328481376680235e-10
8.360937500000000000e+01,3.148886876220950438e-10
8.362500000000000000e+01,3.046576373948104216e-10
8.364062500000000000e+01,3.067562598351815958e-10
8.365625000000000000e+01,3.338869646018091562e-10
8.367187500000000000e+01,3.765046159188334914e-10
8.368750000000000000e+01,4.237698158515035262e-10
8.370312500000000000e+01,4.696771559357572892e-10
8.371875000000000000e+01,5.011548266226779937e-10
8.373437500000000000e+01,5.190817380414857322e-10
8.375000000000000000e+01,5.441901693315571998e-10
8.376562500000000000e+01,5.811719815633622592e-10
8.378125000000000000e+01,6.083714860240125169e-10
8.379687500000000000e+01,6.054949772429294703e-10
8.381250000000000000e+01,5.756408334904473776e-10
8.382812500000000000e+01,5.455608058487929747e-10
8.384375000000000000e+01,5.444505090471547435e-10
8.385937500000000000e+01,5.658872099213379950e-10
8.387500000000000000e+01,5.695476858535495683e-10
8.389062500000000000e+01,5.302468473299345324e-10
8.390625000000000000e+01,4.600804283666321329e-10
8.392187500000000000e+01,3.931329862248975569e-10
8.393750000000000000e+01,3.418503172678047991e-10
8.395312500000000000e+01,2.963221120367039637e-10
8.396875000000000000e+01,2.683532282802925142e-10
8.398437500000000000e+01,2.644441189913270368e-10
8.400000000000000000e+01,2.666179783025084433e-10
8.401562500000000000e+01,2.691975290339860856e-10
8.403125000000000000e+01,2.761294291258296878e-10
8.404687500000000000e+01,2.882206680941923606e-10
8.406250000000000000e+01,3.049241789100595477e-10
8.407812500000000000e+01,3.202129449883694906e-10
8.409375000000000000e+01,3.229582128063394001e-10
8.410937500000000000e+01,3.193169017812326198e-10
8.412500000000000000e+01,3.333189439737617309e-10
8.414062500000000000e+01,3.639279037113252711e-10
8.415625000000000000e+01,3.885952550724522218e-10
8.417187500000000000e+01,4.044528321417931451e-10
8.418750000000000000e+01,4.234397206204043620e-10
8.420312500000000000e+01,4.437907151611348922e-10
8.421875000000000000e+01,4.525372158748608251e-10
8.423437500000000000e+01,4.496898116541958475e-10
8.425000000000000000e+01,4.514821248105575258e-10
8.426562500000000000e+01,4.643304733560804667e-10
8.428125000000000000e+01,4.758026383343628813e-10
8.429687500000000000e+01,4.802106538494411518e-10
8.431250000000000000e+01,4.829416044219825288e-10
8.432812500000000000e+01,4.801508781479777975e-10
8.434375000000000000e+01,4.717330189455309324e-10
8.435937500000000000e+01,4.719020386544922815e-10
8.437500000000000000e+01,4.819850608403673442e-10
8.439062500000000000e+01,4.894591474868293826e-10
8.440625000000000000e+01,4.878861938078272496e-10
8.442187500000000000e+01,4.739859556389511218e-10
8.443750000000000000e+01,4.476582186249746839e-10
8.445312500000000000e+01,4.217374096908019808e-10
8.446875000000000000e+01,4.100907643980326715e-10
8.448437500000000000e+01,4.119818770581463249e-10
8.450000000000000000e+01,4.158097829523766989e-10
8.451562500000000000e+01,4.094511615289217824e-10
8.453125000000000000e+01,4.003171346212886181e-10
8.454687500000000000e+01,4.062810216402913602e-10
8.456250000000000000e+01,4.159254395162541113e-10
8.457812500000000000e+01,4.083924312243651275e-10
8.459375000000000000e+01,3.849756449693067764e-10
8.460937500000000000e+01,3.682614535291515304e-10
8.462500000000000000e+01,3.878968367983769253e-10
8.464062500000000000e+01,4.328237724793877588e-10
8.465625000000000000e+01,4.733806780492296687e-10
8.467187500000000000e+01,5.032735225671595034e-10
8.468750000000000000e+01,5.146430036487538781e-10
8.470312500000000000e+01,4.962280656613835448e-10
8.471875000000000000e+01,4.671868652459402454e-10
8.473437500000000000e+01,4.593729780940083910e-10
8.475000000000000000e+01,4.745461359906937765e-10
8.476562500000000000e+01,5.000541365781772287e-10
8.478125000000000000e+01,5.210674395377144101e-10
8.479687500000000000e+01,5.259524453411694672e-10
8.481250000000000000e+01,5.188988838569285551e-10
8.482812500000000000e+01,5.198125232301573980e-10
8.484375000000000000e+01,5.408541035620214003e-10
8.485937500000000000e+01,5.616884600152382347e-10
8.487500000000000000e+01,5.698722972746745185e-10
8.489062500000000000e+01,6.044280465924623979e-10
8.490625000000000000e+01,6.914217909279313028e-10
8.492187500000000000e+01,7.780968832406101129e-10
8.493750000000000000e+01,8.164563080218571155e-10
8.495312500000000000e+01,8.167253666482603156e-10
8.496875000000000000e+01,7.864747208849082132e-10
8.498437500000000000e+01,7.209532351778317492e-10
8.500000000000000000e+01,6.645511559628150943e-10
8.501562500000000000e+01,6.468598826262240613e-10
8.503125000000000000e+01,6.327470224181387260e-10
8.504687500000000000e+01,6.147063485565485464e-10
8.506250000000000000e+01,6.247494957183250530e-10
8.507812500000000000e+01,6.569382095848197452e-10
8.509375000000000000e+01,6.725550277403767512e-10
8.510937500000000000e+01,6.760027273807885325e-10
8.512500000000000000e+01,7.072473724767022956e-10
8.514062500000000000e+01,7.610974417284718092e-10
8.515625000000000000e+01,8.067250627310786349e-10
8.517187500000000000e+01,8.467337986389739800e-10
8.518750000000000000e+01,8.766458859171454362e-10
8.520312500000000000e+01,8.819820730545866200e-10
8.521875000000000000e+01,8.752792699061318085e-10
8.523437500000000000e+01,8.590069492026915406e-10
8.525000000000000000e+01,8.069798963426885519e-10
8.526562500000000000e+01,7.206813756993784793e-10
8.528125000000000000e+01,6.552321644656057019e-10
8.529687500000000000e+01,6.382499480216834431e-10
8.531250000000000000e+01,6.292628480959477258e-10
8.532812500000000000e+01,5.974111753222105991e-10
8.534375000000000000e+01,5.532942127925311393e-10
8.535937500000000000e+01,5.197578323010135186e-10
8.537500000000000000e+01,4.933389237748527062e-10
8.539062500000000000e+01,4.636397842229365415e-10
8.540625000000000000e+01,4.451928411133400498e-10
8.542187500000000000e+01,4.423686581274054411e-10
8.543750000000000000e+01,4.538183298707823895e-10
8.545312500000000000e+01,5.035469532035696408e-10
8.546875000000000000e+01,5.864485088296654305e-10
8.548437500000000000e+01,6.603840323953533514e-10
8.550000000000000000e+01,6.977249412425685154e-10
8.551562500000000000e+01,7.149029199849553038e-10
8.553125000000000000e+01,7.483517661941674699e-10
8.554687500000000000e+01,7.990580276234788141e-10
8.556250000000000000e+01,8.584278452104679567e-10
8.557812500000000000e+01,9.179489741353001326e-10
8.559375000000000000e+01,9.617376026355044379e-10
8.560937500000000000e+01,1.003096658382126322e-09
8.562500000000000000e+01,1.056610813294236474e-09
8.564062500000000000e+01,1.090552404827951379e-09
8.565625000000000000e+01,1.062899418381046677e-09
8.567187500000000000e+01,9.819127988656099228e-10
8.568750000000000000e+01,9.039252247498135658e-10
8.570312500000000000e+01,8.574660125919750477e-10
8.571875000000000000e+01,8.144994568955701748e-10
8.573437500000000000e+01,7.647107791186020405e-10
8.575000000000000000e+01,7.276691843952690572e-10
8.576562500000000000e+01,6.948957027782707797e-10
8.578125000000000000e+01,6.594997379003755444e-10
8.579687500000000000e+01,6.712972416929399540e-10
8.581250000000000000e+01,7.573118028843839645e-10
8.582812500000000000e+01,8.643092463899340553e-10
8.584375000000000000e+01,9.419806177684666360e-10
8.585937500000000000e+01,9.788606039085916113e-10
8.587500000000000000e+01,9.973909230099189321e-10
8.589062500000000000e+01,1.019102006904672142e-09
8.590625000000000000e+01,1.026195773265940885e-09
8.592187500000000000e+01,1.009468307981444126e-09
8.593750000000000000e+01,1.005409355265224365e-09
8.595312500000000000e+01,1.034857417099889848e-09
8.596875000000000000e+01,1.108169993918276049e-09
8.598437500000000000e+01,1.221264976773515262e-09
8.600000000000000000e+01,1.285914237990821952e-09
8.601562500000000000e+01,1.235525221054715643e-09
8.603125000000000000e+01,1.131941763430728390e-09
8.604687500000000000e+01,1.086527908730571787e-09
8.606250000000000000e+01,1.103409779835791072e-09
8.607812500000000000e+01,1.119741699186722667e-09
8.609375000000000000e+01,1.113259916648527817e-09
8.610937500000000000e+01,1.092972057118302588e-09
8.612500000000000000e+01,1.048673501066528981e-09
8.614062500000000000e+01,9.445848588645436464e-10
8.615625000000000000e+01,8.124054381159184599e-10
8.617187500000000000e+01,7.736329204653813515e-10
8.618750000000000000e+01,8.301682029972462293e-10
8.620312500000000000e+01,8.743020836013569596e-10
8.621875000000000000e+01,8.930628149582862570e-10
8.623437500000000000e+01,9.472928426344320899e-10
8.625000000000000000e+01,1.040619335803341170e-09
8.626562500000000000e+01,1.108884876547401089e-09
8.628125000000000000e+01,1.150485414149868818e-09
8.629687500000000000e+01,1.226113633321082862e-09
8.631250000000000000e+01,1.329420657059087741e-09
8.632812500000000000e+01,1.399858155118788424e-09
8.634375000000000000e+01,1.421001637955869223e-09
8.635937500000000000e+01,1.424592403579596886e-09
8.637500000000000000e+01,1.438814919853416269e-09
8.639062500000000000e+01,1.462097546007214271e-09
8.640625000000000000e+01,1.494841305867969201e-09
8.642187500000000000e+01,1.568059163789052627e-09
8.643750000000000000e+01,1.674961591341916521e-09
8.645312500000000000e+01,1.738717625370265933e-09
8.646875000000000000e+01,1.707563303960305505e-09
8.648437500000000000e+01,1.601575274005588809e-09
8.650000000000000000e+01,1.502180962640682716e-09
8.651562500000000000e+01,1.505441162864804106e-09
8.653125000000000000e+01,1.600763191305194129e-09
8.654687500000000000e+01,1.694701461586563889e-09
8.656250000000000000e+01,1.756299657289531130e-09
8.657812500000000000e+01,1.805950326070219774e-09
8.659375000000000000e+01,1.828561011325127927e-09
8.660937500000000000e+01,1.774303140751022189e-09
8.662500000000000000e+01,1.656731605640751205e-09
8.664062500000000000e+01,1.550633161621542281e-09
8.665625000000000000e+01,1.470612029368595975e-09
8.667187500000000000e+01,1.385173762942021584e-09
8.668750000000000000e+01,1.315301687030081711e-09
8.670312500000000000e+01,1.333699652775031462e-09
8.671875000000000000e+01,1.432172998985459828e-09
8.673437500000000000e+01,1.485597524127591587e-09
8.675000000000000000e+01,1.410846591343344677e-09
8.676562500000000000e+01,1.236694219831689609e-09
8.678125000000000000e+01,1.039218855668457291e-09
8.679687500000000000e+01,8.722376249757792694e-10
8.681250000000000000e+01,7.724794979257468516e-10
8.682812500000000000e+01,7.538351144495276478e-10
8.684375000000000000e+01,7.664047371026069458e-10
8.685937500000000000e+01,7.394586858779526307e-10
8.687500000000000000e+01,6.599388898254905496e-10
8.689062500000000000e+01,5.854746424079417223e-10
8.690625000000000000e+01,5.609369620246743014e-10
8.692187500000000000e+01,5.702380229121728474e-10
8.693750000000000000e+01,5.958545547441285202e-10
8.695312500000000000e+01,6.129968322530427013e-10
8.696875000000000000e+01,5.943417413866309162e-10
8.698437500000000000e+01,5.607996344574206943e-10
8.700000000000000000e+01,5.566012355918336061e-10
8.701562500000000000e+01,5.789624995690233965e-10
8.703125000000000000e+01,5.991031348349015074e-10
8.704687500000000000e+01,6.216181092969450010e-10
8.706250000000000000e+01,6.721653938522315063e-10
8.707812500000000000e+01,7.425200816050912261e-10
8.709375000000000000e+01,7.809203587615144560e-10
8.710937500000000000e+01,7.629296542907913535e-10
8.712500000000000000e+01,7.375655684273799172e-10
8.714062500000000000e+01,7.553948092209122236e-10
8.715625000000000000e+01,7.858898658233667730e-10
8.717187500000000000e+01,7.981836973572803335e-10
8.718750000000000000e+01,7.942596008968846227e-10
8.720312500000000000e+01,7.639712748306513055e-10
8.721875000000000000e+01,7.123550068704873777e-10
8.723437500000000000e+01,6.754667213676630241e-10
8.725000000000000000e+01,6.791426328958517132e-10
8.726562500000000000e+01,7.156827923740897050e-10
8.728125000000000000e+01,7.597917653206252594e-10
8.729687500000000000e+01,8.003385063927899734e-10
8.731250000000000000e+01,8.491638463429838253e-10
8.732812500000000000e+01,9.128566370953854850e-10
8.734375000000000000e+01,9.736547810954475243e-10
8.735937500000000000e+01,1.013151898752799352e-09
8.737500000000000000e+01,1.020242723520374915e-09
8.739062500000000000e+01,9.783145738902920402e-10
8.740625000000000000e+01,8.988464986717845864e-10
8.742187500000000000e+01,8.448826437144694880e-10
8.743750000000000000e+01,8.509694023855378330e-10
8.745312500000000000e+01,8.649301295747326853e-10
8.746875000000000000e+01,8.348821942062911190e-10
8.748437500000000000e+01,7.684065975637338813e-10
8.750000000000000000e+01,6.904857796241685034e-10
8.751562500000000000e+01,6.176644174716991497e-10
8.753125000000000000e+01,5.785433902627229591e-10
8.754687500000000000e+01,5.785422819881582492e-10
8.756250000000000000e+01,5.827785652979582582e-10
8.757812500000000000e+01,5.772980875192185824e-10
8.759375000000000000e+01,5.801637967670643151e-10
8.760937500000000000e+01,5.914662589800617091e-10
8.762500000000000000e+01,5.847362182606603431e-10
8.764062500000000000e+01,5.578015809512436260e-10
8.765625000000000000e+01,5.417109606193560536e-10
8.767187500000000000e+01,5.494841808917862696e-10
8.768750000000000000e+01,5.589665103484705624e-10
8.770312500000000000e+01,5.443526020224107807e-10
8.771875000000000000e+01,5.058402262077834233e-10
8.773437500000000000e+01,4.914864998974297555e-10
8.775000000000000000e+01,5.369901245040414907e-10
8.776562500000000000e+01,5.908945569187797834e-10
8.778125000000000000e+01,6.027882098910046151e-10
8.779687500000000000e+01,5.898412469649297697e-10
8.781250000000000000e+01,5.939567509706254998e-10
8.782812500000000000e+01,6.068999746174354139e-10
8.784375000000000000e+01,6.067403202973303755e-10
8.785937500000000000e+01,6.187539215781088698e-10
8.787500000000000000e+01,6.679864257140084328e-10
8.789062500000000000e+01,7.414158082714075434e-10
8.790625000000000000e+01,7.949586284522838736e-10
8.792187500000000000e+01,7.928121198639648841e-10
8.793750000000000000e+01,7.613114906594663827e-10
8.795312500000000000e+01,7.644160532440967059e-10
8.796875000000000000e+01,8.209986951327476360e-10
8.798437500000000000e+01,8.722132560779581516e-10
8.800000000000000000e+01,8.624751752560650455e-10
8.801562500000000000e+01,8.170215187577865671e-10
8.803125000000000000e+01,8.045535680101864914e-10
8.804687500000000000e+01,8.256069414820061734e-10
8.806250000000000000e+01,8.151072863479752775e-10
8.807812500000000000e+01,7.687641358696727310e-10
8.809375000000000000e+01,7.616364316174434178e-10
8.810937500000000000e+01,8.058171910868124530e-10
8.812500000000000000e+01,8.226952966032914992e-10
8.814062500000000000e+01,7.766689446355494146e-10
8.815625000000000000e+01,7.107061087744400642e-10
8.817187500000000000e+01,6.858978048904327133e-10
8.818750000000000000e+01,7.212291465920772306e-10
8.820312500000000000e+01,7.946775083676738969e-10
8.821875000000000000e+01,8.743602703486226425e-10
8.823437500000000000e+01,9.332511147263133997e-10
8.825000000000000000e+01,9.580164464984794010e-10
8.826562500000000000e+01,9.458250946765097194e-10
8.828125000000000000e+01,9.104862185687153662e-10
8.829687500000000000e+01,8.798417520578012736e-10
8.831250000000000000e+01,8.648590838549682138e-10
8.832812500000000000e+01,8.568659016953859664e-10
8.834375000000000000e+01,8.455421437282514768e-10
8.835937500000000000e+01,8.299368649345761385e-10
8.837500000000000000e+01,8.034927594906459338e-10
8.839062500000000000e+01,7.471694529746555779e-10
8.840625000000000000e+01,6.630496468406021509e-10
8.842187500000000000e+01,5.794593933365451402e-10
8.843750000000000000e+01,5.197027738220431398e-10
8.845312500000000000e+01,4.844749943535909246e-10
8.846875000000000000e+01,4.582879418135923570e-10
8.848437500000000000e+01,4.298492568791084306e-10
8.850000000000000000e+01,4.033549162983676426e-10
8.851562500000000000e+01,3.828351409318254793e-10
8.853125000000000000e+01,3.700448421441486676e-10
8.854687500000000000e+01,3.750429422542161091e-10
8.856250000000000000e+01,4.017712471103641968e-10
8.857812500000000000e+01,4.285812598047331194e-10
8.859375000000000000e+01,4.338166215199908994e-10
8.860937500000000000e+01,4.222662712275394006e-10
8.862500000000000000e+01,4.205494038565189598e-10
8.864062500000000000e+01,4.489609155725954724e-10
8.865625000000000000e+01,4.925818176339685685e-10
8.867187500000000000e+01,5.261956601414007402e-10
8.868750000000000000e+01,5.352138481814651807e-10
8.870312500000000000e+01,5.098557764363284435e-10
8.871875000000000000e+01,4.620085936485575232e-10
8.873437500000000000e+01,4.238810489080051265e-10
8.875000000000000000e+01,4.074715940728268088e-10
8.876562500000000000e+01,4.131401677913464574e-10
8.878125000000000000e+01,4.417460812260874405e-10
8.879687500000000000e+01,4.710961577674805888e-10
8.881250000000000000e+01,4.822139687068438741e-10
8.882812500000000000e+01,4.764608168842986563e-10
8.884375000000000000e+01,4.678304768420746378e-10
8.885937500000000000e+01,4.766204305583856946e-10
8.887500000000000000e+01,4.995709765154384779e-10
8.889062500000000000e+01,5.129019575564163446e-10
8.890625000000000000e+01,5.069399537788011206e-10
8.892187500000000000e+01,4.933084498664832756e-10
8.893750000000000000e+01,4.947859243560475944e-10
8.895312500000000000e+01,5.130960175892906405e-10
8.896875000000000000e+01,5.300655346468277661e-10
8.898437500000000000e+01,5.497656725721655742e-10
8.900000000000000000e+01,5.719787675044923804e-10
8.901562500000000000e+01,5.679243416088816328e-10
8.903125000000000000e+01,5.267952691156346364e-10
8.904687500000000000e+01,4.717313519951436106e-10
8.906250000000000000e+01,4.361011185282803046e-10
8.907812500000000000e+01,4.335431713025336945e-10
8.909375000000000000e+01,4.450843506691161878e-10
8.910937500000000000e+01,4.621847128643555373e-10
8.912500000000000000e+01,4.967293449129956730e-10
8.914062500000000000e+01,5.298910015791432369e-10
8.915625000000000000e+01,5.292385013124236424e-10
8.917187500000000000e+01,5.020252309878036004e-10
8.918750000000000000e+01,4.848190076918787714e-10
8.920312500000000000e+01,4.923855398836444091e-10
8.921875000000000000e+01,5.078754072290686453e-10
8.923437500000000000e+01,5.254301099834600978e-10
8.925000000000000000e+01,5.599883411529880255e-10
8.926562500000000000e+01,6.029370534373330904e-10
8.928125000000000000e+01,6.261107306670972451e-10
8.929687500000000000e+01,6.295588649105347873e-10
8.931250000000000000e+01,6.262674571920620050e-10
8.932812500000000000e+01,6.121720737118229531e-10
8.934375000000000000e+01,5.875810116326941626e-10
8.935937500000000000e+01,5.739874727689865836e-10
8.937500000000000000e+01,5.849784862186369648e-10
8.939062500000000000e+01,6.052762546019594153e-10
8.940625000000000000e+01,6.135469030870983890e-10
8.942187500000000000e+01,5.970711892357447887e-10
8.943750000000000000e+01,5.583898206735365666e-10
8.945312500000000000e+01,5.160288002116349410e-10
8.946875000000000000e+01,4.925290142359706055e-10
8.948437500000000000e+01,4.908749451765745087e-10
8.950000000000000000e+01,4.776110164119799770e-10
8.951562500000000000e+01,4.306097125006839090e-10
8.953125000000000000e+01,3.723703535610836076e-10
8.954687500000000000e+01,3.311582925264017084e-10
8.956250000000000000e+01,3.100674017683947353e-10
8.957812500000000000e+01,3.043164870769822199e-10
8.959375000000000000e+01,3.114176632121761155e-10
8.960937500000000000e+01,3.258590668212739389e-10
8.962500000000000000e+01,3.383120479250386042e-10
8.964062500000000000e+01,3.396048192953883345e-10
8.965625000000000000e+01,3.341478069224300637e-10
8.967187500000000000e+01,3.444167983159549325e-10
8.968750000000000000e+01,3.804839459438208436e-10
8.970312500000000000e+01,4.301928979053876458e-10
8.971875000000000000e+01,4.714803817761248443e-10
8.973437500000000000e+01,4.850347068301472379e-10
8.975000000000000000e+01,4.787460007538420483e-10
8.976562500000000000e+01,4.678656787905494960e-10
8.978125000000000000e+01,4.424451492403911121e-10
8.979687500000000000e+01,3.982685267807306476e-10
8.981250000000000000e+01,3.563844766001076310e-10
8.982812500000000000e+01,3.287958066941489937e-10
8.984375000000000000e+01,3.104262552747184146e-10
8.985937500000000000e+01,3.058842440725710644e-10
8.987500000000000000e+01,3.083829468514424468e-10
8.989062500000000000e+01,3.019297608617438133e-10
8.990625000000000000e+01,3.016377978969198413e-10
8.992187500000000000e+01,3.317433164991415753e-10
8.993750000000000000e+01,3.741032704519143789e-10
8.995312500000000000e+01,3.968140446587211247e-10
8.996875000000000000e+01,3.886296986886750092e-10
8.998437500000000000e+01,3.581157988055656764e-10
9.000000000000000000e+01,3.267392956643620653e-10
9.001562500000000000e+01,3.094969240317871282e-10
9.003125000000000000e+01,2.983163488984653273e-10
9.004687500000000000e+01,2.817522631027205331e-10
9.006250000000000000e+01,2.703735590495507153e-10
9.007812500000000000e+01,2.762181136039471511e-10
9.009375000000000000e+01,2.858561883245647654e-10
9.010937500000000000e+01,2.839268215100136281e-10
9.012500000000000000e+01,2.691120952133890132e-10
9.014062500000000000e+01,2.524575476661828689e-10
9.015625000000000000e+01,2.511457444988080351e-10
9.017187500000000000e+01,2.661541951682498078e-10
9.018750000000000000e+01,2.911073990849760005e-10
9.020312500000000000e+01,3.229462038789937253e-10
9.021875000000000000e+01,3.420182206931773585e-10
9.023437500000000000e+01,3.346512232660773434e-10
9.025000000000000000e+01,3.193490764128312105e-10
9.026562500000000000e+01,3.180672375178246742e-10
9.028125000000000000e+01,3.258547076766538787e-10
9.029687500000000000e+01,3.277709653009902977e-10
9.031250000000000000e+01,3.169952774525083509e-10
9.032812500000000000e+01,2.998991233907598215e-10
9.034375000000000000e+01,2.945388344114337790e-10
9.035937500000000000e+01,3.030084872738456201e-10
9.037500000000000000e+01,3.057168714247020450e-10
9.039062500000000000e+01,2.957084057678610958e-10
9.040625000000000000e+01,2.861284537699288868e-10
9.042187500000000000e+01,2.898067871069709891e-10
9.043750000000000000e+01,3.074843357267320730e-10
9.045312500000000000e+01,3.252895792207449512e-10
9.046875000000000000e+01,3.261352015249229616e-10
9.048437500000000000e+01,3.155415543656766792e-10
9.050000000000000000e+01,3.180896356065915632e-10
9.051562500000000000e+01,3.408661470001425984e-10
9.053125000000000000e+01,3.712091638313414522e-10
9.054687500000000000e+01,4.042919559399142970e-10
9.056250000000000000e+01,4.312038084682792448e-10
9.057812500000000000e+01,4.300466178485908735e-10
9.059375000000000000e+01,3.966879973574204027e-10
9.060937500000000000e+01,3.549928383560780186e-10
9.062500000000000000e+01,3.228232555288252524e-10
9.064062500000000000e+01,2.977520514557444197e-10
9.065625000000000000e+01,2.809075200132789167e-10
9.067187500000000000e+01,2.710499094332517460e-10
9.068750000000000000e+01,2.580582024035123718e-10
9.070312500000000000e+01,2.397666486033100929e-10
9.071875000000000000e+01,2.248363683593101389e-10
9.073437500000000000e+01,2.283076180449978686e-10
9.075000000000000000e+01,2.576806336202288437e-10
9.076562500000000000e+01,3.021004153051659624e-10
9.078125000000000000e+01,3.419041476591914743e-10
9.079687500000000000e+01,3.592753889637333192e-10
9.081250000000000000e+01,3.500882163393436930e-10
9.082812500000000000e+01,3.350002272365743161e-10
9.084375000000000000e+01,3.376477160139559506e-10
9.085937500000000000e+01,3.478070395598611860e-10
9.087500000000000000e+01,3.509174784197490986e-10
9.089062500000000000e+01,3.534418489294080422e-10
9.090625000000000000e+01,3.605451205345335586e-10
9.092187500000000000e+01,3.680109595263716736e-10
9.093750000000000000e+01,3.690024153046727696e-10
9.095312500000000000e+01,3.609565776236205578e-10
9.096875000000000000e+01,3.464344654511437876e-10
9.098437500000000000e+01,3.266390543565682545e-10
9.100000000000000000e+01,3.033351986139224289e-10
9.101562500000000000e+01,2.806062932118720000e-10
9.103125000000000000e+01,2.646262338216172913e-10
9.104687500000000000e+01,2.602853822430586705e-10
9.106250000000000000e+01,2.638059701336563909e-10
9.107812500000000000e+01,2.696293775149123569e-10
9.109375000000000000e+01,2.774298623152996683e-10
9.110937500000000000e+01,2.890892053814890360e-10
9.112500000000000000e+01,3.001446074596224813e-10
9.114062500000000000e+01,3.004936903446614607e-10
9.115625000000000000e+01,2.918070242026451745e-10
9.117187500000000000e+01,2.878552210243535179e-10
9.118750000000000000e+01,2.877427717360138415e-10
9.120312500000000000e+01,2.734467797741953048e-10
9.121875000000000000e+01,2.407381700635535829e-10
9.123437500000000000e+01,2.099309661870621079e-10
9.125000000000000000e+01,2.041551896576580668e-10
9.126562500000000000e+01,2.294602102937814213e-10
9.128125000000000000e+01,2.738614196066183790e-10
9.129687500000000000e+01,3.120444478921189217e-10
9.131250000000000000e+01,3.294198798468555941e-10
9.132812500000000000e+01,3.280828411204588986e-10
9.134375000000000000e+01,3.123293741220378941e-10
9.135937500000000000e+01,2.903619298461602086e-10
9.137500000000000000e+01,2.761764361137874374e-10
9.139062500000000000e+01,2.720599524267263610e-10
9.140625000000000000e+01,2.658401891347674794e-10
9.142187500000000000e+01,2.480879327338028183e-10
9.143750000000000000e+01,2.273461036459076274e-10
9.145312500000000000e+01,2.216314927617718710e-10
9.146875000000000000e+01,2.309910983776188798e-10
9.148437500000000000e+01,2.455719029449937089e-10
9.150000000000000000e+01,2.584709309416902693e-10
9.151562500000000000e+01,2.690170307161253824e-10
9.153125000000000000e+01,2.857178062819716116e-10
9.154687500000000000e+01,3.082347416223174382e-10
9.156250000000000000e+01,3.247224713447986344e-10
9.157812500000000000e+01,3.274123027692811308e-10
9.159375000000000000e+01,3.191506301254845845e-10
9.160937500000000000e+01,3.153901825410994199e-10
9.162500000000000000e+01,3.245932753024915465e-10
9.164062500000000000e+01,3.295952541262524136e-10
9.165625000000000000e+01,3.139565217834642939e-10
9.167187500000000000e+01,2.850221997182984129e-10
9.168750000000000000e+01,2.671380141474958401e-10
9.170312500000000000e+01,2.753863979271698167e-10
9.171875000000000000e+01,2.960723517168366948e-10
9.173437500000000000e+01,3.091189010543519895e-10
9.175000000000000000e+01,3.116013756626893508e-10
9.176562500000000000e+01,3.093246290941356105e-10
9.178125000000000000e+01,3.073506818555278879e-10
9.179687500000000000e+01,3.111585694457612045e-10
9.181250000000000000e+01,3.186599620989832549e-10
9.182812500000000000e+01,3.212945380172858569e-10
9.184375000000000000e+01,3.182029234646061644e-10
9.185937500000000000e+01,3.182517911200687486e-10
9.187500000000000000e+01,3.308301293482461914e-10
9.189062500000000000e+01,3.514990642990984319e-10
9.190625000000000000e+01,3.612708005451830382e-10
9.192187500000000000e+01,3.477160074912583179e-10
9.193750000000000000e+01,3.243137228147497479e-10
9.195312500000000000e+01,3.250781421515352525e-10
9.196875000000000000e+01,3.630264784521900513e-10
9.198437500000000000e+01,4.089667774498266379e-10
9.200000000000000000e+01,4.278296664247353875e-10
9.201562500000000000e+01,4.141282076960976122e-10
9.203125000000000000e+01,3.920224919073701158e-10
9.204687500000000000e+01,3.833891928237562456e-10
9.206250000000000000e+01,3.900346118655663445e-10
9.207812500000000000e+01,4.081112280438423412e-10
9.209375000000000000e+01,4.301459478456809483e-10
9.210937500000000000e+01,4.405744673237696429e-10
9.212500000000000000e+01,4.330499484687928917e-10
9.214062500000000000e+01,4.082203537934864479e-10
9.215625000000000000e+01,3.653284748741559973e-10
9.217187500000000000e+01,3.153675182204973426e-10
9.218750000000000000e+01,2.769966594552403399e-10
9.220312500000000000e+01,2.577187726978302491e-10
9.221875000000000000e+01,2.485187534289565650e-10
9.223437500000000000e+01,2.362013054730868161e-10
9.225000000000000000e+01,2.202457413442336473e-10
9.226562500000000000e+01,2.102166254204162869e-10
9.228125000000000000e+01,2.185425291212743535e-10
9.229687500000000000e+01,2.455641040196973098e-10
9.231250000000000000e+01,2.736286332678959303e-10
9.232812500000000000e+01,2.906715228104922204e-10
9.234375000000000000e+01,2.968772680101346812e-10
9.235937500000000000e+01,3.033181975366299639e-10
9.237500000000000000e+01,3.309967334553090460e-10
9.239062500000000000e+01,3.732875714383493579e-10
9.240625000000000000e+01,3.968191754557782508e-10
9.242187500000000000e+01,3.951323112561891638e-10
9.243750000000000000e+01,3.960072673264471553e-10
9.245312500000000000e+01,4.210266404955579772e-10
9.246875000000000000e+01,4.638611020488793086e-10
9.248437500000000000e+01,5.147669068392877263e-10
9.250000000000000000e+01,5.677807632014336631e-10
9.251562500000000000e+01,6.020184433533521886e-10
9.253125000000000000e+01,5.923880407177870253e-10
9.254687500000000000e+01,5.498396491564991427e-10
9.256250000000000000e+01,5.246642347707739538e-10
9.257812500000000000e+01,5.404264584025639102e-10
9.259375000000000000e+01,5.607278701522312280e-10
9.260937500000000000e+01,5.519172147642400776e-10
9.262500000000000000e+01,5.157420480816934564e-10
9.264062500000000000e+01,4.720732535233787209e-10
9.265625000000000000e+01,4.425504567160518354e-10
9.267187500000000000e+01,4.369470188415436716e-10
9.268750000000000000e+01,4.488661403963580060e-10
9.270312500000000000e+01,4.616767086412980217e-10
9.271875000000000000e+01,4.610869075690960857e-10
9.273437500000000000e+01,4.475577563378558987e-10
9.275000000000000000e+01,4.333389366816798848e-10
9.276562500000000000e+01,4.394205980316585438e-10
9.278125000000000000e+01,4.791732217200568228e-10
9.279687500000000000e+01,5.284284224099773733e-10
9.281250000000000000e+01,5.480719143523469463e-10
9.282812500000000000e+01,5.251159261778336266e-10
9.284375000000000000e+01,4.774929829566792526e-10
9.285937500000000000e+01,4.362211082802378962e-10
9.287500000000000000e+01,4.220731658388802625e-10
9.289062500000000000e+01,4.258344039513655029e-10
9.290625000000000000e+01,4.305882417127751445e-10
9.292187500000000000e+01,4.361500335282312325e-10
9.293750000000000000e+01,4.424327949269665519e-10
9.295312500000000000e+01,4.399550788056822021e-10
9.296875000000000000e+01,4.212114587368392421e-10
9.298437500000000000e+01,3.971319390508428285e-10
9.300000000000000000e+01,3.865242938442109592e-10
9.301562500000000000e+01,3.820771175266100583e-10
9.303125000000000000e+01,3.570899015169508333e-10
9.304687500000000000e+01,3.049427259424375537e-10
9.306250000000000000e+01,2.589358891615664535e-10
9.307812500000000000e+01,2.595277012350108189e-10
9.309375000000000000e+01,2.905782484632862477e-10
9.310937500000000000e+01,3.158279982742412672e-10
9.312500000000000000e+01,3.281240022671379498e-10
9.314062500000000000e+01,3.333977370677080283e-10
9.315625000000000000e+01,3.293596421995781839e-10
9.317187500000000000e+01,3.152902516866838050e-10
9.318750000000000000e+01,3.037375795171246853e-10
9.320312500000000000e+01,3.031365261890206161e-10
9.321875000000000000e+01,3.054008055805156312e-10
9.323437500000000000e+01,2.983549799854568350e-10
9.325000000000000000e+01,2.770410883880502923e-10
9.326562500000000000e+01,2.529374914363596807e-10
9.328125000000000000e+01,2.467637259106474607e-10
9.329687500000000000e+01,2.607989817718725445e-10
9.331250000000000000e+01,2.820685701292030558e-10
9.332812500000000000e+01,3.028854186441694919e-10
9.334375000000000000e+01,3.169458297721176978e-10
9.335937500000000000e+01,3.225454690895258889e-10
9.337500000000000000e+01,3.276032875920425058e-10
9.339062500000000000e+01,3.395584807198087592e-10
9.340625000000000000e+01,3.610637319688759343e-10
9.342187500000000000e+01,3.872271998989839307e-10
9.343750000000000000e+01,4.103734379367780506e-10
9.345312500000000000e+01,4.308256096024292216e-10
9.346875000000000000e+01,4.507934400812541294e-10
9.348437500000000000e+01,4.637032311433662939e-10
9.350000000000000000e+01,4.603886179848148410e-10
9.351562500000000000e+01,4.470085098096746547e-10
9.353125000000000000e+01,4.390187042411019792e-10
9.354687500000000000e+01,4.374463532611719197e-10
9.356250000000000000e+01,4.310598676973748972e-10
9.357812500000000000e+01,4.085793013642701564e-10
9.359375000000000000e+01,3.681065657902432600e-10
9.360937500000000000e+01,3.249434175592720821e-10
9.362500000000000000e+01,3.041418104259467760e-10
9.364062500000000000e+01,3.089486997462094100e-10
9.365625000000000000e+01,3.182279985398063745e-10
9.367187500000000000e+01,3.186713877933352794e-10
9.368750000000000000e+01,3.121996380535444120e-10
9.370312500000000000e+01,3.052684037198754463e-10
9.371875000000000000e+01,2.921340529390844395e-10
9.373437500000000000e+01,2.665788188546045980e-10
9.375000000000000000e+01,2.496359415081459227e-10
9.376562500000000000e+01,2.680207092410526681e-10
9.378125000000000000e+01,3.046620562401878744e-10
9.379687500000000000e+01,3.291728005428670812e-10
9.381250000000000000e+01,3.345050161283203560e-10
9.382812500000000000e+01,3.284080310980541585e-10
9.384375000000000000e+01,3.231758957899657869e-10
9.385937500000000000e+01,3.269086350025252587e-10
9.387500000000000000e+01,3.327943736404099570e-10
9.389062500000000000e+01,3.308212255459571218e-10
9.390625000000000000e+01,3.211477289361311084e-10
9.392187500000000000e+01,3.079234676172914673e-10
9.393750000000000000e+01,2.986813153980120778e-10
9.395312500000000000e+01,3.116223303036149312e-10
9.396875000000000000e+01,3.472192506829170930e-10
9.398437500000000000e+01,3.734677098160092214e-10
9.400000000000000000e+01,3.779384353530840579e-10
9.401562500000000000e+01,3.774940299135496675e-10
9.403125000000000000e+01,3.806649146629037709e-10
9.404687500000000000e+01,3.844533828638941469e-10
9.406250000000000000e+01,4.002745408262880473e-10
9.407812500000000000e+01,4.521085866473936831e-10
9.409375000000000000e+01,5.278869349687053990e-10
9.410937500000000000e+01,5.821209167006868487e-10
9.412500000000000000e+01,5.849994438213751142e-10
9.414062500000000000e+01,5.388252500968022846e-10
9.415625000000000000e+01,4.720548353676363588e-10
9.417187500000000000e+01,4.251998220920553826e-10
9.418750000000000000e+01,4.182518792274769261e-10
9.420312500000000000e+01,4.302041294179740246e-10
9.421875000000000000e+01,4.329365928127734563e-10
9.423437500000000000e+01,4.232751703336192098e-10
9.425000000000000000e+01,4.083436618387484449e-10
9.426562500000000000e+01,3.926528793110508750e-10
9.428125000000000000e+01,3.893080909518701220e-10
9.429687500000000000e+01,4.003891562570998873e-10
9.431250000000000000e+01,4.081662438154138459e-10
9.432812500000000000e+01,4.056589853515670635e-10
9.434375000000000000e+01,3.962711498001207717e-10
9.435937500000000000e+01,3.754336559605003745e-10
9.437500000000000000e+01,3.423670815361219059e-10
9.439062500000000000e+01,3.113757136866008170e-10
9.440625000000000000e+01,2.918436659204688398e-10
9.442187500000000000e+01,2.844822334793977707e-10
9.443750000000000000e+01,2.933548203591490433e-10
9.445312500000000000e+01,3.100246630139264544e-10
9.446875000000000000e+01,3.176199176488676222e-10
9.448437500000000000e+01,3.134108008032735966e-10
9.450000000000000000e+01,3.060566682015708775e-10
9.451562500000000000e+01,3.053460322723681073e-10
9.453125000000000000e+01,3.204834012942270646e-10
9.454687500000000000e+01,3.476091771351819775e-10
9.456250000000000000e+01,3.671053459554897484e-10
9.457812500000000000e+01,3.780569286636037028e-10
9.459375000000000000e+01,4.043237412250055478e-10
9.460937500000000000e+01,4.414360435127839956e-10
9.462500000000000000e+01,4.530297002124267471e-10
9.464062500000000000e+01,4.278188798590989870e-10
9.465625000000000000e+01,3.925447574077291067e-10
9.467187500000000000e+01,3.719084746565848956e-10
9.468750000000000000e+01,3.654425512722442288e-10
9.470312500000000000e+01,3.612921216291783669e-10
9.471875000000000000e+01,3.478726656395390238e-10
9.473437500000000000e+01,3.269441340700743787e-10
9.475000000000000000e+01,3.090530412966568231e-10
9.476562500000000000e+01,2.997024748196418206e-10
9.478125000000000000e+01,3.072948746415090563e-10
9.479687500000000000e+01,3.330864073174350422e-10
9.481250000000000000e+01,3.551357931926933480e-10
9.482812500000000000e+01,3.616192880753825623e-10
9.484375000000000000e+01,3.625572850936094348e-10
9.485937500000000000e+01,3.663829446957731226e-10
9.487500000000000000e+01,3.762977718880757054e-10
9.489062500000000000e+01,3.879338674886295606e-10
9.490625000000000000e+01,3.859018687940609203e-10
9.492187500000000000e+01,3.603010910390366973e-10
9.493750000000000000e+01,3.199636981009789020e-10
9.495312500000000000e+01,2.859446356037377423e-10
9.496875000000000000e+01,2.690577518066347387e-10
9.498437500000000000e+01,2.630004490716433702e-10
9.500000000000000000e+01,2.635674359286194771e-10
9.501562500000000000e+01,2.712363344744664069e-10
9.503125000000000000e+01,2.812085031188230209e-10
9.504687500000000000e+01,2.932625502111405549e-10
9.506250000000000000e+01,3.104426670933422506e-10
9.507812500000000000e+01,3.249390120836168345e-10
9.509375000000000000e+01,3.321108191211629783e-10
9.510937500000000000e+01,3.305331750908055860e-10
9.512500000000000000e+01,3.129476482595892596e-10
9.514062500000000000e+01,2.853146720940108638e-10
9.515625000000000000e+01,2.694135326984089606e-10
9.517187500000000000e+01,2.796151453378813034e-10
9.518750000000000000e+01,3.111748298819707160e-10
9.520312500000000000e+01,3.443987229726531898e-10
9.521875000000000000e+01,3.573868511208552922e-10
9.523437500000000000e+01,3.416403879750367361e-10
9.525000000000000000e+01,3.174846565110714457e-10
9.526562500000000000e+01,3.245124185998223043e-10
9.528125000000000000e+01,3.639303640765174965e-10
9.529687500000000000e+01,4.049559428738958573e-10
9.531250000000000000e+01,4.407153563081071865e-10
9.532812500000000000e+01,4.709099895939049191e-10
9.534375000000000000e+01,4.836509459403995641e-10
9.535937500000000000e+01,4.754007059420954070e-10
9.537500000000000000e+01,4.506838327513706243e-10
9.539062500000000000e+01,4.079712759242129635e-10
9.540625000000000000e+01,3.534218411075482936e-10
9.542187500000000000e+01,3.131500053364022273e-10
9.543750000000000000e+01,3.055250963881814796e-10
9.545312500000000000e+01,3.132864678503058626e-10
9.546875000000000000e+01,3.152667699658759276e-10
9.548437500000000000e+01,3.111886594959140818e-10
9.550000000000000000e+01,3.030468375249149674e-10
9.551562500000000000e+01,2.912876499721746365e-10
9.553125000000000000e+01,2.862064474867986440e-10
9.554687500000000000e+01,2.869613550430691721e-10
9.556250000000000000e+01,2.818161567888040785e-10
9.557812500000000000e+01,2.712556780773603107e-10
9.559375000000000000e+01,2.607305588656987557e-10
9.560937500000000000e+01,2.560875978717676316e-10
9.562500000000000000e+01,2.666362893375347644e-10
9.564062500000000000e+01,2.913333408276279164e-10
9.565625000000000000e+01,3.095299813995099587e-10
9.567187500000000000e+01,3.027756628954914141e-10
9.568750000000000000e+01,2.762062706505001593e-10
9.570312500000000000e+01,2.511922902247311214e-10
9.571875000000000000e+01,2.398187280610166107e-10
9.573437500000000000e+01,2.340339360448446817e-10
9.575000000000000000e+01,2.305229738755586839e-10
9.576562500000000000e+01,2.405061702971400047e-10
9.578125000000000000e+01,2.612740755448246040e-10
9.579687500000000000e+01,2.741242976724905208e-10
9.581250000000000000e+01,2.690492793536213354e-10
9.582812500000000000e+01,2.516507552183488576e-10
9.584375000000000000e+01,2.423052439262327914e-10
9.585937500000000000e+01,2.583683629434245947e-10
9.587500000000000000e+01,2.859192823550015871e-10
9.589062500000000000e+01,3.010623039485339895e-10
9.590625000000000000e+01,3.023401753765135030e-10
9.592187500000000000e+01,3.043881831789501984e-10
9.593750000000000000e+01,3.113632152924139810e-10
9.595312500000000000e+01,3.212417626340045646e-10
9.596875000000000000e+01,3.341026510526047842e-10
9.598437500000000000e+01,3.418888407679140497e-10
9.600000000000000000e+01,3.399489481895826489e-10
9.601562500000000000e+01,3.372526363151508455e-10
9.603125000000000000e+01,3.476187952342549578e-10
9.604687500000000000e+01,3.678504458956762272e-10
9.606250000000000000e+01,3.748174948169888867e-10
9.607812500000000000e+01,3.602044975144631326e-10
9.609375000000000000e+01,3.428254049257746511e-10
9.610937500000000000e+01,3.341507403381855217e-10
9.612500000000000000e+01,3.221102540991683484e-10
9.614062500000000000e+01,3.016292350771552983e-10
9.615625000000000000e+01,2.847786270090335233e-10
9.617187500000000000e+01,2.793523804100131904e-10
9.618750000000000000e+01,2.796282230586690870e-10
9.620312500000000000e+01,2.825042532184846108e-10
9.621875000000000000e+01,2.869565233195372337e-10
9.623437500000000000e+01,2.822958535595560454e-10
9.625000000000000000e+01,2.701212759345001491e-10
9.626562500000000000e+01,2.789090116582995936e-10
9.628125000000000000e+01,3.082192000265732806e-10
9.629687500000000000e+01,3.180799184574104251e-10
9.631250000000000000e+01,2.935518196907229858e-10
9.632812500000000000e+01,2.602178881032234838e-10
9.634375000000000000e+01,2.466868813691243910e-10
9.635937500000000000e+01,2.470783019211923868e-10
9.637500000000000000e+01,2.467941239604485763e-10
9.639062500000000000e+01,2.447625792262213985e-10
9.640625000000000000e+01,2.395587489706949226e-10
9.642187500000000000e+01,2.347292383589894191e-10
9.643750000000000000e+01,2.454169375866881893e-10
9.645312500000000000e+01,2.721006323542625078e-10
9.646875000000000000e+01,2.980873675347432503e-10
9.648437500000000000e+01,3.130350904015059552e-10
9.650000000000000000e+01,3.272687514730797472e-10
9.651562500000000000e+01,3.509465930472598316e-10
9.653125000000000000e+01,3.643906224729447336e-10
9.654687500000000000e+01,3.621721188241921087e-10
9.656250000000000000e+01,3.703707075100787637e-10
9.657812500000000000e+01,3.927942011349277208e-10
9.659375000000000000e+01,4.134039802320722793e-10
9.660937500000000000e+01,4.301132658712731061e-10
9.662500000000000000e+01,4.422013977866310628e-10
9.664062500000000000e+01,4.452959407411872378e-10
9.665625000000000000e+01,4.373565376123324298e-10
9.667187500000000000e+01,4.162575038453062904e-10
9.668750000000000000e+01,3.929525057305038422e-10
9.670312500000000000e+01,3.907706139797887632e-10
9.671875000000000000e+01,4.090637467541879833e-10
9.673437500000000000e+01,4.319960997187143943e-10
9.675000000000000000e+01,4.537537768967379901e-10
9.676562500000000000e+01,4.679282400833136040e-10
9.678125000000000000e+01,4.706859432935449922e-10
9.679687500000000000e+01,4.611521268175895095e-10
9.681250000000000000e+01,4.396732558862106676e-10
9.682812500000000000e+01,4.169866571282842376e-10
9.684375000000000000e+01,4.003245383891821607e-10
9.685937500000000000e+01,3.892142255436269198e-10
9.687500000000000000e+01,3.820445853678067999e-10
9.689062500000000000e+01,3.690335769274915264e-10
9.690625000000000000e+01,3.471460096994607219e-10
9.692187500000000000e+01,3.328275604611774539e-10
9.693750000000000000e+01,3.390299933889875318e-10
9.695312500000000000e+01,3.520415254887209256e-10
9.696875000000000000e+01,3.495335224662846431e-10
9.698437500000000000e+01,3.286186667513146996e-10
9.700000000000000000e+01,3.099419657324699138e-10
9.701562500000000000e+01,3.070544930799611372e-10
9.703125000000000000e+01,3.063801099727596548e-10
9.704687500000000000e+01,3.042765283297639981e-10
9.706250000000000000e+01,3.172437895338203534e-10
9.707812500000000000e+01,3.488880010132654950e-10
9.709375000000000000e+01,3.874135173218711669e-10
9.710937500000000000e+01,4.194978282133446776e-10
9.712500000000000000e+01,4.422122335980266708e-10
9.714062500000000000e+01,4.657727467774552766e-10
9.715625000000000000e+01,4.828948591701296159e-10
9.717187500000000000e+01,4.674964180059766657e-10
9.718750000000000000e+01,4.209006559582415761e-10
9.720312500000000000e+01,3.756160655011091567e-10
9.721875000000000000e+01,3.469098911697853501e-10
9.723437500000000000e+01,3.197403315732773583e-10
9.725000000000000000e+01,2.813286318679400834e-10
9.726562500000000000e+01,2.364759452120293184e-10
9.728125000000000000e+01,2.017517146214749552e-10
9.729687500000000000e+01,1.828482309323522782e-10
9.731250000000000000e+01,1.690470469113060582e-10
9.732812500000000000e+01,1.554021344187724428e-10
9.734375000000000000e+01,1.484340548689243329e-10
9.735937500000000000e+01,1.546954491655098928e-10
9.737500000000000000e+01,1.678256063124714446e-10
9.739062500000000000e+01,1.765986197493843539e-10
9.740625000000000000e+01,1.774606771559669952e-10
9.742187500000000000e+01,1.770456575246934505e-10
9.743750000000000000e+01,1.830261471270245875e-10
9.745312500000000000e+01,1.935207017240820926e-10
9.746875000000000000e+01,2.077944074372610149e-10
9.748437500000000000e+01,2.246664885468925040e-10
9.750000000000000000e+01,2.378901169068554580e-10
9.751562500000000000e+01,2.509628350853766651e-10
9.753125000000000000e+01,2.648884951555254838e-10
9.754687500000000000e+01,2.677679053290139536e-10
9.756250000000000000e+01,2.675918707366649883e-10
9.757812500000000000e+01,2.918894085205789651e-10
9.759375000000000000e+01,3.347120872152224657e-10
9.760937500000000000e+01,3.687031647296808028e-10
9.762500000000000000e+01,3.854403052408471068e-10
9.764062500000000000e+01,3.892199211279237151e-10
9.765625000000000000e+01,3.830175119489888033e-10
9.767187500000000000e+01,3.703854314789748551e-10
9.768750000000000000e+01,3.528053371366289736e-10
9.770312500000000000e+01,3.213067850187703811e-10
9.771875000000000000e+01,2.763306948813498958e-10
9.773437500000000000e+01,2.446524515557774605e-10
9.775000000000000000e+01,2.436886246732790531e-10
9.776562500000000000e+01,2.555726354268622432e-10
9.778125000000000000e+01,2.612976148220775779e-10
9.779687500000000000e+01,2.573891688446887824e-10
9.781250000000000000e+01,2.515051993524404820e-10
9.782812500000000000e+01,2.511673432998795918e-10
9.784375000000000000e+01,2.536277322255046765e-10
9.785937500000000000e+01,2.547343797560808037e-10
9.787500000000000000e+01,2.590636559151511979e-10
9.789062500000000000e+01,2.744101151972117818e-10
9.790625000000000000e+01,3.031094312273410677e-10
9.792187500000000000e+01,3.356516524265761851e-10
9.793750000000000000e+01,3.644668940563126592e-10
9.795312500000000000e+01,3.927158188149630692e-10
9.796875000000000000e+01,4.175428489371831514e-10
9.798437500000000000e+01,4.296863900221515752e-10
9.800000000000000000e+01,4.214717655773531950e-10
9.801562500000000000e+01,3.926558572998746828e-10
9.803125000000000000e+01,3.655142146546238892e-10
9.804687500000000000e+01,3.684771612821638306e-10
9.806250000000000000e+01,3.865367481743514239e-10
9.807812500000000000e+01,3.842902016626429421e-10
9.809375000000000000e+01,3.607077255515262788e-10
9.810937500000000000e+01,3.464352920960219085e-10
9.812500000000000000e+01,3.591078879941734272e-10
9.814062500000000000e+01,3.773934265594624977e-10
9.815625000000000000e+01,3.752122956593212928e-10
9.817187500000000000e+01,3.607379178879655591e-10
9.818750000000000000e+01,3.623453794298304944e-10
9.820312500000000000e+01,3.772022826086986503e-10
9.821875000000000000e+01,3.810046166081287155e-10
9.823437500000000000e+01,3.695995767410923165e-10
9.825000000000000000e+01,3.551881321951541089e-10
9.826562500000000000e+01,3.463246327246343448e-10
9.828125000000000000e+01,3.496922732668362356e-10
9.829687500000000000e+01,3.709111086758169083e-10
9.831250000000000000e+01,3.951457827346964774e-10
9.832812500000000000e+01,4.004125368392917584e-10
9.834375000000000000e+01,3.818916626662655511e-10
9.835937500000000000e+01,3.561007951498818346e-10
9.837500000000000000e+01,3.468822177705369148e-10
9.839062500000000000e+01,3.495771610242716042e-10
9.840625000000000000e+01,3.386288193083741938e-10
9.842187500000000000e+01,3.080998584305359896e-10
9.843750000000000000e+01,2.715752227546622072e-10
9.845312500000000000e+01,2.432443621479183525e-10
9.846875000000000000e+01,2.263937522108858980e-10
9.848437500000000000e+01,2.207519700405266544e-10
9.850000000000000000e+01,2.280682617081207766e-10
9.851562500000000000e+01,2.393568011642101337e-10
9.853125000000000000e+01,2.511035069096475069e-10
9.854687500000000000e+01,2.766656704813587655e-10
9.856250000000000000e+01,3.166554767597004793e-10
9.857812500000000000e+01,3.544220429858888407e-10
9.859375000000000000e+01,3.750807696808388010e-10
9.860937500000000000e+01,3.734013918566895631e-10
9.862500000000000000e+01,3.596775635176280828e-10
9.864062500000000000e+01,3.478657022121005057e-10
9.865625000000000000e+01,3.390964234811656443e-10
9.867187500000000000e+01,3.335994894158369540e-10
9.868750000000000000e+01,3.299264563826610807e-10
9.870312500000000000e+01,3.194183912929146609e-10
9.871875000000000000e+01,3.182990208887100855e-10
9.873437500000000000e+01,3.484047468944449171e-10
9.875000000000000000e+01,3.850228804486123972e-10
9.876562500000000000e+01,3.984119114341008654e-10
9.878125000000000000e+01,3.886610912450525877e-10
9.879687500000000000e+01,3.641866750254120592e-10
9.881250000000000000e+01,3.374369524954173631e-10
9.882812500000000000e+01,3.334555447933409810e-10
9.884375000000000000e+01,3.524822349432272712e-10
9.885937500000000000e+01,3.654124037758606786e-10
9.887500000000000000e+01,3.663418444320145168e-10
9.889062500000000000e+01,3.768049666531421907e-10
9.890625000000000000e+01,4.080123742264141280e-10
9.892187500000000000e+01,4.421630036907708875e-10
9.893750000000000000e+01,4.593562271564911761e-10
9.895312500000000000e+01,4.686544679933404716e-10
9.896875000000000000e+01,4.950910038432117189e-10
9.898437500000000000e+01,5.328214294699932118e-10
9.900000000000000000e+01,5.581879402371650249e-10
9.901562500000000000e+01,5.748199727754164208e-10
9.903125000000000000e+01,5.916443706592038703e-10
9.904687500000000000e+01,5.916939129846675138e-10
9.906250000000000000e+01,5.795435313540052805e-10
9.907812500000000000e+01,5.880900921801848141e-10
9.909375000000000000e+01,6.047378003971466216e-10
9.910937500000000000e+01,6.000951440453820905e-10
9.912500000000000000e+01,5.734039123729716427e-10
9.914062500000000000e+01,5.220965358796551495e-10
9.915625000000000000e+01,4.552618401570354466e-10
9.917187500000000000e+01,4.200352381934764421e-10
9.918750000000000000e+01,4.387817944446589492e-10
9.920312500000000000e+01,4.739208837890002069e-10
9.921875000000000000e+01,4.999889366933766037e-10
9.923437500000000000e+01,5.145465716757849642e-10
9.925000000000000000e+01,5.168382128193257289e-10
9.926562500000000000e+01,5.104134720640448071e-10
9.928125000000000000e+01,5.027555576839498094e-10
9.929687500000000000e+01,5.008117992975602973e-10
9.931250000000000000e+01,5.045965994803127648e-10
9.932812500000000000e+01,5.123932257064652034e-10
9.934375000000000000e+01,5.340619099513865367e-10
9.935937500000000000e+01,5.687342792148543271e-10
9.937500000000000000e+01,6.029230377196826879e-10
9.939062500000000000e+01,6.266121345744586590e-10
9.940625000000000000e+01,6.308377719470601784e-10
9.942187500000000000e+01,6.253975299675944652e-10
9.943750000000000000e+01,6.227736953553577530e-10
9.945312500000000000e+01,6.236117794219385281e-10
9.946875000000000000e+01,6.259058955452876724e-10
9.948437500000000000e+01,6.252971220812910531e-10
9.950000000000000000e+01,6.360115427244844668e-10
9.951562500000000000e+01,6.753208681065147655e-10
9.953125000000000000e+01,7.077869898498738793e-10
9.954687500000000000e+01,6.772581196036577501e-10
9.956250000000000000e+01,5.806693200855871290e-10
9.957812500000000000e+01,4.740727216438726952e-10
9.959375000000000000e+01,4.176286653581258637e-10
9.960937500000000000e+01,4.124140162070436876e-10
9.962500000000000000e+01,4.129713984216633975e-10
9.964062500000000000e+01,3.986930580080286049e-10
9.965625000000000000e+01,3.884637479317605340e-10
9.967187500000000000e+01,3.901441481833135116e-10
9.968750000000000000e+01,3.867977249401546684e-10
9.970312500000000000e+01,3.719055847047010602e-10
9.971875000000000000e+01,3.627202971073000846e-10
9.973437500000000000e+01,3.834678845719886872e-10
9.975000000000000000e+01,4.354869592121693156e-10
9.976562500000000000e+01,4.976386741168551819e-10
9.978125000000000000e+01,5.418883156229752769e-10
9.979687500000000000e+01,5.563172811406035647e-10
9.981250000000000000e+01,5.577109024857936575e-10
9.982812500000000000e+01,5.637203926345892488e-10
9.984375000000000000e+01,5.630929371623703842e-10
9.985937500000000000e+01,5.396340064440365766e-10
9.987500000000000000e+01,5.006518689598400040e-10
9.989062500000000000e+01,4.621350766447352728e-10
9.990625000000000000e+01,4.409619751549986068e-10
9.992187500000000000e+01,4.566368824010066492e-10
9.993750000000000000e+01,5.078177007824643670e-10
9.995312500000000000e+01,5.749040639431331102e-10
9.996875000000000000e+01,6.390793263008537219e-10
9.998437500000000000e+01,6.849462434203444750e-10
1.000000000000000000e+02,7.039800147418259164e-10
1.000156250000000000e+02,7.055960677198577113e-10
1.000312500000000000e+02,7.025423636390005761e-10
1.000468750000000000e+02,6.843586234151306095e-10
1.000625000000000000e+02,6.435713076624992847e-10
1.000781250000000000e+02,6.001511990453106444e-10
1.000937500000000000e+02,5.845630161897303442e-10
1.001093750000000000e+02,5.965038696369660742e-10
1.001250000000000000e+02,6.019170376876474857e-10
1.001406250000000000e+02,5.808997453482842225e-10
1.001562500000000000e+02,5.413514898506906076e-10
1.001718750000000000e+02,4.960148352193284460e-10
1.001875000000000000e+02,4.545749381190200273e-10
1.002031250000000000e+02,4.324174759534071988e-10
1.002187500000000000e+02,4.359686818667394421e-10
1.002343750000000000e+02,4.439110529104195213e-10
1.002500000000000000e+02,4.316174411677927286e-10
1.002656250000000000e+02,3.943935672373881360e-10
1.002812500000000000e+02,3.473017971177525745e-10
1.002968750000000000e+02,3.156440602291135712e-10
1.003125000000000000e+02,3.145985632105949192e-10
1.003281250000000000e+02,3.307899108495518306e-10
1.003437500000000000e+02,3.511856803223821586e-10
1.003593750000000000e+02,3.908022189168966328e-10
1.003750000000000000e+02,4.580872593817973279e-10
1.003906250000000000e+02,5.297604564805923943e-10
1.004062500000000000e+02,5.650990393982175293e-10
1.004218750000000000e+02,5.409434051966503673e-10
1.004375000000000000e+02,4.881030046407789791e-10
1.004531250000000000e+02,4.589086548362012564e-10
1.004687500000000000e+02,4.536085962209878035e-10
1.004843750000000000e+02,4.459638968854715172e-10
1.005000000000000000e+02,4.355898675040108658e-10
1.005156250000000000e+02,4.377228535147649649e-10
1.005312500000000000e+02,4.495539171150006657e-10
1.005468750000000000e+02,4.624579819993553775e-10
1.005625000000000000e+02,4.810142240616562177e-10
1.005781250000000000e+02,4.910478365370749216e-10
1.005937500000000000e+02,4.689763990780878284e-10
1.006093750000000000e+02,4.204084573888398022e-10
1.006250000000000000e+02,3.683640540544415988e-10
1.006406250000000000e+02,3.204232522277167806e-10
1.006562500000000000e+02,2.738320227531838948e-10
1.006718750000000000e+02,2.360207480019478763e-10
1.006875000000000000e+02,2.146513120826069457e-10
1.007031250000000000e+02,1.992501293330167369e-10
1.007187500000000000e+02,1.841380966819585446e-10
1.007343750000000000e+02,1.776468382779032939e-10
1.007500000000000000e+02,1.804014056123263376e-10
1.007656250000000000e+02,1.872472339405501860e-10
1.007812500000000000e+02,1.945085582002475955e-10
1.007968750000000000e+02,2.010411594517413639e-10
1.008125000000000000e+02,2.076368578690031306e-10
1.008281250000000000e+02,2.187278555914896492e-10
1.008437500000000000e+02,2.410025738122326838e-10
1.008593750000000000e+02,2.640183329828255305e-10
1.008750000000000000e+02,2.799521646253732377e-10
1.008906250000000000e+02,3.099182294665136641e-10
1.009062500000000000e+02,3.609582146337066116e-10
1.009218750000000000e+02,4.095390187097531258e-10
1.009375000000000000e+02,4.439786793851327806e-10
1.009531250000000000e+02,4.583530425617696938e-10
1.009687500000000000e+02,4.422956300092191198e-10
1.009843750000000000e+02,4.114891543058678757e-10
1.010000000000000000e+02,3.952737244089230689e-10
1.010156250000000000e+02,3.872453910457959910e-10
1.010312500000000000e+02,3.687775390571073600e-10
1.010468750000000000e+02,3.444645869851192893e-10
1.010625000000000000e+02,3.303944519371843118e-10
1.010781250000000000e+02,3.387224650279447612e-10
1.010937500000000000e+02,3.557778432732510636e-10
1.011093750000000000e+02,3.446069150881322903e-10
1.011250000000000000e+02,2.969790690385290815e-10
1.011406250000000000e+02,2.535608027918350675e-10
1.011562500000000000e+02,2.490487175830775310e-10
1.011718750000000000e+02,2.638313275208739308e-10
1.011875000000000000e+02,2.792238978433995181e-10
1.012031250000000000e+02,2.928482280454104709e-10
1.012187500000000000e+02,2.943060650563773083e-10
1.012343750000000000e+02,2.778810204463565024e-10
1.012500000000000000e+02,2.607696112935848395e-10
1.012656250000000000e+02,2.679104935333489490e-10
1.012812500000000000e+02,2.924265292467294151e-10
1.012968750000000000e+02,3.110534383624994524e-10
1.013125000000000000e+02,3.296797119389846063e-10
1.013281250000000000e+02,3.652663493386342509e-10
1.013437500000000000e+02,4.059940894125626251e-10
1.013593750000000000e+02,4.348755900598420216e-10
1.013750000000000000e+02,4.594854830497351565e-10
1.013906250000000000e+02,4.953099765068210632e-10
1.014062500000000000e+02,5.306522614624048231e-10
1.014218750000000000e+02,5.342367827583690328e-10
1.014375000000000000e+02,5.008931213639413753e-10
1.014531250000000000e+02,4.602244627814368449e-10
1.014687500000000000e+02,4.299465630205912773e-10
1.014843750000000000e+02,4.063786607136006739e-10
1.015000000000000000e+02,4.030741899265603581e-10
1.015156250000000000e+02,4.217791036884526743e-10
1.015312500000000000e+02,4.327739626572384703e-10
1.015468750000000000e+02,4.215325156329285435e-10
1.015625000000000000e+02,3.999477141551776979e-10
1.015781250000000000e+02,3.795720321932065896e-10
1.015937500000000000e+02,3.588378271133170661e-10
1.016093750000000000e+02,3.369729482015587860e-10
1.016250000000000000e+02,3.192106517558186778e-10
1.016406250000000000e+02,3.035800639553108290e-10
1.016562500000000000e+02,2.856766351950232796e-10
1.016718750000000000e+02,2.696043838770768532e-10
1.016875000000000000e+02,2.574630044119679572e-10
1.017031250000000000e+02,2.453851905242197105e-10
1.017187500000000000e+02,2.302229768978135326e-10
1.017343750000000000e+02,2.156130105382851841e-10
1.017500000000000000e+02,2.112343059255874215e-10
1.017656250000000000e+02,2.180772320364661697e-10
1.017812500000000000e+02,2.284534225411280841e-10
1.017968750000000000e+02,2.388580445944138217e-10
1.018125000000000000e+02,2.492264145940652310e-10
1.018281250000000000e+02,2.611104234266460426e-10
1.018437500000000000e+02,2.779404633032052130e-10
1.018593750000000000e+02,2.969512176264307191e-10
1.018750000000000000e+02,3.085224392487480514e-10
1.018906250000000000e+02,3.021926504908395505e-10
1.019062500000000000e+02,2.792780609716607689e-10
1.019218750000000000e+02,2.644501216530791146e-10
1.019375000000000000e+02,2.796802866499872882e-10
1.019531250000000000e+02,3.132719264412655802e-10
1.019687500000000000e+02,3.439952279252618141e-10
1.019843750000000000e+02,3.598323998592508008e-10
1.020000000000000000e+02,3.548704135459576454e-10
1.020156250000000000e+02,3.357653801358952439e-10
1.020312500000000000e+02,3.281880289757340356e-10
1.020468750000000000e+02,3.463005705096385270e-10
1.020625000000000000e+02,3.679870596101627760e-10
1.020781250000000000e+02,3.745305673814539993e-10
1.020937500000000000e+02,3.741074021603834972e-10
1.021093750000000000e+02,3.803127582928376069e-10
1.021250000000000000e+02,3.940173320643668893e-10
1.021406250000000000e+02,4.125633830853392054e-10
1.021562500000000000e+02,4.309381589640664896e-10
1.021718750000000000e+02,4.363918693587164801e-10
1.021875000000000000e+02,4.189898463851394748e-10
1.022031250000000000e+02,3.806190875854300179e-10
1.022187500000000000e+02,3.391206768790914339e-10
1.022343750000000000e+02,3.120873088963487593e-10
1.022500000000000000e+02,2.963129943503089653e-10
1.022656250000000000e+02,2.944525611151524078e-10
1.022812500000000000e+02,3.157782489601944513e-10
1.022968750000000000e+02,3.442683938137094467e-10
1.023125000000000000e+02,3.616630324356016991e-10
1.023281250000000000e+02,3.688250119824094846e-10
1.023437500000000000e+02,3.766225273107532017e-10
1.023593750000000000e+02,3.925395321602405853e-10
1.023750000000000000e+02,4.124436126356694991e-10
1.023906250000000000e+02,4.244194698769914033e-10
1.024062500000000000e+02,4.241325772102915887e-10
1.024218750000000000e+02,4.189981926702218415e-10
1.024375000000000000e+02,4.172672028783691574e-10
1.024531250000000000e+02,4.153677364826815180e-10
1.024687500000000000e+02,3.972927972513728060e-10
1.024843750000000000e+02,3.594660731912374903e-10
1.025000000000000000e+02,3.253808304167595901e-10
1.025156250000000000e+02,3.172176519546032223e-10
1.025312500000000000e+02,3.277134120667859200e-10
1.025468750000000000e+02,3.355501594782519343e-10
1.025625000000000000e+02,3.311362157443374394e-10
1.025781250000000000e+02,3.296076557888437992e-10
1.025937500000000000e+02,3.550181230475654843e-10
1.026093750000000000e+02,3.934061115023545658e-10
1.026250000000000000e+02,4.119000154673693080e-10
1.026406250000000000e+02,4.114348533971677965e-10
1.026562500000000000e+02,4.118458256936964530e-10
1.026718750000000000e+02,4.118753730836190304e-10
1.026875000000000000e+02,4.020607532766461815e-10
1.027031250000000000e+02,3.887435914045351651e-10
1.027187500000000000e+02,3.779506236008028133e-10
1.027343750000000000e+02,3.685815496400321018e-10
1.027500000000000000e+02,3.570711517071882288e-10
1.027656250000000000e+02,3.298177697056595632e-10
1.027812500000000000e+02,2.853299429163235058e-10
1.027968750000000000e+02,2.663002797211366915e-10
1.028125000000000000e+02,3.032957801444035004e-10
1.028281250000000000e+02,3.461635497743435431e-10
1.028437500000000000e+02,3.565037576798730069e-10
1.028593750000000000e+02,3.457541710830420888e-10
1.028750000000000000e+02,3.347066047359204682e-10
1.028906250000000000e+02,3.238384762548034385e-10
1.029062500000000000e+02,3.098376121610152857e-10
1.029218750000000000e+02,3.023616184080545231e-10
1.029375000000000000e+02,3.045756974391386978e-10
1.029531250000000000e+02,3.047282981483735356e-10
1.029687500000000000e+02,3.037740664192704356e-10
1.029843750000000000e+02,3.120469555932862513e-10
1.030000000000000000e+02,3.285961074125831522e-10
1.030156250000000000e+02,3.470509716194489662e-10
1.030312500000000000e+02,3.595972464012534285e-10
1.030468750000000000e+02,3.631831386881044309e-10
1.030625000000000000e+02,3.641978173381594153e-10
1.030781250000000000e+02,3.664485097397175305e-10
1.030937500000000000e+02,3.722097468079256011e-10
1.031093750000000000e+02,3.810031759157936348e-10
1.031250000000000000e+02,3.845911304794115294e-10
1.031406250000000000e+02,3.786205228192860116e-10
1.031562500000000000e+02,3.667048103089996336e-10
1.031718750000000000e+02,3.615758572521327024e-10
1.031875000000000000e+02,3.676724483466492157e-10
1.032031250000000000e+02,3.717206436531014605e-10
1.032187500000000000e+02,3.676535839617325756e-10
1.032343750000000000e+02,3.525303151386101680e-10
1.032500000000000000e+02,3.192216090284956503e-10
1.032656250000000000e+02,2.814342187079099275e-10
1.032812500000000000e+02,2.624982790509405415e-10
1.032968750000000000e+02,2.605827973018189984e-10
1.033125000000000000e+02,2.644532138759551771e-10
1.033281250000000000e+02,2.702571755094360180e-10
1.033437500000000000e+02,2.792633802137198826e-10
1.033593750000000000e+02,2.908416307192844382e-10
1.033750000000000000e+02,2.980792159715650779e-10
1.033906250000000000e+02,2.965363921276256215e-10
1.034062500000000000e+02,2.899089198565542485e-10
1.034218750000000000e+02,2.836523067211562956e-10
1.034375000000000000e+02,2.805073217418158776e-10
1.034531250000000000e+02,2.821026936751986448e-10
1.034687500000000000e+02,2.876985923572663511e-10
1.034843750000000000e+02,2.921255246472675673e-10
1.035000000000000000e+02,2.887672182952756760e-10
1.035156250000000000e+02,2.771504540203113531e-10
1.035312500000000000e+02,2.671576855868300631e-10
1.035468750000000000e+02,2.671669043695471162e-10
1.035625000000000000e+02,2.720780385607281312e-10
1.035781250000000000e+02,2.789681823308031411e-10
1.035937500000000000e+02,2.971106247874249362e-10
1.036093750000000000e+02,3.279338236448218889e-10
1.036250000000000000e+02,3.562920300556415063e-10
1.036406250000000000e+02,3.653953686259206043e-10
1.036562500000000000e+02,3.521982436029588154e-10
1.036718750000000000e+02,3.297870413940730804e-10
1.036875000000000000e+02,3.073377619690951195e-10
1.037031250000000000e+02,2.822198949793440398e-10
1.037187500000000000e+02,2.656221692642280232e-10
1.037343750000000000e+02,2.730423215461798204e-10
1.037500000000000000e+02,2.883177064654681273e-10
1.037656250000000000e+02,2.972350431056897593e-10
1.037812500000000000e+02,3.094831310409588093e-10
1.037968750000000000e+02,3.313618795320206876e-10
1.038125000000000000e+02,3.699915488425725522e-10
1.038281250000000000e+02,4.340423545921874763e-10
1.038437500000000000e+02,5.125241891637269727e-10
1.038593750000000000e+02,5.840214253163328447e-10
1.038750000000000000e+02,6.262824056695056092e-10
1.038906250000000000e+02,6.294489503351982022e-10
1.039062500000000000e+02,6.014009034305477382e-10
1.039218750000000000e+02,5.537946130547989595e-10
1.039375000000000000e+02,5.095261739871600618e-10
1.039531250000000000e+02,4.966605945674268114e-10
1.039687500000000000e+02,5.049837479799967203e-10
1.039843750000000000e+02,5.075145364238925518e-10
1.040000000000000000e+02,5.009026637775506961e-10
1.040156250000000000e+02,4.961772094597936916e-10
1.040312500000000000e+02,5.031674559135809365e-10
1.040468750000000000e+02,5.102729950951525919e-10
1.040625000000000000e+02,4.969664635886508539e-10
1.040781250000000000e+02,4.715643232535451451e-10
1.040937500000000000e+02,4.531929587951622371e-10
1.041093750000000000e+02,4.392114932582517620e-10
1.041250000000000000e+02,4.252484039511442198e-10
1.041406250000000000e+02,4.211052901977665952e-10
1.041562500000000000e+02,4.431268977313079088e-10
1.041718750000000000e+02,4.904692347412623165e-10
1.041875000000000000e+02,5.366904687998172410e-10
1.042031250000000000e+02,5.601050400068697073e-10
1.042187500000000000e+02,5.555294224193684043e-10
1.042343750000000000e+02,5.259832215624715404e-10
1.042500000000000000e+02,4.837620332101070511e-10
1.042656250000000000e+02,4.512123212977005712e-10
1.042812500000000000e+02,4.390565119014210445e-10
1.042968750000000000e+02,4.325169545489133409e-10
1.043125000000000000e+02,4.161327360882664442e-10
1.043281250000000000e+02,3.901304188743800004e-10
1.043437500000000000e+02,3.645704943197771698e-10
1.043593750000000000e+02,3.508931839369664517e-10
1.043750000000000000e+02,3.562302763164279638e-10
1.043906250000000000e+02,3.865995161501474401e-10
1.044062500000000000e+02,4.388599105685246829e-10
1.044218750000000000e+02,4.916074632811179629e-10
1.044375000000000000e+02,5.190644766896532417e-10
1.044531250000000000e+02,5.109346071005630777e-10
1.044687500000000000e+02,4.818745071369297303e-10
1.044843750000000000e+02,4.612115057047203348e-10
1.045000000000000000e+02,4.603871284592206349e-10
1.045156250000000000e+02,4.601997711760854799e-10
1.045312500000000000e+02,4.490910300387118300e-10
1.045468750000000000e+02,4.468834631860916508e-10
1.045625000000000000e+02,4.580250144803887577e-10
1.045781250000000000e+02,4.502993978907133240e-10
1.045937500000000000e+02,4.105770834983636482e-10
1.046093750000000000e+02,3.598931010330794026e-10
1.046250000000000000e+02,3.208133056087649061e-10
1.046406250000000000e+02,3.046650819744892177e-10
1.046562500000000000e+02,3.083534219116154395e-10
1.046718750000000000e+02,3.156582628971516820e-10
1.046875000000000000e+02,3.168985972294184365e-10
1.047031250000000000e+02,3.106434932833093013e-10
1.047187500000000000e+02,2.995609234811794348e-10
1.047343750000000000e+02,2.933815972238689722e-10
1.047500000000000000e+02,2.963402558636930171e-10
1.047656250000000000e+02,3.032448089876754306e-10
1.047812500000000000e+02,3.185242764480120466e-10
1.047968750000000000e+02,3.475522590312328373e-10
1.048125000000000000e+02,3.844900233259536761e-10
1.048281250000000000e+02,4.295165340899025477e-10
1.048437500000000000e+02,4.924070353999543211e-10
1.048593750000000000e+02,5.702212002245558495e-10
1.048750000000000000e+02,6.409156209436541828e-10
1.048906250000000000e+02,6.845517644039609299e-10
1.049062500000000000e+02,6.898686273223226941e-10
1.049218750000000000e+02,6.480473760929689856e-10
1.049375000000000000e+02,5.662382003588855912e-10
1.049531250000000000e+02,4.741762059124654777e-10
1.049687500000000000e+02,4.076241535510908820e-10
1.049843750000000000e+02,3.929301880024658633e-10
1.050000000000000000e+02,4.191641556240972557e-10
1.050156250000000000e+02,4.443120781416301868e-10
1.050312500000000000e+02,4.493750228178661313e-10
1.050468750000000000e+02,4.477224221845407329e-10
1.050625000000000000e+02,4.506975847822892683e-10
1.050781250000000000e+02,4.513310993202713842e-10
1.050937500000000000e+02,4.502172948655266110e-10
1.051093750000000000e+02,4.555279762965751113e-10
1.051250000000000000e+02,4.611495879320744095e-10
1.051406250000000000e+02,4.582733644688947889e-10
1.051562500000000000e+02,4.468409850017880784e-10
1.051718750000000000e+02,4.309910351496078526e-10
1.051875000000000000e+02,4.147358375102129649e-10
1.052031250000000000e+02,4.066830521829095010e-10
1.052187500000000000e+02,4.052987003030142347e-10
1.052343750000000000e+02,3.975849095557199901e-10
1.052500000000000000e+02,3.882374898518802124e-10
1.052656250000000000e+02,3.905453355131158116e-10
1.052812500000000000e+02,4.017326186115195995e-10
1.052968750000000000e+02,4.189343500094722633e-10
1.053125000000000000e+02,4.526260272727435548e-10
1.053281250000000000e+02,5.044727415222849047e-10
1.053437500000000000e+02,5.600724255755626701e-10
1.053593750000000000e+02,6.047841440728462477e-10
1.053750000000000000e+02,6.285399688964508522e-10
1.053906250000000000e+02,6.362821772998062965e-10
1.054062500000000000e+02,6.584341638511442680e-10
1.054218750000000000e+02,7.250198537761625229e-10
1.054375000000000000e+02,8.222479715768115776e-10
1.054531250000000000e+02,9.007756122201927295e-10
1.054687500000000000e+02,9.210048440897576303e-10
1.054843750000000000e+02,8.876874636046839710e-10
1.055000000000000000e+02,8.426627919910759335e-10
1.055156250000000000e+02,8.174109681900263032e-10
1.055312500000000000e+02,8.272605591878818375e-10
1.055468750000000000e+02,8.698996102172653825e-10
1.055625000000000000e+02,8.979436675260767176e-10
1.055781250000000000e+02,8.675647437341841134e-10
1.055937500000000000e+02,8.063790959539141555e-10
1.056093750000000000e+02,7.972460712152121554e-10
1.056250000000000000e+02,8.654702343475434278e-10
1.056406250000000000e+02,9.355278258858218285e-10
1.056562500000000000e+02,9.284506947376216478e-10
1.056718750000000000e+02,8.365815978278762512e-10
1.056875000000000000e+02,7.235796344487333647e-10
1.057031250000000000e+02,6.617758671785143005e-10
1.057187500000000000e+02,6.524933614334085281e-10
1.057343750000000000e+02,6.358942202266797937e-10
1.057500000000000000e+02,5.789591605968167216e-10
1.057656250000000000e+02,5.069652410007432163e-10
1.057812500000000000e+02,4.639724612217481944e-10
1.057968750000000000e+02,4.622142582732791890e-10
1.058125000000000000e+02,4.915155883662973779e-10
1.058281250000000000e+02,5.382327362077423152e-10
1.058437500000000000e+02,5.749352274064613518e-10
1.058593750000000000e+02,5.828039509096727618e-10
1.058750000000000000e+02,5.791509920337533785e-10
1.058906250000000000e+02,5.932264229886147243e-10
1.059062500000000000e+02,6.053689217223301352e-10
1.059218750000000000e+02,5.662119633649306097e-10
1.059375000000000000e+02,4.785806698157048856e-10
1.059531250000000000e+02,4.129799578039039047e-10
1.059687500000000000e+02,4.161898697923323026e-10
1.059843750000000000e+02,4.529865519723117101e-10
1.060000000000000000e+02,4.801135801872310219e-10
1.060156250000000000e+02,4.828695389502493071e-10
1.060312500000000000e+02,4.659595787060480910e-10
1.060468750000000000e+02,4.459256350065209998e-10
1.060625000000000000e+02,4.502631645087399571e-10
1.060781250000000000e+02,4.737085088297025859e-10
1.060937500000000000e+02,4.828743781514408366e-10
1.061093750000000000e+02,4.763877338376989369e-10
1.061250000000000000e+02,4.751443404730568097e-10
1.061406250000000000e+02,5.050781006358040971e-10
1.061562500000000000e+02,5.806584798797195535e-10
1.061718750000000000e+02,6.689428611693380719e-10
1.061875000000000000e+02,7.334880429968210477e-10
1.062031250000000000e+02,7.660942477688475936e-10
1.062187500000000000e+02,7.715571574596877404e-10
1.062343750000000000e+02,7.667254999296426134e-10
1.062500000000000000e+02,7.713739510411165187e-10
1.062656250000000000e+02,7.812680593790322816e-10
1.062812500000000000e+02,7.816148009186008542e-10
1.062968750000000000e+02,7.644347575171058497e-10
1.063125000000000000e+02,7.229545945590379431e-10
1.063281250000000000e+02,6.682012389202533021e-10
1.063437500000000000e+02,6.314730799284660013e-10
1.063593750000000000e+02,6.143582388809830917e-10
1.063750000000000000e+02,5.866874807714871733e-10
1.063906250000000000e+02,5.372225617885292598e-10
1.064062500000000000e+02,4.845188105869133591e-10
1.064218750000000000e+02,4.616790049502958702e-10
1.064375000000000000e+02,4.674888449364081429e-10
1.064531250000000000e+02,4.646353157282542324e-10
1.064687500000000000e+02,4.427330840721733460e-10
1.064843750000000000e+02,4.198728295100924710e-10
1.065000000000000000e+02,4.046572324884958340e-10
1.065156250000000000e+02,3.927169539544188341e-10
1.065312500000000000e+02,3.813145455572991659e-10
1.065468750000000000e+02,3.765364538855916747e-10
1.065625000000000000e+02,3.864080359152115997e-10
1.065781250000000000e+02,4.035656519865982583e-10
1.065937500000000000e+02,4.228982213733657364e-10
1.066093750000000000e+02,4.494381978544684873e-10
1.066250000000000000e+02,4.888141801023120046e-10
1.066406250000000000e+02,5.380404274036564407e-10
1.066562500000000000e+02,5.694285594230830506e-10
1.066718750000000000e+02,5.629546494729436111e-10
1.066875000000000000e+02,5.432789387572425478e-10
1.067031250000000000e+02,5.386219363661789275e-10
1.067187500000000000e+02,5.428943810928645570e-10
1.067343750000000000e+02,5.491725412867991979e-10
1.067500000000000000e+02,5.555889569631213186e-10
1.067656250000000000e+02,5.627522158327611746e-10
1.067812500000000000e+02,5.677724093402034973e-10
1.067968750000000000e+02,5.710445193769481222e-10
1.068125000000000000e+02,5.933672115042617230e-10
1.068281250000000000e+02,6.355968730139391361e-10
1.068437500000000000e+02,6.712483581411856467e-10
1.068593750000000000e+02,6.854485782734259363e-10
1.068750000000000000e+02,6.745729808527561239e-10
1.068906250000000000e+02,6.419951564775119563e-10
1.069062500000000000e+02,5.988527079312990745e-10
1.069218750000000000e+02,5.564305230393566165e-10
1.069375000000000000e+02,5.363603812943147685e-10
1.069531250000000000e+02,5.626682274188483038e-10
1.069687500000000000e+02,6.190279271058697407e-10
1.069843750000000000e+02,6.784083781300658477e-10
1.070000000000000000e+02,7.332377034270320605e-10
1.070156250000000000e+02,7.733322279550722797e-10
1.070312500000000000e+02,8.066460762739998920e-10
1.070468750000000000e+02,8.702933996508859912e-10
1.070625000000000000e+02,9.638098140986472466e-10
1.070781250000000000e+02,1.045847040705505766e-09
1.070937500000000000e+02,1.088847888656416660e-09
1.071093750000000000e+02,1.094434215936448662e-09
1.071250000000000000e+02,1.103560955588428450e-09
1.071406250000000000e+02,1.153547420440661340e-09
1.071562500000000000e+02,1.215318470836553712e-09
1.071718750000000000e+02,1.267304768096195749e-09
1.071875000000000000e+02,1.341879552283564413e-09
1.072031250000000000e+02,1.416513228652177453e-09
1.072187500000000000e+02,1.425626855107660574e-09
1.072343750000000000e+02,1.357926380318655292e-09
1.072500000000000000e+02,1.255925527557133991e-09
1.072656250000000000e+02,1.181879075907138343e-09
1.072812500000000000e+02,1.176016552302240901e-09
1.072968750000000000e+02,1.230786772133976603e-09
1.073125000000000000e+02,1.279950629202881845e-09
1.073281250000000000e+02,1.235521238348658431e-09
1.073437500000000000e+02,1.101171296686966940e-09
1.073593750000000000e+02,9.744754158375117633e-10
1.073750000000000000e+02,9.169373846155665421e-10
1.073906250000000000e+02,8.935184651449739682e-10
1.074062500000000000e+02,8.517192487708789898e-10
1.074218750000000000e+02,8.001534975171269720e-10
1.074375000000000000e+02,7.745169854289216231e-10
1.074531250000000000e+02,7.721419154036513524e-10
1.074687500000000000e+02,7.620337408348576934e-10
1.074843750000000000e+02,7.248395676773019642e-10
1.075000000000000000e+02,6.724832347770636326e-10
1.075156250000000000e+02,6.314533936575043252e-10
1.075312500000000000e+02,6.014222639644998807e-10
1.075468750000000000e+02,5.638558483874940885e-10
1.075625000000000000e+02,5.261444589240365669e-10
1.075781250000000000e+02,5.181005753698368741e-10
1.075937500000000000e+02,5.454684912571223912e-10
1.076093750000000000e+02,5.834299548907848897e-10
1.076250000000000000e+02,6.169431106621084913e-10
1.076406250000000000e+02,6.431950677659155208e-10
1.076562500000000000e+02,6.569200363637131115e-10
1.076718750000000000e+02,6.653072265012069723e-10
1.076875000000000000e+02,6.780854172068699276e-10
1.077031250000000000e+02,6.727872099744767114e-10
1.077187500000000000e+02,6.377027011026124342e-10
1.077343750000000000e+02,6.101667477849168927e-10
1.077500000000000000e+02,6.222993172105110026e-10
1.077656250000000000e+02,6.601085987859970354e-10
1.077812500000000000e+02,6.755887608294308524e-10
1.077968750000000000e+02,6.316564676688467943e-10
1.078125000000000000e+02,5.496524857173724539e-10
1.078281250000000000e+02,4.894543197818069310e-10
1.078437500000000000e+02,4.753965761107305541e-10
1.078593750000000000e+02,4.821932905986045954e-10
1.078750000000000000e+02,4.782184692448883639e-10
1.078906250000000000e+02,4.479026576382876137e-10
1.079062500000000000e+02,4.065731443228229799e-10
1.079218750000000000e+02,3.855015003526187974e-10
1.079375000000000000e+02,3.886172816926130857e-10
1.079531250000000000e+02,4.003007436323554082e-10
1.079687500000000000e+02,4.154421192617616190e-10
1.079843750000000000e+02,4.248335668506556091e-10
1.080000000000000000e+02,4.267946010755700256e-10
1.080156250000000000e+02,4.376643683701088387e-10
1.080312500000000000e+02,4.559062952902518537e-10
1.080468750000000000e+02,4.692587673710150706e-10
1.080625000000000000e+02,4.799431706465049864e-10
1.080781250000000000e+02,4.811491986898695644e-10
1.080937500000000000e+02,4.579572597895389207e-10
1.081093750000000000e+02,4.166304885476205109e-10
1.081250000000000000e+02,3.837303745466094778e-10
1.081406250000000000e+02,3.826019252031307903e-10
1.081562500000000000e+02,4.044285468449570796e-10
1.081718750000000000e+02,4.189221644759797526e-10
1.081875000000000000e+02,4.129668939112753152e-10
1.082031250000000000e+02,3.985205814784317311e-10
1.082187500000000000e+02,3.954575264833533528e-10
1.082343750000000000e+02,4.070483646538179979e-10
1.082500000000000000e+02,4.214602109066132832e-10
1.082656250000000000e+02,4.402045511326919576e-10
1.082812500000000000e+02,4.813447820513856970e-10
1.082968750000000000e+02,5.471665409629499819e-10
1.083125000000000000e+02,6.020799889727094151e-10
1.083281250000000000e+02,6.120118450504068230e-10
1.083437500000000000e+02,5.867186697843401450e-10
1.083593750000000000e+02,5.602971493256140603e-10
1.083750000000000000e+02,5.400188642473451269e-10
1.083906250000000000e+02,5.146309257460838206e-10
1.084062500000000000e+02,4.922768629172826468e-10
1.084218750000000000e+02,4.830452850213204646e-10
1.084375000000000000e+02,4.808592668258244600e-10
1.084531250000000000e+02,4.766471753747004430e-10
1.084687500000000000e+02,4.681798529648662449e-10
1.084843750000000000e+02,4.643510283219743181e-10
1.085000000000000000e+02,4.620988492940951103e-10
1.085156250000000000e+02,4.449129934465921056e-10
1.085312500000000000e+02,4.160599960555156904e-10
1.085468750000000000e+02,3.954292663514135964e-10
1.085625000000000000e+02,3.912786210954891778e-10
1.085781250000000000e+02,3.938001185113412411e-10
1.085937500000000000e+02,3.877074545032669616e-10
1.086093750000000000e+02,3.682772701513635907e-10
1.086250000000000000e+02,3.411797578634164356e-10
1.086406250000000000e+02,3.087020036633834745e-10
1.086562500000000000e+02,2.803511287505949566e-10
1.086718750000000000e+02,2.892091272074428831e-10
1.086875000000000000e+02,3.424278746486925374e-10
1.087031250000000000e+02,4.025008818247267723e-10
1.087187500000000000e+02,4.512282519722482467e-10
1.087343750000000000e+02,4.949198364412900171e-10
1.087500000000000000e+02,5.298638821831281439e-10
1.087656250000000000e+02,5.393139304970677229e-10
1.087812500000000000e+02,5.277698186267593661e-10
1.087968750000000000e+02,5.185461218331499214e-10
1.088125000000000000e+02,5.029695055658253899e-10
1.088281250000000000e+02,4.572460348519289995e-10
1.088437500000000000e+02,3.910829470139662048e-10
1.088593750000000000e+02,3.357910882642901955e-10
1.088750000000000000e+02,3.085369145928077398e-10
1.088906250000000000e+02,3.010386215593654576e-10
1.089062500000000000e+02,3.047774515965996888e-10
1.089218750000000000e+02,3.178632784787738126e-10
1.089375000000000000e+02,3.413601163917701479e-10
1.089531250000000000e+02,3.797945402740003708e-10
1.089687500000000000e+02,4.171000462617223500e-10
1.089843750000000000e+02,4.280414058720075520e-10
1.090000000000000000e+02,4.118903372580811713e-10
1.090156250000000000e+02,3.836832648971482377e-10
1.090312500000000000e+02,3.528480001793107951e-10
1.090468750000000000e+02,3.334922627593111966e-10
1.090625000000000000e+02,3.331446191162784945e-10
1.090781250000000000e+02,3.364052463372198097e-10
1.090937500000000000e+02,3.318831464027200048e-10
1.091093750000000000e+02,3.229629552597663731e-10
1.091250000000000000e+02,3.150434467469182088e-10
1.091406250000000000e+02,3.068163292142483871e-10
1.091562500000000000e+02,2.972925100459782946e-10
1.091718750000000000e+02,2.910230121138758877e-10
1.091875000000000000e+02,2.876476792848683830e-10
1.092031250000000000e+02,2.861963519062144870e-10
1.092187500000000000e+02,2.952240290283935517e-10
1.092343750000000000e+02,3.095989652994350255e-10
1.092500000000000000e+02,3.160442731274492031e-10
1.092656250000000000e+02,3.213878476603026293e-10
1.092812500000000000e+02,3.351213543159988347e-10
1.092968750000000000e+02,3.551752216830706625e-10
1.093125000000000000e+02,3.811136568099054431e-10
1.093281250000000000e+02,4.183016836864160967e-10
1.093437500000000000e+02,4.630171021975397922e-10
1.093593750000000000e+02,4.980536419059152596e-10
1.093750000000000000e+02,5.072334194485327987e-10
1.093906250000000000e+02,4.863283546635519658e-10
1.094062500000000000e+02,4.542674033326418999e-10
1.094218750000000000e+02,4.513926821206786351e-10
1.094375000000000000e+02,4.861042042733618704e-10
1.094531250000000000e+02,5.197672700527165238e-10
1.094687500000000000e+02,5.369687004093483761e-10
1.094843750000000000e+02,5.646553233507873030e-10
1.095000000000000000e+02,6.212692570885070279e-10
1.095156250000000000e+02,6.742285796436006919e-10
1.095312500000000000e+02,6.736621975702950964e-10
1.095468750000000000e+02,6.153845868554372022e-10
1.095625000000000000e+02,5.637230789587869859e-10
1.095781250000000000e+02,5.787484223488580194e-10
1.095937500000000000e+02,6.187711424051969300e-10
1.096093750000000000e+02,6.369654690466519141e-10
1.096250000000000000e+02,6.491714811552490453e-10
1.096406250000000000e+02,6.599974676569015159e-10
1.096562500000000000e+02,6.462786658807788288e-10
1.096718750000000000e+02,6.092963860983383589e-10
1.096875000000000000e+02,5.698842158398618706e-10
1.097031250000000000e+02,5.295616540001468921e-10
1.097187500000000000e+02,4.807602530749577757e-10
1.097343750000000000e+02,4.374780514198856326e-10
1.097500000000000000e+02,4.234660551124361176e-10
1.097656250000000000e+02,4.381958885177999165e-10
1.097812500000000000e+02,4.559959050889854894e-10
1.097968750000000000e+02,4.585873298749697502e-10
1.098125000000000000e+02,4.546328523082316684e-10
1.098281250000000000e+02,4.692620610837860654e-10
1.098437500000000000e+02,5.061073445310311761e-10
1.098593750000000000e+02,5.329824365405809237e-10
1.098750000000000000e+02,5.409642134768994349e-10
1.098906250000000000e+02,5.722856115667876987e-10
1.099062500000000000e+02,6.409053868163614769e-10
1.099218750000000000e+02,7.143163776547339703e-10
1.099375000000000000e+02,7.885572635303739839e-10
1.099531250000000000e+02,8.676574484995111131e-10
1.099687500000000000e+02,9.214921323242202185e-10
1.099843750000000000e+02,9.309433493612883807e-10
1.100000000000000000e+02,9.082901958101995393e-10
1.100156250000000000e+02,8.742718097673423410e-10
1.100312500000000000e+02,8.490796735483519241e-10
1.100468750000000000e+02,8.414649783737641183e-10
1.100625000000000000e+02,8.530243810977882909e-10
1.100781250000000000e+02,8.985909790429971313e-10
1.100937500000000000e+02,9.782054512521802968e-10
1.101093750000000000e+02,1.041740124685053051e-09
1.101250000000000000e+02,1.039184614744206293e-09
1.101406250000000000e+02,9.903929373049634622e-10
1.101562500000000000e+02,9.662244752306623937e-10
1.101718750000000000e+02,9.903495998542090801e-10
1.101875000000000000e+02,1.030240466828937543e-09
1.102031250000000000e+02,1.078849369518449711e-09
1.102187500000000000e+02,1.148315275722591032e-09
1.102343750000000000e+02,1.215732272805044812e-09
1.102500000000000000e+02,1.249998606525199987e-09
1.102656250000000000e+02,1.236910674058475347e-09
1.102812500000000000e+02,1.184347512237495249e-09
1.102968750000000000e+02,1.140748005750022363e-09
1.103125000000000000e+02,1.136644870394658104e-09
1.103281250000000000e+02,1.154260221318078031e-09
1.103437500000000000e+02,1.167446365858904411e-09
1.103593750000000000e+02,1.137836739455610340e-09
1.103750000000000000e+02,1.058960777464812389e-09
1.103906250000000000e+02,9.760500119544741369e-10
1.104062500000000000e+02,9.173588111135039056e-10
1.104218750000000000e+02,8.757127365401690982e-10
1.104375000000000000e+02,8.417788054597806034e-10
1.104531250000000000e+02,8.136941078327075063e-10
1.104687500000000000e+02,7.948430831008426430e-10
1.104843750000000000e+02,7.863667455260311602e-10
1.105000000000000000e+02,7.671248631312446173e-10
1.105156250000000000e+02,7.141491723414447223e-10
1.105312500000000000e+02,6.473982750949678059e-10
1.105468750000000000e+02,6.000543014639617602e-10
1.105625000000000000e+02,5.854548298753823340e-10
1.105781250000000000e+02,6.089219670615507749e-10
1.105937500000000000e+02,6.449169708329954110e-10
1.106093750000000000e+02,6.702108979090158128e-10
1.106250000000000000e+02,7.034853074425036588e-10
1.106406250000000000e+02,7.497927209635557827e-10
1.106562500000000000e+02,7.920173469097242696e-10
1.106718750000000000e+02,8.473483505427428402e-10
1.106875000000000000e+02,9.318766864024759499e-10
1.107031250000000000e+02,9.995619014069986485e-10
1.107187500000000000e+02,9.964282292746170059e-10
1.107343750000000000e+02,9.289011452165835956e-10
1.107500000000000000e+02,8.346021928146978537e-10
1.107656250000000000e+02,7.247882925810954741e-10
1.107812500000000000e+02,6.144733655600732872e-10
1.107968750000000000e+02,5.424957058069031422e-10
1.108125000000000000e+02,5.103195312018392774e-10
1.108281250000000000e+02,4.925351740469796249e-10
1.108437500000000000e+02,4.898135945598874662e-10
1.108593750000000000e+02,5.115681283371822655e-10
1.108750000000000000e+02,5.425456864742587382e-10
1.108906250000000000e+02,5.477932189182851598e-10
1.109062500000000000e+02,5.118645752282353013e-10
1.109218750000000000e+02,4.502447705497860479e-10
1.109375000000000000e+02,3.874001040270666258e-10
1.109531250000000000e+02,3.446266842896490806e-10
1.109687500000000000e+02,3.310052836410899197e-10
1.109843750000000000e+02,3.321626776064593382e-10
1.110000000000000000e+02,3.341789745263026785e-10
1.110156250000000000e+02,3.478570607660635043e-10
1.110312500000000000e+02,3.837604196972378708e-10
1.110468750000000000e+02,4.242057813501608970e-10
1.110625000000000000e+02,4.466945023914382659e-10
1.110781250000000000e+02,4.626787210524306657e-10
1.110937500000000000e+02,5.056321322174303235e-10
1.111093750000000000e+02,5.655736056408741788e-10
1.111250000000000000e+02,5.964738296540103155e-10
1.111406250000000000e+02,5.798764933928096455e-10
1.111562500000000000e+02,5.382506900533588882e-10
1.111718750000000000e+02,5.035544647990049544e-10
1.111875000000000000e+02,4.880031198558015454e-10
1.112031250000000000e+02,4.859174974213822540e-10
1.112187500000000000e+02,4.809603919280683021e-10
1.112343750000000000e+02,4.562205479847656940e-10
1.112500000000000000e+02,4.231574826443940628e-10
1.112656250000000000e+02,4.121787494491047762e-10
1.112812500000000000e+02,4.236907562144129789e-10
1.112968750000000000e+02,4.322215545744037688e-10
1.113125000000000000e+02,4.332933465536558331e-10
1.113281250000000000e+02,4.544435710542417061e-10
1.113437500000000000e+02,5.062345295552269853e-10
1.113593750000000000e+02,5.521203483515672403e-10
1.113750000000000000e+02,5.513020469828585925e-10
1.113906250000000000e+02,5.032307411405497328e-10
1.114062500000000000e+02,4.602960727014273526e-10
1.114218750000000000e+02,4.660742158457198848e-10
1.114375000000000000e+02,4.863349766334234728e-10
1.114531250000000000e+02,4.816283825499790817e-10
1.114687500000000000e+02,4.616442960086727495e-10
1.114843750000000000e+02,4.513521686317871701e-10
1.115000000000000000e+02,4.497877516183638873e-10
1.115156250000000000e+02,4.385103404940068753e-10
1.115312500000000000e+02,4.091437084922132452e-10
1.115468750000000000e+02,3.659188387164916226e-10
1.115625000000000000e+02,3.251008144014575428e-10
1.115781250000000000e+02,3.091486291713912189e-10
1.115937500000000000e+02,3.195396711153262317e-10
1.116093750000000000e+02,3.366355623142409490e-10
1.116250000000000000e+02,3.477455619103642515e-10
1.116406250000000000e+02,3.527802628513877477e-10
1.116562500000000000e+02,3.537360328792546258e-10
1.116718750000000000e+02,3.494108106588610168e-10
1.116875000000000000e+02,3.346493011984866986e-10
1.117031250000000000e+02,3.128961967485788359e-10
1.117187500000000000e+02,2.997165332745972952e-10
1.117343750000000000e+02,3.009721910428396067e-10
1.117500000000000000e+02,3.096596829264891291e-10
1.117656250000000000e+02,3.156113612770727411e-10
1.117812500000000000e+02,3.152931574347644604e-10
1.117968750000000000e+02,3.136691975495362342e-10
1.118125000000000000e+02,3.142651192997920426e-10
1.118281250000000000e+02,3.258691103982533420e-10
1.118437500000000000e+02,3.584156846692570523e-10
1.118593750000000000e+02,3.965665151908614751e-10
1.118750000000000000e+02,4.137786989158884465e-10
1.118906250000000000e+02,4.041056238920166068e-10
1.119062500000000000e+02,3.808658815772966319e-10
1.119218750000000000e+02,3.499852059938731602e-10
1.119375000000000000e+02,3.063037750777483920e-10
1.119531250000000000e+02,2.619150168732146392e-10
1.119687500000000000e+02,2.426991299248135229e-10
1.119843750000000000e+02,2.531184421800362411e-10
1.120000000000000000e+02,2.833460404852699502e-10
1.120156250000000000e+02,3.227889169635328567e-10
1.120312500000000000e+02,3.565302262164807370e-10
1.120468750000000000e+02,3.755791093218091176e-10
1.120625000000000000e+02,3.791451319300924704e-10
1.120781250000000000e+02,3.742704132207186091e-10
1.120937500000000000e+02,3.765473493655446538e-10
1.121093750000000000e+02,3.821815408279650407e-10
1.121250000000000000e+02,3.740184228986209950e-10
1.121406250000000000e+02,3.570096050640775347e-10
1.121562500000000000e+02,3.373992255551323389e-10
1.121718750000000000e+02,3.112572938264777426e-10
1.121875000000000000e+02,2.813738575737828051e-10
1.122031250000000000e+02,2.560496668389625709e-10
1.122187500000000000e+02,2.568201306387011080e-10
1.122343750000000000e+02,2.881242271549187536e-10
1.122500000000000000e+02,3.162913831302730666e-10
1.122656250000000000e+02,3.300369694810875528e-10
1.122812500000000000e+02,3.504008790407927704e-10
1.122968750000000000e+02,3.839969864264958979e-10
1.123125000000000000e+02,4.139681593858605723e-10
1.123281250000000000e+02,4.255413322462315880e-10
1.123437500000000000e+02,4.199123133250410205e-10
1.123593750000000000e+02,4.174273481413212943e-10
1.123750000000000000e+02,4.342788275180291481e-10
1.123906250000000000e+02,4.552530348413543378e-10
1.124062500000000000e+02,4.559111780971724485e-10
1.124218750000000000e+02,4.368248097522551880e-10
1.124375000000000000e+02,4.105773068348797266e-10
1.124531250000000000e+02,3.773138586300401609e-10
1.124687500000000000e+02,3.385278997222206228e-10
1.124843750000000000e+02,3.111034903391350834e-10
1.125000000000000000e+02,3.079281393273047524e-10
1.125156250000000000e+02,3.144173545004798354e-10
1.125312500000000000e+02,3.147767606965199528e-10
1.125468750000000000e+02,3.134259256321675780e-10
1.125625000000000000e+02,3.181880271163106353e-10
1.125781250000000000e+02,3.302116390965247515e-10
1.125937500000000000e+02,3.412852220717485215e-10
1.126093750000000000e+02,3.429709432344594728e-10
1.126250000000000000e+02,3.403105572268706365e-10
1.126406250000000000e+02,3.369000224246929515e-10
1.126562500000000000e+02,3.226948675019882526e-10
1.126718750000000000e+02,2.956608913977008587e-10
1.126875000000000000e+02,2.715635223889113157e-10
1.127031250000000000e+02,2.607720285680198884e-10
1.127187500000000000e+02,2.617978790041566733e-10
1.127343750000000000e+02,2.734931151361445444e-10
1.127500000000000000e+02,2.897619109988905579e-10
1.127656250000000000e+02,2.997525506623156687e-10
1.127812500000000000e+02,2.984623757864359222e-10
1.127968750000000000e+02,2.884358707025058779e-10
1.128125000000000000e+02,2.817039464882637876e-10
1.128281250000000000e+02,2.957173649982453804e-10
1.128437500000000000e+02,3.313286841304141460e-10
1.128593750000000000e+02,3.734315189769533276e-10
1.128750000000000000e+02,4.096807286211201842e-10
1.128906250000000000e+02,4.289223144487063804e-10
1.129062500000000000e+02,4.204232565645443571e-10
1.129218750000000000e+02,3.905765583138730635e-10
1.129375000000000000e+02,3.600507469133898584e-10
1.129531250000000000e+02,3.439057443114012699e-10
1.129687500000000000e+02,3.495041937216974732e-10
1.129843750000000000e+02,3.694230852462508860e-10
1.130000000000000000e+02,3.899343957946446540e-10
1.130156250000000000e+02,4.104793412569645506e-10
1.130312500000000000e+02,4.323249934347839593e-10
1.130468750000000000e+02,4.508042076763320160e-10
1.130625000000000000e+02,4.620654942745748336e-10
1.130781250000000000e+02,4.696498616717741249e-10
1.130937500000000000e+02,4.847277305558757737e-10
1.131093750000000000e+02,5.102622298371715244e-10
1.131250000000000000e+02,5.590712369340736258e-10
1.131406250000000000e+02,6.524427952609904911e-10
1.131562500000000000e+02,7.585436771862302750e-10
1.131718750000000000e+02,8.336019323170097315e-10
1.131875000000000000e+02,8.709245767478074444e-10
1.132031250000000000e+02,8.772998689916102748e-10
1.132187500000000000e+02,8.857720232220293058e-10
1.132343750000000000e+02,9.549852521206058820e-10
1.132500000000000000e+02,1.076039639260377683e-09
1.132656250000000000e+02,1.174633368139159631e-09
1.132812500000000000e+02,1.198998265741590912e-09
1.132968750000000000e+02,1.145854689858040849e-09
1.133125000000000000e+02,1.065719856794535450e-09
1.133281250000000000e+02,1.037005272751014680e-09
1.133437500000000000e+02,1.073310357036341567e-09
1.133593750000000000e+02,1.117637949938581682e-09
1.133750000000000000e+02,1.136367315816042841e-09
1.133906250000000000e+02,1.159885880909874130e-09
1.134062500000000000e+02,1.231237048300933251e-09
1.134218750000000000e+02,1.341155299453470499e-09
1.134375000000000000e+02,1.489577833326876987e-09
1.134531250000000000e+02,1.673425525031239407e-09
1.134687500000000000e+02,1.852080072341501794e-09
1.134843750000000000e+02,1.988797544673043753e-09
1.135000000000000000e+02,2.001368901031978277e-09
1.135156250000000000e+02,1.810561218065323661e-09
1.135312500000000000e+02,1.496876735587310372e-09
1.135468750000000000e+02,1.259658252186873459e-09
1.135625000000000000e+02,1.157180982143952215e-09
1.135781250000000000e+02,1.081242120920482878e-09
1.135937500000000000e+02,9.682136114917336520e-10
1.136093750000000000e+02,8.270160970507347803e-10
1.136250000000000000e+02,7.075188711023765555e-10
1.136406250000000000e+02,6.452140918293165515e-10
1.136562500000000000e+02,6.051859728039197581e-10
1.136718750000000000e+02,5.600597438572850654e-10
1.136875000000000000e+02,5.313916477502424118e-10
1.137031250000000000e+02,5.215414286329535511e-10
1.137187500000000000e+02,5.108343983060552248e-10
1.137343750000000000e+02,4.988332683180183986e-10
1.137500000000000000e+02,4.949424995213395513e-10
1.137656250000000000e+02,5.041659434484395996e-10
1.137812500000000000e+02,5.170740473258171063e-10
1.137968750000000000e+02,5.176861840241800584e-10
1.138125000000000000e+02,5.023844244012708946e-10
1.138281250000000000e+02,4.854699599047028039e-10
1.138437500000000000e+02,4.862504812258126179e-10
1.138593750000000000e+02,4.940696278606093633e-10
1.138750000000000000e+02,4.803711989642982564e-10
1.138906250000000000e+02,4.439236429358209883e-10
1.139062500000000000e+02,4.132954077357469128e-10
1.139218750000000000e+02,4.081960549849349736e-10
1.139375000000000000e+02,4.140235079728186556e-10
1.139531250000000000e+02,4.140916366473970965e-10
1.139687500000000000e+02,4.142980081821392195e-10
1.139843750000000000e+02,4.246036194349979098e-10
1.140000000000000000e+02,4.415067386161384296e-10
1.140156250000000000e+02,4.544438119662386621e-10
1.140312500000000000e+02,4.542253833636935522e-10
1.140468750000000000e+02,4.428652947533264916e-10
1.140625000000000000e+02,4.363170643674491477e-10
1.140781250000000000e+02,4.521461875001019082e-10
1.140937500000000000e+02,4.880660294851749329e-10
1.141093750000000000e+02,5.150097782447918254e-10
1.141250000000000000e+02,5.166407761649233427e-10
1.141406250000000000e+02,5.089350360207093516e-10
1.141562500000000000e+02,5.105522375476032617e-10
1.141718750000000000e+02,5.123043358633042677e-10
1.141875000000000000e+02,4.917031094758034104e-10
1.142031250000000000e+02,4.566422717870303110e-10
1.142187500000000000e+02,4.390173832193171631e-10
1.142343750000000000e+02,4.332334704719882876e-10
1.142500000000000000e+02,4.214349340139971664e-10
1.142656250000000000e+02,4.211886464531567609e-10
1.142812500000000000e+02,4.337763136986145258e-10
1.142968750000000000e+02,4.311887456245234098e-10
1.143125000000000000e+02,4.066686615242951695e-10
1.143281250000000000e+02,3.793286663146278290e-10
1.143437500000000000e+02,3.641587489549756619e-10
1.143593750000000000e+02,3.497363706625195943e-10
1.143750000000000000e+02,3.231264284185948840e-10
1.143906250000000000e+02,2.958462891272184021e-10
1.144062500000000000e+02,2.876251901837334047e-10
1.144218750000000000e+02,2.972632289661544439e-10
1.144375000000000000e+02,3.047307790477856113e-10
1.144531250000000000e+02,3.032103826956955042e-10
1.144687500000000000e+02,3.000148627019240728e-10
1.144843750000000000e+02,2.909141592590726676e-10
1.145000000000000000e+02,2.655642981734011461e-10
1.145156250000000000e+02,2.295850127167139716e-10
1.145312500000000000e+02,2.060077777364067144e-10
1.145468750000000000e+02,2.082262774985490486e-10
1.145625000000000000e+02,2.240439852991330171e-10
1.145781250000000000e+02,2.409809902066306935e-10
1.145937500000000000e+02,2.530792702858149144e-10
1.146093750000000000e+02,2.559202554412980443e-10
1.146250000000000000e+02,2.569534859293487312e-10
1.146406250000000000e+02,2.769259438577627571e-10
1.146562500000000000e+02,3.174551060487837138e-10
1.146718750000000000e+02,3.606305848516050336e-10
1.146875000000000000e+02,3.928729600334020820e-10
1.147031250000000000e+02,4.050098660595862584e-10
1.147187500000000000e+02,3.960231936696786201e-10
1.147343750000000000e+02,3.787676874896049898e-10
1.147500000000000000e+02,3.658815813903578360e-10
1.147656250000000000e+02,3.572441719614217987e-10
1.147812500000000000e+02,3.487964794594733072e-10
1.147968750000000000e+02,3.352839343177846069e-10
1.148125000000000000e+02,3.163380730895619814e-10
1.148281250000000000e+02,2.970935303849513624e-10
1.148437500000000000e+02,2.798053590407882281e-10
1.148593750000000000e+02,2.701382204158130347e-10
1.148750000000000000e+02,2.742300233451656802e-10
1.148906250000000000e+02,2.906196546911360212e-10
1.149062500000000000e+02,3.137690218781727976e-10
1.149218750000000000e+02,3.283911546254748660e-10
1.149375000000000000e+02,3.143616960275127871e-10
1.149531250000000000e+02,2.793775369539187913e-10
1.149687500000000000e+02,2.760980182766033950e-10
1.149843750000000000e+02,3.229892324862854299e-10
1.150000000000000000e+02,3.652961725861152196e-10
1.150156250000000000e+02,3.682959412144759517e-10
1.150312500000000000e+02,3.426848140037138855e-10
1.150468750000000000e+02,3.171816209274472217e-10
1.150625000000000000e+02,2.976348033871422895e-10
1.150781250000000000e+02,2.774377622941797677e-10
1.150937500000000000e+02,2.770846934697933282e-10
1.151093750000000000e+02,3.114019245904187005e-10
1.151250000000000000e+02,3.532704570245759600e-10
1.151406250000000000e+02,3.730167148227013501e-10
1.151562500000000000e+02,3.628020212326619960e-10
1.151718750000000000e+02,3.277543721633361656e-10
1.151875000000000000e+02,2.826630297464531033e-10
1.152031250000000000e+02,2.520735228255579354e-10
1.152187500000000000e+02,2.465942989765866577e-10
1.152343750000000000e+02,2.545381500854180424e-10
1.152500000000000000e+02,2.610290940884284860e-10
1.152656250000000000e+02,2.565863919948821567e-10
1.152812500000000000e+02,2.433113875325470116e-10
1.152968750000000000e+02,2.303569915343936965e-10
1.153125000000000000e+02,2.238797727695989716e-10
1.153281250000000000e+02,2.232084048890696782e-10
1.153437500000000000e+02,2.216179753419400835e-10
1.153593750000000000e+02,2.206881620179375163e-10
1.153750000000000000e+02,2.378972031532213482e-10
1.153906250000000000e+02,2.746397698697901433e-10
1.154062500000000000e+02,3.075709607674090479e-10
1.154218750000000000e+02,3.271504308718977948e-10
1.154375000000000000e+02,3.386186346665981687e-10
1.154531250000000000e+02,3.420350083809294961e-10
1.154687500000000000e+02,3.341041361240816138e-10
1.154843750000000000e+02,3.181280787716119176e-10
1.155000000000000000e+02,3.102851789272413592e-10
1.155156250000000000e+02,3.166534587882803820e-10
1.155312500000000000e+02,3.202261714334165156e-10
1.155468750000000000e+02,3.106404915487391382e-10
1.155625000000000000e+02,3.004060410305742841e-10
1.155781250000000000e+02,3.124800331849111104e-10
1.155937500000000000e+02,3.449533659773402915e-10
1.156093750000000000e+02,3.741580271871432630e-10
1.156250000000000000e+02,3.905383497420317515e-10
1.156406250000000000e+02,3.981065811770578998e-10
1.156562500000000000e+02,3.932117911951834356e-10
1.156718750000000000e+02,3.719750577114661365e-10
1.156875000000000000e+02,3.474085031110867510e-10
1.157031250000000000e+02,3.300071633048989580e-10
1.157187500000000000e+02,3.168934187616942480e-10
1.157343750000000000e+02,3.093145872797633731e-10
1.157500000000000000e+02,3.081664945830095484e-10
1.157656250000000000e+02,3.105206852191105594e-10
1.157812500000000000e+02,3.125280545260814219e-10
1.157968750000000000e+02,3.086111238032506812e-10
1.158125000000000000e+02,3.018229781746399524e-10
1.158281250000000000e+02,2.980563884161131668e-10
1.158437500000000000e+02,2.907329819380725189e-10
1.158593750000000000e+02,2.782300860543397591e-10
1.158750000000000000e+02,2.764563167371373116e-10
1.158906250000000000e+02,2.891609784472644111e-10
1.159062500000000000e+02,3.026159751848303485e-10
1.159218750000000000e+02,3.177373653013263652e-10
1.159375000000000000e+02,3.413445332917270408e-10
1.159531250000000000e+02,3.603385491927274240e-10
1.159687500000000000e+02,3.630337288814848315e-10
1.159843750000000000e+02,3.565899595311362276e-10
1.160000000000000000e+02,3.511191504778323179e-10
1.160156250000000000e+02,3.461756316967510371e-10
1.160312500000000000e+02,3.321080372344322155e-10
1.160468750000000000e+02,3.039338310569968274e-10
1.160625000000000000e+02,2.752959810692567261e-10
1.160781250000000000e+02,2.708944107670183520e-10
1.160937500000000000e+02,2.908640662428016264e-10
1.161093750000000000e+02,3.096979149413794604e-10
1.161250000000000000e+02,3.174345405263625467e-10
1.161406250000000000e+02,3.202460175832067675e-10
1.161562500000000000e+02,3.214390991834320123e-10
1.161718750000000000e+02,3.232102732330567001e-10
1.161875000000000000e+02,3.280887215926074740e-10
1.162031250000000000e+02,3.339150094666155077e-10
1.162187500000000000e+02,3.388732912777623981e-10
1.162343750000000000e+02,3.413638273356428704e-10
1.162500000000000000e+02,3.348842660230331593e-10
1.162656250000000000e+02,3.168076238615605592e-10
1.162812500000000000e+02,2.916304874567787328e-10
1.162968750000000000e+02,2.634891103703417393e-10
1.163125000000000000e+02,2.354484896198616461e-10
1.163281250000000000e+02,2.170010823085456237e-10
1.163437500000000000e+02,2.196749251771585081e-10
1.163593750000000000e+02,2.343924826871299676e-10
1.163750000000000000e+02,2.381502165919247804e-10
1.163906250000000000e+02,2.306319934694292009e-10
1.164062500000000000e+02,2.354401320610771184e-10
1.164218750000000000e+02,2.535619906319383030e-10
1.164375000000000000e+02,2.629814758619373051e-10
1.164531250000000000e+02,2.571972843308484736e-10
1.164687500000000000e+02,2.463060888989071664e-10
1.164843750000000000e+02,2.446865246182450718e-10
1.165000000000000000e+02,2.583000661836201391e-10
1.165156250000000000e+02,2.766669611268582634e-10
1.165312500000000000e+02,2.871198401713916138e-10
1.165468750000000000e+02,2.873286581006522341e-10
1.165625000000000000e+02,2.950693237576099655e-10
1.165781250000000000e+02,3.305037280273515309e-10
1.165937500000000000e+02,3.747544759234914258e-10
1.166093750000000000e+02,3.975196275759879477e-10
1.166250000000000000e+02,3.935321041590624471e-10
1.166406250000000000e+02,3.765682263514068181e-10
1.166562500000000000e+02,3.561877431020727781e-10
1.166718750000000000e+02,3.296167142884778408e-10
1.166875000000000000e+02,3.041388212655820074e-10
1.167031250000000000e+02,2.984914177860325181e-10
1.167187500000000000e+02,3.036742903692217645e-10
1.167343750000000000e+02,2.920136613733586405e-10
1.167500000000000000e+02,2.538005072523979891e-10
1.167656250000000000e+02,2.090725731921958682e-10
1.167812500000000000e+02,1.971223962945294448e-10
1.167968750000000000e+02,2.165954715808016197e-10
1.168125000000000000e+02,2.318799147738162383e-10
1.168281250000000000e+02,2.306914732773527523e-10
1.168437500000000000e+02,2.217114306679959731e-10
1.168593750000000000e+02,2.137073019977888537e-10
1.168750000000000000e+02,2.071923320578181794e-10
1.168906250000000000e+02,2.052230537397384079e-10
1.169062500000000000e+02,2.079731898138315001e-10
1.169218750000000000e+02,2.082657857384663045e-10
1.169375000000000000e+02,2.068026563052911492e-10
1.169531250000000000e+02,2.122848166567858047e-10
1.169687500000000000e+02,2.289075324371257512e-10
1.169843750000000000e+02,2.490138524550572601e-10
1.170000000000000000e+02,2.609828643539198868e-10
1.170156250000000000e+02,2.611956885104833794e-10
1.170312500000000000e+02,2.543931532813484676e-10
1.170468750000000000e+02,2.523332670437244068e-10
1.170625000000000000e+02,2.634521957733729395e-10
1.170781250000000000e+02,2.776457528889919383e-10
1.170937500000000000e+02,2.834616856832566979e-10
1.171093750000000000e+02,2.875590818670151165e-10
1.171250000000000000e+02,2.992861972075063248e-10
1.171406250000000000e+02,3.122264098275761136e-10
1.171562500000000000e+02,3.194051800373530676e-10
1.171718750000000000e+02,3.201626850048308656e-10
1.171875000000000000e+02,3.115201172216424864e-10
1.172031250000000000e+02,2.959087724784758571e-10
1.172187500000000000e+02,2.817649213279821877e-10
1.172343750000000000e+02,2.807428793154950794e-10
1.172500000000000000e+02,2.978064013862807965e-10
1.172656250000000000e+02,3.079656017278799171e-10
1.172812500000000000e+02,2.919476860951969396e-10
1.172968750000000000e+02,2.689802549179152844e-10
1.173125000000000000e+02,2.573603573937573033e-10
1.173281250000000000e+02,2.474250218710877024e-10
1.173437500000000000e+02,2.312796813345883976e-10
1.173593750000000000e+02,2.106692504466982891e-10
1.173750000000000000e+02,1.913312067419158802e-10
1.173906250000000000e+02,1.816679506839179166e-10
1.174062500000000000e+02,1.856128189779401769e-10
1.174218750000000000e+02,1.974419788675973132e-10
1.174375000000000000e+02,2.094552533797338679e-10
1.174531250000000000e+02,2.179596520655490961e-10
1.174687500000000000e+02,2.195365451250057713e-10
1.174843750000000000e+02,2.125375651642318835e-10
1.175000000000000000e+02,2.047064910565438504e-10
1.175156250000000000e+02,2.030212450666353456e-10
1.175312500000000000e+02,2.033612940379396922e-10
1.175468750000000000e+02,2.024462172063694039e-10
1.175625000000000000e+02,1.984093168057035747e-10
1.175781250000000000e+02,1.932153551000761814e-10
1.175937500000000000e+02,1.959415669425320185e-10
1.176093750000000000e+02,2.041700856035871224e-10
1.176250000000000000e+02,2.052136632596464718e-10
1.176406250000000000e+02,1.980597869359803812e-10
1.176562500000000000e+02,1.964432604795307055e-10
1.176718750000000000e+02,2.058409861650189624e-10
1.176875000000000000e+02,2.111630335410702484e-10
1.177031250000000000e+02,2.020244531985533542e-10
1.177187500000000000e+02,1.848533057784736865e-10
1.177343750000000000e+02,1.711304381444550890e-10
1.177500000000000000e+02,1.693331504538020318e-10
1.177656250000000000e+02,1.767990330831667327e-10
1.177812500000000000e+02,1.768708036709509171e-10
1.177968750000000000e+02,1.606622090129280249e-10
1.178125000000000000e+02,1.388402320688761117e-10
1.178281250000000000e+02,1.256230729276491080e-10
1.178437500000000000e+02,1.218563435170686059e-10
1.178593750000000000e+02,1.268290186736782813e-10
1.178750000000000000e+02,1.431229293526316674e-10
1.178906250000000000e+02,1.643560713702243564e-10
1.179062500000000000e+02,1.794882137749780595e-10
1.179218750000000000e+02,1.813111437053647604e-10
1.179375000000000000e+02,1.686907644013761472e-10
1.179531250000000000e+02,1.492172753524667384e-10
1.179687500000000000e+02,1.346449718781289349e-10
1.179843750000000000e+02,1.316618984335230434e-10
1.180000000000000000e+02,1.397684285332791498e-10
1.180156250000000000e+02,1.508589930632332695e-10
1.180312500000000000e+02,1.583205218664062791e-10
1.180468750000000000e+02,1.631707883584487985e-10
1.180625000000000000e+02,1.668045470569301915e-10
1.180781250000000000e+02,1.668762736552655562e-10
1.180937500000000000e+02,1.620747401695692711e-10
1.181093750000000000e+02,1.553908445979454600e-10
1.181250000000000000e+02,1.496825034829956946e-10
1.181406250000000000e+02,1.436789685895241397e-10
1.181562500000000000e+02,1.354636775906525425e-10
1.181718750000000000e+02,1.256388448664525341e-10
1.181875000000000000e+02,1.146460236691932235e-10
1.182031250000000000e+02,1.056870395447334874e-10
1.182187500000000000e+02,1.039654958683518550e-10
1.182343750000000000e+02,1.077043080455722161e-10
1.182500000000000000e+02,1.123181305815836570e-10
1.182656250000000000e+02,1.139629506918814424e-10
1.182812500000000000e+02,1.108922317908457927e-10
1.182968750000000000e+02,1.065803655618148481e-10
1.183125000000000000e+02,1.055870275451692964e-10
1.183281250000000000e+02,1.087765207565665485e-10
1.183437500000000000e+02,1.168033013071029378e-10
1.183593750000000000e+02,1.291349347427996751e-10
1.183750000000000000e+02,1.385551159281129212e-10
1.183906250000000000e+02,1.382487446688058591e-10
1.184062500000000000e+02,1.343304772780633291e-10
1.184218750000000000e+02,1.399439768913055452e-10
1.184375000000000000e+02,1.541508836547320710e-10
1.184531250000000000e+02,1.680499483470638141e-10
1.184687500000000000e+02,1.763869240396746640e-10
1.184843750000000000e+02,1.767457052719280583e-10
1.185000000000000000e+02,1.695382008184596844e-10
1.185156250000000000e+02,1.578574778907415802e-10
1.185312500000000000e+02,1.454968522205559815e-10
1.185468750000000000e+02,1.351314559579585873e-10
1.185625000000000000e+02,1.285195140074645067e-10
1.185781250000000000e+02,1.250515133605352115e-10
1.185937500000000000e+02,1.231675654492820474e-10
1.186093750000000000e+02,1.233748037551629046e-10
1.186250000000000000e+02,1.258418020056162413e-10
1.186406250000000000e+02,1.285601850829117928e-10
1.186562500000000000e+02,1.300601354335303431e-10
1.186718750000000000e+02,1.307532762072871884e-10
1.186875000000000000e+02,1.332810540761125638e-10
1.187031250000000000e+02,1.410037236112997478e-10
1.187187500000000000e+02,1.510440833031872733e-10
1.187343750000000000e+02,1.573713728962202977e-10
1.187500000000000000e+02,1.614492445458755618e-10
1.187656250000000000e+02,1.660709571067111891e-10
1.187812500000000000e+02,1.678084330616855016e-10
1.187968750000000000e+02,1.646766785865522750e-10
1.188125000000000000e+02,1.571126712471238380e-10
1.188281250000000000e+02,1.451027653506204406e-10
1.188437500000000000e+02,1.319239802745355765e-10
1.188593750000000000e+02,1.235791582203171198e-10
1.188750000000000000e+02,1.229877889258346922e-10
1.188906250000000000e+02,1.276269586033603163e-10
1.189062500000000000e+02,1.314715855626767289e-10
1.189218750000000000e+02,1.305429402280902846e-10
1.189375000000000000e+02,1.256895828535528224e-10
1.189531250000000000e+02,1.185081643569082585e-10
1.189687500000000000e+02,1.127411083028839521e-10
1.189843750000000000e+02,1.140960857115788204e-10
1.190000000000000000e+02,1.203297347870376161e-10
1.190156250000000000e+02,1.252963033335802676e-10
1.190312500000000000e+02,1.250530841802139566e-10
1.190468750000000000e+02,1.181581673344446481e-10
1.190625000000000000e+02,1.095630761816264117e-10
1.190781250000000000e+02,1.059573058153614070e-10
1.190937500000000000e+02,1.067246257669779505e-10
1.191093750000000000e+02,1.079241622062280554e-10
1.191250000000000000e+02,1.070032089479749050e-10
1.191406250000000000e+02,1.032897683358474211e-10
1.191562500000000000e+02,9.815038140970087580e-11
1.191718750000000000e+02,9.422992216549384498e-11
1.191875000000000000e+02,9.365555467069297697e-11
1.192031250000000000e+02,9.386390867343469124e-11
1.192187500000000000e+02,9.105244257288263451e-11
1.192343750000000000e+02,8.728300262937369030e-11
1.192500000000000000e+02,8.624786693875685527e-11
1.192656250000000000e+02,8.724152823440205143e-11
1.192812500000000000e+02,9.064479432967776857e-11
1.192968750000000000e+02,9.791296874683275517e-11
1.193125000000000000e+02,1.054820519430254562e-10
1.193281250000000000e+02,1.094025762462977375e-10
1.193437500000000000e+02,1.099902349598696424e-10
1.193593750000000000e+02,1.108812684961464382e-10
1.193750000000000000e+02,1.157958242627524578e-10
1.193906250000000000e+02,1.239227680077436177e-10
1.194062500000000000e+02,1.296329398576041275e-10
1.194218750000000000e+02,1.276266766094327061e-10
1.194375000000000000e+02,1.180739269249903680e-10
1.194531250000000000e+02,1.073082414284596288e-10
1.194687500000000000e+02,1.041958147345958117e-10
1.194843750000000000e+02,1.115921792184665264e-10
1.195000000000000000e+02,1.219297702439521278e-10
1.195156250000000000e+02,1.273973322179688691e-10
1.195312500000000000e+02,1.279043113263764987e-10
1.195468750000000000e+02,1.277893103625644372e-10
1.195625000000000000e+02,1.293600904195097593e-10
1.195781250000000000e+02,1.303630097289882781e-10
1.195937500000000000e+02,1.244187960077857840e-10
1.196093750000000000e+02,1.094869286436345583e-10
1.196250000000000000e+02,9.572039714736865923e-11
1.196406250000000000e+02,9.125496229762858310e-11
1.196562500000000000e+02,8.953397357879736371e-11
1.196718750000000000e+02,8.449932772422427047e-11
1.196875000000000000e+02,7.713096804928763366e-11
1.197031250000000000e+02,6.956320417856263042e-11
1.197187500000000000e+02,6.169360622385279009e-11
1.197343750000000000e+02,5.322583606390270755e-11
1.197500000000000000e+02,4.510777689315177100e-11
1.197656250000000000e+02,3.841506814842900262e-11
1.197812500000000000e+02,3.421061854042698128e-11
1.197968750000000000e+02,3.216316149762724665e-11
1.198125000000000000e+02,3.012426548561473326e-11
1.198281250000000000e+02,2.742959795362777647e-11
1.198437500000000000e+02,2.569350051654996011e-11
1.198593750000000000e+02,2.573156798925181711e-11
1.198750000000000000e+02,2.634379145694291382e-11
1.198906250000000000e+02,2.692530510909480409e-11
1.199062500000000000e+02,2.826332818410682622e-11
1.199218750000000000e+02,3.108866096823733915e-11
1.199375000000000000e+02,3.450007497872550443e-11
1.199531250000000000e+02,3.687193645316984261e-11
1.199687500000000000e+02,3.833888734514695650e-11
1.199843750000000000e+02,3.971590905128587973e-11
1.200000000000000000e+02,4.027242751562862373e-11
1.200156250000000000e+02,3.965581140727566179e-11
1.200312500000000000e+02,3.900529402122973298e-11
1.200468750000000000e+02,3.857647451734506109e-11
1.200625000000000000e+02,3.747959754114308452e-11
1.200781250000000000e+02,3.586706890921968961e-11
1.200937500000000000e+02,3.477777828222631393e-11
1.201093750000000000e+02,3.473979047810872288e-11
1.201250000000000000e+02,3.598500439081812229e-11
1.201406250000000000e+02,3.747133986966807746e-11
1.201562500000000000e+02,3.746332405913903095e-11
1.201718750000000000e+02,3.651873333916951194e-11
1.201875000000000000e+02,3.681764873488823418e-11
1.202031250000000000e+02,3.864799279184909310e-11
1.202187500000000000e+02,4.116638684055791268e-11
1.202343750000000000e+02,4.491992840141218058e-11
1.202500000000000000e+02,4.908451108089101296e-11
1.202656250000000000e+02,5.115373522600567004e-11
1.202812500000000000e+02,5.037643579108110171e-11
1.202968750000000000e+02,4.730060203717674664e-11
1.203125000000000000e+02,4.238601905318926859e-11
1.203281250000000000e+02,3.762336811657155300e-11
1.203437500000000000e+02,3.741026945670478554e-11
1.203593750000000000e+02,4.212565306783225997e-11
1.203750000000000000e+02,4.637405546224924978e-11
1.203906250000000000e+02,4.735240408440355317e-11
1.204062500000000000e+02,4.635904235634215540e-11
1.204218750000000000e+02,4.499068270640572649e-11
1.204375000000000000e+02,4.292960315737208501e-11
1.204531250000000000e+02,4.024315366606035573e-11
1.204687500000000000e+02,3.954806028128989508e-11
1.204843750000000000e+02,4.246521231133641525e-11
1.205000000000000000e+02,4.809313621548069144e-11
1.205156250000000000e+02,5.575861746626248545e-11
1.205312500000000000e+02,6.474474780672687336e-11
1.205468750000000000e+02,7.375290619854703912e-11
1.205625000000000000e+02,8.227206521587352537e-11
1.205781250000000000e+02,9.162372558330260453e-11
1.205937500000000000e+02,1.018670894006864431e-10
1.206093750000000000e+02,1.082596800989571473e-10
1.206250000000000000e+02,1.076654008444342774e-10
1.206406250000000000e+02,1.044640492196625017e-10
1.206562500000000000e+02,1.046559172583122385e-10
1.206718750000000000e+02,1.069835154793206579e-10
1.206875000000000000e+02,1.066400349633529977e-10
1.207031250000000000e+02,1.034181034424843457e-10
1.207187500000000000e+02,9.878348546152872737e-11
1.207343750000000000e+02,9.235264717152101109e-11
1.207500000000000000e+02,8.627819218541447450e-11
1.207656250000000000e+02,8.587504380007808471e-11
1.207812500000000000e+02,9.038168968804219164e-11
1.207968750000000000e+02,9.280552548351940140e-11
1.208125000000000000e+02,9.023623264120819274e-11
1.208281250000000000e+02,8.597893487002990129e-11
1.208437500000000000e+02,8.353539165037694606e-11
1.208593750000000000e+02,8.286133524715431663e-11
1.208750000000000000e+02,8.383086037381650439e-11
1.208906250000000000e+02,8.646286807385827751e-11
1.209062500000000000e+02,8.895978647981056187e-11
1.209218750000000000e+02,9.152418593197899681e-11
1.209375000000000000e+02,9.657696134004907828e-11
1.209531250000000000e+02,1.027044970488332112e-10
1.209687500000000000e+02,1.052125669291242504e-10
1.209843750000000000e+02,1.017476061986831336e-10
1.210000000000000000e+02,9.558590574474830113e-11
1.210156250000000000e+02,9.280156144433797482e-11
1.210312500000000000e+02,9.392031188042482208e-11
1.210468750000000000e+02,9.653540718571347458e-11
1.210625000000000000e+02,1.005609445419637631e-10
1.210781250000000000e+02,1.014092513045029057e-10
1.210937500000000000e+02,9.553382449807336662e-11
1.211093750000000000e+02,9.110753489634143633e-11
1.211250000000000000e+02,9.402143778500259352e-11
1.211406250000000000e+02,9.610690117219092396e-11
1.211562500000000000e+02,9.217891584859051453e-11
1.211718750000000000e+02,8.641951071059534595e-11
1.211875000000000000e+02,8.344013581230018129e-11
1.212031250000000000e+02,8.396118769221439260e-11
1.212187500000000000e+02,8.748103791299221509e-11
1.212343750000000000e+02,9.118500508810392729e-11
1.212500000000000000e+02,9.159260847217832997e-11
1.212656250000000000e+02,9.060297492943767538e-11
1.212812500000000000e+02,9.243103116269152913e-11
1.212968750000000000e+02,9.599298256621301207e-11
1.213125000000000000e+02,9.711983633492849843e-11
1.213281250000000000e+02,9.422614845081590891e-11
1.213437500000000000e+02,8.908700469728950265e-11
1.213593750000000000e+02,8.422703917584878148e-11
1.213750000000000000e+02,8.133391992925851199e-11
1.213906250000000000e+02,8.104279533763861142e-11
1.214062500000000000e+02,8.394010242430087722e-11
1.214218750000000000e+02,9.187151859921421022e-11
1.214375000000000000e+02,1.037900223802536327e-10
1.214531250000000000e+02,1.143924258463672246e-10
1.214687500000000000e+02,1.200706252235178217e-10
1.214843750000000000e+02,1.208234834532535942e-10
1.215000000000000000e+02,1.187376009245343480e-10
1.215156250000000000e+02,1.176668429393982789e-10
1.215312500000000000e+02,1.184269002722797002e-10
1.215468750000000000e+02,1.169346083772324625e-10
1.215625000000000000e+02,1.116543950492779352e-10
1.215781250000000000e+02,1.048343524753813764e-10
1.215937500000000000e+02,9.860684325156112344e-11
1.216093750000000000e+02,9.375602078971244343e-11
1.216250000000000000e+02,8.828933425614309702e-11
1.216406250000000000e+02,7.848246995622942861e-11
1.216562500000000000e+02,6.570268703033552751e-11
1.216718750000000000e+02,5.974130749308010486e-11
1.216875000000000000e+02,6.442150455586124662e-11
1.217031250000000000e+02,7.096004245317814103e-11
1.217187500000000000e+02,7.583847140103395927e-11
1.217343750000000000e+02,8.183750259583725041e-11
1.217500000000000000e+02,8.845096528179370343e-11
1.217656250000000000e+02,9.201090678584745099e-11
1.217812500000000000e+02,9.292146892255080995e-11
1.217968750000000000e+02,9.809484437401786820e-11
1.218125000000000000e+02,1.097339279081878872e-10
1.218281250000000000e+02,1.185976385646320155e-10
1.218437500000000000e+02,1.178879716416524712e-10
1.218593750000000000e+02,1.081162292100563110e-10
1.218750000000000000e+02,9.547134121032574050e-11
1.218906250000000000e+02,9.071030769308702799e-11
1.219062500000000000e+02,9.776902767339202283e-11
1.219218750000000000e+02,1.100397249443059472e-10
1.219375000000000000e+02,1.193514399282683297e-10
1.219531250000000000e+02,1.228511096551075626e-10
1.219687500000000000e+02,1.249436321408193179e-10
1.219843750000000000e+02,1.278749384514974226e-10
1.220000000000000000e+02,1.280488450542248286e-10
1.220156250000000000e+02,1.250428584761026690e-10
1.220312500000000000e+02,1.249742594058764000e-10
1.220468750000000000e+02,1.358323465719177757e-10
1.220625000000000000e+02,1.542547338502895015e-10
1.220781250000000000e+02,1.659762023559634472e-10
1.220937500000000000e+02,1.675860047784822734e-10
1.221093750000000000e+02,1.693374024470553129e-10
1.221250000000000000e+02,1.755141104344425772e-10
1.221406250000000000e+02,1.804214413414138934e-10
1.221562500000000000e+02,1.801923352360034538e-10
1.221718750000000000e+02,1.786091319690532934e-10
1.221875000000000000e+02,1.792187884070890035e-10
1.222031250000000000e+02,1.761128830774876335e-10
1.222187500000000000e+02,1.652117033002011099e-10
1.222343750000000000e+02,1.549609116507750311e-10
1.222500000000000000e+02,1.579810713759554088e-10
1.222656250000000000e+02,1.723397591937030224e-10
1.222812500000000000e+02,1.834806538912216899e-10
1.222968750000000000e+02,1.834393790240985360e-10
1.223125000000000000e+02,1.778772815554302598e-10
1.223281250000000000e+02,1.756192946054927216e-10
1.223437500000000000e+02,1.779148559099564220e-10
1.223593750000000000e+02,1.826910278439977595e-10
1.223750000000000000e+02,1.849219781287776338e-10
1.223906250000000000e+02,1.759993788556466917e-10
1.224062500000000000e+02,1.602465158005732370e-10
1.224218750000000000e+02,1.612561147598463140e-10
1.224375000000000000e+02,1.827895756617575083e-10
1.224531250000000000e+02,2.008044542038094380e-10
1.224687500000000000e+02,2.011103304453001593e-10
1.224843750000000000e+02,1.852108532588079799e-10
1.225000000000000000e+02,1.644418700542596974e-10
1.225156250000000000e+02,1.516928034817564941e-10
1.225312500000000000e+02,1.488202404450898020e-10
1.225468750000000000e+02,1.476236858426733219e-10
1.225625000000000000e+02,1.447414769211242464e-10
1.225781250000000000e+02,1.444447463307188617e-10
1.225937500000000000e+02,1.484593626127232632e-10
1.226093750000000000e+02,1.546556041621169902e-10
1.226250000000000000e+02,1.605660608179496078e-10
1.226406250000000000e+02,1.626179077304597697e-10
1.226562500000000000e+02,1.579998248945211526e-10
1.226718750000000000e+02,1.469381778723088852e-10
1.226875000000000000e+02,1.330448006379203106e-10
1.227031250000000000e+02,1.207669878292157475e-10
1.227187500000000000e+02,1.151084455340451527e-10
1.227343750000000000e+02,1.191555215278453244e-10
1.227500000000000000e+02,1.266110551934175079e-10
1.227656250000000000e+02,1.289518770972117866e-10
1.227812500000000000e+02,1.303853306033356713e-10
1.227968750000000000e+02,1.436248143725644138e-10
1.228125000000000000e+02,1.643540542118600131e-10
1.228281250000000000e+02,1.780567482539705950e-10
1.228437500000000000e+02,1.807919678099707659e-10
1.228593750000000000e+02,1.758729695498268084e-10
1.228750000000000000e+02,1.665827168574764375e-10
1.228906250000000000e+02,1.555176893740888132e-10
1.229062500000000000e+02,1.446250641415157551e-10
1.229218750000000000e+02,1.366939234181693113e-10
1.229375000000000000e+02,1.339506590569299682e-10
1.229531250000000000e+02,1.335947452364344755e-10
1.229687500000000000e+02,1.334727462371797209e-10
1.229843750000000000e+02,1.347704597865335812e-10
1.230000000000000000e+02,1.363842535823347032e-10
1.230156250000000000e+02,1.384853925798397871e-10
1.230312500000000000e+02,1.446042361212850078e-10
1.230468750000000000e+02,1.512040905797626205e-10
1.230625000000000000e+02,1.493219804272498372e-10
1.230781250000000000e+02,1.391527867863098751e-10
1.230937500000000000e+02,1.351057565721630965e-10
1.231093750000000000e+02,1.470509627282802344e-10
1.231250000000000000e+02,1.632865161087026907e-10
1.231406250000000000e+02,1.768758590735143665e-10
1.231562500000000000e+02,1.915368102853766122e-10
1.231718750000000000e+02,2.014555071489294418e-10
1.231875000000000000e+02,2.001360383176889187e-10
1.232031250000000000e+02,1.978993193155917480e-10
1.232187500000000000e+02,2.094990917985776883e-10
1.232343750000000000e+02,2.257011928357797978e-10
1.232500000000000000e+02,2.275937459044965345e-10
1.232656250000000000e+02,2.153744873556380460e-10
1.232812500000000000e+02,2.029585083828687224e-10
1.232968750000000000e+02,2.003630775734484454e-10
1.233125000000000000e+02,2.103749018824655890e-10
1.233281250000000000e+02,2.272588986875173144e-10
1.233437500000000000e+02,2.387656285876913294e-10
1.233593750000000000e+02,2.402853625047438030e-10
1.233750000000000000e+02,2.376710856688122228e-10
1.233906250000000000e+02,2.348467469389231402e-10
1.234062500000000000e+02,2.279606796626861752e-10
1.234218750000000000e+02,2.107764174779108506e-10
1.234375000000000000e+02,1.799149450890885479e-10
1.234531250000000000e+02,1.424331777848393161e-10
1.234687500000000000e+02,1.194926865923237759e-10
1.234843750000000000e+02,1.244031282445035264e-10
1.235000000000000000e+02,1.464531726283240584e-10
1.235156250000000000e+02,1.744046592965863530e-10
1.235312500000000000e+02,1.996360629898255528e-10
1.235468750000000000e+02,2.170894839869498909e-10
1.235625000000000000e+02,2.308246094826505838e-10
1.235781250000000000e+02,2.476230505758869261e-10
1.235937500000000000e+02,2.665434582271921448e-10
1.236093750000000000e+02,2.782304843409283573e-10
1.236250000000000000e+02,2.746222794749852100e-10
1.236406250000000000e+02,2.585431375147424118e-10
1.236562500000000000e+02,2.405812639875763326e-10
1.236718750000000000e+02,2.241147226477548117e-10
1.236875000000000000e+02,2.031066890269344017e-10
1.237031250000000000e+02,1.771244332498763719e-10
1.237187500000000000e+02,1.608713522841763625e-10
1.237343750000000000e+02,1.706002686367569507e-10
1.237500000000000000e+02,1.954716817792331198e-10
1.237656250000000000e+02,2.141122756235484681e-10
1.237812500000000000e+02,2.179837711841591154e-10
1.237968750000000000e+02,2.095536769471454199e-10
1.238125000000000000e+02,1.960077946805473231e-10
1.238281250000000000e+02,1.833896586435474172e-10
1.238437500000000000e+02,1.753128250182681633e-10
1.238593750000000000e+02,1.756840343007966786e-10
1.238750000000000000e+02,1.833336068968224501e-10
1.238906250000000000e+02,1.917212066151276115e-10
1.239062500000000000e+02,1.991476475567183732e-10
1.239218750000000000e+02,2.054946622128676370e-10
1.239375000000000000e+02,2.096080051532723467e-10
1.239531250000000000e+02,2.149964856160536317e-10
1.239687500000000000e+02,2.215513218423218242e-10
1.239843750000000000e+02,2.194456956195643326e-10
1.240000000000000000e+02,2.065439893601484034e-10
1.240156250000000000e+02,1.967769032353585982e-10
1.240312500000000000e+02,1.960013671310319643e-10
1.240468750000000000e+02,1.945382658518332649e-10
1.240625000000000000e+02,1.928340471678619699e-10
1.240781250000000000e+02,1.994695269929746020e-10
1.240937500000000000e+02,2.102979505923840832e-10
1.241093750000000000e+02,2.144139631191354432e-10
1.241250000000000000e+02,2.146358149762757258e-10
1.241406250000000000e+02,2.234273066338975129e-10
1.241562500000000000e+02,2.418333263867710436e-10
1.241718750000000000e+02,2.635207079434383784e-10
1.241875000000000000e+02,2.837770331212514569e-10
1.242031250000000000e+02,2.958248792344841951e-10
1.242187500000000000e+02,2.934370793159999486e-10
1.242343750000000000e+02,2.783522926834176871e-10
1.242500000000000000e+02,2.577860027177685556e-10
1.242656250000000000e+02,2.368949638774686939e-10
1.242812500000000000e+02,2.222239851933754427e-10
1.242968750000000000e+02,2.129295923920999266e-10
1.243125000000000000e+02,1.988798813102414993e-10
1.243281250000000000e+02,1.874411123426561016e-10
1.243437500000000000e+02,1.930094056036957980e-10
1.243593750000000000e+02,2.007357907972563806e-10
1.243750000000000000e+02,1.931346490609682758e-10
1.243906250000000000e+02,1.773443225190522984e-10
1.244062500000000000e+02,1.685855025499100178e-10
1.244218750000000000e+02,1.693000572389171873e-10
1.244375000000000000e+02,1.707723321948357217e-10
1.244531250000000000e+02,1.644177339618342063e-10
1.244687500000000000e+02,1.492521436676031820e-10
1.244843750000000000e+02,1.336538965038169690e-10
1.245000000000000000e+02,1.267720344426195540e-10
1.245156250000000000e+02,1.270823197499772512e-10
1.245312500000000000e+02,1.341970721710274779e-10
1.245468750000000000e+02,1.517593472245540931e-10
1.245625000000000000e+02,1.736698803522400925e-10
1.245781250000000000e+02,1.903239067970928365e-10
1.245937500000000000e+02,1.983837715156564354e-10
1.246093750000000000e+02,2.037349303333085695e-10
1.246250000000000000e+02,2.165883790937550804e-10
1.246406250000000000e+02,2.426683264267958089e-10
1.246562500000000000e+02,2.743892141396505705e-10
1.246718750000000000e+02,2.953743673088738718e-10
1.246875000000000000e+02,2.996037432170864436e-10
1.247031250000000000e+02,2.884338827286665144e-10
1.247187500000000000e+02,2.624612066986409611e-10
1.247343750000000000e+02,2.302811430281741845e-10
1.247500000000000000e+02,2.041406584765547621e-10
1.247656250000000000e+02,1.885496151207866725e-10
1.247812500000000000e+02,1.843600082057884503e-10
1.247968750000000000e+02,1.913326279217732629e-10
1.248125000000000000e+02,2.049877628301995327e-10
1.248281250000000000e+02,2.215691077143147635e-10
1.248437500000000000e+02,2.453801351710737369e-10
1.248593750000000000e+02,2.712312140701194216e-10
1.248750000000000000e+02,2.795188815166142572e-10
1.248906250000000000e+02,2.667978477352744391e-10
1.249062500000000000e+02,2.508841682870746788e-10
1.249218750000000000e+02,2.434210144963062496e-10
1.249375000000000000e+02,2.412415715200452920e-10
1.249531250000000000e+02,2.365090860483584213e-10
1.249687500000000000e+02,2.234022626571888438e-10
1.249843750000000000e+02,2.054029100485087106e-10
1.250000000000000000e+02,1.909258366338893448e-10
1.250156250000000000e+02,1.804721442970791462e-10
1.250312500000000000e+02,1.664240994356974318e-10
1.250468750000000000e+02,1.473074875364641701e-10
1.250625000000000000e+02,1.324677470651668468e-10
1.250781250000000000e+02,1.268154559798049494e-10
1.250937500000000000e+02,1.239610973254566524e-10
1.251093750000000000e+02,1.182274325771192144e-10
1.251250000000000000e+02,1.074496348066588140e-10
1.251406250000000000e+02,9.614103056026390812e-11
1.251562500000000000e+02,9.759118663303570903e-11
1.251718750000000000e+02,1.120986754364790888e-10
1.251875000000000000e+02,1.286186236805937948e-10
1.252031250000000000e+02,1.452731433457259188e-10
1.252187500000000000e+02,1.618182269568803226e-10
1.252343750000000000e+02,1.743030255218242688e-10
1.252500000000000000e+02,1.791752269591365147e-10
1.252656250000000000e+02,1.738042743734971807e-10
1.252812500000000000e+02,1.611500188946484922e-10
1.252968750000000000e+02,1.472228215886651799e-10
1.253125000000000000e+02,1.346857364945918867e-10
1.253281250000000000e+02,1.342559866133329755e-10
1.253437500000000000e+02,1.505605733976981079e-10
1.253593750000000000e+02,1.614817334982338175e-10
1.253750000000000000e+02,1.538695460445987260e-10
1.253906250000000000e+02,1.465126762521730022e-10
1.254062500000000000e+02,1.594901168196661152e-10
1.254218750000000000e+02,1.787124723934948335e-10
1.254375000000000000e+02,1.915497249510931949e-10
1.254531250000000000e+02,1.982249466451346391e-10
1.254687500000000000e+02,1.964685208937161709e-10
1.254843750000000000e+02,1.884469586210636129e-10
1.255000000000000000e+02,1.893215927653594730e-10
1.255156250000000000e+02,2.041690766105069204e-10
1.255312500000000000e+02,2.142416197766421122e-10
1.255468750000000000e+02,2.078134934558629040e-10
1.255625000000000000e+02,1.958769951947288404e-10
1.255781250000000000e+02,1.940126261134046149e-10
1.255937500000000000e+02,1.978669220311955185e-10
1.256093750000000000e+02,1.911841877107078948e-10
1.256250000000000000e+02,1.712123270098068741e-10
1.256406250000000000e+02,1.517831271428159837e-10
1.256562500000000000e+02,1.429034429556609956e-10
1.256718750000000000e+02,1.423971255670870414e-10
1.256875000000000000e+02,1.442720881062398983e-10
1.257031250000000000e+02,1.414060305340931267e-10
1.257187500000000000e+02,1.347554896977774424e-10
1.257343750000000000e+02,1.336521944288119402e-10
1.257500000000000000e+02,1.432745694310344412e-10
1.257656250000000000e+02,1.610568472493466484e-10
1.257812500000000000e+02,1.810235380812925697e-10
1.257968750000000000e+02,2.021153038322896470e-10
1.258125000000000000e+02,2.287701464453032436e-10
1.258281250000000000e+02,2.605481931053259721e-10
1.258437500000000000e+02,2.894781975816607709e-10
1.258593750000000000e+02,3.025822110013131690e-10
1.258750000000000000e+02,2.921462939454264621e-10
1.258906250000000000e+02,2.739003772606574938e-10
1.259062500000000000e+02,2.747407642750070782e-10
1.259218750000000000e+02,2.885398014519215984e-10
1.259375000000000000e+02,2.916833476299752948e-10
1.259531250000000000e+02,2.812860353562821324e-10
1.259687500000000000e+02,2.628924804557552110e-10
1.259843750000000000e+02,2.391848304414349679e-10
1.260000000000000000e+02,2.233176094323097076e-10
1.260156250000000000e+02,2.256323977755547272e-10
1.260312500000000000e+02,2.355609187268725931e-10
1.260468750000000000e+02,2.467921884985502124e-10
1.260625000000000000e+02,2.587142539601387003e-10
1.260781250000000000e+02,2.620324827090520836e-10
1.260937500000000000e+02,2.505866454229279406e-10
1.261093750000000000e+02,2.352562444985373094e-10
1.261250000000000000e+02,2.396943701526593912e-10
1.261406250000000000e+02,2.662562376636634318e-10
1.261562500000000000e+02,2.871613122967742073e-10
1.261718750000000000e+02,2.821490677303822964e-10
1.261875000000000000e+02,2.558404070299192272e-10
1.262031250000000000e+02,2.288850236340168015e-10
1.262187500000000000e+02,2.213648512214713413e-10
1.262343750000000000e+02,2.317003192019823274e-10
1.262500000000000000e+02,2.392785096775856307e-10
1.262656250000000000e+02,2.305416552905978987e-10
1.262812500000000000e+02,2.072807556902593284e-10
1.262968750000000000e+02,1.821521307178470466e-10
1.263125000000000000e+02,1.722072446390075224e-10
1.263281250000000000e+02,1.825808413054326336e-10
1.263437500000000000e+02,2.022953612111498126e-10
1.263593750000000000e+02,2.208825648097678638e-10
1.263750000000000000e+02,2.328534606697563899e-10
1.263906250000000000e+02,2.357821705190262477e-10
1.264062500000000000e+02,2.297143811965777825e-10
1.264218750000000000e+02,2.233315271439720800e-10
1.264375000000000000e+02,2.255047892835359704e-10
1.264531250000000000e+02,2.291789150805132156e-10
1.264687500000000000e+02,2.301112437410896652e-10
1.264843750000000000e+02,2.333097660034317921e-10
1.265000000000000000e+02,2.369961318733623953e-10
1.265156250000000000e+02,2.364277916245947255e-10
1.265312500000000000e+02,2.328006383857799318e-10
1.265468750000000000e+02,2.340353053777523680e-10
1.265625000000000000e+02,2.445954868276183001e-10
1.265781250000000000e+02,2.540972972346816512e-10
1.265937500000000000e+02,2.518194227975452694e-10
1.266093750000000000e+02,2.443353475104595558e-10
1.266250000000000000e+02,2.469282470095988332e-10
1.266406250000000000e+02,2.600701838177772449e-10
1.266562500000000000e+02,2.696179830975737863e-10
1.266718750000000000e+02,2.669769376613237922e-10
1.266875000000000000e+02,2.554148496845544100e-10
1.267031250000000000e+02,2.393145524227045598e-10
1.267187500000000000e+02,2.201512434774511673e-10
1.267343750000000000e+02,2.005866096220582023e-10
1.267500000000000000e+02,1.850193101319395474e-10
1.267656250000000000e+02,1.807458361805486054e-10
1.267812500000000000e+02,1.888827429138727509e-10
1.267968750000000000e+02,1.980302120329162886e-10
1.268125000000000000e+02,2.003949782022962568e-10
1.268281250000000000e+02,1.993561372237218113e-10
1.268437500000000000e+02,2.033147141527690026e-10
1.268593750000000000e+02,2.171348222787101668e-10
1.268750000000000000e+02,2.342076043405998354e-10
1.268906250000000000e+02,2.438254177563082013e-10
1.269062500000000000e+02,2.446193034237717583e-10
1.269218750000000000e+02,2.429083754965902198e-10
1.269375000000000000e+02,2.422060119152339249e-10
1.269531250000000000e+02,2.427287713395211870e-10
1.269687500000000000e+02,2.454894887563169917e-10
1.269843750000000000e+02,2.483887946849224751e-10
1.270000000000000000e+02,2.472386826917050938e-10
1.270156250000000000e+02,2.442012148293661113e-10
1.270312500000000000e+02,2.461099523637084866e-10
1.270468750000000000e+02,2.519125558461206388e-10
1.270625000000000000e+02,2.483797936125423941e-10
1.270781250000000000e+02,2.262891216060785221e-10
1.270937500000000000e+02,1.954437704608804200e-10
1.271093750000000000e+02,1.756491634864219538e-10
1.271250000000000000e+02,1.735333711674765266e-10
1.271406250000000000e+02,1.795094018661395712e-10
1.271562500000000000e+02,1.853501767205530345e-10
1.271718750000000000e+02,1.903779858152370933e-10
1.271875000000000000e+02,1.949726272729185990e-10
1.272031250000000000e+02,1.961102361857852979e-10
1.272187500000000000e+02,1.897098378648854820e-10
1.272343750000000000e+02,1.740153444820771236e-10
1.272500000000000000e+02,1.548333367681648528e-10
1.272656250000000000e+02,1.446154333348128890e-10
1.272812500000000000e+02,1.450971921109383646e-10
1.272968750000000000e+02,1.448945013901923495e-10
1.273125000000000000e+02,1.395588581354945954e-10
1.273281250000000000e+02,1.351340308751343563e-10
1.273437500000000000e+02,1.361045461208001652e-10
1.273593750000000000e+02,1.430242284565206428e-10
1.273750000000000000e+02,1.570663701903036453e-10
1.273906250000000000e+02,1.735785243869117000e-10
1.274062500000000000e+02,1.850949678801836404e-10
1.274218750000000000e+02,1.975472442274948740e-10
1.274375000000000000e+02,2.231334846797271680e-10
1.274531250000000000e+02,2.526141732651484728e-10
1.274687500000000000e+02,2.684438128987977639e-10
1.274843750000000000e+02,2.696538041641075600e-10
1.275000000000000000e+02,2.670073949884856129e-10
1.275156250000000000e+02,2.678207960928647559e-10
1.275312500000000000e+02,2.704245781940596491e-10
1.275468750000000000e+02,2.723722865597856392e-10
1.275625000000000000e+02,2.747372089648858831e-10
1.275781250000000000e+02,2.719205272958571503e-10
1.275937500000000000e+02,2.552827651229301893e-10
1.276093750000000000e+02,2.282234089600747689e-10
1.276250000000000000e+02,2.021865303973684693e-10
1.276406250000000000e+02,1.830838634807290313e-10
1.276562500000000000e+02,1.728893760826772825e-10
1.276718750000000000e+02,1.704028049274208059e-10
1.276875000000000000e+02,1.679185994401036155e-10
1.277031250000000000e+02,1.623199173389294870e-10
1.277187500000000000e+02,1.618791264460975096e-10
1.277343750000000000e+02,1.700706455446747211e-10
1.277500000000000000e+02,1.803292433491185262e-10
1.277656250000000000e+02,1.900453004275523202e-10
1.277812500000000000e+02,1.963667949416279136e-10
1.277968750000000000e+02,1.986241451932191967e-10
1.278125000000000000e+02,2.049802163427669937e-10
1.278281250000000000e+02,2.145381159781171320e-10
1.278437500000000000e+02,2.155325886439991126e-10
1.278593750000000000e+02,2.075231512815384575e-10
1.278750000000000000e+02,2.013804133126201747e-10
1.278906250000000000e+02,2.020628639824335243e-10
1.279062500000000000e+02,2.087391401298224193e-10
1.279218750000000000e+02,2.203760560533740783e-10
1.279375000000000000e+02,2.334487805930450197e-10
1.279531250000000000e+02,2.463874776944087919e-10
1.279687500000000000e+02,2.585208983727635058e-10
1.279843750000000000e+02,2.659907642315490295e-10
1.280000000000000000e+02,1.894459645413716670e-10
