0.000000000000000000e+00,3.115809582419792813e-09
1.562500000000000000e-02,3.771028305710966857e-09
3.125000000000000000e-02,2.375952521826206660e-09
4.687500000000000000e-02,4.166922066354684356e-09
6.250000000000000000e-02,1.189187672535797800e-08
7.812500000000000000e-02,2.519546974842959924e-08
9.375000000000000000e-02,4.180268522307085418e-08
1.093750000000000000e-01,5.587271246042139568e-08
1.250000000000000000e-01,6.188864086747366237e-08
1.406250000000000000e-01,5.982774913051249171e-08
1.562500000000000000e-01,5.525713744031089075e-08
1.718750000000000000e-01,5.279864072435576217e-08
1.875000000000000000e-01,5.188719560954274216e-08
2.031250000000000000e-01,5.062132744289522639e-08
2.187500000000000000e-01,4.855842742049218640e-08
2.343750000000000000e-01,4.596566775708866183e-08
2.500000000000000000e-01,4.438115740699692166e-08
2.656250000000000000e-01,4.529476230774710059e-08
2.812500000000000000e-01,4.603270094691400996e-08
2.968750000000000000e-01,4.299397609243252332e-08
3.125000000000000000e-01,3.712575970840703581e-08
3.281250000000000000e-01,3.307566513870417986e-08
3.437500000000000000e-01,3.247812794894724887e-08
3.593750000000000000e-01,3.242926394001115156e-08
3.750000000000000000e-01,3.139217582715927823e-08
3.906250000000000000e-01,2.972427611075540170e-08
4.062500000000000000e-01,2.787641290564720360e-08
4.218750000000000000e-01,2.634904376552818827e-08
4.375000000000000000e-01,2.558504116189065465e-08
4.531250000000000000e-01,2.550761893563473081e-08
4.687500000000000000e-01,2.571079452136569149e-08
4.843750000000000000e-01,2.615088492185614507e-08
5.000000000000000000e-01,2.697740824090588956e-08
5.156250000000000000e-01,2.748284974534863726e-08
5.312500000000000000e-01,2.713161457381180981e-08
5.468750000000000000e-01,2.653919837157043166e-08
5.625000000000000000e-01,2.628982238708462240e-08
5.781250000000000000e-01,2.607955071695369529e-08
5.937500000000000000e-01,2.558407950367722796e-08
6.093750000000000000e-01,2.507323187744643924e-08
6.250000000000000000e-01,2.422269528713624139e-08
6.406250000000000000e-01,2.197977967354070892e-08
6.562500000000000000e-01,1.869690264083638217e-08
6.718750000000000000e-01,1.627347446105231691e-08
6.875000000000000000e-01,1.564483090751372768e-08
7.031250000000000000e-01,1.578744649194699910e-08
7.187500000000000000e-01,1.560429363454389577e-08
7.343750000000000000e-01,1.474764963990742783e-08
7.500000000000000000e-01,1.320735300511000462e-08
7.656250000000000000e-01,1.117399037011121815e-08
7.812500000000000000e-01,9.628662580065028014e-09
7.968750000000000000e-01,9.962908854870266902e-09
8.125000000000000000e-01,1.144958244806828184e-08
8.281250000000000000e-01,1.246239883415290024e-08
8.437500000000000000e-01,1.252587450884435291e-08
8.593750000000000000e-01,1.200100442001439838e-08
8.750000000000000000e-01,1.158533189192505038e-08
8.906250000000000000e-01,1.182478486026347680e-08
9.062500000000000000e-01,1.259601755250231621e-08
9.218750000000000000e-01,1.331777542967277521e-08
9.375000000000000000e-01,1.360974885746877352e-08
9.531250000000000000e-01,1.350879869995358930e-08
9.687500000000000000e-01,1.328579331632298426e-08
9.843750000000000000e-01,1.324082418907843770e-08
1.000000000000000000e+00,1.326203558635350976e-08
1.015625000000000000e+00,1.269930736428719221e-08
1.031250000000000000e+00,1.137425412096576587e-08
1.046875000000000000e+00,1.023519459888291193e-08
1.062500000000000000e+00,1.003847874807581894e-08
1.078125000000000000e+00,1.020348115395268334e-08
1.093750000000000000e+00,1.008881230528722757e-08
1.109375000000000000e+00,9.603430016905553189e-09
1.125000000000000000e+00,8.800470609242379009e-09
1.140625000000000000e+00,7.876807765772053664e-09
1.156250000000000000e+00,7.170191406610782438e-09
1.171875000000000000e+00,6.765290155147355071e-09
1.187500000000000000e+00,6.464459130526963971e-09
1.203125000000000000e+00,6.188907710428777567e-09
1.218750000000000000e+00,6.145449335116838585e-09
1.234375000000000000e+00,6.503353986997030052e-09
1.250000000000000000e+00,7.010413995688679250e-09
1.265625000000000000e+00,7.371024175109700006e-09
1.281250000000000000e+00,7.573961032325150946e-09
1.296875000000000000e+00,7.634494098026351436e-09
1.312500000000000000e+00,7.539863662352943609e-09
1.328125000000000000e+00,7.527571511776704749e-09
1.343750000000000000e+00,7.878872992466771690e-09
1.359375000000000000e+00,8.303227535065734346e-09
1.375000000000000000e+00,8.220311493439418991e-09
1.390625000000000000e+00,7.442944172995333608e-09
1.406250000000000000e+00,6.347260039866867795e-09
1.421875000000000000e+00,5.605055554448649202e-09
1.437500000000000000e+00,5.607364982784143754e-09
1.453125000000000000e+00,6.034176275443657487e-09
1.468750000000000000e+00,6.476498552950425521e-09
1.484375000000000000e+00,6.863676212976348348e-09
1.500000000000000000e+00,6.993315124236326279e-09
1.515625000000000000e+00,6.630266420770744430e-09
1.531250000000000000e+00,6.026191817746173636e-09
1.546875000000000000e+00,5.595923509287289158e-09
1.562500000000000000e+00,5.280963792892566705e-09
1.578125000000000000e+00,4.843384727034303204e-09
1.593750000000000000e+00,4.359757540342876754e-09
1.609375000000000000e+00,4.149595851730771354e-09
1.625000000000000000e+00,4.337804508689964371e-09
1.640625000000000000e+00,4.579049741499906237e-09
1.656250000000000000e+00,4.514062923316157772e-09
1.671875000000000000e+00,4.276976773804645077e-09
1.687500000000000000e+00,4.256500171525925374e-09
1.703125000000000000e+00,4.462346080384491243e-09
1.718750000000000000e+00,4.717472494104523525e-09
1.734375000000000000e+00,4.999262146944078653e-09
1.750000000000000000e+00,5.240381107339939180e-09
1.765625000000000000e+00,5.260923056146956362e-09
1.781250000000000000e+00,4.987794441186809510e-09
1.796875000000000000e+00,4.572855129595587557e-09
1.812500000000000000e+00,4.218408759216275706e-09
1.828125000000000000e+00,4.082370716704160204e-09
1.843750000000000000e+00,4.237685814312898437e-09
1.859375000000000000e+00,4.525358479984201291e-09
1.875000000000000000e+00,4.701021266826415739e-09
1.890625000000000000e+00,4.687021641127915853e-09
1.906250000000000000e+00,4.506028116260971061e-09
1.921875000000000000e+00,4.157922889965516805e-09
1.937500000000000000e+00,3.824311435364987948e-09
1.953125000000000000e+00,3.813654724104806752e-09
1.968750000000000000e+00,4.030272650006588905e-09
1.984375000000000000e+00,4.054997944325951202e-09
2.000000000000000000e+00,3.695708323313986847e-09
2.015625000000000000e+00,3.170331605715025433e-09
2.031250000000000000e+00,2.874640435790930545e-09
2.046875000000000000e+00,2.895476067098114011e-09
2.062500000000000000e+00,2.982101863505243487e-09
2.078125000000000000e+00,2.951645425605914789e-09
2.093750000000000000e+00,2.793625646815724658e-09
2.109375000000000000e+00,2.621784347913596301e-09
2.125000000000000000e+00,2.506445757137588119e-09
2.140625000000000000e+00,2.360085423856967971e-09
2.156250000000000000e+00,2.152800581783960522e-09
2.171875000000000000e+00,2.021268516712115485e-09
2.187500000000000000e+00,2.017784414781358748e-09
2.203125000000000000e+00,2.015779702766926748e-09
2.218750000000000000e+00,1.936815231943478620e-09
2.234375000000000000e+00,1.849150825542865012e-09
2.250000000000000000e+00,1.825626271810957849e-09
2.265625000000000000e+00,1.821187023079895709e-09
2.281250000000000000e+00,1.807817280008058755e-09
2.296875000000000000e+00,1.839542170139173332e-09
2.312500000000000000e+00,1.931399042559276584e-09
2.328125000000000000e+00,2.028089135711749778e-09
2.343750000000000000e+00,2.095262380006862615e-09
2.359375000000000000e+00,2.144786033787915510e-09
2.375000000000000000e+00,2.202907622467415601e-09
2.390625000000000000e+00,2.289656411531111794e-09
2.406250000000000000e+00,2.356067321350773704e-09
2.421875000000000000e+00,2.339485808911934793e-09
2.437500000000000000e+00,2.260614097708376946e-09
2.453125000000000000e+00,2.186278486252067099e-09
2.468750000000000000e+00,2.210146953260663798e-09
2.484375000000000000e+00,2.325617526034901087e-09
2.500000000000000000e+00,2.372808789595866007e-09
2.515625000000000000e+00,2.384248686501447942e-09
2.531250000000000000e+00,2.567368474946509876e-09
2.546875000000000000e+00,2.806003270416251674e-09
2.562500000000000000e+00,2.850425633890440341e-09
2.578125000000000000e+00,2.729733904756498879e-09
2.593750000000000000e+00,2.616226380323103960e-09
2.609375000000000000e+00,2.553721409463397206e-09
2.625000000000000000e+00,2.462805535178934636e-09
2.640625000000000000e+00,2.308494921591091166e-09
2.656250000000000000e+00,2.220143520806065289e-09
2.671875000000000000e+00,2.271537251460370981e-09
2.687500000000000000e+00,2.263891274817504641e-09
2.703125000000000000e+00,2.056171263313979361e-09
2.718750000000000000e+00,1.773011983201583114e-09
2.734375000000000000e+00,1.597806729684795381e-09
2.750000000000000000e+00,1.539724894726963937e-09
2.765625000000000000e+00,1.520696697621672016e-09
2.781250000000000000e+00,1.490564614728988389e-09
2.796875000000000000e+00,1.442799832026401514e-09
2.812500000000000000e+00,1.447783995415156211e-09
2.828125000000000000e+00,1.622563172946439351e-09
2.843750000000000000e+00,1.990328433636517922e-09
2.859375000000000000e+00,2.395635652216629874e-09
2.875000000000000000e+00,2.644534100997884874e-09
2.890625000000000000e+00,2.688231850276404161e-09
2.906250000000000000e+00,2.615146913167854107e-09
2.921875000000000000e+00,2.498619891664548706e-09
2.937500000000000000e+00,2.359240238013186663e-09
2.953125000000000000e+00,2.210965541130787177e-09
2.968750000000000000e+00,2.055906378403788528e-09
2.984375000000000000e+00,1.903904892618858864e-09
3.000000000000000000e+00,1.771009939535534581e-09
3.015625000000000000e+00,1.653570137044137818e-09
3.031250000000000000e+00,1.578906254833749772e-09
3.046875000000000000e+00,1.631656295998081366e-09
3.062500000000000000e+00,1.786700551200304015e-09
3.078125000000000000e+00,1.864123387285376838e-09
3.093750000000000000e+00,1.826481316221351457e-09
3.109375000000000000e+00,1.868793794557647141e-09
3.125000000000000000e+00,2.075442483943401492e-09
3.140625000000000000e+00,2.305204409632773437e-09
3.156250000000000000e+00,2.484254760484994693e-09
3.171875000000000000e+00,2.622566590803873435e-09
3.187500000000000000e+00,2.673958242460857520e-09
3.203125000000000000e+00,2.596646431604910447e-09
3.218750000000000000e+00,2.473143323037197422e-09
3.234375000000000000e+00,2.460375036610610863e-09
3.250000000000000000e+00,2.575715018002212015e-09
3.265625000000000000e+00,2.674472848030704488e-09
3.281250000000000000e+00,2.709328391830112553e-09
3.296875000000000000e+00,2.767994128711723339e-09
3.312500000000000000e+00,2.834246750568223458e-09
3.328125000000000000e+00,2.788456446367572216e-09
3.343750000000000000e+00,2.593986023374325428e-09
3.359375000000000000e+00,2.334924526232189161e-09
3.375000000000000000e+00,2.147878045947073109e-09
3.390625000000000000e+00,2.096376623970975647e-09
3.406250000000000000e+00,2.135064067305172539e-09
3.421875000000000000e+00,2.168248590906738388e-09
3.437500000000000000e+00,2.091021598641940842e-09
3.453125000000000000e+00,1.892873930010345373e-09
3.468750000000000000e+00,1.715891330671170716e-09
3.484375000000000000e+00,1.746205732161649913e-09
3.500000000000000000e+00,1.963790862622692355e-09
3.515625000000000000e+00,2.177744525263595747e-09
3.531250000000000000e+00,2.251748110803315068e-09
3.546875000000000000e+00,2.256616864668679840e-09
3.562500000000000000e+00,2.406148215358473627e-09
3.578125000000000000e+00,2.692555491888910795e-09
3.593750000000000000e+00,2.886988751497281064e-09
3.609375000000000000e+00,2.890078194060316967e-09
3.625000000000000000e+00,2.833990363918130813e-09
3.640625000000000000e+00,2.927016099388355863e-09
3.656250000000000000e+00,3.168748265079362879e-09
3.671875000000000000e+00,3.355127449052138066e-09
3.687500000000000000e+00,3.310375918742597292e-09
3.703125000000000000e+00,3.048775019756882970e-09
3.718750000000000000e+00,2.830889214290035275e-09
3.734375000000000000e+00,2.815652784194779988e-09
3.750000000000000000e+00,2.844230010104808388e-09
3.765625000000000000e+00,2.789052940868028721e-09
3.781250000000000000e+00,2.650606640814639453e-09
3.796875000000000000e+00,2.464918895107782402e-09
3.812500000000000000e+00,2.293885323669524637e-09
3.828125000000000000e+00,2.263074354464888782e-09
3.843750000000000000e+00,2.472113063352987821e-09
3.859375000000000000e+00,2.742806188304487520e-09
3.875000000000000000e+00,2.819844810167606001e-09
3.890625000000000000e+00,2.720839125561924899e-09
3.906250000000000000e+00,2.669449362035137858e-09
3.921875000000000000e+00,2.734062767461666114e-09
3.937500000000000000e+00,2.769606602176131106e-09
3.953125000000000000e+00,2.712706197224210023e-09
3.968750000000000000e+00,2.712227154168255929e-09
3.984375000000000000e+00,2.942618628673616938e-09
4.000000000000000000e+00,3.232372915316102454e-09
4.015625000000000000e+00,3.278245913959065605e-09
4.031250000000000000e+00,3.043935218515635084e-09
4.046875000000000000e+00,2.693419778154122312e-09
4.062500000000000000e+00,2.381967278381040531e-09
4.078125000000000000e+00,2.239675019680240935e-09
4.093750000000000000e+00,2.320436636642671824e-09
4.109375000000000000e+00,2.479005318763111392e-09
4.125000000000000000e+00,2.565434101243147786e-09
4.140625000000000000e+00,2.552796992713597997e-09
4.156250000000000000e+00,2.467255913561296877e-09
4.171875000000000000e+00,2.422606040825579099e-09
4.187500000000000000e+00,2.526447247745312496e-09
4.203125000000000000e+00,2.654739533388376274e-09
4.218750000000000000e+00,2.633676307761598650e-09
4.234375000000000000e+00,2.526726901915581827e-09
4.250000000000000000e+00,2.491020489195020354e-09
4.265625000000000000e+00,2.503314917304545647e-09
4.281250000000000000e+00,2.540524505353510462e-09
4.296875000000000000e+00,2.641849550058640274e-09
4.312500000000000000e+00,2.684471557244475943e-09
4.328125000000000000e+00,2.519930531052702811e-09
4.343750000000000000e+00,2.231594850296259740e-09
4.359375000000000000e+00,2.083009206319819918e-09
4.375000000000000000e+00,2.194375181044970712e-09
4.390625000000000000e+00,2.418438238337870507e-09
4.406250000000000000e+00,2.535523433098814746e-09
4.421875000000000000e+00,2.457601983443705094e-09
4.437500000000000000e+00,2.301329382680980958e-09
4.453125000000000000e+00,2.223227518673928251e-09
4.468750000000000000e+00,2.233189515509813569e-09
4.484375000000000000e+00,2.253012671605358179e-09
4.500000000000000000e+00,2.205793799580294411e-09
4.515625000000000000e+00,2.066017052962006550e-09
4.531250000000000000e+00,1.926903364370673578e-09
4.546875000000000000e+00,1.932449004470698184e-09
4.562500000000000000e+00,2.092359758405295626e-09
4.578125000000000000e+00,2.302091346053130325e-09
4.593750000000000000e+00,2.464385957216603207e-09
4.609375000000000000e+00,2.532383105572633536e-09
4.625000000000000000e+00,2.545233967904725052e-09
4.640625000000000000e+00,2.564608296729474035e-09
4.656250000000000000e+00,2.585042135409173675e-09
4.671875000000000000e+00,2.582080507881029869e-09
4.687500000000000000e+00,2.583116391427174329e-09
4.703125000000000000e+00,2.647353016737165988e-09
4.718750000000000000e+00,2.726185706720721240e-09
4.734375000000000000e+00,2.691977000778495986e-09
4.750000000000000000e+00,2.522126555666436169e-09
4.765625000000000000e+00,2.318179088217126166e-09
4.781250000000000000e+00,2.207440743903012396e-09
4.796875000000000000e+00,2.252463873415700859e-09
4.812500000000000000e+00,2.373319067565828752e-09
4.828125000000000000e+00,2.434870332705341250e-09
4.843750000000000000e+00,2.429980238935555608e-09
4.859375000000000000e+00,2.460855641627661215e-09
4.875000000000000000e+00,2.565909280930528539e-09
4.890625000000000000e+00,2.636760796459293246e-09
4.906250000000000000e+00,2.559465854408489239e-09
4.921875000000000000e+00,2.363824131887522558e-09
4.937500000000000000e+00,2.179727191611660893e-09
4.953125000000000000e+00,2.054645433823203401e-09
4.968750000000000000e+00,1.902333420637492713e-09
4.984375000000000000e+00,1.687748093468796849e-09
5.000000000000000000e+00,1.512108051955631015e-09
5.015625000000000000e+00,1.469900160833585421e-09
5.031250000000000000e+00,1.519807586932627722e-09
5.046875000000000000e+00,1.589882820576432642e-09
5.062500000000000000e+00,1.692467410905604045e-09
5.078125000000000000e+00,1.861973847409209647e-09
5.093750000000000000e+00,2.069024212657677845e-09
5.109375000000000000e+00,2.227167993898810986e-09
5.125000000000000000e+00,2.278388214166414153e-09
5.140625000000000000e+00,2.258908197681460155e-09
5.156250000000000000e+00,2.235062240441015463e-09
5.171875000000000000e+00,2.234200072602981981e-09
5.187500000000000000e+00,2.314393338057439431e-09
5.203125000000000000e+00,2.526369642280568260e-09
5.218750000000000000e+00,2.778506075966410974e-09
5.234375000000000000e+00,2.944126103344982992e-09
5.250000000000000000e+00,2.973280098275556233e-09
5.265625000000000000e+00,2.853391090615467771e-09
5.281250000000000000e+00,2.591553492180361081e-09
5.296875000000000000e+00,2.246593686021316149e-09
5.312500000000000000e+00,1.951965656827387156e-09
5.328125000000000000e+00,1.801292139551786716e-09
5.343750000000000000e+00,1.744909700309039260e-09
5.359375000000000000e+00,1.731454673834533219e-09
5.375000000000000000e+00,1.781899129059953147e-09
5.390625000000000000e+00,1.895470221464679217e-09
5.406250000000000000e+00,2.012292967013806936e-09
5.421875000000000000e+00,2.084089866442031929e-09
5.437500000000000000e+00,2.142854583652019807e-09
5.453125000000000000e+00,2.266928007448241462e-09
5.468750000000000000e+00,2.467831436405903496e-09
5.484375000000000000e+00,2.692190618864382201e-09
5.500000000000000000e+00,2.856624622643379631e-09
5.515625000000000000e+00,2.878360552909769254e-09
5.531250000000000000e+00,2.750713604642049726e-09
5.546875000000000000e+00,2.571346961586868581e-09
5.562500000000000000e+00,2.484193768863257717e-09
5.578125000000000000e+00,2.573471504561213555e-09
5.593750000000000000e+00,2.845643329646732517e-09
5.609375000000000000e+00,3.176288151080573567e-09
5.625000000000000000e+00,3.345398708838849650e-09
5.640625000000000000e+00,3.317181354732272503e-09
5.656250000000000000e+00,3.243534782110891366e-09
5.671875000000000000e+00,3.184927411623793927e-09
5.687500000000000000e+00,3.139931320103878188e-09
5.703125000000000000e+00,3.167482158276204832e-09
5.718750000000000000e+00,3.228074701591745151e-09
5.734375000000000000e+00,3.175990823350511866e-09
5.750000000000000000e+00,2.962974587035157758e-09
5.765625000000000000e+00,2.702179910653464910e-09
5.781250000000000000e+00,2.522615674810085109e-09
5.796875000000000000e+00,2.405977784703918926e-09
5.812500000000000000e+00,2.323916278694054640e-09
5.828125000000000000e+00,2.282042608400288484e-09
5.843750000000000000e+00,2.229630834815425379e-09
5.859375000000000000e+00,2.174439700069817867e-09
5.875000000000000000e+00,2.156114675391767786e-09
5.890625000000000000e+00,2.133344195463021969e-09
5.906250000000000000e+00,2.074955387192415801e-09
5.921875000000000000e+00,2.015152452019835645e-09
5.937500000000000000e+00,2.070147633158117594e-09
5.953125000000000000e+00,2.379424746690261259e-09
5.968750000000000000e+00,2.893672132357114201e-09
5.984375000000000000e+00,3.518235261189314102e-09
6.000000000000000000e+00,4.168229935360111847e-09
6.015625000000000000e+00,4.802099777856953336e-09
6.031250000000000000e+00,5.396461889561629159e-09
6.046875000000000000e+00,5.818224316758785834e-09
6.062500000000000000e+00,6.167972141736133582e-09
6.078125000000000000e+00,6.852447041147988031e-09
6.093750000000000000e+00,7.603557818142184565e-09
6.109375000000000000e+00,7.687564343913972336e-09
6.125000000000000000e+00,7.259752487515836007e-09
6.140625000000000000e+00,7.029543343264397248e-09
6.156250000000000000e+00,7.003597375419565529e-09
6.171875000000000000e+00,6.730018795908283188e-09
6.187500000000000000e+00,6.033527350054056596e-09
6.203125000000000000e+00,5.256331827989398005e-09
6.218750000000000000e+00,4.897213441437394550e-09
6.234375000000000000e+00,4.857645155639606343e-09
6.250000000000000000e+00,4.848458046468125132e-09
6.265625000000000000e+00,4.862629721468747875e-09
6.281250000000000000e+00,4.831499576596062759e-09
6.296875000000000000e+00,4.773350810089076550e-09
6.312500000000000000e+00,4.895800001242270173e-09
6.328125000000000000e+00,5.110945601679843619e-09
6.343750000000000000e+00,5.042183698473796757e-09
6.359375000000000000e+00,4.582247882256724940e-09
6.375000000000000000e+00,4.055389985817386203e-09
6.390625000000000000e+00,3.822630209974182005e-09
6.406250000000000000e+00,3.847057372812129759e-09
6.421875000000000000e+00,3.882543841656225131e-09
6.437500000000000000e+00,3.830308525123152021e-09
6.453125000000000000e+00,3.742742712236544710e-09
6.468750000000000000e+00,3.630378890033837319e-09
6.484375000000000000e+00,3.393272669517429357e-09
6.500000000000000000e+00,3.012072060842808946e-09
6.515625000000000000e+00,2.677855424967151711e-09
6.531250000000000000e+00,2.545768481932691206e-09
6.546875000000000000e+00,2.490078709378343981e-09
6.562500000000000000e+00,2.390311066022054726e-09
6.578125000000000000e+00,2.315995617701483241e-09
6.593750000000000000e+00,2.358738591501673806e-09
6.609375000000000000e+00,2.446126234295556022e-09
6.625000000000000000e+00,2.415960147968853503e-09
6.640625000000000000e+00,2.219260122475660339e-09
6.656250000000000000e+00,1.946579278105584975e-09
6.671875000000000000e+00,1.706648121548441570e-09
6.687500000000000000e+00,1.532548442896251863e-09
6.703125000000000000e+00,1.452427680722658611e-09
6.718750000000000000e+00,1.505550178721262124e-09
6.734375000000000000e+00,1.632881113831260542e-09
6.750000000000000000e+00,1.722697279714825697e-09
6.765625000000000000e+00,1.722140507307671664e-09
6.781250000000000000e+00,1.695578582092482124e-09
6.796875000000000000e+00,1.727820912049043481e-09
6.812500000000000000e+00,1.778628489916068241e-09
6.828125000000000000e+00,1.780678697808093899e-09
6.843750000000000000e+00,1.754694468545187335e-09
6.859375000000000000e+00,1.773826161235459924e-09
6.875000000000000000e+00,1.876126624255422442e-09
6.890625000000000000e+00,2.001155750136475324e-09
6.906250000000000000e+00,2.075326306917264958e-09
6.921875000000000000e+00,2.122365421148856109e-09
6.937500000000000000e+00,2.164084440748072952e-09
6.953125000000000000e+00,2.165311489004382316e-09
6.968750000000000000e+00,2.181187279653023245e-09
6.984375000000000000e+00,2.243510252275365330e-09
7.000000000000000000e+00,2.224574986058221751e-09
7.015625000000000000e+00,2.099458328778593288e-09
7.031250000000000000e+00,2.012798628666374144e-09
7.046875000000000000e+00,2.028691074458502635e-09
7.062500000000000000e+00,2.084945399586846139e-09
7.078125000000000000e+00,2.124377543876941620e-09
7.093750000000000000e+00,2.095772673742286061e-09
7.109375000000000000e+00,1.947917589386611090e-09
7.125000000000000000e+00,1.709346677735348427e-09
7.140625000000000000e+00,1.484286865046067387e-09
7.156250000000000000e+00,1.372077306983731900e-09
7.171875000000000000e+00,1.407108654310739987e-09
7.187500000000000000e+00,1.501799845243107924e-09
7.203125000000000000e+00,1.548677580152839036e-09
7.218750000000000000e+00,1.519442593345239409e-09
7.234375000000000000e+00,1.474416611032410695e-09
7.250000000000000000e+00,1.490089178109579458e-09
7.265625000000000000e+00,1.555767449003454063e-09
7.281250000000000000e+00,1.605983537473139130e-09
7.296875000000000000e+00,1.580268160003800105e-09
7.312500000000000000e+00,1.524038600366554966e-09
7.328125000000000000e+00,1.608988052749800483e-09
7.343750000000000000e+00,1.818099133526519322e-09
7.359375000000000000e+00,1.928207389863303088e-09
7.375000000000000000e+00,1.858343870069359806e-09
7.390625000000000000e+00,1.735956571664180575e-09
7.406250000000000000e+00,1.693785970432832221e-09
7.421875000000000000e+00,1.698016955816218274e-09
7.437500000000000000e+00,1.648824604209089643e-09
7.453125000000000000e+00,1.519680878812775646e-09
7.468750000000000000e+00,1.368439600956246388e-09
7.484375000000000000e+00,1.286869986231454754e-09
7.500000000000000000e+00,1.307726418815754849e-09
7.515625000000000000e+00,1.346953914159508142e-09
7.531250000000000000e+00,1.339217011997913292e-09
7.546875000000000000e+00,1.327827046866603697e-09
7.562500000000000000e+00,1.376748011532361446e-09
7.578125000000000000e+00,1.475899325619974591e-09
7.593750000000000000e+00,1.557052744691857273e-09
7.609375000000000000e+00,1.557439482543770749e-09
7.625000000000000000e+00,1.497678406892446522e-09
7.640625000000000000e+00,1.477023072696052890e-09
7.656250000000000000e+00,1.544756725214312921e-09
7.671875000000000000e+00,1.662554935449731661e-09
7.687500000000000000e+00,1.760743846701999101e-09
7.703125000000000000e+00,1.781824181865304031e-09
7.718750000000000000e+00,1.723577614717939251e-09
7.734375000000000000e+00,1.665527687522544832e-09
7.750000000000000000e+00,1.743147930331177066e-09
7.765625000000000000e+00,1.953695652472287593e-09
7.781250000000000000e+00,2.106716698001145887e-09
7.796875000000000000e+00,2.089931725933359761e-09
7.812500000000000000e+00,1.977549891390582620e-09
7.828125000000000000e+00,1.902070758817519571e-09
7.843750000000000000e+00,1.908753659001597363e-09
7.859375000000000000e+00,1.918063765355230659e-09
7.875000000000000000e+00,1.820539605251694724e-09
7.890625000000000000e+00,1.611913422463950812e-09
7.906250000000000000e+00,1.407487490372682143e-09
7.921875000000000000e+00,1.300570485192928067e-09
7.937500000000000000e+00,1.275822606902659512e-09
7.953125000000000000e+00,1.383043072410087949e-09
7.968750000000000000e+00,1.694878949919822748e-09
7.984375000000000000e+00,2.104379194825748984e-09
8.000000000000000000e+00,2.453298387901437678e-09
8.015625000000000000e+00,2.627205591826522397e-09
8.031250000000000000e+00,2.595575960174158783e-09
8.046875000000000000e+00,2.492907293961356323e-09
8.062500000000000000e+00,2.478207907957029180e-09
8.078125000000000000e+00,2.541876836986730232e-09
8.093750000000000000e+00,2.576844234182276866e-09
8.109375000000000000e+00,2.491825725972061658e-09
8.125000000000000000e+00,2.308988480055983333e-09
8.140625000000000000e+00,2.106552034878876767e-09
8.156250000000000000e+00,1.921999261797159268e-09
8.171875000000000000e+00,1.787407950822744134e-09
8.187500000000000000e+00,1.688673668143562618e-09
8.203125000000000000e+00,1.612150389537744943e-09
8.218750000000000000e+00,1.619046099096996813e-09
8.234375000000000000e+00,1.685045891698059295e-09
8.250000000000000000e+00,1.701636366279889912e-09
8.265625000000000000e+00,1.639904901836987612e-09
8.281250000000000000e+00,1.521136635690184598e-09
8.296875000000000000e+00,1.367999263726018570e-09
8.312500000000000000e+00,1.227595026135347832e-09
8.328125000000000000e+00,1.132220480241073427e-09
8.343750000000000000e+00,1.091116740738587508e-09
8.359375000000000000e+00,1.109413032475117593e-09
8.375000000000000000e+00,1.135216025442220381e-09
8.390625000000000000e+00,1.108755418818585156e-09
8.406250000000000000e+00,1.056384700595008876e-09
8.421875000000000000e+00,1.044815966476788949e-09
8.437500000000000000e+00,1.056336449822103228e-09
8.453125000000000000e+00,1.063213376569076146e-09
8.468750000000000000e+00,1.103099024332834732e-09
8.484375000000000000e+00,1.160080491613431399e-09
8.500000000000000000e+00,1.164772078855882305e-09
8.515625000000000000e+00,1.119509620678524425e-09
8.531250000000000000e+00,1.099735187200494119e-09
8.546875000000000000e+00,1.132685405867769380e-09
8.562500000000000000e+00,1.169603966319732087e-09
8.578125000000000000e+00,1.174206613259322620e-09
8.593750000000000000e+00,1.148486469238534568e-09
8.609375000000000000e+00,1.109558901720481807e-09
8.625000000000000000e+00,1.109003405718298793e-09
8.640625000000000000e+00,1.198921492994200517e-09
8.656250000000000000e+00,1.305316251994735542e-09
8.671875000000000000e+00,1.311555856902130160e-09
8.687500000000000000e+00,1.215438163654128843e-09
8.703125000000000000e+00,1.097094690583128199e-09
8.718750000000000000e+00,1.019386329284717611e-09
8.734375000000000000e+00,9.879566241453356167e-10
8.750000000000000000e+00,9.592108775383190075e-10
8.765625000000000000e+00,9.201510707727351522e-10
8.781250000000000000e+00,9.145947408139946958e-10
8.796875000000000000e+00,9.429117978847084660e-10
8.812500000000000000e+00,9.678293568076724079e-10
8.828125000000000000e+00,1.015036205960489032e-09
8.843750000000000000e+00,1.123254609005047395e-09
8.859375000000000000e+00,1.240635997016958963e-09
8.875000000000000000e+00,1.305587858758280322e-09
8.890625000000000000e+00,1.327739746870399924e-09
8.906250000000000000e+00,1.322774519667846707e-09
8.921875000000000000e+00,1.288263080850260942e-09
8.937500000000000000e+00,1.236394041554450539e-09
8.953125000000000000e+00,1.161351762181354591e-09
8.968750000000000000e+00,1.074452424182787838e-09
8.984375000000000000e+00,1.046802445643152756e-09
9.000000000000000000e+00,1.105361853995663448e-09
9.015625000000000000e+00,1.182813930406885908e-09
9.031250000000000000e+00,1.229983124296261297e-09
9.046875000000000000e+00,1.281285625157276274e-09
9.062500000000000000e+00,1.372674080427579331e-09
9.078125000000000000e+00,1.503987066579945730e-09
9.093750000000000000e+00,1.698041065840835244e-09
9.109375000000000000e+00,1.940887404424756501e-09
9.125000000000000000e+00,2.141993293484556168e-09
9.140625000000000000e+00,2.240975899625916032e-09
9.156250000000000000e+00,2.271353725504679402e-09
9.171875000000000000e+00,2.285634582722887733e-09
9.187500000000000000e+00,2.339466521426619992e-09
9.203125000000000000e+00,2.501375830066898371e-09
9.218750000000000000e+00,2.674391264225942638e-09
9.234375000000000000e+00,2.717527563829364104e-09
9.250000000000000000e+00,2.737229243957244865e-09
9.265625000000000000e+00,2.870183328098077116e-09
9.281250000000000000e+00,2.995992389454089135e-09
9.296875000000000000e+00,3.010984673850464331e-09
9.312500000000000000e+00,3.006000365504931760e-09
9.328125000000000000e+00,3.085494878549709285e-09
9.343750000000000000e+00,3.227005221871432248e-09
9.359375000000000000e+00,3.414901159598958502e-09
9.375000000000000000e+00,3.742560423942137822e-09
9.390625000000000000e+00,4.158567731131944621e-09
9.406250000000000000e+00,4.401769096041827768e-09
9.421875000000000000e+00,4.360360712799932428e-09
9.437500000000000000e+00,4.189800844145966714e-09
9.453125000000000000e+00,4.043726106163150744e-09
9.468750000000000000e+00,3.937770380808077059e-09
9.484375000000000000e+00,3.841762946469913561e-09
9.500000000000000000e+00,3.725606270932341377e-09
9.515625000000000000e+00,3.566732228451296575e-09
9.531250000000000000e+00,3.411468303703300303e-09
9.546875000000000000e+00,3.375548941470030875e-09
9.562500000000000000e+00,3.388724237771157420e-09
9.578125000000000000e+00,3.365198888929508490e-09
9.593750000000000000e+00,3.461081909216203184e-09
9.609375000000000000e+00,3.654386535254031099e-09
9.625000000000000000e+00,3.777287151513960771e-09
9.640625000000000000e+00,3.838534364578576174e-09
9.656250000000000000e+00,3.776259213487072457e-09
9.671875000000000000e+00,3.475231598623007629e-09
9.687500000000000000e+00,3.091784514055599830e-09
9.703125000000000000e+00,2.946181841249228615e-09
9.718750000000000000e+00,3.036091558861272489e-09
9.734375000000000000e+00,3.100603913101576231e-09
9.750000000000000000e+00,3.045806284532715483e-09
9.765625000000000000e+00,2.897987291188711441e-09
9.781250000000000000e+00,2.678237261743692846e-09
9.796875000000000000e+00,2.507069974834206639e-09
9.812500000000000000e+00,2.519931674689623760e-09
9.828125000000000000e+00,2.612883980433610687e-09
9.843750000000000000e+00,2.663252992687997601e-09
9.859375000000000000e+00,2.727540534947893699e-09
9.875000000000000000e+00,2.798276018618012012e-09
9.890625000000000000e+00,2.725676521699990832e-09
9.906250000000000000e+00,2.496618659018737389e-09
9.921875000000000000e+00,2.271901321660167278e-09
9.937500000000000000e+00,2.175836777396285170e-09
9.953125000000000000e+00,2.221431867426707399e-09
9.968750000000000000e+00,2.318905672917051348e-09
9.984375000000000000e+00,2.347917591860589875e-09
1.000000000000000000e+01,2.303247163271713611e-09
1.001562500000000000e+01,2.305982420835753056e-09
1.003125000000000000e+01,2.400737197477103744e-09
1.004687500000000000e+01,2.474169684784772662e-09
1.006250000000000000e+01,2.490466923089593945e-09
1.007812500000000000e+01,2.568047605538530582e-09
1.009375000000000000e+01,2.721791341790042151e-09
1.010937500000000000e+01,2.834910368562158966e-09
1.012500000000000000e+01,2.892382653258520353e-09
1.014062500000000000e+01,2.972518620756343805e-09
1.015625000000000000e+01,3.082186605800839208e-09
1.017187500000000000e+01,3.101840174767995036e-09
1.018750000000000000e+01,2.948349570149072014e-09
1.020312500000000000e+01,2.661220002887991547e-09
1.021875000000000000e+01,2.300215059464360498e-09
1.023437500000000000e+01,1.944297909126460042e-09
1.025000000000000000e+01,1.729166540125709770e-09
1.026562500000000000e+01,1.688815174189564499e-09
1.028125000000000000e+01,1.710117680196814691e-09
1.029687500000000000e+01,1.757602998733435868e-09
1.031250000000000000e+01,1.885995953674054887e-09
1.032812500000000000e+01,2.067679893610093469e-09
1.034375000000000000e+01,2.157527052140746717e-09
1.035937500000000000e+01,2.065060650877579592e-09
1.037500000000000000e+01,1.898770426451396932e-09
1.039062500000000000e+01,1.864013285857920413e-09
1.040625000000000000e+01,1.922106158156554334e-09
1.042187500000000000e+01,1.855558084749622562e-09
1.043750000000000000e+01,1.634381660781536008e-09
1.045312500000000000e+01,1.400477992091161234e-09
1.046875000000000000e+01,1.255030500948202008e-09
1.048437500000000000e+01,1.233968007997345130e-09
1.050000000000000000e+01,1.432707932371536318e-09
1.051562500000000000e+01,1.800013917537714472e-09
1.053125000000000000e+01,2.069572231497496065e-09
1.054687500000000000e+01,2.079721509024877138e-09
1.056250000000000000e+01,1.906613803254630904e-09
1.057812500000000000e+01,1.739435845841035207e-09
1.059375000000000000e+01,1.652587761297056555e-09
1.060937500000000000e+01,1.582432302340968483e-09
1.062500000000000000e+01,1.507252353074541896e-09
1.064062500000000000e+01,1.442373165747187273e-09
1.065625000000000000e+01,1.373655758942380438e-09
1.067187500000000000e+01,1.330174895465629436e-09
1.068750000000000000e+01,1.347321453301865437e-09
1.070312500000000000e+01,1.405780747678731137e-09
1.071875000000000000e+01,1.515100541356158268e-09
1.073437500000000000e+01,1.637990755586464643e-09
1.075000000000000000e+01,1.673736509572805898e-09
1.076562500000000000e+01,1.623085647321029263e-09
1.078125000000000000e+01,1.550186288491920099e-09
1.079687500000000000e+01,1.452283287404284126e-09
1.081250000000000000e+01,1.348967081615593922e-09
1.082812500000000000e+01,1.337622326429950946e-09
1.084375000000000000e+01,1.443621886858951576e-09
1.085937500000000000e+01,1.551333939755210407e-09
1.087500000000000000e+01,1.584516721821472898e-09
1.089062500000000000e+01,1.603471396839855191e-09
1.090625000000000000e+01,1.655581316833150886e-09
1.092187500000000000e+01,1.695144564280830324e-09
1.093750000000000000e+01,1.665558471510995309e-09
1.095312500000000000e+01,1.554672878491348890e-09
1.096875000000000000e+01,1.426123838335046083e-09
1.098437500000000000e+01,1.366319133921858855e-09
1.100000000000000000e+01,1.356713847257280794e-09
1.101562500000000000e+01,1.303353117319527112e-09
1.103125000000000000e+01,1.181454373525664335e-09
1.104687500000000000e+01,1.077986491767867150e-09
1.106250000000000000e+01,1.080839641786039705e-09
1.107812500000000000e+01,1.142196472191484377e-09
1.109375000000000000e+01,1.181545106895863357e-09
1.110937500000000000e+01,1.206616331963657193e-09
1.112500000000000000e+01,1.277767128644447699e-09
1.114062500000000000e+01,1.394084524886352211e-09
1.115625000000000000e+01,1.485107021311038686e-09
1.117187500000000000e+01,1.497903843781550584e-09
1.118750000000000000e+01,1.440498050908775298e-09
1.120312500000000000e+01,1.359833906952248993e-09
1.121875000000000000e+01,1.296884987327836738e-09
1.123437500000000000e+01,1.297271237876892428e-09
1.125000000000000000e+01,1.367398729833605983e-09
1.126562500000000000e+01,1.416861418204042539e-09
1.128125000000000000e+01,1.360160775233982744e-09
1.129687500000000000e+01,1.228594799034816786e-09
1.131250000000000000e+01,1.139877231310905147e-09
1.132812500000000000e+01,1.146716856247305539e-09
1.134375000000000000e+01,1.181554270104765439e-09
1.135937500000000000e+01,1.185544563055448296e-09
1.137500000000000000e+01,1.167563637669784373e-09
1.139062500000000000e+01,1.151326542773020730e-09
1.140625000000000000e+01,1.128068111784049777e-09
1.142187500000000000e+01,1.075338500442057177e-09
1.143750000000000000e+01,1.001381422601492154e-09
1.145312500000000000e+01,9.473025046519289314e-10
1.146875000000000000e+01,9.355338044770018927e-10
1.148437500000000000e+01,9.497641603456365489e-10
1.150000000000000000e+01,9.890933530334332025e-10
1.151562500000000000e+01,1.052476368356949467e-09
1.153125000000000000e+01,1.096815181340984860e-09
1.154687500000000000e+01,1.097684733278612100e-09
1.156250000000000000e+01,1.100123661684270929e-09
1.157812500000000000e+01,1.171937570994970807e-09
1.159375000000000000e+01,1.286132961592408020e-09
1.160937500000000000e+01,1.326807750507121064e-09
1.162500000000000000e+01,1.242105352338356596e-09
1.164062500000000000e+01,1.116939320382298831e-09
1.165625000000000000e+01,1.103405432414930150e-09
1.167187500000000000e+01,1.234075230013011749e-09
1.168750000000000000e+01,1.372796731879852280e-09
1.170312500000000000e+01,1.446366169899081215e-09
1.171875000000000000e+01,1.515296559293690646e-09
1.173437500000000000e+01,1.587115993680526197e-09
1.175000000000000000e+01,1.591097430937410022e-09
1.176562500000000000e+01,1.544003908463655206e-09
1.178125000000000000e+01,1.503556562891035021e-09
1.179687500000000000e+01,1.465976032679558572e-09
1.181250000000000000e+01,1.459563085940731691e-09
1.182812500000000000e+01,1.558160891662891482e-09
1.184375000000000000e+01,1.741767442290800859e-09
1.185937500000000000e+01,1.892753082512808617e-09
1.187500000000000000e+01,1.935193608319086657e-09
1.189062500000000000e+01,1.925321814633560690e-09
1.190625000000000000e+01,1.967162387597630261e-09
1.192187500000000000e+01,2.055997724558221066e-09
1.193750000000000000e+01,2.069973735702304701e-09
1.195312500000000000e+01,1.928521791064192040e-09
1.196875000000000000e+01,1.719531559198435183e-09
1.198437500000000000e+01,1.585887932131321293e-09
1.200000000000000000e+01,1.497363987552605705e-09
1.201562500000000000e+01,1.357030346882367774e-09
1.203125000000000000e+01,1.186085001201641186e-09
1.204687500000000000e+01,1.047467250046183412e-09
1.206250000000000000e+01,9.809129849157161244e-10
1.207812500000000000e+01,1.028193954230408821e-09
1.209375000000000000e+01,1.155013989879468531e-09
1.210937500000000000e+01,1.292667720003825939e-09
1.212500000000000000e+01,1.421757622148399608e-09
1.214062500000000000e+01,1.505154755725861435e-09
1.215625000000000000e+01,1.531772810588142457e-09
1.217187500000000000e+01,1.544986920988981057e-09
1.218750000000000000e+01,1.506320961976736838e-09
1.220312500000000000e+01,1.386766622716197879e-09
1.221875000000000000e+01,1.297394250924193714e-09
1.223437500000000000e+01,1.302850765469605426e-09
1.225000000000000000e+01,1.331123407744388838e-09
1.226562500000000000e+01,1.311098579654738156e-09
1.228125000000000000e+01,1.228152365434796562e-09
1.229687500000000000e+01,1.110184733047321346e-09
1.231250000000000000e+01,1.005675656030526594e-09
1.232812500000000000e+01,9.572937943161960091e-10
1.234375000000000000e+01,9.549579537230474445e-10
1.235937500000000000e+01,9.662968608030026761e-10
1.237500000000000000e+01,9.958563301003627549e-10
1.239062500000000000e+01,1.042288744412425506e-09
1.240625000000000000e+01,1.071463919635494414e-09
1.242187500000000000e+01,1.072761103564068416e-09
1.243750000000000000e+01,1.063434761705153036e-09
1.245312500000000000e+01,1.044743383085040213e-09
1.246875000000000000e+01,1.008922751163934850e-09
1.248437500000000000e+01,9.650664885089979873e-10
1.250000000000000000e+01,9.312830266895017666e-10
1.251562500000000000e+01,9.165181467957853937e-10
1.253125000000000000e+01,9.257634847567214572e-10
1.254687500000000000e+01,9.775566510384173641e-10
1.256250000000000000e+01,1.075863342047991699e-09
1.257812500000000000e+01,1.183216814593809395e-09
1.259375000000000000e+01,1.248002518630795941e-09
1.260937500000000000e+01,1.245367896857044094e-09
1.262500000000000000e+01,1.216564160767731667e-09
1.264062500000000000e+01,1.221004162037581538e-09
1.265625000000000000e+01,1.242561040454769817e-09
1.267187500000000000e+01,1.251853198948095674e-09
1.268750000000000000e+01,1.257567199961207677e-09
1.270312500000000000e+01,1.251371672172932111e-09
1.271875000000000000e+01,1.234880592209177444e-09
1.273437500000000000e+01,1.239640084747669524e-09
1.275000000000000000e+01,1.245741773599543134e-09
1.276562500000000000e+01,1.204162270410336267e-09
1.278125000000000000e+01,1.139104207748089356e-09
1.279687500000000000e+01,1.100272877258762301e-09
1.281250000000000000e+01,1.060321332566662491e-09
1.282812500000000000e+01,1.000026742613615351e-09
1.284375000000000000e+01,9.728412266848354901e-10
1.285937500000000000e+01,1.000976680955567613e-09
1.287500000000000000e+01,1.035156726301257427e-09
1.289062500000000000e+01,1.028484759685947084e-09
1.290625000000000000e+01,9.845666173420379919e-10
1.292187500000000000e+01,9.402685651788643847e-10
1.293750000000000000e+01,9.275614336164298238e-10
1.295312500000000000e+01,9.499208802021411815e-10
1.296875000000000000e+01,9.739484115898219902e-10
1.298437500000000000e+01,9.676543949605785347e-10
1.300000000000000000e+01,9.325921015783871982e-10
1.301562500000000000e+01,8.953494856045584916e-10
1.303125000000000000e+01,8.761525077220104911e-10
1.304687500000000000e+01,8.525259765884355619e-10
1.306250000000000000e+01,7.969874805783675777e-10
1.307812500000000000e+01,7.302865599636572485e-10
1.309375000000000000e+01,6.865651226488819371e-10
1.310937500000000000e+01,6.638288534203331211e-10
1.312500000000000000e+01,6.396696350646203339e-10
1.314062500000000000e+01,6.213003657418728427e-10
1.315625000000000000e+01,6.314230811496795634e-10
1.317187500000000000e+01,6.843408807593812993e-10
1.318750000000000000e+01,8.085191977243687173e-10
1.320312500000000000e+01,9.926161905678652976e-10
1.321875000000000000e+01,1.155765463758015807e-09
1.323437500000000000e+01,1.248770644788517110e-09
1.325000000000000000e+01,1.301176900325305208e-09
1.326562500000000000e+01,1.331200136520973384e-09
1.328125000000000000e+01,1.312811722969602955e-09
1.329687500000000000e+01,1.246561143683205308e-09
1.331250000000000000e+01,1.176404125506070611e-09
1.332812500000000000e+01,1.133831313607454847e-09
1.334375000000000000e+01,1.092632031735302426e-09
1.335937500000000000e+01,1.016548755383146034e-09
1.337500000000000000e+01,9.401194657931767182e-10
1.339062500000000000e+01,9.374158350858464699e-10
1.340625000000000000e+01,9.780789219445326111e-10
1.342187500000000000e+01,1.010768883828127344e-09
1.343750000000000000e+01,1.085949550667085409e-09
1.345312500000000000e+01,1.203265690107170713e-09
1.346875000000000000e+01,1.262048099180404028e-09
1.348437500000000000e+01,1.228147798739279827e-09
1.350000000000000000e+01,1.181576608457018192e-09
1.351562500000000000e+01,1.200189137603392927e-09
1.353125000000000000e+01,1.262807477145990984e-09
1.354687500000000000e+01,1.321319201894500749e-09
1.356250000000000000e+01,1.366266044166079870e-09
1.357812500000000000e+01,1.365459860294070312e-09
1.359375000000000000e+01,1.287892257200781849e-09
1.360937500000000000e+01,1.202265181875256354e-09
1.362500000000000000e+01,1.198134325658008126e-09
1.364062500000000000e+01,1.221761584983930834e-09
1.365625000000000000e+01,1.169164387772749030e-09
1.367187500000000000e+01,1.054589414457983653e-09
1.368750000000000000e+01,9.838086628155184545e-10
1.370312500000000000e+01,1.001741997665901983e-09
1.371875000000000000e+01,1.062362888321722182e-09
1.373437500000000000e+01,1.127876468470375160e-09
1.375000000000000000e+01,1.163150928378021724e-09
1.376562500000000000e+01,1.132699169122202604e-09
1.378125000000000000e+01,1.066083168715297272e-09
1.379687500000000000e+01,1.051312238312201666e-09
1.381250000000000000e+01,1.103583346438768116e-09
1.382812500000000000e+01,1.142361926230772131e-09
1.384375000000000000e+01,1.127019383968511310e-09
1.385937500000000000e+01,1.074538338783132886e-09
1.387500000000000000e+01,1.012800433537197501e-09
1.389062500000000000e+01,9.632326700957429456e-10
1.390625000000000000e+01,9.375026478713124591e-10
1.392187500000000000e+01,9.543711804695707545e-10
1.393750000000000000e+01,1.010589845472093435e-09
1.395312500000000000e+01,1.054941811408250050e-09
1.396875000000000000e+01,1.051290827050009829e-09
1.398437500000000000e+01,1.021350052571536203e-09
1.400000000000000000e+01,9.963442928814546888e-10
1.401562500000000000e+01,9.877067825850610321e-10
1.403125000000000000e+01,9.999009173254707156e-10
1.404687500000000000e+01,1.021842587202141419e-09
1.406250000000000000e+01,1.030113484948089027e-09
1.407812500000000000e+01,1.004557525400932716e-09
1.409375000000000000e+01,9.571207993165541640e-10
1.410937500000000000e+01,9.231356709836445386e-10
1.412500000000000000e+01,9.212076440507334437e-10
1.414062500000000000e+01,9.323518247346683291e-10
1.415625000000000000e+01,9.157919771303046204e-10
1.417187500000000000e+01,8.471150429290227652e-10
1.418750000000000000e+01,7.400802493465205636e-10
1.420312500000000000e+01,6.441931467683246641e-10
1.421875000000000000e+01,6.011430049587385775e-10
1.423437500000000000e+01,6.014042588139535564e-10
1.425000000000000000e+01,6.165426169235089314e-10
1.426562500000000000e+01,6.350319657270364345e-10
1.428125000000000000e+01,6.699872172125380297e-10
1.429687500000000000e+01,7.643965868618852839e-10
1.431250000000000000e+01,9.126040064748520585e-10
1.432812500000000000e+01,1.023635128654106018e-09
1.434375000000000000e+01,1.030479721443209246e-09
1.435937500000000000e+01,9.661286754228595308e-10
1.437500000000000000e+01,9.233077449608344188e-10
1.439062500000000000e+01,9.474949408825902216e-10
1.440625000000000000e+01,1.014643425581305497e-09
1.442187500000000000e+01,1.078952357277587148e-09
1.443750000000000000e+01,1.102106904786907726e-09
1.445312500000000000e+01,1.099508015173571660e-09
1.446875000000000000e+01,1.123644191867608709e-09
1.448437500000000000e+01,1.188868130288013323e-09
1.450000000000000000e+01,1.255125740051339620e-09
1.451562500000000000e+01,1.270391495944134578e-09
1.453125000000000000e+01,1.233017725838314512e-09
1.454687500000000000e+01,1.204187587625843134e-09
1.456250000000000000e+01,1.230611691403241427e-09
1.457812500000000000e+01,1.295086404157148589e-09
1.459375000000000000e+01,1.377934080518150687e-09
1.460937500000000000e+01,1.483987651403928817e-09
1.462500000000000000e+01,1.577409052863946961e-09
1.464062500000000000e+01,1.596576386730481288e-09
1.465625000000000000e+01,1.543733599375532108e-09
1.467187500000000000e+01,1.439798547965799593e-09
1.468750000000000000e+01,1.281424763268701605e-09
1.470312500000000000e+01,1.129534911588843641e-09
1.471875000000000000e+01,1.082821893876541546e-09
1.473437500000000000e+01,1.131899887738504869e-09
1.475000000000000000e+01,1.190493264465479463e-09
1.476562500000000000e+01,1.205354138591106499e-09
1.478125000000000000e+01,1.174969746742492282e-09
1.479687500000000000e+01,1.139489233606950678e-09
1.481250000000000000e+01,1.148890408798611270e-09
1.482812500000000000e+01,1.207060496457791471e-09
1.484375000000000000e+01,1.274800936147827365e-09
1.485937500000000000e+01,1.341901616625207602e-09
1.487500000000000000e+01,1.421914493277675930e-09
1.489062500000000000e+01,1.473029641586544077e-09
1.490625000000000000e+01,1.451886695772720591e-09
1.492187500000000000e+01,1.396115628298798542e-09
1.493750000000000000e+01,1.352443393306944984e-09
1.495312500000000000e+01,1.313255903924922384e-09
1.496875000000000000e+01,1.266998316897508184e-09
1.498437500000000000e+01,1.207174652871166770e-09
1.500000000000000000e+01,1.139644799368018177e-09
1.501562500000000000e+01,1.108898572155142578e-09
1.503125000000000000e+01,1.133354212114004975e-09
1.504687500000000000e+01,1.152158816947859666e-09
1.506250000000000000e+01,1.105470236435872449e-09
1.507812500000000000e+01,1.012916698977475553e-09
1.509375000000000000e+01,9.386715778049513746e-10
1.510937500000000000e+01,9.047230899047596310e-10
1.512500000000000000e+01,8.900217456998089756e-10
1.514062500000000000e+01,8.776874428998597567e-10
1.515625000000000000e+01,8.655690046074692504e-10
1.517187500000000000e+01,8.397830485703314381e-10
1.518750000000000000e+01,7.816962674563930736e-10
1.520312500000000000e+01,7.117566276318826278e-10
1.521875000000000000e+01,6.814922524644579572e-10
1.523437500000000000e+01,6.882711951164805658e-10
1.525000000000000000e+01,6.705216749539692528e-10
1.526562500000000000e+01,6.084491584132025605e-10
1.528125000000000000e+01,5.499113802262439911e-10
1.529687500000000000e+01,5.438373299125623073e-10
1.531250000000000000e+01,5.758789980994766203e-10
1.532812500000000000e+01,6.085097949400161888e-10
1.534375000000000000e+01,6.308559742247122428e-10
1.535937500000000000e+01,6.586759392536070702e-10
1.537500000000000000e+01,7.088705413341496632e-10
1.539062500000000000e+01,7.957710212182053570e-10
1.540625000000000000e+01,9.182378203127510269e-10
1.542187500000000000e+01,1.031226319067650104e-09
1.543750000000000000e+01,1.078499120123391728e-09
1.545312500000000000e+01,1.048929269603340086e-09
1.546875000000000000e+01,9.899745497879026682e-10
1.548437500000000000e+01,9.363705271986056455e-10
1.550000000000000000e+01,8.594299873824778956e-10
1.551562500000000000e+01,7.678697175799366555e-10
1.553125000000000000e+01,7.471491829129558356e-10
1.554687500000000000e+01,8.080064649048681856e-10
1.556250000000000000e+01,8.913183042601074940e-10
1.557812500000000000e+01,9.934445401109718562e-10
1.559375000000000000e+01,1.114987123469592831e-09
1.560937500000000000e+01,1.222471153165834829e-09
1.562500000000000000e+01,1.297534638785462655e-09
1.564062500000000000e+01,1.336436199004844045e-09
1.565625000000000000e+01,1.321999249741409024e-09
1.567187500000000000e+01,1.271226476450976410e-09
1.568750000000000000e+01,1.269200343499491171e-09
1.570312500000000000e+01,1.359111378230748164e-09
1.571875000000000000e+01,1.468035012067483482e-09
1.573437500000000000e+01,1.512011570603562464e-09
1.575000000000000000e+01,1.474423859452455643e-09
1.576562500000000000e+01,1.383447339423158522e-09
1.578125000000000000e+01,1.274853319997606657e-09
1.579687500000000000e+01,1.211694824518365059e-09
1.581250000000000000e+01,1.266136363504708060e-09
1.582812500000000000e+01,1.402669441872778125e-09
1.584375000000000000e+01,1.503724056779650782e-09
1.585937500000000000e+01,1.522888552512436055e-09
1.587500000000000000e+01,1.507748632428575175e-09
1.589062500000000000e+01,1.491643471787500887e-09
1.590625000000000000e+01,1.447381141080325727e-09
1.592187500000000000e+01,1.359540523977646125e-09
1.593750000000000000e+01,1.256741826665654419e-09
1.595312500000000000e+01,1.195173310441074189e-09
1.596875000000000000e+01,1.200700023561802170e-09
1.598437500000000000e+01,1.213781831997392203e-09
1.600000000000000000e+01,1.178263173253494165e-09
1.601562500000000000e+01,1.101247519852677905e-09
1.603125000000000000e+01,1.031180791867644321e-09
1.604687500000000000e+01,1.009333844249564516e-09
1.606250000000000000e+01,1.000951521730847401e-09
1.607812500000000000e+01,9.751639811521084463e-10
1.609375000000000000e+01,9.737133641827700998e-10
1.610937500000000000e+01,1.023150524690948872e-09
1.612500000000000000e+01,1.104538937074796973e-09
1.614062500000000000e+01,1.196419549433433136e-09
1.615625000000000000e+01,1.323258494587905706e-09
1.617187500000000000e+01,1.521542121333253262e-09
1.618750000000000000e+01,1.736573968541087114e-09
1.620312500000000000e+01,1.873868562770991420e-09
1.621875000000000000e+01,1.882816697694950071e-09
1.623437500000000000e+01,1.790142937934850801e-09
1.625000000000000000e+01,1.735497481181621298e-09
1.626562500000000000e+01,1.779049390828721387e-09
1.628125000000000000e+01,1.779403438952308233e-09
1.629687500000000000e+01,1.689099282523487739e-09
1.631250000000000000e+01,1.595930289807779912e-09
1.632812500000000000e+01,1.533842343431245095e-09
1.634375000000000000e+01,1.499137943705929597e-09
1.635937500000000000e+01,1.488738663526143976e-09
1.637500000000000000e+01,1.452598421674555104e-09
1.639062500000000000e+01,1.379246103309279728e-09
1.640625000000000000e+01,1.321231244795690587e-09
1.642187500000000000e+01,1.282992773712429464e-09
1.643750000000000000e+01,1.252182643555428743e-09
1.645312500000000000e+01,1.233220596625340287e-09
1.646875000000000000e+01,1.199887216487926262e-09
1.648437500000000000e+01,1.178441616837356091e-09
1.650000000000000000e+01,1.227759780833701649e-09
1.651562500000000000e+01,1.300677321951928029e-09
1.653125000000000000e+01,1.310796701504528877e-09
1.654687500000000000e+01,1.240635596642058041e-09
1.656250000000000000e+01,1.137173182933258360e-09
1.657812500000000000e+01,1.066345631535858003e-09
1.659375000000000000e+01,1.050949893562468480e-09
1.660937500000000000e+01,1.054192636212264733e-09
1.662500000000000000e+01,1.072550130393079270e-09
1.664062500000000000e+01,1.134911740729587217e-09
1.665625000000000000e+01,1.206047932658044260e-09
1.667187500000000000e+01,1.242166866852477864e-09
1.668750000000000000e+01,1.247430361518643897e-09
1.670312500000000000e+01,1.264187252902667250e-09
1.671875000000000000e+01,1.307313072093241683e-09
1.673437500000000000e+01,1.326895396207320044e-09
1.675000000000000000e+01,1.318963862298035327e-09
1.676562500000000000e+01,1.361196050888600837e-09
1.678125000000000000e+01,1.495616990930230032e-09
1.679687500000000000e+01,1.633367107314068311e-09
1.681250000000000000e+01,1.665471951323887722e-09
1.682812500000000000e+01,1.582297022190271450e-09
1.684375000000000000e+01,1.461794054659942478e-09
1.685937500000000000e+01,1.436920929289290392e-09
1.687500000000000000e+01,1.562211294240641378e-09
1.689062500000000000e+01,1.709101279602735692e-09
1.690625000000000000e+01,1.786991767188305642e-09
1.692187500000000000e+01,1.852296494826007214e-09
1.693750000000000000e+01,1.934696307652079110e-09
1.695312500000000000e+01,1.987060238367308214e-09
1.696875000000000000e+01,2.004891675538263596e-09
1.698437500000000000e+01,1.984601523809933208e-09
1.700000000000000000e+01,1.882089862185066097e-09
1.701562500000000000e+01,1.740884906707832167e-09
1.703125000000000000e+01,1.676277684123951885e-09
1.704687500000000000e+01,1.693672428378542855e-09
1.706250000000000000e+01,1.704764949434278710e-09
1.707812500000000000e+01,1.654592750110312619e-09
1.709375000000000000e+01,1.548788051925356537e-09
1.710937500000000000e+01,1.456911237354355692e-09
1.712500000000000000e+01,1.467020143152151605e-09
1.714062500000000000e+01,1.540641870689805169e-09
1.715625000000000000e+01,1.566118695552896458e-09
1.717187500000000000e+01,1.530699236862851377e-09
1.718750000000000000e+01,1.488134558617052817e-09
1.720312500000000000e+01,1.426888601270394521e-09
1.721875000000000000e+01,1.291299650955166515e-09
1.723437500000000000e+01,1.108444396592151437e-09
1.725000000000000000e+01,9.983990976782813558e-10
1.726562500000000000e+01,1.013603694821978029e-09
1.728125000000000000e+01,1.052600578012625749e-09
1.729687500000000000e+01,1.031404576972232451e-09
1.731250000000000000e+01,9.666758917284607969e-10
1.732812500000000000e+01,9.112303084162874452e-10
1.734375000000000000e+01,9.076226687096936989e-10
1.735937500000000000e+01,9.552192317666619724e-10
1.737500000000000000e+01,9.885278485920530201e-10
1.739062500000000000e+01,9.649591811434915965e-10
1.740625000000000000e+01,9.276313372815541561e-10
1.742187500000000000e+01,9.429003785234137005e-10
1.743750000000000000e+01,1.018240126331356533e-09
1.745312500000000000e+01,1.116647900973896002e-09
1.746875000000000000e+01,1.198277181789677605e-09
1.748437500000000000e+01,1.241033350805716348e-09
1.750000000000000000e+01,1.231855249168156425e-09
1.751562500000000000e+01,1.165707259335294095e-09
1.753125000000000000e+01,1.100524597375051575e-09
1.754687500000000000e+01,1.111029942959416878e-09
1.756250000000000000e+01,1.163592871848450135e-09
1.757812500000000000e+01,1.202352162145874835e-09
1.759375000000000000e+01,1.229503143075686721e-09
1.760937500000000000e+01,1.223155266735057495e-09
1.762500000000000000e+01,1.150891839881390231e-09
1.764062500000000000e+01,1.073111781800090491e-09
1.765625000000000000e+01,1.072740519962706975e-09
1.767187500000000000e+01,1.102785474929826008e-09
1.768750000000000000e+01,1.090946207717639648e-09
1.770312500000000000e+01,1.049509067472463220e-09
1.771875000000000000e+01,1.020653960668935840e-09
1.773437500000000000e+01,1.001168619808099911e-09
1.775000000000000000e+01,9.523066054342827110e-10
1.776562500000000000e+01,8.816141870272631879e-10
1.778125000000000000e+01,8.553729578508095788e-10
1.779687500000000000e+01,9.160660456497600722e-10
1.781250000000000000e+01,1.026469349592931467e-09
1.782812500000000000e+01,1.102117610072404172e-09
1.784375000000000000e+01,1.092956713997920179e-09
1.785937500000000000e+01,1.036358000074506546e-09
1.787500000000000000e+01,1.011864262326965989e-09
1.789062500000000000e+01,1.052171662997879400e-09
1.790625000000000000e+01,1.157751382569529043e-09
1.792187500000000000e+01,1.288850376838501004e-09
1.793750000000000000e+01,1.375995113925997232e-09
1.795312500000000000e+01,1.431459508147927953e-09
1.796875000000000000e+01,1.506212450360764141e-09
1.798437500000000000e+01,1.580304972454340235e-09
1.800000000000000000e+01,1.626838946661014335e-09
1.801562500000000000e+01,1.668564175926451140e-09
1.803125000000000000e+01,1.674207867110454401e-09
1.804687500000000000e+01,1.580063780184739733e-09
1.806250000000000000e+01,1.430000422599228994e-09
1.807812500000000000e+01,1.323977025413476667e-09
1.809375000000000000e+01,1.299836292067575523e-09
1.810937500000000000e+01,1.317007843529482768e-09
1.812500000000000000e+01,1.339555423603061583e-09
1.814062500000000000e+01,1.431265587178519151e-09
1.815625000000000000e+01,1.596455729193438198e-09
1.817187500000000000e+01,1.679664127785563221e-09
1.818750000000000000e+01,1.642017025070908367e-09
1.820312500000000000e+01,1.634250431513998260e-09
1.821875000000000000e+01,1.707728121006631404e-09
1.823437500000000000e+01,1.746774187406323086e-09
1.825000000000000000e+01,1.693721433641295151e-09
1.826562500000000000e+01,1.598342466082451862e-09
1.828125000000000000e+01,1.510526270679041544e-09
1.829687500000000000e+01,1.434970214247710340e-09
1.831250000000000000e+01,1.364604280477459053e-09
1.832812500000000000e+01,1.304474231608522565e-09
1.834375000000000000e+01,1.309622576712982549e-09
1.835937500000000000e+01,1.424283255106337470e-09
1.837500000000000000e+01,1.571596137891963297e-09
1.839062500000000000e+01,1.652938034116472791e-09
1.840625000000000000e+01,1.671547599759489319e-09
1.842187500000000000e+01,1.703027108067096468e-09
1.843750000000000000e+01,1.804014126010475492e-09
1.845312500000000000e+01,1.948784547024150092e-09
1.846875000000000000e+01,2.052180183745188246e-09
1.848437500000000000e+01,2.049692211814976852e-09
1.850000000000000000e+01,1.916672177243546290e-09
1.851562500000000000e+01,1.702971294660786096e-09
1.853125000000000000e+01,1.594994622880271632e-09
1.854687500000000000e+01,1.739708917540977048e-09
1.856250000000000000e+01,1.979803851680408021e-09
1.857812500000000000e+01,2.097255957772314565e-09
1.859375000000000000e+01,2.062789788114034162e-09
1.860937500000000000e+01,2.030534093341363657e-09
1.862500000000000000e+01,2.102986536155920350e-09
1.864062500000000000e+01,2.211008179040352159e-09
1.865625000000000000e+01,2.299686544994023787e-09
1.867187500000000000e+01,2.328103081137601152e-09
1.868750000000000000e+01,2.221385489884841040e-09
1.870312500000000000e+01,2.023533419525565054e-09
1.871875000000000000e+01,1.873517074488564419e-09
1.873437500000000000e+01,1.798472065179359941e-09
1.875000000000000000e+01,1.752871188318559046e-09
1.876562500000000000e+01,1.700576336912882923e-09
1.878125000000000000e+01,1.609151451041155712e-09
1.879687500000000000e+01,1.494884278137702682e-09
1.881250000000000000e+01,1.451888555436171833e-09
1.882812500000000000e+01,1.571405703431976631e-09
1.884375000000000000e+01,1.753062064001702747e-09
1.885937500000000000e+01,1.834256932466321720e-09
1.887500000000000000e+01,1.834137741087434070e-09
1.889062500000000000e+01,1.848807081354760924e-09
1.890625000000000000e+01,1.854715868073664259e-09
1.892187500000000000e+01,1.820081398670157050e-09
1.893750000000000000e+01,1.788327931874916784e-09
1.895312500000000000e+01,1.779191893301485527e-09
1.896875000000000000e+01,1.760452186626985030e-09
1.898437500000000000e+01,1.692851887584604016e-09
1.900000000000000000e+01,1.585815395592192735e-09
1.901562500000000000e+01,1.506488443239204449e-09
1.903125000000000000e+01,1.477604039224892631e-09
1.904687500000000000e+01,1.473492899766218224e-09
1.906250000000000000e+01,1.486493813642236418e-09
1.907812500000000000e+01,1.472950348203632826e-09
1.909375000000000000e+01,1.368387987606906938e-09
1.910937500000000000e+01,1.220411933954332412e-09
1.912500000000000000e+01,1.177017016441954866e-09
1.914062500000000000e+01,1.232208904341515026e-09
1.915625000000000000e+01,1.256925921340377261e-09
1.917187500000000000e+01,1.254577861251520549e-09
1.918750000000000000e+01,1.276702448713388284e-09
1.920312500000000000e+01,1.292392668864043022e-09
1.921875000000000000e+01,1.302580745552007787e-09
1.923437500000000000e+01,1.362263819641034909e-09
1.925000000000000000e+01,1.440434383643575738e-09
1.926562500000000000e+01,1.454261419407816456e-09
1.928125000000000000e+01,1.409366089861907593e-09
1.929687500000000000e+01,1.378690330866020407e-09
1.931250000000000000e+01,1.361298993762701393e-09
1.932812500000000000e+01,1.310984820821699426e-09
1.934375000000000000e+01,1.240551514519948677e-09
1.935937500000000000e+01,1.178236196289237462e-09
1.937500000000000000e+01,1.152075371786107180e-09
1.939062500000000000e+01,1.178717220928466048e-09
1.940625000000000000e+01,1.219280619586148535e-09
1.942187500000000000e+01,1.232332654704570750e-09
1.943750000000000000e+01,1.226012878129621174e-09
1.945312500000000000e+01,1.238094228491939972e-09
1.946875000000000000e+01,1.274938421528998009e-09
1.948437500000000000e+01,1.303494586437797345e-09
1.950000000000000000e+01,1.316505760757503642e-09
1.951562500000000000e+01,1.319864676000239485e-09
1.953125000000000000e+01,1.298820630907642727e-09
1.954687500000000000e+01,1.252019174237925667e-09
1.956250000000000000e+01,1.200851259034898469e-09
1.957812500000000000e+01,1.162646738289508229e-09
1.959375000000000000e+01,1.126590287073315862e-09
1.960937500000000000e+01,1.082024766405531009e-09
1.962500000000000000e+01,1.047474005330645657e-09
1.964062500000000000e+01,1.028535780305899110e-09
1.965625000000000000e+01,1.024596142133389508e-09
1.967187500000000000e+01,1.074875568085228079e-09
1.968750000000000000e+01,1.208459523655895028e-09
1.970312500000000000e+01,1.384319081470011896e-09
1.971875000000000000e+01,1.505648336115484895e-09
1.973437500000000000e+01,1.489381864507391213e-09
1.975000000000000000e+01,1.354087342788440077e-09
1.976562500000000000e+01,1.237560212719919697e-09
1.978125000000000000e+01,1.238975089721381625e-09
1.979687500000000000e+01,1.278708986526330778e-09
1.981250000000000000e+01,1.283910731449103708e-09
1.982812500000000000e+01,1.269219629155545885e-09
1.984375000000000000e+01,1.250727208001456430e-09
1.985937500000000000e+01,1.237434302898717002e-09
1.987500000000000000e+01,1.238353196293272935e-09
1.989062500000000000e+01,1.316435018090968476e-09
1.990625000000000000e+01,1.532544431798086596e-09
1.992187500000000000e+01,1.755294943388969235e-09
1.993750000000000000e+01,1.812650122688059532e-09
1.995312500000000000e+01,1.703334510975044917e-09
1.996875000000000000e+01,1.570779548782631561e-09
1.998437500000000000e+01,1.515324362860454126e-09
2.000000000000000000e+01,1.477351568648294478e-09
2.001562500000000000e+01,1.374815448442858979e-09
2.003125000000000000e+01,1.225528116482520021e-09
2.004687500000000000e+01,1.099628955757328782e-09
2.006250000000000000e+01,1.025782332166045625e-09
2.007812500000000000e+01,9.715090972198900199e-10
2.009375000000000000e+01,9.116896636076375208e-10
2.010937500000000000e+01,8.452864078739249862e-10
2.012500000000000000e+01,7.881596710259055579e-10
2.014062500000000000e+01,7.963576871759567673e-10
2.015625000000000000e+01,8.773637514394122569e-10
2.017187500000000000e+01,9.500158916635461208e-10
2.018750000000000000e+01,9.564860736183536700e-10
2.020312500000000000e+01,9.053757004422407455e-10
2.021875000000000000e+01,8.470953672857739657e-10
2.023437500000000000e+01,8.369964115192974560e-10
2.025000000000000000e+01,8.963651054951750145e-10
2.026562500000000000e+01,9.792951000009140436e-10
2.028125000000000000e+01,1.013540737475317990e-09
2.029687500000000000e+01,9.794811514603081351e-10
2.031250000000000000e+01,9.101225216587724897e-10
2.032812500000000000e+01,8.378733237382861583e-10
2.034375000000000000e+01,7.960952933777439299e-10
2.035937500000000000e+01,8.230435261020459782e-10
2.037500000000000000e+01,8.922892427456014149e-10
2.039062500000000000e+01,9.431278611481783987e-10
2.040625000000000000e+01,9.623439578981401318e-10
2.042187500000000000e+01,9.790483101530149346e-10
2.043750000000000000e+01,1.037243030512025298e-09
2.045312500000000000e+01,1.150386403467201658e-09
2.046875000000000000e+01,1.268308208202266481e-09
2.048437500000000000e+01,1.343563958946101715e-09
2.050000000000000000e+01,1.358763344719996552e-09
2.051562500000000000e+01,1.310053243059348380e-09
2.053125000000000000e+01,1.234267038824851766e-09
2.054687500000000000e+01,1.175442875254175141e-09
2.056250000000000000e+01,1.107329031540637913e-09
2.057812500000000000e+01,9.952831271151834031e-10
2.059375000000000000e+01,8.786640096797114479e-10
2.060937500000000000e+01,8.225856453822764403e-10
2.062500000000000000e+01,8.383604058222347269e-10
2.064062500000000000e+01,8.916085931602373373e-10
2.065625000000000000e+01,9.375490398211312893e-10
2.067187500000000000e+01,9.500006977575069932e-10
2.068750000000000000e+01,9.528475370837316071e-10
2.070312500000000000e+01,9.718543557118337626e-10
2.071875000000000000e+01,1.015527196418197565e-09
2.073437500000000000e+01,1.113528055218450852e-09
2.075000000000000000e+01,1.253965979679833999e-09
2.076562500000000000e+01,1.355559871279147199e-09
2.078125000000000000e+01,1.361446332172658614e-09
2.079687500000000000e+01,1.281721809429515031e-09
2.081250000000000000e+01,1.171750059841151203e-09
2.082812500000000000e+01,1.094723469524462623e-09
2.084375000000000000e+01,1.062191889080315544e-09
2.085937500000000000e+01,1.057362377664911741e-09
2.087500000000000000e+01,1.086842667035481718e-09
2.089062500000000000e+01,1.139282751622490025e-09
2.090625000000000000e+01,1.185469875847130972e-09
2.092187500000000000e+01,1.228893372743637118e-09
2.093750000000000000e+01,1.278989655650613492e-09
2.095312500000000000e+01,1.314432221105929460e-09
2.096875000000000000e+01,1.333426484439107202e-09
2.098437500000000000e+01,1.357083565237411476e-09
2.100000000000000000e+01,1.375245513986116616e-09
2.101562500000000000e+01,1.373126443735705902e-09
2.103125000000000000e+01,1.361990581376202168e-09
2.104687500000000000e+01,1.367084946602023649e-09
2.106250000000000000e+01,1.392217319324961508e-09
2.107812500000000000e+01,1.387318565888575654e-09
2.109375000000000000e+01,1.299027515344194614e-09
2.110937500000000000e+01,1.166268629313709384e-09
2.112500000000000000e+01,1.115835297193130195e-09
2.114062500000000000e+01,1.160196076373200441e-09
2.115625000000000000e+01,1.169323993620452951e-09
2.117187500000000000e+01,1.104818122262012463e-09
2.118750000000000000e+01,1.030198305162721333e-09
2.120312500000000000e+01,9.764207264548360057e-10
2.121875000000000000e+01,9.578197699441443357e-10
2.123437500000000000e+01,1.003446512846885437e-09
2.125000000000000000e+01,1.084252858381394666e-09
2.126562500000000000e+01,1.147522818641524933e-09
2.128125000000000000e+01,1.194593903935698171e-09
2.129687500000000000e+01,1.236739966684001134e-09
2.131250000000000000e+01,1.255552534397999347e-09
2.132812500000000000e+01,1.261860919346749194e-09
2.134375000000000000e+01,1.274770739514431458e-09
2.135937500000000000e+01,1.278062220437860193e-09
2.137500000000000000e+01,1.251366090819935696e-09
2.139062500000000000e+01,1.174894027963913147e-09
2.140625000000000000e+01,1.050646268722363312e-09
2.142187500000000000e+01,9.366807078832257611e-10
2.143750000000000000e+01,9.159603618819261182e-10
2.145312500000000000e+01,9.894947211340569658e-10
2.146875000000000000e+01,1.073195839322275263e-09
2.148437500000000000e+01,1.109684608932798353e-09
2.150000000000000000e+01,1.106781972471260877e-09
2.151562500000000000e+01,1.070133046915347176e-09
2.153125000000000000e+01,9.889348916795411032e-10
2.154687500000000000e+01,8.935544560537907472e-10
2.156250000000000000e+01,8.233747352310853335e-10
2.157812500000000000e+01,7.721475722224416732e-10
2.159375000000000000e+01,7.136010595767952324e-10
2.160937500000000000e+01,6.487732309766057651e-10
2.162500000000000000e+01,6.156560533865336803e-10
2.164062500000000000e+01,6.476091799005216748e-10
2.165625000000000000e+01,7.304467789614131395e-10
2.167187500000000000e+01,8.157409805366779245e-10
2.168750000000000000e+01,8.734390707032987645e-10
2.170312500000000000e+01,9.163130451380793277e-10
2.171875000000000000e+01,9.514577275246168948e-10
2.173437500000000000e+01,9.753200835024637041e-10
2.175000000000000000e+01,1.023802125668591659e-09
2.176562500000000000e+01,1.092319308899030499e-09
2.178125000000000000e+01,1.120848728348976490e-09
2.179687500000000000e+01,1.110125572756192359e-09
2.181250000000000000e+01,1.096960286230423130e-09
2.182812500000000000e+01,1.087070154033269281e-09
2.184375000000000000e+01,1.086915813646272063e-09
2.185937500000000000e+01,1.083643909392607313e-09
2.187500000000000000e+01,1.050941792262446720e-09
2.189062500000000000e+01,1.012183292438416040e-09
2.190625000000000000e+01,1.013407874319323893e-09
2.192187500000000000e+01,1.029594604017218337e-09
2.193750000000000000e+01,9.802118731724234813e-10
2.195312500000000000e+01,8.739730034061985065e-10
2.196875000000000000e+01,8.237510891531673027e-10
2.198437500000000000e+01,8.911768763272062824e-10
2.200000000000000000e+01,1.023680941522183114e-09
2.201562500000000000e+01,1.134060960578247479e-09
2.203125000000000000e+01,1.181060373753887117e-09
2.204687500000000000e+01,1.180861651659285124e-09
2.206250000000000000e+01,1.140765156545191797e-09
2.207812500000000000e+01,1.072756488490865844e-09
2.209375000000000000e+01,1.049960963109199970e-09
2.210937500000000000e+01,1.076084748925784725e-09
2.212500000000000000e+01,1.047939330602670059e-09
2.214062500000000000e+01,9.505144915762795141e-10
2.215625000000000000e+01,8.681375072296234790e-10
2.217187500000000000e+01,8.517965803415668226e-10
2.218750000000000000e+01,8.989073406472562053e-10
2.220312500000000000e+01,9.836607798629254742e-10
2.221875000000000000e+01,1.048901145965605152e-09
2.223437500000000000e+01,1.059190755367949884e-09
2.225000000000000000e+01,1.020433659888434149e-09
2.226562500000000000e+01,9.444439800382379177e-10
2.228125000000000000e+01,8.542295318241574489e-10
2.229687500000000000e+01,7.853495884146569837e-10
2.231250000000000000e+01,7.547031534632870006e-10
2.232812500000000000e+01,7.718398721538631655e-10
2.234375000000000000e+01,8.392858639636143358e-10
2.235937500000000000e+01,9.381622784883210382e-10
2.237500000000000000e+01,1.046178639394490702e-09
2.239062500000000000e+01,1.140752917284482883e-09
2.240625000000000000e+01,1.205740914621825904e-09
2.242187500000000000e+01,1.245764236917675141e-09
2.243750000000000000e+01,1.300351273994461417e-09
2.245312500000000000e+01,1.406223659930225142e-09
2.246875000000000000e+01,1.517523195451590790e-09
2.248437500000000000e+01,1.549103153661305423e-09
2.250000000000000000e+01,1.507330540350657300e-09
2.251562500000000000e+01,1.498150203875067687e-09
2.253125000000000000e+01,1.540134083639905005e-09
2.254687500000000000e+01,1.546592135867121680e-09
2.256250000000000000e+01,1.523543898983044402e-09
2.257812500000000000e+01,1.547896668509924965e-09
2.259375000000000000e+01,1.599320629922007755e-09
2.260937500000000000e+01,1.599948741591184079e-09
2.262500000000000000e+01,1.553333674060827181e-09
2.264062500000000000e+01,1.522245533086524711e-09
2.265625000000000000e+01,1.530583229339376979e-09
2.267187500000000000e+01,1.558753851742620989e-09
2.268750000000000000e+01,1.596924729012147702e-09
2.270312500000000000e+01,1.657394333578814763e-09
2.271875000000000000e+01,1.732001210138355913e-09
2.273437500000000000e+01,1.792434349676434783e-09
2.275000000000000000e+01,1.836810876198160838e-09
2.276562500000000000e+01,1.860047414622286136e-09
2.278125000000000000e+01,1.803603617624000052e-09
2.279687500000000000e+01,1.629073342811115233e-09
2.281250000000000000e+01,1.416089093089390648e-09
2.282812500000000000e+01,1.324183084894859825e-09
2.284375000000000000e+01,1.396452012327099701e-09
2.285937500000000000e+01,1.498648970109297600e-09
2.287500000000000000e+01,1.537012500859471077e-09
2.289062500000000000e+01,1.523255339268101592e-09
2.290625000000000000e+01,1.482419998523341919e-09
2.292187500000000000e+01,1.419574430143314806e-09
2.293750000000000000e+01,1.339298644016074637e-09
2.295312500000000000e+01,1.262939102073229881e-09
2.296875000000000000e+01,1.238290527338339124e-09
2.298437500000000000e+01,1.273453219996747582e-09
2.300000000000000000e+01,1.320348010635695044e-09
2.301562500000000000e+01,1.384262194630536565e-09
2.303125000000000000e+01,1.468131449147105675e-09
2.304687500000000000e+01,1.500729656628887434e-09
2.306250000000000000e+01,1.447553764138851165e-09
2.307812500000000000e+01,1.379054929841889957e-09
2.309375000000000000e+01,1.391539548999525252e-09
2.310937500000000000e+01,1.483998138148812007e-09
2.312500000000000000e+01,1.621809068973089804e-09
2.314062500000000000e+01,1.817460456023566223e-09
2.315625000000000000e+01,2.031429614765689021e-09
2.317187500000000000e+01,2.142011563417943430e-09
2.318750000000000000e+01,2.113701266187155140e-09
2.320312500000000000e+01,2.065024649261662931e-09
2.321875000000000000e+01,2.090461562791443976e-09
2.323437500000000000e+01,2.155718894953533766e-09
2.325000000000000000e+01,2.198593099875226536e-09
2.326562500000000000e+01,2.182244226377047070e-09
2.328125000000000000e+01,2.114277114928183697e-09
2.329687500000000000e+01,2.057169968643853010e-09
2.331250000000000000e+01,2.032648511732063870e-09
2.332812500000000000e+01,1.977704567518079514e-09
2.334375000000000000e+01,1.874751658299446027e-09
2.335937500000000000e+01,1.772291740466702937e-09
2.337500000000000000e+01,1.691002867881393807e-09
2.339062500000000000e+01,1.624486704840592314e-09
2.340625000000000000e+01,1.567165716385336360e-09
2.342187500000000000e+01,1.506990713004108891e-09
2.343750000000000000e+01,1.435964172465229255e-09
2.345312500000000000e+01,1.355856172097254207e-09
2.346875000000000000e+01,1.276585143497439256e-09
2.348437500000000000e+01,1.224410591179789360e-09
2.350000000000000000e+01,1.223173017947635071e-09
2.351562500000000000e+01,1.261920834959412955e-09
2.353125000000000000e+01,1.310132644474066985e-09
2.354687500000000000e+01,1.364572033067369055e-09
2.356250000000000000e+01,1.459220118180602770e-09
2.357812500000000000e+01,1.606443959821151090e-09
2.359375000000000000e+01,1.800577577967968347e-09
2.360937500000000000e+01,2.039711152622602328e-09
2.362500000000000000e+01,2.262154724424237984e-09
2.364062500000000000e+01,2.397365820089334220e-09
2.365625000000000000e+01,2.471863510943870469e-09
2.367187500000000000e+01,2.546241631076444160e-09
2.368750000000000000e+01,2.575508136346123947e-09
2.370312500000000000e+01,2.463036246047685797e-09
2.371875000000000000e+01,2.254477635704898260e-09
2.373437500000000000e+01,2.133247102124259532e-09
2.375000000000000000e+01,2.123300565084225012e-09
2.376562500000000000e+01,2.137800489356424234e-09
2.378125000000000000e+01,2.252743698434395419e-09
2.379687500000000000e+01,2.465205222837393920e-09
2.381250000000000000e+01,2.566615312025086172e-09
2.382812500000000000e+01,2.474639613959284458e-09
2.384375000000000000e+01,2.311138810339346107e-09
2.385937500000000000e+01,2.191900017589482718e-09
2.387500000000000000e+01,2.119684265133002515e-09
2.389062500000000000e+01,2.050838111785665373e-09
2.390625000000000000e+01,2.016136646321823735e-09
2.392187500000000000e+01,2.058752509885772523e-09
2.393750000000000000e+01,2.120277909711984849e-09
2.395312500000000000e+01,2.184433154265831056e-09
2.396875000000000000e+01,2.321689660319763011e-09
2.398437500000000000e+01,2.521513358011606687e-09
2.400000000000000000e+01,2.676590587610422138e-09
2.401562500000000000e+01,2.741805071351528569e-09
2.403125000000000000e+01,2.764691713767314133e-09
2.404687500000000000e+01,2.801536395620145985e-09
2.406250000000000000e+01,2.903828557784643733e-09
2.407812500000000000e+01,3.076395916679879691e-09
2.409375000000000000e+01,3.247991167544140580e-09
2.410937500000000000e+01,3.422020578985806503e-09
2.412500000000000000e+01,3.603294726301712757e-09
2.414062500000000000e+01,3.663170394273472874e-09
2.415625000000000000e+01,3.541125031786606457e-09
2.417187500000000000e+01,3.329972153718832903e-09
2.418750000000000000e+01,3.141817255263501369e-09
2.420312500000000000e+01,3.047664834410739207e-09
2.421875000000000000e+01,3.048575360459511488e-09
2.423437500000000000e+01,3.112295177395905285e-09
2.425000000000000000e+01,3.139219070633087268e-09
2.426562500000000000e+01,2.961039761650764343e-09
2.428125000000000000e+01,2.570777664323256997e-09
2.429687500000000000e+01,2.193124394909931825e-09
2.431250000000000000e+01,2.098320274415179102e-09
2.432812500000000000e+01,2.329744233174317476e-09
2.434375000000000000e+01,2.654743132971841525e-09
2.435937500000000000e+01,2.854095556342661835e-09
2.437500000000000000e+01,2.900630284201006466e-09
2.439062500000000000e+01,2.946950300026991457e-09
2.440625000000000000e+01,3.125784855958460536e-09
2.442187500000000000e+01,3.393769672991536255e-09
2.443750000000000000e+01,3.618857464282710984e-09
2.445312500000000000e+01,3.699490899843588717e-09
2.446875000000000000e+01,3.690543226416335610e-09
2.448437500000000000e+01,3.707156158816763322e-09
2.450000000000000000e+01,3.743776957048177212e-09
2.451562500000000000e+01,3.755896034194129260e-09
2.453125000000000000e+01,3.720230820175482662e-09
2.454687500000000000e+01,3.607967876513934129e-09
2.456250000000000000e+01,3.489527429053671436e-09
2.457812500000000000e+01,3.551949976544318405e-09
2.459375000000000000e+01,3.820792169810015996e-09
2.460937500000000000e+01,4.142815280140810578e-09
2.462500000000000000e+01,4.462726089265060478e-09
2.464062500000000000e+01,4.816355391053560137e-09
2.465625000000000000e+01,5.079413896888463285e-09
2.467187500000000000e+01,5.043873662848373737e-09
2.468750000000000000e+01,4.829287778375168310e-09
2.470312500000000000e+01,4.833467455250695483e-09
2.471875000000000000e+01,5.049540466556288439e-09
2.473437500000000000e+01,5.046380066906214023e-09
2.475000000000000000e+01,4.650491979629315827e-09
2.476562500000000000e+01,4.133902412536247579e-09
2.478125000000000000e+01,3.838106653134723625e-09
2.479687500000000000e+01,3.802756845459525005e-09
2.481250000000000000e+01,3.919342954179863103e-09
2.482812500000000000e+01,4.123282473406415267e-09
2.484375000000000000e+01,4.317970715940453599e-09
2.485937500000000000e+01,4.412737556207597017e-09
2.487500000000000000e+01,4.424463358342337411e-09
2.489062500000000000e+01,4.379030302530359987e-09
2.490625000000000000e+01,4.239357874079512871e-09
2.492187500000000000e+01,4.031054065787015478e-09
2.493750000000000000e+01,3.862665247499133979e-09
2.495312500000000000e+01,3.863474300945273284e-09
2.496875000000000000e+01,4.087886710708853315e-09
2.498437500000000000e+01,4.379527404516543530e-09
2.500000000000000000e+01,4.510718254575939338e-09
2.501562500000000000e+01,4.391809848858563866e-09
2.503125000000000000e+01,4.145389941316252426e-09
2.504687500000000000e+01,4.117574834862283951e-09
2.506250000000000000e+01,4.579219873978996281e-09
2.507812500000000000e+01,5.221547905272715761e-09
2.509375000000000000e+01,5.527230168660433815e-09
2.510937500000000000e+01,5.431940356412805658e-09
2.512500000000000000e+01,5.345800898358768368e-09
2.514062500000000000e+01,5.491469759598206144e-09
2.515625000000000000e+01,5.509910609448984057e-09
2.517187500000000000e+01,5.110171666515963794e-09
2.518750000000000000e+01,4.598373171590618243e-09
2.520312500000000000e+01,4.530767554070834248e-09
2.521875000000000000e+01,4.984967186147230207e-09
2.523437500000000000e+01,5.539344598866690431e-09
2.525000000000000000e+01,5.813299049647754113e-09
2.526562500000000000e+01,5.883977135560444167e-09
2.528125000000000000e+01,6.032470492988181965e-09
2.529687500000000000e+01,6.165630989183832886e-09
2.531250000000000000e+01,6.086000885590829042e-09
2.532812500000000000e+01,5.930358506026516293e-09
2.534375000000000000e+01,5.990283193590391988e-09
2.535937500000000000e+01,6.218241276816758511e-09
2.537500000000000000e+01,6.311155860194210545e-09
2.539062500000000000e+01,6.272312798406163878e-09
2.540625000000000000e+01,6.334610299939261781e-09
2.542187500000000000e+01,6.504420526727596823e-09
2.543750000000000000e+01,6.513074805657012945e-09
2.545312500000000000e+01,6.190008396337988417e-09
2.546875000000000000e+01,5.798546516042328103e-09
2.548437500000000000e+01,5.586837512308873660e-09
2.550000000000000000e+01,5.485697147115505099e-09
2.551562500000000000e+01,5.481345564846039655e-09
2.553125000000000000e+01,5.472743866511136159e-09
2.554687500000000000e+01,5.187929011463440730e-09
2.556250000000000000e+01,4.609567919357773328e-09
2.557812500000000000e+01,4.175170725980984498e-09
2.559375000000000000e+01,4.253234879102033436e-09
2.560937500000000000e+01,4.513721160746070796e-09
2.562500000000000000e+01,4.555234142874693785e-09
2.564062500000000000e+01,4.414415156567768411e-09
2.565625000000000000e+01,4.273315718375953956e-09
2.567187500000000000e+01,4.192754760631105854e-09
2.568750000000000000e+01,4.112614343464212373e-09
2.570312500000000000e+01,3.928487744128822200e-09
2.571875000000000000e+01,3.700725058291587709e-09
2.573437500000000000e+01,3.731835796678738023e-09
2.575000000000000000e+01,3.990982809527266395e-09
2.576562500000000000e+01,4.145378733667944179e-09
2.578125000000000000e+01,4.247521843211136808e-09
2.579687500000000000e+01,4.412889441866877197e-09
2.581250000000000000e+01,4.479215797312764061e-09
2.582812500000000000e+01,4.417914898510851981e-09
2.584375000000000000e+01,4.352632858229649456e-09
2.585937500000000000e+01,4.288671342502069990e-09
2.587500000000000000e+01,4.211684938525864640e-09
2.589062500000000000e+01,4.123438198799466275e-09
2.590625000000000000e+01,3.931934650299512919e-09
2.592187500000000000e+01,3.627183840250958764e-09
2.593750000000000000e+01,3.368807003383762566e-09
2.595312500000000000e+01,3.279478468791779817e-09
2.596875000000000000e+01,3.417072591174523913e-09
2.598437500000000000e+01,3.734219354269548312e-09
2.600000000000000000e+01,3.954604468780526325e-09
2.601562500000000000e+01,3.887080544892771368e-09
2.603125000000000000e+01,3.653491119422411201e-09
2.604687500000000000e+01,3.495864088021689808e-09
2.606250000000000000e+01,3.491923237778421624e-09
2.607812500000000000e+01,3.540448497953597814e-09
2.609375000000000000e+01,3.628035291838874741e-09
2.610937500000000000e+01,3.798082084624119474e-09
2.612500000000000000e+01,3.936013989233513070e-09
2.614062500000000000e+01,4.022087856460585246e-09
2.615625000000000000e+01,4.239085565666779210e-09
2.617187500000000000e+01,4.598172589039089731e-09
2.618750000000000000e+01,4.897143049936167348e-09
2.620312500000000000e+01,5.017650658580293351e-09
2.621875000000000000e+01,4.952398696853820173e-09
2.623437500000000000e+01,4.742349612994892593e-09
2.625000000000000000e+01,4.452010393530487189e-09
2.626562500000000000e+01,4.116636720608672822e-09
2.628125000000000000e+01,3.754936661730308680e-09
2.629687500000000000e+01,3.376119123079733554e-09
2.631250000000000000e+01,3.062673559207166687e-09
2.632812500000000000e+01,2.967223968034966405e-09
2.634375000000000000e+01,3.016238560640653157e-09
2.635937500000000000e+01,3.004162788779584667e-09
2.637500000000000000e+01,2.895288565523367053e-09
2.639062500000000000e+01,2.754351856734153753e-09
2.640625000000000000e+01,2.605019301161206846e-09
2.642187500000000000e+01,2.438472672554408860e-09
2.643750000000000000e+01,2.267037258963396960e-09
2.645312500000000000e+01,2.161829125521527759e-09
2.646875000000000000e+01,2.189513809482419065e-09
2.648437500000000000e+01,2.270408743570669449e-09
2.650000000000000000e+01,2.274915032009245516e-09
2.651562500000000000e+01,2.214742942616588184e-09
2.653125000000000000e+01,2.209686657185432826e-09
2.654687500000000000e+01,2.321960867068625001e-09
2.656250000000000000e+01,2.482573314478539161e-09
2.657812500000000000e+01,2.594945091155670438e-09
2.659375000000000000e+01,2.703532393764525610e-09
2.660937500000000000e+01,2.945979381826222808e-09
2.662500000000000000e+01,3.319786954070446223e-09
2.664062500000000000e+01,3.666427988406389881e-09
2.665625000000000000e+01,3.867001258750416520e-09
2.667187500000000000e+01,3.925495816238488117e-09
2.668750000000000000e+01,3.907295727842608887e-09
2.670312500000000000e+01,3.851092639088775313e-09
2.671875000000000000e+01,3.873853054657790292e-09
2.673437500000000000e+01,4.137662211547735246e-09
2.675000000000000000e+01,4.534089397331558170e-09
2.676562500000000000e+01,4.829167564680082100e-09
2.678125000000000000e+01,4.904903501066150370e-09
2.679687500000000000e+01,4.772022080942537142e-09
2.681250000000000000e+01,4.560178092718340316e-09
2.682812500000000000e+01,4.505383731774767162e-09
2.684375000000000000e+01,4.773825881228299202e-09
2.685937500000000000e+01,5.123602930041667147e-09
2.687500000000000000e+01,5.111799853852470062e-09
2.689062500000000000e+01,4.607594725138683515e-09
2.690625000000000000e+01,3.944636570788660838e-09
2.692187500000000000e+01,3.569333464474016266e-09
2.693750000000000000e+01,3.494095845369122482e-09
2.695312500000000000e+01,3.392836246119726026e-09
2.696875000000000000e+01,3.118204050496072098e-09
2.698437500000000000e+01,2.830286401231938537e-09
2.700000000000000000e+01,2.705086328902721964e-09
2.701562500000000000e+01,2.733335242542954503e-09
2.703125000000000000e+01,2.826218033144800378e-09
2.704687500000000000e+01,2.840218026475657261e-09
2.706250000000000000e+01,2.760519546326015020e-09
2.707812500000000000e+01,2.776584128007632443e-09
2.709375000000000000e+01,2.911743948030664667e-09
2.710937500000000000e+01,2.995946813091970768e-09
2.712500000000000000e+01,2.989820666981863005e-09
2.714062500000000000e+01,2.946182007106866649e-09
2.715625000000000000e+01,2.923984232863038873e-09
2.717187500000000000e+01,2.962968456326809282e-09
2.718750000000000000e+01,2.954739437961767477e-09
2.720312500000000000e+01,2.776853424315882174e-09
2.721875000000000000e+01,2.567609768995643501e-09
2.723437500000000000e+01,2.599786581464619476e-09
2.725000000000000000e+01,2.832232558066266050e-09
2.726562500000000000e+01,3.001761633984813360e-09
2.728125000000000000e+01,2.975838955071041095e-09
2.729687500000000000e+01,2.784361513201056202e-09
2.731250000000000000e+01,2.570202584177167372e-09
2.732812500000000000e+01,2.551904987714179379e-09
2.734375000000000000e+01,2.800226143469295709e-09
2.735937500000000000e+01,3.084917590697079113e-09
2.737500000000000000e+01,3.165656054543528557e-09
2.739062500000000000e+01,3.070734836733102547e-09
2.740625000000000000e+01,3.042936887256452674e-09
2.742187500000000000e+01,3.166348352458859120e-09
2.743750000000000000e+01,3.227477071206677514e-09
2.745312500000000000e+01,3.107770863994552389e-09
2.746875000000000000e+01,2.931267483525594622e-09
2.748437500000000000e+01,2.800129903157445071e-09
2.750000000000000000e+01,2.685262459376045348e-09
2.751562500000000000e+01,2.597973925637900476e-09
2.753125000000000000e+01,2.600745590218904394e-09
2.754687500000000000e+01,2.671568084115436378e-09
2.756250000000000000e+01,2.708715071802293265e-09
2.757812500000000000e+01,2.640248031059639427e-09
2.759375000000000000e+01,2.496792274002792329e-09
2.760937500000000000e+01,2.403243973996714384e-09
2.762500000000000000e+01,2.471057021278012148e-09
2.764062500000000000e+01,2.607338962895608738e-09
2.765625000000000000e+01,2.628668071271974309e-09
2.767187500000000000e+01,2.549851757886997960e-09
2.768750000000000000e+01,2.478512146328158721e-09
2.770312500000000000e+01,2.391899706399948811e-09
2.771875000000000000e+01,2.302352520956222518e-09
2.773437500000000000e+01,2.336567961498753185e-09
2.775000000000000000e+01,2.446681189124026691e-09
2.776562500000000000e+01,2.444931844506771228e-09
2.778125000000000000e+01,2.301351570835761250e-09
2.779687500000000000e+01,2.162398033941923016e-09
2.781250000000000000e+01,2.184154638563521189e-09
2.782812500000000000e+01,2.362689715399328791e-09
2.784375000000000000e+01,2.550697903516469320e-09
2.785937500000000000e+01,2.631405847403116134e-09
2.787500000000000000e+01,2.600776880597843078e-09
2.789062500000000000e+01,2.473640976956133723e-09
2.790625000000000000e+01,2.200340587782487405e-09
2.792187500000000000e+01,1.873751533240734055e-09
2.793750000000000000e+01,1.853055511481930324e-09
2.795312500000000000e+01,2.144169901937957636e-09
2.796875000000000000e+01,2.369600887236187121e-09
2.798437500000000000e+01,2.415444312219800441e-09
2.800000000000000000e+01,2.343945451953723838e-09
2.801562500000000000e+01,2.211791355533284383e-09
2.803125000000000000e+01,2.182565216617486471e-09
2.804687500000000000e+01,2.365643029294062730e-09
2.806250000000000000e+01,2.594244705853715014e-09
2.807812500000000000e+01,2.829763950140154976e-09
2.809375000000000000e+01,3.180343341981333510e-09
2.810937500000000000e+01,3.462530788549205068e-09
2.812500000000000000e+01,3.454919248408093875e-09
2.814062500000000000e+01,3.298279926933988272e-09
2.815625000000000000e+01,3.186847097311629010e-09
2.817187500000000000e+01,3.105446284376564889e-09
2.818750000000000000e+01,3.010182118387700882e-09
2.820312500000000000e+01,2.867354236258647093e-09
2.821875000000000000e+01,2.735544372845441826e-09
2.823437500000000000e+01,2.763269187983434192e-09
2.825000000000000000e+01,2.946769895018151442e-09
2.826562500000000000e+01,3.077616802523951575e-09
2.828125000000000000e+01,3.059325252177990704e-09
2.829687500000000000e+01,3.065644415955407767e-09
2.831250000000000000e+01,3.230551952121130949e-09
2.832812500000000000e+01,3.377091375218175082e-09
2.834375000000000000e+01,3.348641230649706559e-09
2.835937500000000000e+01,3.302806854370336720e-09
2.837500000000000000e+01,3.479662395704285536e-09
2.839062500000000000e+01,3.845844195405660334e-09
2.840625000000000000e+01,4.198726268352123216e-09
2.842187500000000000e+01,4.361574714265586326e-09
2.843750000000000000e+01,4.376878883029849943e-09
2.845312500000000000e+01,4.517905280167254502e-09
2.846875000000000000e+01,4.770751890463881062e-09
2.848437500000000000e+01,4.757835333323226506e-09
2.850000000000000000e+01,4.307619351056852127e-09
2.851562500000000000e+01,3.665768220911474638e-09
2.853125000000000000e+01,3.240085967429091806e-09
2.854687500000000000e+01,3.120111275787182589e-09
2.856250000000000000e+01,3.053567191154530647e-09
2.857812500000000000e+01,2.898287534279862977e-09
2.859375000000000000e+01,2.721657153540588424e-09
2.860937500000000000e+01,2.654004395620651368e-09
2.862500000000000000e+01,2.751610603686153340e-09
2.864062500000000000e+01,2.939443870237973253e-09
2.865625000000000000e+01,3.171745106857998971e-09
2.867187500000000000e+01,3.388355247869402573e-09
2.868750000000000000e+01,3.415389827019312977e-09
2.870312500000000000e+01,3.308186010944961349e-09
2.871875000000000000e+01,3.347463333626917827e-09
2.873437500000000000e+01,3.505587546682327180e-09
2.875000000000000000e+01,3.530563513021782986e-09
2.876562500000000000e+01,3.330630142184070638e-09
2.878125000000000000e+01,3.036863838415117748e-09
2.879687500000000000e+01,2.940190610497375829e-09
2.881250000000000000e+01,3.146505101904124083e-09
2.882812500000000000e+01,3.420084372503032682e-09
2.884375000000000000e+01,3.611471770731548985e-09
2.885937500000000000e+01,3.793089880038206296e-09
2.887500000000000000e+01,4.059826090393463952e-09
2.889062500000000000e+01,4.420291702674985022e-09
2.890625000000000000e+01,4.761990558931137091e-09
2.892187500000000000e+01,4.888508925028752979e-09
2.893750000000000000e+01,4.716294313142776810e-09
2.895312500000000000e+01,4.432375294868586003e-09
2.896875000000000000e+01,4.319401797806812858e-09
2.898437500000000000e+01,4.336781369606636423e-09
2.900000000000000000e+01,4.247607738913925339e-09
2.901562500000000000e+01,4.059664273505033726e-09
2.903125000000000000e+01,3.969574915316500032e-09
2.904687500000000000e+01,4.122101507909691812e-09
2.906250000000000000e+01,4.478933720404961972e-09
2.907812500000000000e+01,4.870612176866314125e-09
2.909375000000000000e+01,5.165748191305163491e-09
2.910937500000000000e+01,5.277814622110059471e-09
2.912500000000000000e+01,5.135270557994021050e-09
2.914062500000000000e+01,4.800697544035463462e-09
2.915625000000000000e+01,4.568807206750319059e-09
2.917187500000000000e+01,4.637941407051795211e-09
2.918750000000000000e+01,4.851215620630030027e-09
2.920312500000000000e+01,5.023557010506977435e-09
2.921875000000000000e+01,5.122922638896572600e-09
2.923437500000000000e+01,5.159982470119770213e-09
2.925000000000000000e+01,5.110548134729890336e-09
2.926562500000000000e+01,4.969097623901334370e-09
2.928125000000000000e+01,4.741301747357320375e-09
2.929687500000000000e+01,4.448368934036958204e-09
2.931250000000000000e+01,4.212597986659161075e-09
2.932812500000000000e+01,4.168617977745021403e-09
2.934375000000000000e+01,4.319248146664748399e-09
2.935937500000000000e+01,4.652647540026356309e-09
2.937500000000000000e+01,5.169868940273804112e-09
2.939062500000000000e+01,5.669599569102414625e-09
2.940625000000000000e+01,5.852877575088776135e-09
2.942187500000000000e+01,5.720719039828491890e-09
2.943750000000000000e+01,5.632123723905912745e-09
2.945312500000000000e+01,5.705797396182074969e-09
2.946875000000000000e+01,5.718876892220772742e-09
2.948437500000000000e+01,5.730958785166342395e-09
2.950000000000000000e+01,5.810916868051633498e-09
2.951562500000000000e+01,5.637831723578812192e-09
2.953125000000000000e+01,5.130854326801466252e-09
2.954687500000000000e+01,4.787903784740880489e-09
2.956250000000000000e+01,4.906284332607386814e-09
2.957812500000000000e+01,5.095104279171721670e-09
2.959375000000000000e+01,5.049055982845454381e-09
2.960937500000000000e+01,4.834519855792447139e-09
2.962500000000000000e+01,4.672601142301078621e-09
2.964062500000000000e+01,4.746051761863030508e-09
2.965625000000000000e+01,4.947660632641674459e-09
2.967187500000000000e+01,5.086160558066982879e-09
2.968750000000000000e+01,5.184504513902543485e-09
2.970312500000000000e+01,5.259027712930004134e-09
2.971875000000000000e+01,5.204489357598009081e-09
2.973437500000000000e+01,5.077091604031580682e-09
2.975000000000000000e+01,5.021918861582546906e-09
2.976562500000000000e+01,5.058420757591765872e-09
2.978125000000000000e+01,5.235456494842989779e-09
2.979687500000000000e+01,5.593212224290585349e-09
2.981250000000000000e+01,5.926912754894416317e-09
2.982812500000000000e+01,5.946275669006986849e-09
2.984375000000000000e+01,5.638961018648317116e-09
2.985937500000000000e+01,5.324355595264610454e-09
2.987500000000000000e+01,5.264574761120829168e-09
2.989062500000000000e+01,5.414241991419911856e-09
2.990625000000000000e+01,5.586635929841675066e-09
2.992187500000000000e+01,5.503056950117180555e-09
2.993750000000000000e+01,5.055996839128457588e-09
2.995312500000000000e+01,4.490833161160220800e-09
2.996875000000000000e+01,4.145168761211732666e-09
2.998437500000000000e+01,4.248731091088888322e-09
3.000000000000000000e+01,4.644386130835888604e-09
3.001562500000000000e+01,4.837555905175350553e-09
3.003125000000000000e+01,4.609068335800412029e-09
3.004687500000000000e+01,4.143214753626632020e-09
3.006250000000000000e+01,3.662000237545036100e-09
3.007812500000000000e+01,3.242945091737775876e-09
3.009375000000000000e+01,2.976650546429285692e-09
3.010937500000000000e+01,3.008648118123546826e-09
3.012500000000000000e+01,3.244871371100406109e-09
3.014062500000000000e+01,3.409126638808370762e-09
3.015625000000000000e+01,3.415014570554978289e-09
3.017187500000000000e+01,3.348631972765056062e-09
3.018750000000000000e+01,3.181098453802524903e-09
3.020312500000000000e+01,2.832080372898724796e-09
3.021875000000000000e+01,2.451757456015426814e-09
3.023437500000000000e+01,2.271621406749267806e-09
3.025000000000000000e+01,2.229638737344177760e-09
3.026562500000000000e+01,2.126591699574626008e-09
3.028125000000000000e+01,1.951454866263364920e-09
3.029687500000000000e+01,1.824658077667243048e-09
3.031250000000000000e+01,1.811310051416907697e-09
3.032812500000000000e+01,1.989584502860332921e-09
3.034375000000000000e+01,2.360068946523225650e-09
3.035937500000000000e+01,2.685949051678637241e-09
3.037500000000000000e+01,2.746663319080981669e-09
3.039062500000000000e+01,2.551670249075263997e-09
3.040625000000000000e+01,2.340642676585080216e-09
3.042187500000000000e+01,2.390377498268192129e-09
3.043750000000000000e+01,2.743036840910515396e-09
3.045312500000000000e+01,3.175777303317286184e-09
3.046875000000000000e+01,3.431131329199843223e-09
3.048437500000000000e+01,3.443498867780506996e-09
3.050000000000000000e+01,3.393655100758246827e-09
3.051562500000000000e+01,3.457386373648397501e-09
3.053125000000000000e+01,3.564989402993326264e-09
3.054687500000000000e+01,3.529482159491794089e-09
3.056250000000000000e+01,3.316387311662669605e-09
3.057812500000000000e+01,3.048722264136350496e-09
3.059375000000000000e+01,2.815408948789192020e-09
3.060937500000000000e+01,2.642970377679905270e-09
3.062500000000000000e+01,2.515799187058565851e-09
3.064062500000000000e+01,2.362840189277469211e-09
3.065625000000000000e+01,2.201174586203216726e-09
3.067187500000000000e+01,2.202328290822237192e-09
3.068750000000000000e+01,2.370925772151750487e-09
3.070312500000000000e+01,2.498116310813832353e-09
3.071875000000000000e+01,2.476269761377757340e-09
3.073437500000000000e+01,2.344167851773090097e-09
3.075000000000000000e+01,2.199161002977447773e-09
3.076562500000000000e+01,2.062608393740254964e-09
3.078125000000000000e+01,1.877575796887721311e-09
3.079687500000000000e+01,1.662481876827714303e-09
3.081250000000000000e+01,1.523734414962596124e-09
3.082812500000000000e+01,1.517429612615529299e-09
3.084375000000000000e+01,1.581873709323188024e-09
3.085937500000000000e+01,1.608417400070544974e-09
3.087500000000000000e+01,1.579003464655970263e-09
3.089062500000000000e+01,1.597893017823603810e-09
3.090625000000000000e+01,1.696664302692849610e-09
3.092187500000000000e+01,1.752124251555362858e-09
3.093750000000000000e+01,1.669965291866864009e-09
3.095312500000000000e+01,1.474435903891682809e-09
3.096875000000000000e+01,1.250933734063296469e-09
3.098437500000000000e+01,1.089542987364619758e-09
3.100000000000000000e+01,1.078126817472874284e-09
3.101562500000000000e+01,1.194450139453695336e-09
3.103125000000000000e+01,1.315197982386654776e-09
3.104687500000000000e+01,1.390517960352870993e-09
3.106250000000000000e+01,1.427309886829167144e-09
3.107812500000000000e+01,1.421314302502084301e-09
3.109375000000000000e+01,1.379534777846399588e-09
3.110937500000000000e+01,1.346049792699788494e-09
3.112500000000000000e+01,1.358963535029198813e-09
3.114062500000000000e+01,1.373514031918646990e-09
3.115625000000000000e+01,1.318410767805561094e-09
3.117187500000000000e+01,1.182976514055682412e-09
3.118750000000000000e+01,1.024388548149999568e-09
3.120312500000000000e+01,9.464166614677988430e-10
3.121875000000000000e+01,9.933192363161606176e-10
3.123437500000000000e+01,1.114565078870081222e-09
3.125000000000000000e+01,1.258357730485764922e-09
3.126562500000000000e+01,1.399307093052578180e-09
3.128125000000000000e+01,1.529621880916863573e-09
3.129687500000000000e+01,1.611885833010979552e-09
3.131250000000000000e+01,1.599469289219429154e-09
3.132812500000000000e+01,1.509089248217628828e-09
3.134375000000000000e+01,1.390453746210430684e-09
3.135937500000000000e+01,1.269463801133978231e-09
3.137500000000000000e+01,1.162636264262821640e-09
3.139062500000000000e+01,1.069276454181729653e-09
3.140625000000000000e+01,9.808339041561929922e-10
3.142187500000000000e+01,9.145341588483692354e-10
3.143750000000000000e+01,8.704786561328167994e-10
3.145312500000000000e+01,8.346003708405565229e-10
3.146875000000000000e+01,8.609332475821898908e-10
3.148437500000000000e+01,9.986029187984825495e-10
3.150000000000000000e+01,1.166401338233681944e-09
3.151562500000000000e+01,1.286685622019284318e-09
3.153125000000000000e+01,1.363297636270522897e-09
3.154687500000000000e+01,1.412611972093495109e-09
3.156250000000000000e+01,1.423132436265856429e-09
3.157812500000000000e+01,1.387492115986759826e-09
3.159375000000000000e+01,1.371613354550142101e-09
3.160937500000000000e+01,1.489902609490621185e-09
3.162500000000000000e+01,1.700411479094868472e-09
3.164062500000000000e+01,1.829482890724947732e-09
3.165625000000000000e+01,1.841861893063051700e-09
3.167187500000000000e+01,1.826303904722331717e-09
3.168750000000000000e+01,1.785018138623414597e-09
3.170312500000000000e+01,1.735860945550098488e-09
3.171875000000000000e+01,1.775295956124144174e-09
3.173437500000000000e+01,1.837780111665492295e-09
3.175000000000000000e+01,1.776358430489397988e-09
3.176562500000000000e+01,1.594759843658002661e-09
3.178125000000000000e+01,1.414903974602213362e-09
3.179687500000000000e+01,1.319021344323481398e-09
3.181250000000000000e+01,1.311193008859103970e-09
3.182812500000000000e+01,1.372371448095418433e-09
3.184375000000000000e+01,1.437977816501065341e-09
3.185937500000000000e+01,1.441927568252609426e-09
3.187500000000000000e+01,1.399807199503908855e-09
3.189062500000000000e+01,1.353626616983340596e-09
3.190625000000000000e+01,1.319951225958159032e-09
3.192187500000000000e+01,1.325530238351189887e-09
3.193750000000000000e+01,1.358282431939935671e-09
3.195312500000000000e+01,1.352686062386875809e-09
3.196875000000000000e+01,1.296428374930375110e-09
3.198437500000000000e+01,1.271250328484898096e-09
3.200000000000000000e+01,1.341608616544814817e-09
3.201562500000000000e+01,1.468921493969002365e-09
3.203125000000000000e+01,1.588021511420426450e-09
3.204687500000000000e+01,1.669591268068872716e-09
3.206250000000000000e+01,1.708046937407937451e-09
3.207812500000000000e+01,1.687826570625280068e-09
3.209375000000000000e+01,1.623370939772622938e-09
3.210937500000000000e+01,1.575994486845635447e-09
3.212500000000000000e+01,1.565307213948673239e-09
3.214062500000000000e+01,1.627518194709543907e-09
3.215625000000000000e+01,1.772304762828290655e-09
3.217187500000000000e+01,1.842674721812485631e-09
3.218750000000000000e+01,1.748415794119949756e-09
3.220312500000000000e+01,1.612547954034400296e-09
3.221875000000000000e+01,1.566122056144177233e-09
3.223437500000000000e+01,1.575953868963529245e-09
3.225000000000000000e+01,1.626487970397239519e-09
3.226562500000000000e+01,1.784265886432229371e-09
3.228125000000000000e+01,2.019074758957444971e-09
3.229687500000000000e+01,2.200596178434860929e-09
3.231250000000000000e+01,2.237950844444643397e-09
3.232812500000000000e+01,2.196228480595370096e-09
3.234375000000000000e+01,2.252001957965242527e-09
3.235937500000000000e+01,2.404043566775317739e-09
3.237500000000000000e+01,2.482569182975672763e-09
3.239062500000000000e+01,2.424331707019362206e-09
3.240625000000000000e+01,2.268359209501254974e-09
3.242187500000000000e+01,2.055776972745520042e-09
3.243750000000000000e+01,1.853396471952456047e-09
3.245312500000000000e+01,1.712192736022712194e-09
3.246875000000000000e+01,1.587696693863975033e-09
3.248437500000000000e+01,1.432902497636299403e-09
3.250000000000000000e+01,1.305407837801028061e-09
3.251562500000000000e+01,1.291079520189253738e-09
3.253125000000000000e+01,1.362737200798892201e-09
3.254687500000000000e+01,1.436295181822368563e-09
3.256250000000000000e+01,1.447166484238619366e-09
3.257812500000000000e+01,1.386935908705626484e-09
3.259375000000000000e+01,1.340903022182578294e-09
3.260937500000000000e+01,1.379071476817635232e-09
3.262500000000000000e+01,1.486686678985046760e-09
3.264062500000000000e+01,1.614157149793618911e-09
3.265625000000000000e+01,1.681601492750486672e-09
3.267187500000000000e+01,1.651098625045190936e-09
3.268750000000000000e+01,1.594787414094296780e-09
3.270312500000000000e+01,1.576486850687040946e-09
3.271875000000000000e+01,1.587381567181732494e-09
3.273437500000000000e+01,1.698384802050100521e-09
3.275000000000000000e+01,1.939214680499060118e-09
3.276562500000000000e+01,2.217893894289828801e-09
3.278125000000000000e+01,2.542446459234228855e-09
3.279687500000000000e+01,2.960712406082646314e-09
3.281250000000000000e+01,3.401371716066262383e-09
3.282812500000000000e+01,3.820293447986840614e-09
3.284375000000000000e+01,4.271975006165051164e-09
3.285937500000000000e+01,4.729923017391173213e-09
3.287500000000000000e+01,5.056158633046508201e-09
3.289062500000000000e+01,5.095747537972149883e-09
3.290625000000000000e+01,4.799788892949705224e-09
3.292187500000000000e+01,4.344727953558138412e-09
3.293750000000000000e+01,3.971782257838566147e-09
3.295312500000000000e+01,3.717014636268831613e-09
3.296875000000000000e+01,3.437164962029479276e-09
3.298437500000000000e+01,3.047488280348285616e-09
3.300000000000000000e+01,2.624412332528822940e-09
3.301562500000000000e+01,2.259344537792064007e-09
3.303125000000000000e+01,1.955445963322853279e-09
3.304687500000000000e+01,1.693023525926802418e-09
3.306250000000000000e+01,1.488789955040094572e-09
3.307812500000000000e+01,1.385359090998420793e-09
3.309375000000000000e+01,1.368336712273330218e-09
3.310937500000000000e+01,1.398715586719338106e-09
3.312500000000000000e+01,1.478784365352703445e-09
3.314062500000000000e+01,1.586684636584573252e-09
3.315625000000000000e+01,1.643281220450522878e-09
3.317187500000000000e+01,1.591066957260268075e-09
3.318750000000000000e+01,1.449049875096659195e-09
3.320312500000000000e+01,1.313031604765925649e-09
3.321875000000000000e+01,1.276431278033663699e-09
3.323437500000000000e+01,1.306326762187493830e-09
3.325000000000000000e+01,1.299669080312255880e-09
3.326562500000000000e+01,1.221002534209593401e-09
3.328125000000000000e+01,1.155885655472088940e-09
3.329687500000000000e+01,1.205236007547366963e-09
3.331250000000000000e+01,1.308669664704133467e-09
3.332812500000000000e+01,1.373148706013549243e-09
3.334375000000000000e+01,1.395694147824182509e-09
3.335937500000000000e+01,1.388928673381247734e-09
3.337500000000000000e+01,1.342283722756659078e-09
3.339062500000000000e+01,1.271510910326514872e-09
3.340625000000000000e+01,1.232781057075801478e-09
3.342187500000000000e+01,1.258046533763227037e-09
3.343750000000000000e+01,1.309611895667800955e-09
3.345312500000000000e+01,1.328469899105555369e-09
3.346875000000000000e+01,1.316836281951532009e-09
3.348437500000000000e+01,1.321346196885920407e-09
3.350000000000000000e+01,1.351197569197989023e-09
3.351562500000000000e+01,1.394202159820961212e-09
3.353125000000000000e+01,1.440312415346330045e-09
3.354687500000000000e+01,1.450075045044042584e-09
3.356250000000000000e+01,1.400449350596207650e-09
3.357812500000000000e+01,1.353417887999824521e-09
3.359375000000000000e+01,1.395477224955231918e-09
3.360937500000000000e+01,1.477967317940697333e-09
3.362500000000000000e+01,1.505062561706937860e-09
3.364062500000000000e+01,1.496865303210089199e-09
3.365625000000000000e+01,1.495026142331380149e-09
3.367187500000000000e+01,1.467573790520803520e-09
3.368750000000000000e+01,1.380107108579341754e-09
3.370312500000000000e+01,1.266352371114126554e-09
3.371875000000000000e+01,1.176671222531034626e-09
3.373437500000000000e+01,1.086612764658119477e-09
3.375000000000000000e+01,9.678285751865961443e-10
3.376562500000000000e+01,8.782463577979368070e-10
3.378125000000000000e+01,8.889981906827999930e-10
3.379687500000000000e+01,9.469622737978657640e-10
3.381250000000000000e+01,9.518763586874907494e-10
3.382812500000000000e+01,9.117581213021349645e-10
3.384375000000000000e+01,9.112790978586421895e-10
3.385937500000000000e+01,9.663788453981369702e-10
3.387500000000000000e+01,1.041790353851670658e-09
3.389062500000000000e+01,1.127484767002021667e-09
3.390625000000000000e+01,1.212994848069403320e-09
3.392187500000000000e+01,1.259283470946942684e-09
3.393750000000000000e+01,1.238552119839031854e-09
3.395312500000000000e+01,1.201057491970524103e-09
3.396875000000000000e+01,1.204889067997633506e-09
3.398437500000000000e+01,1.222298018790507755e-09
3.400000000000000000e+01,1.202977799443580870e-09
3.401562500000000000e+01,1.108871118222840445e-09
3.403125000000000000e+01,9.660708772129006900e-10
3.404687500000000000e+01,9.321126970574286678e-10
3.406250000000000000e+01,1.019619987902783850e-09
3.407812500000000000e+01,1.059067057186828920e-09
3.409375000000000000e+01,1.080911784264857637e-09
3.410937500000000000e+01,1.239185121722817983e-09
3.412500000000000000e+01,1.492953315019496524e-09
3.414062500000000000e+01,1.705980101083741192e-09
3.415625000000000000e+01,1.825006837116974341e-09
3.417187500000000000e+01,1.862034805843077816e-09
3.418750000000000000e+01,1.842661154147671236e-09
3.420312500000000000e+01,1.776162753948059283e-09
3.421875000000000000e+01,1.685411364306410147e-09
3.423437500000000000e+01,1.673792255021094225e-09
3.425000000000000000e+01,1.789365932845084884e-09
3.426562500000000000e+01,1.879293551674537324e-09
3.428125000000000000e+01,1.859609503884217436e-09
3.429687500000000000e+01,1.858423959849400127e-09
3.431250000000000000e+01,1.972415689292377312e-09
3.432812500000000000e+01,2.121061701140705472e-09
3.434375000000000000e+01,2.200047916719132346e-09
3.435937500000000000e+01,2.204341892943443010e-09
3.437500000000000000e+01,2.214606993010451977e-09
3.439062500000000000e+01,2.288857855793706218e-09
3.440625000000000000e+01,2.392899034322901198e-09
3.442187500000000000e+01,2.447915151144222879e-09
3.443750000000000000e+01,2.432542865204509034e-09
3.445312500000000000e+01,2.386908893259707655e-09
3.446875000000000000e+01,2.368694810444433947e-09
3.448437500000000000e+01,2.395992387329666814e-09
3.450000000000000000e+01,2.399985471418239609e-09
3.451562500000000000e+01,2.322302068494275740e-09
3.453125000000000000e+01,2.238263676199302717e-09
3.454687500000000000e+01,2.283810690103539612e-09
3.456250000000000000e+01,2.445383116330135797e-09
3.457812500000000000e+01,2.567889522136729782e-09
3.459375000000000000e+01,2.586801821306294833e-09
3.460937500000000000e+01,2.659187865426207393e-09
3.462500000000000000e+01,2.876772581987767226e-09
3.464062500000000000e+01,3.065441432842087610e-09
3.465625000000000000e+01,3.074868144558369160e-09
3.467187500000000000e+01,2.931019658569488544e-09
3.468750000000000000e+01,2.709740160261953709e-09
3.470312500000000000e+01,2.441664946854763542e-09
3.471875000000000000e+01,2.222539580073326097e-09
3.473437500000000000e+01,2.158901718587591865e-09
3.475000000000000000e+01,2.148848817204051976e-09
3.476562500000000000e+01,2.031487270695683732e-09
3.478125000000000000e+01,1.807039686069825504e-09
3.479687500000000000e+01,1.598378308864998531e-09
3.481250000000000000e+01,1.502090594392581004e-09
3.482812500000000000e+01,1.513670218961088400e-09
3.484375000000000000e+01,1.587740136915433924e-09
3.485937500000000000e+01,1.669390242118780535e-09
3.487500000000000000e+01,1.727925131171646813e-09
3.489062500000000000e+01,1.768439420647440311e-09
3.490625000000000000e+01,1.745817887535120253e-09
3.492187500000000000e+01,1.609620010665958886e-09
3.493750000000000000e+01,1.424616847118898304e-09
3.495312500000000000e+01,1.287060086395117616e-09
3.496875000000000000e+01,1.188253113645121405e-09
3.498437500000000000e+01,1.112973459962721493e-09
3.500000000000000000e+01,1.112785112357729829e-09
3.501562500000000000e+01,1.181189407358097817e-09
3.503125000000000000e+01,1.249900902898805315e-09
3.504687500000000000e+01,1.317220668502242690e-09
3.506250000000000000e+01,1.428179052536371123e-09
3.507812500000000000e+01,1.570411768694095622e-09
3.509375000000000000e+01,1.679725000882097968e-09
3.510937500000000000e+01,1.720672257879193852e-09
3.512500000000000000e+01,1.722527640287462715e-09
3.514062500000000000e+01,1.750146990169389665e-09
3.515625000000000000e+01,1.814280245329693534e-09
3.517187500000000000e+01,1.877384634750512869e-09
3.518750000000000000e+01,1.976185704308475532e-09
3.520312500000000000e+01,2.127553579162024663e-09
3.521875000000000000e+01,2.217713655527560940e-09
3.523437500000000000e+01,2.170431029900411340e-09
3.525000000000000000e+01,2.045691665582468398e-09
3.526562500000000000e+01,1.948804529858096595e-09
3.528125000000000000e+01,1.912566721982022368e-09
3.529687500000000000e+01,1.867963747442240692e-09
3.531250000000000000e+01,1.714900957447872027e-09
3.532812500000000000e+01,1.442499314456022125e-09
3.534375000000000000e+01,1.182103696674050917e-09
3.535937500000000000e+01,1.067171367255491706e-09
3.537500000000000000e+01,1.072978439382848434e-09
3.539062500000000000e+01,1.143817942720317252e-09
3.540625000000000000e+01,1.240562358474900296e-09
3.542187500000000000e+01,1.292135923468980907e-09
3.543750000000000000e+01,1.255923734164074365e-09
3.545312500000000000e+01,1.175808573116074914e-09
3.546875000000000000e+01,1.148132882085576323e-09
3.548437500000000000e+01,1.165010583489309203e-09
3.550000000000000000e+01,1.137622108299498782e-09
3.551562500000000000e+01,1.073379138368249306e-09
3.553125000000000000e+01,1.078433392705467873e-09
3.554687500000000000e+01,1.170920517521268887e-09
3.556250000000000000e+01,1.271056068626775774e-09
3.557812500000000000e+01,1.380267853593265931e-09
3.559375000000000000e+01,1.507946520067088024e-09
3.560937500000000000e+01,1.609529289520088694e-09
3.562500000000000000e+01,1.665326923400128397e-09
3.564062500000000000e+01,1.646385101260487625e-09
3.565625000000000000e+01,1.541304479513664891e-09
3.567187500000000000e+01,1.439904748071553332e-09
3.568750000000000000e+01,1.424971853179028453e-09
3.570312500000000000e+01,1.441733254083195679e-09
3.571875000000000000e+01,1.433389253511787969e-09
3.573437500000000000e+01,1.425111007869666234e-09
3.575000000000000000e+01,1.424985669472653337e-09
3.576562500000000000e+01,1.401162300787743182e-09
3.578125000000000000e+01,1.340604178337086049e-09
3.579687500000000000e+01,1.250327099149578786e-09
3.581250000000000000e+01,1.144047500344894635e-09
3.582812500000000000e+01,1.036393986857754851e-09
3.584375000000000000e+01,9.262379656951112304e-10
3.585937500000000000e+01,8.260799688467950162e-10
3.587500000000000000e+01,7.729578598741964444e-10
3.589062500000000000e+01,7.763397469745318526e-10
3.590625000000000000e+01,8.108807142006854234e-10
3.592187500000000000e+01,8.467671379123036067e-10
3.593750000000000000e+01,8.642866577934252307e-10
3.595312500000000000e+01,8.582798579455198849e-10
3.596875000000000000e+01,8.365614487059926687e-10
3.598437500000000000e+01,8.228073781074615135e-10
3.600000000000000000e+01,8.692912393150564501e-10
3.601562500000000000e+01,9.906554219982237600e-10
3.603125000000000000e+01,1.105155686391877840e-09
3.604687500000000000e+01,1.149474402467533450e-09
3.606250000000000000e+01,1.150453816867271134e-09
3.607812500000000000e+01,1.137620254814686981e-09
3.609375000000000000e+01,1.092214301593788878e-09
3.610937500000000000e+01,1.030960572850959025e-09
3.612500000000000000e+01,9.973932424454103453e-10
3.614062500000000000e+01,9.743187704388787715e-10
3.615625000000000000e+01,9.354876278653183941e-10
3.617187500000000000e+01,9.118827168878913267e-10
3.618750000000000000e+01,9.089626219082456199e-10
3.620312500000000000e+01,8.851335013098423631e-10
3.621875000000000000e+01,8.495078907117481840e-10
3.623437500000000000e+01,8.488742060231015484e-10
3.625000000000000000e+01,8.830089145839478589e-10
3.626562500000000000e+01,9.156373158450718945e-10
3.628125000000000000e+01,9.240256968454288993e-10
3.629687500000000000e+01,9.071774402301373990e-10
3.631250000000000000e+01,8.737661568078586575e-10
3.632812500000000000e+01,8.354559574969936756e-10
3.634375000000000000e+01,8.144142608845172947e-10
3.635937500000000000e+01,8.179196826052800188e-10
3.637500000000000000e+01,8.357831113926005215e-10
3.639062500000000000e+01,8.746825640367463916e-10
3.640625000000000000e+01,9.244959679263851765e-10
3.642187500000000000e+01,9.612540440180812866e-10
3.643750000000000000e+01,9.953339827913636408e-10
3.645312500000000000e+01,1.047001754830596579e-09
3.646875000000000000e+01,1.100020007046634894e-09
3.648437500000000000e+01,1.120165225160649019e-09
3.650000000000000000e+01,1.112569820157321315e-09
3.651562500000000000e+01,1.127363863141101075e-09
3.653125000000000000e+01,1.168993227364719230e-09
3.654687500000000000e+01,1.177520113392702331e-09
3.656250000000000000e+01,1.140960730449166003e-09
3.657812500000000000e+01,1.108787857878270390e-09
3.659375000000000000e+01,1.100351688317629107e-09
3.660937500000000000e+01,1.094404962532869257e-09
3.662500000000000000e+01,1.071696043568886955e-09
3.664062500000000000e+01,1.038207119018887556e-09
3.665625000000000000e+01,1.022939879072500028e-09
3.667187500000000000e+01,1.033554403712036247e-09
3.668750000000000000e+01,1.042538234517977555e-09
3.670312500000000000e+01,1.021960417774012577e-09
3.671875000000000000e+01,9.753030695517441664e-10
3.673437500000000000e+01,9.249600459254495377e-10
3.675000000000000000e+01,8.882070927461994528e-10
3.676562500000000000e+01,8.799223952550916603e-10
3.678125000000000000e+01,9.099747485175617267e-10
3.679687500000000000e+01,9.595403461500821077e-10
3.681250000000000000e+01,9.670417329118592410e-10
3.682812500000000000e+01,9.004861610490598340e-10
3.684375000000000000e+01,8.316836399687689156e-10
3.685937500000000000e+01,8.523768568985953562e-10
3.687500000000000000e+01,9.194089779866878198e-10
3.689062500000000000e+01,9.548523643809607307e-10
3.690625000000000000e+01,9.748854768076393809e-10
3.692187500000000000e+01,1.026554177237088484e-09
3.693750000000000000e+01,1.082270609645540136e-09
3.695312500000000000e+01,1.103928774237179989e-09
3.696875000000000000e+01,1.097709225989477469e-09
3.698437500000000000e+01,1.070731477506331342e-09
3.700000000000000000e+01,1.020611516440397395e-09
3.701562500000000000e+01,9.420296981006822753e-10
3.703125000000000000e+01,8.686578739882340562e-10
3.704687500000000000e+01,8.476405297388304028e-10
3.706250000000000000e+01,8.373269113266126518e-10
3.707812500000000000e+01,8.011411667824270910e-10
3.709375000000000000e+01,7.728708062801777081e-10
3.710937500000000000e+01,7.699040674204345026e-10
3.712500000000000000e+01,7.813542393451965507e-10
3.714062500000000000e+01,7.990176758081255566e-10
3.715625000000000000e+01,8.133638778037530531e-10
3.717187500000000000e+01,8.383918368102459372e-10
3.718750000000000000e+01,8.955125585960044999e-10
3.720312500000000000e+01,9.557953116372939475e-10
3.721875000000000000e+01,9.836138544704104201e-10
3.723437500000000000e+01,1.005922786241151913e-09
3.725000000000000000e+01,1.047473828901640015e-09
3.726562500000000000e+01,1.050937460825913319e-09
3.728125000000000000e+01,9.766429480245878104e-10
3.729687500000000000e+01,8.910373377201782482e-10
3.731250000000000000e+01,8.853565486770114306e-10
3.732812500000000000e+01,9.423090441161196838e-10
3.734375000000000000e+01,9.818650308837070642e-10
3.735937500000000000e+01,9.902376320182721745e-10
3.737500000000000000e+01,1.005530801809605849e-09
3.739062500000000000e+01,1.025847025531135165e-09
3.740625000000000000e+01,1.006599337323651105e-09
3.742187500000000000e+01,9.299862532855383922e-10
3.743750000000000000e+01,8.374720295577128853e-10
3.745312500000000000e+01,7.910111648032864832e-10
3.746875000000000000e+01,8.060052223968787620e-10
3.748437500000000000e+01,8.378480219936373422e-10
3.750000000000000000e+01,8.345417840481939629e-10
3.751562500000000000e+01,7.869957482599186284e-10
3.753125000000000000e+01,7.293593076174783812e-10
3.754687500000000000e+01,7.045641213248178924e-10
3.756250000000000000e+01,7.200766588424572744e-10
3.757812500000000000e+01,7.517985540568121700e-10
3.759375000000000000e+01,7.843591663459602420e-10
3.760937500000000000e+01,8.080556624064178127e-10
3.762500000000000000e+01,8.102710972821171248e-10
3.764062500000000000e+01,7.885941736350441978e-10
3.765625000000000000e+01,7.724870934775014680e-10
3.767187500000000000e+01,8.191715253834488222e-10
3.768750000000000000e+01,9.262005167696234518e-10
3.770312500000000000e+01,1.017560369390659825e-09
3.771875000000000000e+01,1.061237978094306816e-09
3.773437500000000000e+01,1.092173280430701669e-09
3.775000000000000000e+01,1.128948095243552792e-09
3.776562500000000000e+01,1.137220551620263080e-09
3.778125000000000000e+01,1.072901586523334798e-09
3.779687500000000000e+01,9.537720713115804990e-10
3.781250000000000000e+01,8.706236699324369730e-10
3.782812500000000000e+01,8.765311352851381129e-10
3.784375000000000000e+01,9.161412468351520595e-10
3.785937500000000000e+01,9.333902135726283495e-10
3.787500000000000000e+01,9.361825057637754191e-10
3.789062500000000000e+01,9.465053805532954947e-10
3.790625000000000000e+01,9.605105024945738400e-10
3.792187500000000000e+01,9.522758287130771365e-10
3.793750000000000000e+01,8.952108823596220788e-10
3.795312500000000000e+01,7.974451373247015815e-10
3.796875000000000000e+01,6.964267296296162891e-10
3.798437500000000000e+01,6.373645175658011549e-10
3.800000000000000000e+01,6.467315682249621844e-10
3.801562500000000000e+01,6.996426418465277401e-10
3.803125000000000000e+01,7.683185047789659140e-10
3.804687500000000000e+01,8.285003795202319568e-10
3.806250000000000000e+01,8.436705506827511686e-10
3.807812500000000000e+01,8.145327835288840725e-10
3.809375000000000000e+01,7.967800274829091886e-10
3.810937500000000000e+01,8.367962972181387686e-10
3.812500000000000000e+01,8.984593333366974202e-10
3.814062500000000000e+01,9.164259652817105483e-10
3.815625000000000000e+01,8.771266856270112460e-10
3.817187500000000000e+01,8.143665207470331788e-10
3.818750000000000000e+01,7.562267126047073859e-10
3.820312500000000000e+01,7.069325480195433368e-10
3.821875000000000000e+01,6.629562036700040076e-10
3.823437500000000000e+01,6.214348711264819327e-10
3.825000000000000000e+01,5.897065975362858436e-10
3.826562500000000000e+01,5.768465655181629234e-10
3.828125000000000000e+01,5.816768847355020518e-10
3.829687500000000000e+01,6.001783423439459653e-10
3.831250000000000000e+01,6.310961640319959206e-10
3.832812500000000000e+01,6.810867639215604174e-10
3.834375000000000000e+01,7.555329456664975356e-10
3.835937500000000000e+01,8.482992371313466132e-10
3.837500000000000000e+01,9.613393711016577484e-10
3.839062500000000000e+01,1.091035842950168881e-09
3.840625000000000000e+01,1.191295711755533199e-09
3.842187500000000000e+01,1.210419058306110702e-09
3.843750000000000000e+01,1.169665487304338867e-09
3.845312500000000000e+01,1.145559014644229389e-09
3.846875000000000000e+01,1.153575951359796845e-09
3.848437500000000000e+01,1.142288368308100460e-09
3.850000000000000000e+01,1.084483954173299464e-09
3.851562500000000000e+01,1.013575005030316282e-09
3.853125000000000000e+01,9.768124980589702671e-10
3.854687500000000000e+01,9.537802202041162630e-10
3.856250000000000000e+01,9.064855067719942427e-10
3.857812500000000000e+01,8.577482781589542953e-10
3.859375000000000000e+01,8.283916146823697050e-10
3.860937500000000000e+01,7.902784896140605623e-10
3.862500000000000000e+01,7.398077999043541128e-10
3.864062500000000000e+01,7.028124912138151742e-10
3.865625000000000000e+01,6.771535500104396169e-10
3.867187500000000000e+01,6.716427691443546580e-10
3.868750000000000000e+01,7.125219705288326167e-10
3.870312500000000000e+01,7.559290462997078269e-10
3.871875000000000000e+01,7.459040489364552442e-10
3.873437500000000000e+01,6.941993169511084342e-10
3.875000000000000000e+01,6.397476312675532463e-10
3.876562500000000000e+01,6.160396871417333717e-10
3.878125000000000000e+01,6.364605044531487961e-10
3.879687500000000000e+01,6.756196592329432427e-10
3.881250000000000000e+01,7.144345498746412804e-10
3.882812500000000000e+01,7.696214008004168812e-10
3.884375000000000000e+01,8.555941870339000932e-10
3.885937500000000000e+01,9.283054354739051167e-10
3.887500000000000000e+01,9.226329795915501935e-10
3.889062500000000000e+01,8.441470905848269176e-10
3.890625000000000000e+01,7.705056528804394709e-10
3.892187500000000000e+01,7.467385436787496596e-10
3.893750000000000000e+01,7.430555755850455658e-10
3.895312500000000000e+01,7.473302386475522302e-10
3.896875000000000000e+01,7.761056737528367200e-10
3.898437500000000000e+01,7.927446415403844065e-10
3.900000000000000000e+01,7.682327377867637563e-10
3.901562500000000000e+01,7.714186408409825867e-10
3.903125000000000000e+01,8.687795162543392482e-10
3.904687500000000000e+01,1.026533210298403545e-09
3.906250000000000000e+01,1.187093909686954043e-09
3.907812500000000000e+01,1.298191768172116204e-09
3.909375000000000000e+01,1.329317485433558013e-09
3.910937500000000000e+01,1.284725640919992742e-09
3.912500000000000000e+01,1.184021184995134334e-09
3.914062500000000000e+01,1.072661538424059561e-09
3.915625000000000000e+01,1.007141590704115523e-09
3.917187500000000000e+01,1.010406615795371945e-09
3.918750000000000000e+01,1.061133529515061688e-09
3.920312500000000000e+01,1.104735485867942936e-09
3.921875000000000000e+01,1.098915150263875445e-09
3.923437500000000000e+01,1.067277600494346626e-09
3.925000000000000000e+01,1.061243296894024652e-09
3.926562500000000000e+01,1.059152707828866252e-09
3.928125000000000000e+01,9.990183730783250497e-10
3.929687500000000000e+01,8.964648646853636394e-10
3.931250000000000000e+01,8.413002638412807677e-10
3.932812500000000000e+01,8.617332464386723930e-10
3.934375000000000000e+01,9.144267108076432690e-10
3.935937500000000000e+01,9.819795989806260722e-10
3.937500000000000000e+01,1.040077620451744360e-09
3.939062500000000000e+01,1.053712532809116914e-09
3.940625000000000000e+01,1.051336254185053778e-09
3.942187500000000000e+01,1.070870901060037044e-09
3.943750000000000000e+01,1.078523046522949660e-09
3.945312500000000000e+01,1.038097602262624583e-09
3.946875000000000000e+01,9.641425516469063923e-10
3.948437500000000000e+01,8.957649426561969908e-10
3.950000000000000000e+01,8.452777703216273575e-10
3.951562500000000000e+01,8.026391298614810410e-10
3.953125000000000000e+01,7.980820049443565288e-10
3.954687500000000000e+01,8.491637191137896271e-10
3.956250000000000000e+01,9.012332257250586450e-10
3.957812500000000000e+01,9.201426204308352402e-10
3.959375000000000000e+01,9.021040923977949065e-10
3.960937500000000000e+01,8.328672499526679929e-10
3.962500000000000000e+01,7.259368088070085161e-10
3.964062500000000000e+01,6.278332345303837474e-10
3.965625000000000000e+01,5.823088398931421518e-10
3.967187500000000000e+01,5.980805651226216684e-10
3.968750000000000000e+01,6.273788626525326302e-10
3.970312500000000000e+01,6.315225998043671410e-10
3.971875000000000000e+01,6.333608272431947352e-10
3.973437500000000000e+01,6.790312746412345777e-10
3.975000000000000000e+01,7.607970750872692062e-10
3.976562500000000000e+01,8.241623735736793462e-10
3.978125000000000000e+01,8.534578114307486965e-10
3.979687500000000000e+01,8.643358910418670979e-10
3.981250000000000000e+01,8.632488282544643958e-10
3.982812500000000000e+01,8.772049213144117349e-10
3.984375000000000000e+01,9.182332087572537449e-10
3.985937500000000000e+01,9.332114758671199748e-10
3.987500000000000000e+01,8.858576769974949365e-10
3.989062500000000000e+01,8.154565117828445619e-10
3.990625000000000000e+01,7.758107505789927865e-10
3.992187500000000000e+01,7.697659626817936971e-10
3.993750000000000000e+01,7.840505230685817200e-10
3.995312500000000000e+01,8.069571093311983379e-10
3.996875000000000000e+01,8.174005502578300872e-10
3.998437500000000000e+01,8.097276087879871090e-10
4.000000000000000000e+01,7.850481407579510543e-10
4.001562500000000000e+01,7.443979230130455746e-10
4.003125000000000000e+01,7.089635552730037401e-10
4.004687500000000000e+01,7.035927405258760956e-10
4.006250000000000000e+01,7.140526370675239644e-10
4.007812500000000000e+01,7.126905597873073173e-10
4.009375000000000000e+01,7.077178241514158222e-10
4.010937500000000000e+01,7.289160755186104922e-10
4.012500000000000000e+01,7.938374476794207211e-10
4.014062500000000000e+01,8.800500297283838774e-10
4.015625000000000000e+01,9.214761340127290798e-10
4.017187500000000000e+01,8.761902461663296333e-10
4.018750000000000000e+01,7.857880473314294531e-10
4.020312500000000000e+01,7.315843665769351308e-10
4.021875000000000000e+01,7.385278850739886386e-10
4.023437500000000000e+01,7.824343847430858161e-10
4.025000000000000000e+01,8.271152157484518556e-10
4.026562500000000000e+01,8.368620530782724907e-10
4.028125000000000000e+01,8.031210862055896745e-10
4.029687500000000000e+01,7.541233992517817650e-10
4.031250000000000000e+01,7.435646901361740610e-10
4.032812500000000000e+01,7.931777729294926449e-10
4.034375000000000000e+01,8.567635801426753901e-10
4.035937500000000000e+01,9.188655193769377335e-10
4.037500000000000000e+01,1.015772104825293114e-09
4.039062500000000000e+01,1.116004628293787600e-09
4.040625000000000000e+01,1.145925991142944316e-09
4.042187500000000000e+01,1.096808087756121660e-09
4.043750000000000000e+01,1.027034087879532157e-09
4.045312500000000000e+01,9.925073993750992891e-10
4.046875000000000000e+01,9.966328748180359681e-10
4.048437500000000000e+01,1.020111532906603172e-09
4.050000000000000000e+01,1.056553462506754451e-09
4.051562500000000000e+01,1.112999169333252522e-09
4.053125000000000000e+01,1.192686675510533515e-09
4.054687500000000000e+01,1.258433357450131019e-09
4.056250000000000000e+01,1.251520466909594358e-09
4.057812500000000000e+01,1.176948397541956979e-09
4.059375000000000000e+01,1.112655280208421004e-09
4.060937500000000000e+01,1.110027425471068138e-09
4.062500000000000000e+01,1.139895045250876554e-09
4.064062500000000000e+01,1.156282507462777198e-09
4.065625000000000000e+01,1.163926770512989722e-09
4.067187500000000000e+01,1.198597132368361415e-09
4.068750000000000000e+01,1.253420165201640588e-09
4.070312500000000000e+01,1.287851316193759990e-09
4.071875000000000000e+01,1.262488108577428129e-09
4.073437500000000000e+01,1.153122418445879697e-09
4.075000000000000000e+01,1.000005979187594099e-09
4.076562500000000000e+01,8.913884324198931998e-10
4.078125000000000000e+01,8.529891525098699883e-10
4.079687500000000000e+01,8.682007725881846276e-10
4.081250000000000000e+01,9.374464841538734984e-10
4.082812500000000000e+01,1.034553586807513566e-09
4.084375000000000000e+01,1.134215821571360092e-09
4.085937500000000000e+01,1.218678971571864369e-09
4.087500000000000000e+01,1.265079528150783058e-09
4.089062500000000000e+01,1.258761915950451260e-09
4.090625000000000000e+01,1.197680835942446206e-09
4.092187500000000000e+01,1.118845182344833442e-09
4.093750000000000000e+01,1.088637425851022938e-09
4.095312500000000000e+01,1.116302124981745589e-09
4.096875000000000000e+01,1.132821175503555902e-09
4.098437500000000000e+01,1.086206266647541869e-09
4.100000000000000000e+01,1.014099231107490745e-09
4.101562500000000000e+01,9.763956794564178957e-10
4.103125000000000000e+01,9.598079877473706338e-10
4.104687500000000000e+01,9.385835276965322477e-10
4.106250000000000000e+01,9.349432465319506539e-10
4.107812500000000000e+01,9.672080148641893106e-10
4.109375000000000000e+01,1.025086516836488104e-09
4.110937500000000000e+01,1.088804438513699885e-09
4.112500000000000000e+01,1.121354625860150466e-09
4.114062500000000000e+01,1.104524765751205579e-09
4.115625000000000000e+01,1.092111191777517864e-09
4.117187500000000000e+01,1.162228982168073920e-09
4.118750000000000000e+01,1.278649783014749674e-09
4.120312500000000000e+01,1.348330452642700376e-09
4.121875000000000000e+01,1.353338029596381061e-09
4.123437500000000000e+01,1.314337489633669230e-09
4.125000000000000000e+01,1.256354670450080582e-09
4.126562500000000000e+01,1.199572478810392383e-09
4.128125000000000000e+01,1.133728701565806342e-09
4.129687500000000000e+01,1.050867511742562857e-09
4.131250000000000000e+01,9.668981396384344194e-10
4.132812500000000000e+01,8.937763655272455721e-10
4.134375000000000000e+01,8.198832352144313776e-10
4.135937500000000000e+01,7.437721215624993445e-10
4.137500000000000000e+01,6.984850819888336056e-10
4.139062500000000000e+01,6.960170377871855572e-10
4.140625000000000000e+01,7.176666568927895773e-10
4.142187500000000000e+01,7.769856625683745269e-10
4.143750000000000000e+01,8.718873747271596095e-10
4.145312500000000000e+01,9.550282916077760593e-10
4.146875000000000000e+01,9.896895020875503016e-10
4.148437500000000000e+01,9.706844795501232482e-10
4.150000000000000000e+01,9.296339428145166713e-10
4.151562500000000000e+01,9.058195293830905147e-10
4.153125000000000000e+01,9.032421836010329490e-10
4.154687500000000000e+01,9.233432771628442933e-10
4.156250000000000000e+01,9.621870563082872363e-10
4.157812500000000000e+01,9.817206928255562972e-10
4.159375000000000000e+01,9.660898772404932201e-10
4.160937500000000000e+01,9.304334043663955030e-10
4.162500000000000000e+01,8.850628678729311182e-10
4.164062500000000000e+01,8.454279411633974477e-10
4.165625000000000000e+01,8.130805343180560215e-10
4.167187500000000000e+01,7.615918343477992709e-10
4.168750000000000000e+01,7.022082583008815843e-10
4.170312500000000000e+01,6.872555981928758930e-10
4.171875000000000000e+01,7.284002196068845182e-10
4.173437500000000000e+01,7.951307763216766919e-10
4.175000000000000000e+01,8.720273519903211682e-10
4.176562500000000000e+01,9.395376018074883875e-10
4.178125000000000000e+01,9.426294714163135314e-10
4.179687500000000000e+01,8.787779758936573080e-10
4.181250000000000000e+01,8.508529212561204892e-10
4.182812500000000000e+01,9.065297322000128892e-10
4.184375000000000000e+01,9.826821772509048915e-10
4.185937500000000000e+01,1.030260389497278085e-09
4.187500000000000000e+01,1.031873052455927172e-09
4.189062500000000000e+01,9.932506491190589116e-10
4.190625000000000000e+01,9.208777622549544010e-10
4.192187500000000000e+01,8.116969865181826976e-10
4.193750000000000000e+01,6.963745562403556427e-10
4.195312500000000000e+01,6.443696377536214415e-10
4.196875000000000000e+01,6.761432738415865057e-10
4.198437500000000000e+01,7.239230623819450543e-10
4.200000000000000000e+01,7.337948333376197106e-10
4.201562500000000000e+01,7.301820693699862343e-10
4.203125000000000000e+01,7.584854405808519006e-10
4.204687500000000000e+01,7.927840221371719134e-10
4.206250000000000000e+01,7.901289966027408228e-10
4.207812500000000000e+01,7.726961317687268612e-10
4.209375000000000000e+01,7.837733525117325922e-10
4.210937500000000000e+01,8.247286953396723944e-10
4.212500000000000000e+01,8.590641004514169582e-10
4.214062500000000000e+01,8.502634664209331792e-10
4.215625000000000000e+01,7.999850672017892343e-10
4.217187500000000000e+01,7.338181786768114045e-10
4.218750000000000000e+01,6.691591383246698374e-10
4.220312500000000000e+01,6.392105381691203292e-10
4.221875000000000000e+01,6.824061725352877151e-10
4.223437500000000000e+01,7.585578938284044852e-10
4.225000000000000000e+01,8.022523352742993524e-10
4.226562500000000000e+01,8.231776866000561676e-10
4.228125000000000000e+01,8.473064125326016045e-10
4.229687500000000000e+01,8.421049881758480800e-10
4.231250000000000000e+01,8.243030065400353348e-10
4.232812500000000000e+01,8.828018126861590136e-10
4.234375000000000000e+01,1.000995373726488374e-09
4.235937500000000000e+01,1.102945166844842589e-09
4.237500000000000000e+01,1.177335360219110838e-09
4.239062500000000000e+01,1.219205311103353849e-09
4.240625000000000000e+01,1.205173542023463832e-09
4.242187500000000000e+01,1.153877443301435321e-09
4.243750000000000000e+01,1.138547189783669374e-09
4.245312500000000000e+01,1.182643196955003976e-09
4.246875000000000000e+01,1.224400105799548213e-09
4.248437500000000000e+01,1.229367085163177926e-09
4.250000000000000000e+01,1.234477624127321072e-09
4.251562500000000000e+01,1.285506135160039481e-09
4.253125000000000000e+01,1.360572392928753193e-09
4.254687500000000000e+01,1.393834718108271718e-09
4.256250000000000000e+01,1.359907388939881053e-09
4.257812500000000000e+01,1.302094235522870113e-09
4.259375000000000000e+01,1.266725730453248273e-09
4.260937500000000000e+01,1.251407950868000830e-09
4.262500000000000000e+01,1.268630603835191454e-09
4.264062500000000000e+01,1.355729163119328295e-09
4.265625000000000000e+01,1.507426415698218905e-09
4.267187500000000000e+01,1.653574011641418521e-09
4.268750000000000000e+01,1.698897278566198914e-09
4.270312500000000000e+01,1.653677560119440444e-09
4.271875000000000000e+01,1.664768085075866194e-09
4.273437500000000000e+01,1.766022474097823710e-09
4.275000000000000000e+01,1.840221272123837872e-09
4.276562500000000000e+01,1.909357149074341915e-09
4.278125000000000000e+01,2.065067682706199324e-09
4.279687500000000000e+01,2.232301177822014131e-09
4.281250000000000000e+01,2.357847562021829975e-09
4.282812500000000000e+01,2.523835207826842475e-09
4.284375000000000000e+01,2.693554774256371600e-09
4.285937500000000000e+01,2.750577019764816204e-09
4.287500000000000000e+01,2.766780373718991655e-09
4.289062500000000000e+01,2.881452553422887641e-09
4.290625000000000000e+01,3.023173325775156990e-09
4.292187500000000000e+01,3.021686341397251536e-09
4.293750000000000000e+01,2.846006437756100163e-09
4.295312500000000000e+01,2.674338676124519867e-09
4.296875000000000000e+01,2.648249836122999031e-09
4.298437500000000000e+01,2.652025034561603272e-09
4.300000000000000000e+01,2.580575332456443395e-09
4.301562500000000000e+01,2.494328903562449835e-09
4.303125000000000000e+01,2.469772399166796874e-09
4.304687500000000000e+01,2.489668537585306615e-09
4.306250000000000000e+01,2.478460418032749385e-09
4.307812500000000000e+01,2.397737040973723187e-09
4.309375000000000000e+01,2.261306373527932014e-09
4.310937500000000000e+01,2.086172363278759292e-09
4.312500000000000000e+01,1.923986114485194068e-09
4.314062500000000000e+01,1.895142494780745627e-09
4.315625000000000000e+01,2.011447452067802361e-09
4.317187500000000000e+01,2.076663331774464013e-09
4.318750000000000000e+01,1.959371594000084842e-09
4.320312500000000000e+01,1.737221749112143481e-09
4.321875000000000000e+01,1.575596641695179013e-09
4.323437500000000000e+01,1.538652700213269174e-09
4.325000000000000000e+01,1.549929594708019924e-09
4.326562500000000000e+01,1.517116450034767574e-09
4.328125000000000000e+01,1.416088264108810955e-09
4.329687500000000000e+01,1.306135378165022746e-09
4.331250000000000000e+01,1.273629612169664136e-09
4.332812500000000000e+01,1.315881560523451814e-09
4.334375000000000000e+01,1.335534545792340923e-09
4.335937500000000000e+01,1.285418887918040279e-09
4.337500000000000000e+01,1.221346287908029772e-09
4.339062500000000000e+01,1.201092700961870088e-09
4.340625000000000000e+01,1.203371119233949252e-09
4.342187500000000000e+01,1.207912141677660255e-09
4.343750000000000000e+01,1.252101666133607108e-09
4.345312500000000000e+01,1.373896524414266698e-09
4.346875000000000000e+01,1.526927828689038743e-09
4.348437500000000000e+01,1.589119661414297616e-09
4.350000000000000000e+01,1.504612025367171683e-09
4.351562500000000000e+01,1.362303226823961307e-09
4.353125000000000000e+01,1.268639589486301927e-09
4.354687500000000000e+01,1.202679564321333931e-09
4.356250000000000000e+01,1.115054661644534803e-09
4.357812500000000000e+01,1.016943556056994777e-09
4.359375000000000000e+01,9.271794825497541052e-10
4.360937500000000000e+01,8.619918599883460091e-10
4.362500000000000000e+01,8.370518752324730081e-10
4.364062500000000000e+01,8.406290049977788492e-10
4.365625000000000000e+01,8.513296295816093596e-10
4.367187500000000000e+01,8.650918262694157910e-10
4.368750000000000000e+01,8.793448390569442436e-10
4.370312500000000000e+01,8.872350952775251925e-10
4.371875000000000000e+01,9.018654011537275206e-10
4.373437500000000000e+01,9.368542077414574363e-10
4.375000000000000000e+01,9.773437110154211137e-10
4.376562500000000000e+01,9.945452037946234004e-10
4.378125000000000000e+01,9.825148452752037398e-10
4.379687500000000000e+01,9.613841149437249093e-10
4.381250000000000000e+01,9.471494870164376831e-10
4.382812500000000000e+01,9.646278234362764048e-10
4.384375000000000000e+01,1.014736441241482103e-09
4.385937500000000000e+01,1.051059052278416259e-09
4.387500000000000000e+01,1.058436509809565943e-09
4.389062500000000000e+01,1.062580361688209059e-09
4.390625000000000000e+01,1.095742501892782753e-09
4.392187500000000000e+01,1.181737873416167751e-09
4.393750000000000000e+01,1.288609777435924367e-09
4.395312500000000000e+01,1.329085910932493513e-09
4.396875000000000000e+01,1.255888981603859882e-09
4.398437500000000000e+01,1.141875509667856840e-09
4.400000000000000000e+01,1.098139504802669305e-09
4.401562500000000000e+01,1.107811970194755550e-09
4.403125000000000000e+01,1.095253890679024165e-09
4.404687500000000000e+01,1.070448482312373281e-09
4.406250000000000000e+01,1.098434049414087654e-09
4.407812500000000000e+01,1.181695785177362313e-09
4.409375000000000000e+01,1.262739374596946043e-09
4.410937500000000000e+01,1.337883636774592027e-09
4.412500000000000000e+01,1.439617417119494811e-09
4.414062500000000000e+01,1.523553116456492485e-09
4.415625000000000000e+01,1.531760773829579894e-09
4.417187500000000000e+01,1.491127922376280869e-09
4.418750000000000000e+01,1.446019242691502675e-09
4.420312500000000000e+01,1.396254261316537318e-09
4.421875000000000000e+01,1.362340537848751173e-09
4.423437500000000000e+01,1.347204508626700366e-09
4.425000000000000000e+01,1.265225449056481791e-09
4.426562500000000000e+01,1.103402013463042500e-09
4.428125000000000000e+01,9.832614159234505500e-10
4.429687500000000000e+01,9.767504316022941506e-10
4.431250000000000000e+01,1.009427219973428809e-09
4.432812500000000000e+01,9.959662465520031530e-10
4.434375000000000000e+01,9.385821944672702870e-10
4.435937500000000000e+01,8.906146336154469522e-10
4.437500000000000000e+01,8.834472448345680290e-10
4.439062500000000000e+01,8.947043181804650069e-10
4.440625000000000000e+01,8.726042008457064190e-10
4.442187500000000000e+01,7.998441782185105336e-10
4.443750000000000000e+01,7.097718485165598192e-10
4.445312500000000000e+01,6.394172132622828042e-10
4.446875000000000000e+01,6.043817542766904180e-10
4.448437500000000000e+01,6.055832215871330144e-10
4.450000000000000000e+01,6.123213448144857283e-10
4.451562500000000000e+01,5.974939346146698279e-10
4.453125000000000000e+01,5.685121237116665986e-10
4.454687500000000000e+01,5.400367130485802006e-10
4.456250000000000000e+01,5.286594900006878164e-10
4.457812500000000000e+01,5.582245449518223571e-10
4.459375000000000000e+01,6.281433291780201933e-10
4.460937500000000000e+01,7.011246927157905573e-10
4.462500000000000000e+01,7.517252833528231847e-10
4.464062500000000000e+01,8.039079423436241458e-10
4.465625000000000000e+01,8.952327178919843248e-10
4.467187500000000000e+01,1.009186302722666605e-09
4.468750000000000000e+01,1.084731933382264547e-09
4.470312500000000000e+01,1.092817453333827558e-09
4.471875000000000000e+01,1.083487964335326961e-09
4.473437500000000000e+01,1.121429366517081801e-09
4.475000000000000000e+01,1.165547115721738703e-09
4.476562500000000000e+01,1.141770200889499510e-09
4.478125000000000000e+01,1.081628515997078360e-09
4.479687500000000000e+01,1.051141927054791444e-09
4.481250000000000000e+01,1.036265745788021415e-09
4.482812500000000000e+01,1.015721676985344519e-09
4.484375000000000000e+01,1.000823152254270691e-09
4.485937500000000000e+01,1.013821207191142932e-09
4.487500000000000000e+01,1.067669855723586550e-09
4.489062500000000000e+01,1.135644054496915358e-09
4.490625000000000000e+01,1.204895920834176977e-09
4.492187500000000000e+01,1.285783072364186732e-09
4.493750000000000000e+01,1.361322605130352014e-09
4.495312500000000000e+01,1.411871964782836936e-09
4.496875000000000000e+01,1.435311339098988609e-09
4.498437500000000000e+01,1.419332927593100586e-09
4.500000000000000000e+01,1.358817580459192403e-09
4.501562500000000000e+01,1.291468011797914609e-09
4.503125000000000000e+01,1.261645930305481881e-09
4.504687500000000000e+01,1.239431627395409620e-09
4.506250000000000000e+01,1.159998783826680274e-09
4.507812500000000000e+01,1.032382963103207006e-09
4.509375000000000000e+01,9.322003843115676704e-10
4.510937500000000000e+01,9.112334727936762865e-10
4.512500000000000000e+01,9.457071283778002496e-10
4.514062500000000000e+01,9.630404082206900229e-10
4.515625000000000000e+01,9.336419533086104655e-10
4.517187500000000000e+01,8.994770588550621051e-10
4.518750000000000000e+01,8.896080395479860662e-10
4.520312500000000000e+01,8.925915147055457701e-10
4.521875000000000000e+01,9.171233828475808342e-10
4.523437500000000000e+01,9.932081658887814974e-10
4.525000000000000000e+01,1.102227382235216902e-09
4.526562500000000000e+01,1.181772376488633394e-09
4.528125000000000000e+01,1.201115644087798064e-09
4.529687500000000000e+01,1.184817923547866660e-09
4.531250000000000000e+01,1.164983380650316995e-09
4.532812500000000000e+01,1.133445992415936668e-09
4.534375000000000000e+01,1.072742054353386414e-09
4.535937500000000000e+01,1.007222901372285870e-09
4.537500000000000000e+01,9.958242297643387295e-10
4.539062500000000000e+01,1.035842932381795680e-09
4.540625000000000000e+01,1.058856475855824135e-09
4.542187500000000000e+01,1.027143845544118473e-09
4.543750000000000000e+01,9.583350781612527971e-10
4.545312500000000000e+01,9.007034176523015030e-10
4.546875000000000000e+01,8.743475196773816736e-10
4.548437500000000000e+01,8.565719420530359433e-10
4.550000000000000000e+01,8.412654648822836098e-10
4.551562500000000000e+01,8.484010652627300108e-10
4.553125000000000000e+01,8.746224877483642792e-10
4.554687500000000000e+01,9.265054314090247801e-10
4.556250000000000000e+01,1.026691631214005547e-09
4.557812500000000000e+01,1.138020703355214324e-09
4.559375000000000000e+01,1.207387916811754693e-09
4.560937500000000000e+01,1.223405466999321782e-09
4.562500000000000000e+01,1.208206565906195809e-09
4.564062500000000000e+01,1.191142872144472613e-09
4.565625000000000000e+01,1.169294102764607247e-09
4.567187500000000000e+01,1.135353635152265519e-09
4.568750000000000000e+01,1.119824720167632185e-09
4.570312500000000000e+01,1.119981851268759261e-09
4.571875000000000000e+01,1.081749466221478696e-09
4.573437500000000000e+01,1.011969098142908277e-09
4.575000000000000000e+01,9.962465733527040263e-10
4.576562500000000000e+01,1.062357220618978697e-09
4.578125000000000000e+01,1.135579682254869682e-09
4.579687500000000000e+01,1.145714370495609807e-09
4.581250000000000000e+01,1.084134272161853545e-09
4.582812500000000000e+01,9.945905741554061525e-10
4.584375000000000000e+01,9.445214293144272514e-10
4.585937500000000000e+01,9.862516382162150427e-10
4.587500000000000000e+01,1.077020536106534678e-09
4.589062500000000000e+01,1.113420461373040872e-09
4.590625000000000000e+01,1.073726331443568682e-09
4.592187500000000000e+01,1.016176090509768100e-09
4.593750000000000000e+01,9.660119117679299030e-10
4.595312500000000000e+01,9.177119704395690667e-10
4.596875000000000000e+01,8.866253785440799865e-10
4.598437500000000000e+01,8.747601655700592712e-10
4.600000000000000000e+01,8.646536754124290897e-10
4.601562500000000000e+01,8.492152831552431766e-10
4.603125000000000000e+01,8.351282642169052344e-10
4.604687500000000000e+01,8.224193549721032930e-10
4.606250000000000000e+01,7.947809929030714078e-10
4.607812500000000000e+01,7.460698285870140656e-10
4.609375000000000000e+01,6.888585593075333328e-10
4.610937500000000000e+01,6.485515115118445243e-10
4.612500000000000000e+01,6.422703726717095128e-10
4.614062500000000000e+01,6.666380048188747330e-10
4.615625000000000000e+01,7.215792978465267700e-10
4.617187500000000000e+01,8.001870068550453759e-10
4.618750000000000000e+01,8.919881768194543523e-10
4.620312500000000000e+01,9.895874399108678384e-10
4.621875000000000000e+01,1.069621126301658878e-09
4.623437500000000000e+01,1.122268834134569288e-09
4.625000000000000000e+01,1.167359412541730030e-09
4.626562500000000000e+01,1.217805495076381699e-09
4.628125000000000000e+01,1.264884757936936472e-09
4.629687500000000000e+01,1.274998742085374244e-09
4.631250000000000000e+01,1.204572585815205462e-09
4.632812500000000000e+01,1.076554453690241663e-09
4.634375000000000000e+01,9.919603800936438684e-10
4.635937500000000000e+01,9.911396999760027246e-10
4.637500000000000000e+01,1.028821961272461464e-09
4.639062500000000000e+01,1.076133438991198551e-09
4.640625000000000000e+01,1.109557089036208550e-09
4.642187500000000000e+01,1.095699030823323957e-09
4.643750000000000000e+01,1.040318180387639728e-09
4.645312500000000000e+01,9.975366798101799857e-10
4.646875000000000000e+01,9.925154236397833640e-10
4.648437500000000000e+01,9.887259356361653189e-10
4.650000000000000000e+01,9.589901432478411479e-10
4.651562500000000000e+01,9.194464327146753352e-10
4.653125000000000000e+01,8.950738885159267780e-10
4.654687500000000000e+01,8.802321783251328241e-10
4.656250000000000000e+01,8.574598778056646154e-10
4.657812500000000000e+01,8.291342253838092322e-10
4.659375000000000000e+01,8.004495490314006845e-10
4.660937500000000000e+01,7.700287665474814834e-10
4.662500000000000000e+01,7.595711325634531523e-10
4.664062500000000000e+01,7.893489868520003117e-10
4.665625000000000000e+01,8.261932506465228362e-10
4.667187500000000000e+01,8.530285179188356271e-10
4.668750000000000000e+01,9.009806404285286528e-10
4.670312500000000000e+01,9.723900535347319800e-10
4.671875000000000000e+01,1.023444275029918556e-09
4.673437500000000000e+01,1.027671761426633865e-09
4.675000000000000000e+01,1.013736017878223526e-09
4.676562500000000000e+01,1.012039538317119004e-09
4.678125000000000000e+01,1.016955047380334764e-09
4.679687500000000000e+01,1.033252755391076615e-09
4.681250000000000000e+01,1.071330006746498374e-09
4.682812500000000000e+01,1.105861833810922648e-09
4.684375000000000000e+01,1.087637215820179026e-09
4.685937500000000000e+01,1.002890643474090325e-09
4.687500000000000000e+01,8.883550434031409315e-10
4.689062500000000000e+01,7.826657781082141225e-10
4.690625000000000000e+01,7.007995315062814969e-10
4.692187500000000000e+01,6.664370350238162381e-10
4.693750000000000000e+01,6.985069155118752956e-10
4.695312500000000000e+01,7.526639878233514089e-10
4.696875000000000000e+01,7.937506011622853950e-10
4.698437500000000000e+01,8.250946473904545733e-10
4.700000000000000000e+01,8.344544631796565939e-10
4.701562500000000000e+01,8.175641607533503382e-10
4.703125000000000000e+01,8.005689611358878051e-10
4.704687500000000000e+01,8.132471293620560750e-10
4.706250000000000000e+01,8.772353604142373391e-10
4.707812500000000000e+01,9.838552700271093700e-10
4.709375000000000000e+01,1.102631534321113701e-09
4.710937500000000000e+01,1.193070996660175770e-09
4.712500000000000000e+01,1.229050944715474872e-09
4.714062500000000000e+01,1.235254764766190036e-09
4.715625000000000000e+01,1.261390372307327797e-09
4.717187500000000000e+01,1.316538432424768628e-09
4.718750000000000000e+01,1.344132671360500239e-09
4.720312500000000000e+01,1.301493556260171444e-09
4.721875000000000000e+01,1.245494287507705114e-09
4.723437500000000000e+01,1.249839759759969623e-09
4.725000000000000000e+01,1.289089865949763258e-09
4.726562500000000000e+01,1.308576115205012585e-09
4.728125000000000000e+01,1.304224146184329313e-09
4.729687500000000000e+01,1.312216903708303716e-09
4.731250000000000000e+01,1.325894197596714157e-09
4.732812500000000000e+01,1.283605782499514709e-09
4.734375000000000000e+01,1.181490154375192215e-09
4.735937500000000000e+01,1.097623388223351480e-09
4.737500000000000000e+01,1.061067209565420520e-09
4.739062500000000000e+01,1.022111214159888728e-09
4.740625000000000000e+01,1.027489295544117957e-09
4.742187500000000000e+01,1.149971542157935077e-09
4.743750000000000000e+01,1.301360213732302251e-09
4.745312500000000000e+01,1.392529460885137252e-09
4.746875000000000000e+01,1.483396652975622642e-09
4.748437500000000000e+01,1.683277269873291482e-09
4.750000000000000000e+01,1.939539492830586111e-09
4.751562500000000000e+01,2.125080226066570752e-09
4.753125000000000000e+01,2.184423753753034396e-09
4.754687500000000000e+01,2.093519274193831637e-09
4.756250000000000000e+01,1.865511498483341770e-09
4.757812500000000000e+01,1.606872525377693390e-09
4.759375000000000000e+01,1.444208061419805437e-09
4.760937500000000000e+01,1.387675355035005660e-09
4.762500000000000000e+01,1.393911988932656566e-09
4.764062500000000000e+01,1.446937507419658926e-09
4.765625000000000000e+01,1.490756963975320456e-09
4.767187500000000000e+01,1.466100563065681428e-09
4.768750000000000000e+01,1.388961832520603388e-09
4.770312500000000000e+01,1.340260659834702767e-09
4.771875000000000000e+01,1.372562333284379871e-09
4.773437500000000000e+01,1.420421229754517652e-09
4.775000000000000000e+01,1.426776494489940487e-09
4.776562500000000000e+01,1.444336945210364372e-09
4.778125000000000000e+01,1.488816938693128510e-09
4.779687500000000000e+01,1.480555266811900051e-09
4.781250000000000000e+01,1.382771372649707114e-09
4.782812500000000000e+01,1.250232534974250441e-09
4.784375000000000000e+01,1.138130694581755740e-09
4.785937500000000000e+01,1.053041291540677113e-09
4.787500000000000000e+01,1.006577154800705405e-09
4.789062500000000000e+01,9.812964101649111171e-10
4.790625000000000000e+01,9.184890228450779741e-10
4.792187500000000000e+01,8.276790736067477388e-10
4.793750000000000000e+01,7.940837378405109301e-10
4.795312500000000000e+01,8.200695323019006637e-10
4.796875000000000000e+01,8.247342344038553272e-10
4.798437500000000000e+01,7.844599565706404185e-10
4.800000000000000000e+01,7.173168643226285729e-10
4.801562500000000000e+01,6.604509247753630930e-10
4.803125000000000000e+01,6.522313714157359894e-10
4.804687500000000000e+01,6.644302284848739938e-10
4.806250000000000000e+01,6.540635227131046176e-10
4.807812500000000000e+01,6.397115728395331169e-10
4.809375000000000000e+01,6.653656473175020851e-10
4.810937500000000000e+01,7.289640454140420095e-10
4.812500000000000000e+01,8.019526975552826293e-10
4.814062500000000000e+01,8.761203668273481030e-10
4.815625000000000000e+01,9.493114606784464998e-10
4.817187500000000000e+01,9.999895783104566822e-10
4.818750000000000000e+01,1.005985080349313989e-09
4.820312500000000000e+01,9.713555013218321958e-10
4.821875000000000000e+01,9.443998404050698048e-10
4.823437500000000000e+01,9.912536992395672847e-10
4.825000000000000000e+01,1.074584095163598301e-09
4.826562500000000000e+01,1.093088797107202187e-09
4.828125000000000000e+01,1.044542420233795796e-09
4.829687500000000000e+01,1.023303139771168446e-09
4.831250000000000000e+01,1.048467713137828935e-09
4.832812500000000000e+01,1.030657740566419058e-09
4.834375000000000000e+01,9.415633550309689781e-10
4.835937500000000000e+01,8.563121192784268253e-10
4.837500000000000000e+01,8.327005027367300377e-10
4.839062500000000000e+01,8.367133208224354932e-10
4.840625000000000000e+01,8.447092903575588628e-10
4.842187500000000000e+01,8.528434017242102916e-10
4.843750000000000000e+01,8.243826915871177383e-10
4.845312500000000000e+01,7.755841537891766638e-10
4.846875000000000000e+01,7.983790802134017661e-10
4.848437500000000000e+01,8.901000466272770066e-10
4.850000000000000000e+01,9.530481203798357874e-10
4.851562500000000000e+01,9.484904962199248630e-10
4.853125000000000000e+01,9.234971600274767998e-10
4.854687500000000000e+01,9.137967546998867842e-10
4.856250000000000000e+01,9.031298616074167190e-10
4.857812500000000000e+01,8.921041335500348617e-10
4.859375000000000000e+01,8.700089007331597882e-10
4.860937500000000000e+01,8.170456787441416939e-10
4.862500000000000000e+01,7.628524426502783276e-10
4.864062500000000000e+01,7.409205842167669576e-10
4.865625000000000000e+01,7.395644219492130846e-10
4.867187500000000000e+01,7.446566842221361117e-10
4.868750000000000000e+01,7.794721714775218458e-10
4.870312500000000000e+01,8.611694616043221834e-10
4.871875000000000000e+01,9.539874628396142502e-10
4.873437500000000000e+01,1.007516637404418675e-09
4.875000000000000000e+01,9.919778640180464738e-10
4.876562500000000000e+01,9.203284608039771940e-10
4.878125000000000000e+01,8.660515307318129066e-10
4.879687500000000000e+01,9.086101830594520937e-10
4.881250000000000000e+01,1.033933122352731006e-09
4.882812500000000000e+01,1.149861052827110519e-09
4.884375000000000000e+01,1.193555223947852823e-09
4.885937500000000000e+01,1.164026315185992373e-09
4.887500000000000000e+01,1.089910211072185014e-09
4.889062500000000000e+01,1.016450789735427464e-09
4.890625000000000000e+01,9.971693521109758630e-10
4.892187500000000000e+01,1.054791704698087431e-09
4.893750000000000000e+01,1.159444342103547985e-09
4.895312500000000000e+01,1.260076417201780783e-09
4.896875000000000000e+01,1.313980601729898150e-09
4.898437500000000000e+01,1.314213257097685652e-09
4.900000000000000000e+01,1.294239113729558895e-09
4.901562500000000000e+01,1.258248611422885985e-09
4.903125000000000000e+01,1.155238947658408550e-09
4.904687500000000000e+01,9.882797625601142655e-10
4.906250000000000000e+01,8.657472913563754666e-10
4.907812500000000000e+01,8.585289587536939515e-10
4.909375000000000000e+01,9.058017012678049793e-10
4.910937500000000000e+01,9.285540783411582908e-10
4.912500000000000000e+01,8.989658148078459628e-10
4.914062500000000000e+01,8.501661380472273115e-10
4.915625000000000000e+01,8.453692745493947304e-10
4.917187500000000000e+01,8.913109092792397061e-10
4.918750000000000000e+01,9.215218601398508593e-10
4.920312500000000000e+01,9.140282282689268417e-10
4.921875000000000000e+01,9.349364671967947859e-10
4.923437500000000000e+01,1.028127614548090831e-09
4.925000000000000000e+01,1.146972131999310013e-09
4.926562500000000000e+01,1.229234542658904109e-09
4.928125000000000000e+01,1.229512048973834121e-09
4.929687500000000000e+01,1.128101924814080875e-09
4.931250000000000000e+01,9.841510151768704791e-10
4.932812500000000000e+01,8.975109410173560377e-10
4.934375000000000000e+01,8.587273614050511776e-10
4.935937500000000000e+01,7.826507776886092574e-10
4.937500000000000000e+01,6.585239996656601620e-10
4.939062500000000000e+01,5.459182128733825680e-10
4.940625000000000000e+01,4.916080972054064228e-10
4.942187500000000000e+01,4.831164967192598327e-10
4.943750000000000000e+01,4.834209903267412396e-10
4.945312500000000000e+01,4.839477523754016146e-10
4.946875000000000000e+01,5.006452152531475709e-10
4.948437500000000000e+01,5.366348584763784707e-10
4.950000000000000000e+01,5.831529734688883911e-10
4.951562500000000000e+01,6.411732591386867252e-10
4.953125000000000000e+01,7.071238332645917805e-10
4.954687500000000000e+01,7.706246750044665826e-10
4.956250000000000000e+01,8.383337080797554460e-10
4.957812500000000000e+01,9.298049625956909050e-10
4.959375000000000000e+01,1.060640718225622180e-09
4.960937500000000000e+01,1.211653986284371523e-09
4.962500000000000000e+01,1.322920418104316924e-09
4.964062500000000000e+01,1.372919000059245304e-09
4.965625000000000000e+01,1.385187420116603655e-09
4.967187500000000000e+01,1.344683683852864819e-09
4.968750000000000000e+01,1.218481624530473068e-09
4.970312500000000000e+01,1.046257846688879761e-09
4.971875000000000000e+01,9.186529046641687478e-10
4.973437500000000000e+01,8.687741309076984590e-10
4.975000000000000000e+01,8.760604626795473220e-10
4.976562500000000000e+01,9.270780971048665967e-10
4.978125000000000000e+01,9.718816810348391314e-10
4.979687500000000000e+01,9.559215994382412113e-10
4.981250000000000000e+01,9.093566833236538331e-10
4.982812500000000000e+01,8.928975016302372441e-10
4.984375000000000000e+01,8.875728537993439979e-10
4.985937500000000000e+01,8.548790979555899993e-10
4.987500000000000000e+01,8.069621875945580633e-10
4.989062500000000000e+01,7.831799812181281857e-10
4.990625000000000000e+01,8.187736176061314000e-10
4.992187500000000000e+01,9.047978571486982939e-10
4.993750000000000000e+01,1.008519128447023821e-09
4.995312500000000000e+01,1.099768079058487668e-09
4.996875000000000000e+01,1.151745284360283810e-09
4.998437500000000000e+01,1.165189961671172444e-09
5.000000000000000000e+01,1.166488187698764690e-09
5.001562500000000000e+01,1.191352821717002347e-09
5.003125000000000000e+01,1.255281018445229280e-09
5.004687500000000000e+01,1.347380246180039845e-09
5.006250000000000000e+01,1.463830994289256522e-09
5.007812500000000000e+01,1.571871744920710488e-09
5.009375000000000000e+01,1.614473419292414032e-09
5.010937500000000000e+01,1.573422206600549953e-09
5.012500000000000000e+01,1.482242504037917742e-09
5.014062500000000000e+01,1.402364155076609028e-09
5.015625000000000000e+01,1.365505351440567854e-09
5.017187500000000000e+01,1.346423319888391511e-09
5.018750000000000000e+01,1.321171511365260571e-09
5.020312500000000000e+01,1.321983401471141616e-09
5.021875000000000000e+01,1.413956346274902561e-09
5.023437500000000000e+01,1.600224788213346041e-09
5.025000000000000000e+01,1.774674898940196910e-09
5.026562500000000000e+01,1.825937722264960498e-09
5.028125000000000000e+01,1.751162542874334882e-09
5.029687500000000000e+01,1.628253157452516618e-09
5.031250000000000000e+01,1.511258759176889600e-09
5.032812500000000000e+01,1.412366542377551222e-09
5.034375000000000000e+01,1.334621534325652175e-09
5.035937500000000000e+01,1.282675156069122242e-09
5.037500000000000000e+01,1.240245818130840985e-09
5.039062500000000000e+01,1.188887973800972949e-09
5.040625000000000000e+01,1.159276668146814340e-09
5.042187500000000000e+01,1.195163245944041088e-09
5.043750000000000000e+01,1.272661311126321456e-09
5.045312500000000000e+01,1.318411476355294338e-09
5.046875000000000000e+01,1.309993929801679181e-09
5.048437500000000000e+01,1.296937188389412516e-09
5.050000000000000000e+01,1.326698378188164265e-09
5.051562500000000000e+01,1.369411997878922118e-09
5.053125000000000000e+01,1.374353258445166552e-09
5.054687500000000000e+01,1.355525196735653403e-09
5.056250000000000000e+01,1.335165825723029438e-09
5.057812500000000000e+01,1.279344774146886987e-09
5.059375000000000000e+01,1.196573034182047735e-09
5.060937500000000000e+01,1.186857405550645546e-09
5.062500000000000000e+01,1.286275826000541685e-09
5.064062500000000000e+01,1.413866851946349186e-09
5.065625000000000000e+01,1.479752236937635132e-09
5.067187500000000000e+01,1.448246962656197241e-09
5.068750000000000000e+01,1.385382723673183962e-09
5.070312500000000000e+01,1.438092684520885421e-09
5.071875000000000000e+01,1.617448106198959181e-09
5.073437500000000000e+01,1.751114013659904917e-09
5.075000000000000000e+01,1.741898912789467324e-09
5.076562500000000000e+01,1.643962456073648645e-09
5.078125000000000000e+01,1.545547907522384684e-09
5.079687500000000000e+01,1.464131151014605205e-09
5.081250000000000000e+01,1.363320800106528093e-09
5.082812500000000000e+01,1.240740902131011103e-09
5.084375000000000000e+01,1.151831081135995048e-09
5.085937500000000000e+01,1.133476150498828282e-09
5.087500000000000000e+01,1.163035143397232026e-09
5.089062500000000000e+01,1.207622195263678264e-09
5.090625000000000000e+01,1.243607447244426071e-09
5.092187500000000000e+01,1.234246895356175158e-09
5.093750000000000000e+01,1.151081506290248421e-09
5.095312500000000000e+01,1.025738211090261792e-09
5.096875000000000000e+01,9.466952006962769732e-10
5.098437500000000000e+01,9.685052236537589274e-10
5.100000000000000000e+01,1.042887289341448457e-09
5.101562500000000000e+01,1.099828843242647178e-09
5.103125000000000000e+01,1.115498604722567773e-09
5.104687500000000000e+01,1.089248941283081177e-09
5.106250000000000000e+01,1.046844664392804426e-09
5.107812500000000000e+01,1.038660385221986705e-09
5.109375000000000000e+01,1.066167416054300227e-09
5.110937500000000000e+01,1.099949906169517997e-09
5.112500000000000000e+01,1.153319185096119310e-09
5.114062500000000000e+01,1.298089372150314833e-09
5.115625000000000000e+01,1.540351502732681960e-09
5.117187500000000000e+01,1.717827974184144139e-09
5.118750000000000000e+01,1.707132320039139367e-09
5.120312500000000000e+01,1.578165693909323167e-09
5.121875000000000000e+01,1.494429172431921136e-09
5.123437500000000000e+01,1.509628686753445801e-09
5.125000000000000000e+01,1.580054818003285164e-09
5.126562500000000000e+01,1.663406582907511743e-09
5.128125000000000000e+01,1.688233969291468701e-09
5.129687500000000000e+01,1.619173073517095791e-09
5.131250000000000000e+01,1.508706251634239951e-09
5.132812500000000000e+01,1.396126065109143342e-09
5.134375000000000000e+01,1.264872659754055067e-09
5.135937500000000000e+01,1.134383663700091308e-09
5.137500000000000000e+01,1.091271740965218024e-09
5.139062500000000000e+01,1.172099029659117563e-09
5.140625000000000000e+01,1.306908841639767888e-09
5.142187500000000000e+01,1.453043349850249923e-09
5.143750000000000000e+01,1.621021982854571531e-09
5.145312500000000000e+01,1.751361995074739216e-09
5.146875000000000000e+01,1.727504322463768924e-09
5.148437500000000000e+01,1.553921576138020437e-09
5.150000000000000000e+01,1.378833856820378227e-09
5.151562500000000000e+01,1.298609148213940521e-09
5.153125000000000000e+01,1.266711677090929139e-09
5.154687500000000000e+01,1.210903020267906054e-09
5.156250000000000000e+01,1.118310187301502188e-09
5.157812500000000000e+01,1.031470929707390610e-09
5.159375000000000000e+01,9.873433666362346186e-10
5.160937500000000000e+01,1.009594164531951503e-09
5.162500000000000000e+01,1.108037760430919927e-09
5.164062500000000000e+01,1.223986240185862138e-09
5.165625000000000000e+01,1.307434334644398238e-09
5.167187500000000000e+01,1.390602102506187460e-09
5.168750000000000000e+01,1.514349353657519541e-09
5.170312500000000000e+01,1.660410720499854242e-09
5.171875000000000000e+01,1.749048401275983770e-09
5.173437500000000000e+01,1.729788854898484721e-09
5.175000000000000000e+01,1.701615589427983682e-09
5.176562500000000000e+01,1.761147620056567790e-09
5.178125000000000000e+01,1.835357500104548379e-09
5.179687500000000000e+01,1.852658702074040707e-09
5.181250000000000000e+01,1.800821192167127714e-09
5.182812500000000000e+01,1.661422439191993175e-09
5.184375000000000000e+01,1.444372543181154439e-09
5.185937500000000000e+01,1.263471165677713109e-09
5.187500000000000000e+01,1.273128025620324163e-09
5.189062500000000000e+01,1.425918891480341647e-09
5.190625000000000000e+01,1.552345659825830735e-09
5.192187500000000000e+01,1.570555031414089442e-09
5.193750000000000000e+01,1.490284285956078831e-09
5.195312500000000000e+01,1.376476934683214519e-09
5.196875000000000000e+01,1.291998592648760338e-09
5.198437500000000000e+01,1.248214101229310991e-09
5.200000000000000000e+01,1.209547960563535648e-09
5.201562500000000000e+01,1.119684082455554493e-09
5.203125000000000000e+01,9.782207071393184995e-10
5.204687500000000000e+01,8.645252017463688678e-10
5.206250000000000000e+01,8.285709244426154584e-10
5.207812500000000000e+01,8.337203061613775090e-10
5.209375000000000000e+01,8.255847036719263996e-10
5.210937500000000000e+01,7.759334508727699391e-10
5.212500000000000000e+01,6.994458780898887454e-10
5.214062500000000000e+01,6.558080747041901206e-10
5.215625000000000000e+01,6.917062733204279998e-10
5.217187500000000000e+01,7.879322155504063212e-10
5.218750000000000000e+01,9.158677415757684433e-10
5.220312500000000000e+01,1.071953184242219869e-09
5.221875000000000000e+01,1.254520646293727854e-09
5.223437500000000000e+01,1.436210342479590737e-09
5.225000000000000000e+01,1.561218610701579361e-09
5.226562500000000000e+01,1.602015947973623773e-09
5.228125000000000000e+01,1.601317074147993326e-09
5.229687500000000000e+01,1.622890457025930164e-09
5.231250000000000000e+01,1.682890358017258947e-09
5.232812500000000000e+01,1.739025721061097675e-09
5.234375000000000000e+01,1.735388830279131374e-09
5.235937500000000000e+01,1.652597016050349083e-09
5.237500000000000000e+01,1.543259330446876279e-09
5.239062500000000000e+01,1.456060793573736269e-09
5.240625000000000000e+01,1.362959807910270455e-09
5.242187500000000000e+01,1.265659999221542550e-09
5.243750000000000000e+01,1.216306376763998218e-09
5.245312500000000000e+01,1.228201287272460145e-09
5.246875000000000000e+01,1.270160943104814711e-09
5.248437500000000000e+01,1.304735130884949255e-09
5.250000000000000000e+01,1.305152992079324715e-09
5.251562500000000000e+01,1.280276689054067051e-09
5.253125000000000000e+01,1.254809190745087530e-09
5.254687500000000000e+01,1.218351710026948100e-09
5.256250000000000000e+01,1.190774257601957669e-09
5.257812500000000000e+01,1.218961791477683934e-09
5.259375000000000000e+01,1.259927812840281359e-09
5.260937500000000000e+01,1.296867642615498694e-09
5.262500000000000000e+01,1.405735390608705965e-09
5.264062500000000000e+01,1.558407153347279117e-09
5.265625000000000000e+01,1.641067650778122677e-09
5.267187500000000000e+01,1.645697354845698678e-09
5.268750000000000000e+01,1.652029072073945825e-09
5.270312500000000000e+01,1.698634791184922985e-09
5.271875000000000000e+01,1.773444855527137850e-09
5.273437500000000000e+01,1.912080461787981768e-09
5.275000000000000000e+01,2.155454025126732008e-09
5.276562500000000000e+01,2.365306016915279741e-09
5.278125000000000000e+01,2.364835467569248869e-09
5.279687500000000000e+01,2.197335211172553072e-09
5.281250000000000000e+01,2.092066695377782128e-09
5.282812500000000000e+01,2.152022093261017066e-09
5.284375000000000000e+01,2.247795051349226402e-09
5.285937500000000000e+01,2.284974201418654367e-09
5.287500000000000000e+01,2.243265826860474949e-09
5.289062500000000000e+01,2.128390793398128197e-09
5.290625000000000000e+01,2.074431315648861986e-09
5.292187500000000000e+01,2.202235707016754669e-09
5.293750000000000000e+01,2.425295961260072852e-09
5.295312500000000000e+01,2.659636725807032891e-09
5.296875000000000000e+01,2.861425704190383232e-09
5.298437500000000000e+01,2.971143599119589952e-09
5.300000000000000000e+01,3.034482343721374455e-09
5.301562500000000000e+01,3.180836318013622636e-09
5.303125000000000000e+01,3.390624221987899270e-09
5.304687500000000000e+01,3.506126359482565116e-09
5.306250000000000000e+01,3.479258428896118037e-09
5.307812500000000000e+01,3.438215315648374417e-09
5.309375000000000000e+01,3.478234388912906217e-09
5.310937500000000000e+01,3.505185720655480180e-09
5.312500000000000000e+01,3.477188059243599274e-09
5.314062500000000000e+01,3.630149416532501702e-09
5.315625000000000000e+01,4.191610606672384116e-09
5.317187500000000000e+01,4.975390422508923925e-09
5.318750000000000000e+01,5.657662658511201397e-09
5.320312500000000000e+01,6.056277820972082292e-09
5.321875000000000000e+01,6.100579152974396082e-09
5.323437500000000000e+01,5.871974970151309069e-09
5.325000000000000000e+01,5.561120785274676908e-09
5.326562500000000000e+01,5.486345875445312797e-09
5.328125000000000000e+01,6.015025593638696853e-09
5.329687500000000000e+01,6.775385603360315310e-09
5.331250000000000000e+01,7.120202205050402679e-09
5.332812500000000000e+01,7.016445094947229464e-09
5.334375000000000000e+01,6.848650759172236221e-09
5.335937500000000000e+01,7.116819853931881230e-09
5.337500000000000000e+01,8.049874415635509172e-09
5.339062500000000000e+01,9.239314811060538333e-09
5.340625000000000000e+01,1.006741918846039837e-08
5.342187500000000000e+01,1.021159489547230677e-08
5.343750000000000000e+01,1.004349842074446162e-08
5.345312500000000000e+01,1.034013267859140891e-08
5.346875000000000000e+01,1.104253489120418553e-08
5.348437500000000000e+01,1.150804158161406916e-08
5.350000000000000000e+01,1.172396240891484233e-08
5.351562500000000000e+01,1.199109399359955253e-08
5.353125000000000000e+01,1.234447593867457548e-08
5.354687500000000000e+01,1.296051918907152961e-08
5.356250000000000000e+01,1.390345517996382937e-08
5.357812500000000000e+01,1.480373153332125394e-08
5.359375000000000000e+01,1.517667523218611698e-08
5.360937500000000000e+01,1.475346178163105470e-08
5.362500000000000000e+01,1.399556380006876681e-08
5.364062500000000000e+01,1.386843100234008461e-08
5.365625000000000000e+01,1.416655968045737396e-08
5.367187500000000000e+01,1.383194692403535297e-08
5.368750000000000000e+01,1.291769372264283866e-08
5.370312500000000000e+01,1.208966894725156065e-08
5.371875000000000000e+01,1.126374424756971641e-08
5.373437500000000000e+01,1.037389848345725118e-08
5.375000000000000000e+01,9.912431450911437965e-09
5.376562500000000000e+01,9.802594826324075085e-09
5.378125000000000000e+01,9.486848464204320346e-09
5.379687500000000000e+01,8.817600576178018938e-09
5.381250000000000000e+01,8.034732448976734962e-09
5.382812500000000000e+01,7.309753287322158159e-09
5.384375000000000000e+01,6.599621896305015420e-09
5.385937500000000000e+01,5.972228760741600114e-09
5.387500000000000000e+01,5.566108099397462345e-09
5.389062500000000000e+01,5.228586246024614312e-09
5.390625000000000000e+01,4.833042488471584280e-09
5.392187500000000000e+01,4.605639544701458285e-09
5.393750000000000000e+01,4.639139191672276384e-09
5.395312500000000000e+01,4.746761095589457458e-09
5.396875000000000000e+01,4.855827481315403822e-09
5.398437500000000000e+01,4.857321931596869328e-09
5.400000000000000000e+01,4.589631457506287741e-09
5.401562500000000000e+01,4.170946963846133482e-09
5.403125000000000000e+01,3.870672281085698187e-09
5.404687500000000000e+01,3.710671349444696268e-09
5.406250000000000000e+01,3.669387876401034709e-09
5.407812500000000000e+01,3.831205102942544210e-09
5.409375000000000000e+01,4.016870002192181244e-09
5.410937500000000000e+01,3.974699744356670553e-09
5.412500000000000000e+01,3.689211035083764528e-09
5.414062500000000000e+01,3.390028739513940709e-09
5.415625000000000000e+01,3.420656761609047129e-09
5.417187500000000000e+01,3.701166316650546862e-09
5.418750000000000000e+01,3.831418480508454937e-09
5.420312500000000000e+01,3.637617019479274562e-09
5.421875000000000000e+01,3.218988154652229714e-09
5.423437500000000000e+01,2.774913979036104043e-09
5.425000000000000000e+01,2.442718514411017750e-09
5.426562500000000000e+01,2.278966649308694357e-09
5.428125000000000000e+01,2.286530113651535705e-09
5.429687500000000000e+01,2.378018042117467369e-09
5.431250000000000000e+01,2.422111738621658109e-09
5.432812500000000000e+01,2.387091982518314157e-09
5.434375000000000000e+01,2.383009876453023795e-09
5.435937500000000000e+01,2.469921297692467276e-09
5.437500000000000000e+01,2.549110938850002795e-09
5.439062500000000000e+01,2.531490354189222319e-09
5.440625000000000000e+01,2.410542993153560855e-09
5.442187500000000000e+01,2.230528309074540269e-09
5.443750000000000000e+01,2.072426287954301141e-09
5.445312500000000000e+01,1.964242819343845991e-09
5.446875000000000000e+01,1.849429469884003024e-09
5.448437500000000000e+01,1.716749401723285953e-09
5.450000000000000000e+01,1.622030065098435953e-09
5.451562500000000000e+01,1.560114175504086957e-09
5.453125000000000000e+01,1.492914865168028741e-09
5.454687500000000000e+01,1.460016461942224668e-09
5.456250000000000000e+01,1.494799246564304516e-09
5.457812500000000000e+01,1.521441727510250798e-09
5.459375000000000000e+01,1.496003773205797448e-09
5.460937500000000000e+01,1.527092124797012361e-09
5.462500000000000000e+01,1.660779150513019138e-09
5.464062500000000000e+01,1.753391841110202743e-09
5.465625000000000000e+01,1.725407037699108812e-09
5.467187500000000000e+01,1.605867430205889479e-09
5.468750000000000000e+01,1.454893892765628424e-09
5.470312500000000000e+01,1.382108902162972827e-09
5.471875000000000000e+01,1.448941858768960837e-09
5.473437500000000000e+01,1.610784290240184482e-09
5.475000000000000000e+01,1.803028434816955151e-09
5.476562500000000000e+01,1.940444498533681080e-09
5.478125000000000000e+01,1.952610389415797718e-09
5.479687500000000000e+01,1.840334058455736809e-09
5.481250000000000000e+01,1.691081496115198550e-09
5.482812500000000000e+01,1.636710500640584983e-09
5.484375000000000000e+01,1.688978106687673679e-09
5.485937500000000000e+01,1.726033778367997436e-09
5.487500000000000000e+01,1.669548937666777770e-09
5.489062500000000000e+01,1.535071628405466036e-09
5.490625000000000000e+01,1.392263603966831293e-09
5.492187500000000000e+01,1.321181776381309658e-09
5.493750000000000000e+01,1.335186595909055206e-09
5.495312500000000000e+01,1.361680199713401210e-09
5.496875000000000000e+01,1.332437262717316020e-09
5.498437500000000000e+01,1.257349719272153232e-09
5.500000000000000000e+01,1.259590769575189100e-09
5.501562500000000000e+01,1.411921485466176989e-09
5.503125000000000000e+01,1.598851003088408088e-09
5.504687500000000000e+01,1.712964871520074479e-09
5.506250000000000000e+01,1.743390094537399474e-09
5.507812500000000000e+01,1.718286898028954862e-09
5.509375000000000000e+01,1.686595700122691380e-09
5.510937500000000000e+01,1.671739466965814841e-09
5.512500000000000000e+01,1.637939306092309719e-09
5.514062500000000000e+01,1.598988688812361407e-09
5.515625000000000000e+01,1.579932459166884305e-09
5.517187500000000000e+01,1.541590565043188323e-09
5.518750000000000000e+01,1.512604526612135850e-09
5.520312500000000000e+01,1.556822662003107671e-09
5.521875000000000000e+01,1.648177082319748008e-09
5.523437500000000000e+01,1.750946298694889832e-09
5.525000000000000000e+01,1.874530297402252760e-09
5.526562500000000000e+01,2.008138123749422728e-09
5.528125000000000000e+01,2.120897890041062793e-09
5.529687500000000000e+01,2.200052017024755383e-09
5.531250000000000000e+01,2.228304470785328278e-09
5.532812500000000000e+01,2.160000088688583487e-09
5.534375000000000000e+01,1.987680294117326814e-09
5.535937500000000000e+01,1.825505177773892229e-09
5.537500000000000000e+01,1.751243558568462807e-09
5.539062500000000000e+01,1.661152762928802208e-09
5.540625000000000000e+01,1.483461121761729257e-09
5.542187500000000000e+01,1.272192409855775385e-09
5.543750000000000000e+01,1.082417732244540211e-09
5.545312500000000000e+01,9.340564206988308792e-10
5.546875000000000000e+01,8.725420312581923907e-10
5.548437500000000000e+01,9.269007499109961991e-10
5.550000000000000000e+01,1.018567765132730022e-09
5.551562500000000000e+01,1.043830849834132880e-09
5.553125000000000000e+01,9.986675762807567036e-10
5.554687500000000000e+01,9.878088939856390268e-10
5.556250000000000000e+01,1.087838235257680135e-09
5.557812500000000000e+01,1.238754380662624360e-09
5.559375000000000000e+01,1.360771795238648307e-09
5.560937500000000000e+01,1.446420896636128935e-09
5.562500000000000000e+01,1.522355782457759074e-09
5.564062500000000000e+01,1.573378145634466666e-09
5.565625000000000000e+01,1.542027390622059936e-09
5.567187500000000000e+01,1.437342167000254190e-09
5.568750000000000000e+01,1.392428357616223314e-09
5.570312500000000000e+01,1.487892150160383270e-09
5.571875000000000000e+01,1.607343117978302336e-09
5.573437500000000000e+01,1.632964470559217286e-09
5.575000000000000000e+01,1.573443677600516290e-09
5.576562500000000000e+01,1.506098168754462779e-09
5.578125000000000000e+01,1.493287141432874515e-09
5.579687500000000000e+01,1.566339795397811844e-09
5.581250000000000000e+01,1.766771732342755762e-09
5.582812500000000000e+01,2.043580747138466196e-09
5.584375000000000000e+01,2.271613665025788458e-09
5.585937500000000000e+01,2.379534672382871879e-09
5.587500000000000000e+01,2.346572776308553975e-09
5.589062500000000000e+01,2.221783812198751915e-09
5.590625000000000000e+01,2.098979938061840826e-09
5.592187500000000000e+01,2.003016045674004999e-09
5.593750000000000000e+01,1.882141919921906859e-09
5.595312500000000000e+01,1.691815580771221444e-09
5.596875000000000000e+01,1.445257742710243519e-09
5.598437500000000000e+01,1.244693645121204680e-09
5.600000000000000000e+01,1.206226134960762821e-09
5.601562500000000000e+01,1.268150949740424626e-09
5.603125000000000000e+01,1.307132617355354794e-09
5.604687500000000000e+01,1.308924299375001344e-09
5.606250000000000000e+01,1.315164334536662857e-09
5.607812500000000000e+01,1.361816656765923329e-09
5.609375000000000000e+01,1.440345273018769916e-09
5.610937500000000000e+01,1.504707894306347740e-09
5.612500000000000000e+01,1.528722958283348790e-09
5.614062500000000000e+01,1.522149542462414712e-09
5.615625000000000000e+01,1.485245132342266164e-09
5.617187500000000000e+01,1.402173415756497968e-09
5.618750000000000000e+01,1.293096538812552767e-09
5.620312500000000000e+01,1.203127093867926347e-09
5.621875000000000000e+01,1.167627534631054606e-09
5.623437500000000000e+01,1.188997521538817995e-09
5.625000000000000000e+01,1.203641335493211862e-09
5.626562500000000000e+01,1.130286215082164497e-09
5.628125000000000000e+01,9.857580495247610752e-10
5.629687500000000000e+01,9.197902679670879928e-10
5.631250000000000000e+01,1.017066440548772450e-09
5.632812500000000000e+01,1.205013582102079331e-09
5.634375000000000000e+01,1.416213633818594773e-09
5.635937500000000000e+01,1.570040699544620844e-09
5.637500000000000000e+01,1.578790510749697862e-09
5.639062500000000000e+01,1.495361590998066970e-09
5.640625000000000000e+01,1.511343156037761737e-09
5.642187500000000000e+01,1.661202409987161945e-09
5.643750000000000000e+01,1.822024103133068315e-09
5.645312500000000000e+01,1.942566635161490312e-09
5.646875000000000000e+01,2.008050028068909056e-09
5.648437500000000000e+01,2.015411897187325312e-09
5.650000000000000000e+01,2.022389570818380683e-09
5.651562500000000000e+01,2.071361515268329530e-09
5.653125000000000000e+01,2.107755976242261630e-09
5.654687500000000000e+01,2.106695758702335916e-09
5.656250000000000000e+01,2.116759519980953309e-09
5.657812500000000000e+01,2.149363316000525917e-09
5.659375000000000000e+01,2.180409854108067478e-09
5.660937500000000000e+01,2.210390509426515528e-09
5.662500000000000000e+01,2.213131410252416296e-09
5.664062500000000000e+01,2.084144572198431095e-09
5.665625000000000000e+01,1.791714188171407511e-09
5.667187500000000000e+01,1.531906695596889392e-09
5.668750000000000000e+01,1.550605232416131635e-09
5.670312500000000000e+01,1.739337357451875437e-09
5.671875000000000000e+01,1.869633548528097219e-09
5.673437500000000000e+01,1.889540780170980540e-09
5.675000000000000000e+01,1.843767570695656273e-09
5.676562500000000000e+01,1.761997459797233395e-09
5.678125000000000000e+01,1.658096603262926882e-09
5.679687500000000000e+01,1.555202073304668525e-09
5.681250000000000000e+01,1.460298820887627383e-09
5.682812500000000000e+01,1.420013647526359666e-09
5.684375000000000000e+01,1.491893711502380941e-09
5.685937500000000000e+01,1.618567948958517253e-09
5.687500000000000000e+01,1.756765457040840938e-09
5.689062500000000000e+01,1.911066405516079339e-09
5.690625000000000000e+01,2.020750073202602806e-09
5.692187500000000000e+01,2.034922703874492764e-09
5.693750000000000000e+01,1.979632953258634004e-09
5.695312500000000000e+01,1.885837320383450975e-09
5.696875000000000000e+01,1.777613727707001675e-09
5.698437500000000000e+01,1.744580668816556703e-09
5.700000000000000000e+01,1.822145192654748119e-09
5.701562500000000000e+01,1.882028846034701293e-09
5.703125000000000000e+01,1.842110010942673021e-09
5.704687500000000000e+01,1.748885376329406134e-09
5.706250000000000000e+01,1.643013764232082346e-09
5.707812500000000000e+01,1.521154976059411775e-09
5.709375000000000000e+01,1.421494205364867958e-09
5.710937500000000000e+01,1.401682217060975820e-09
5.712500000000000000e+01,1.427067838224379897e-09
5.714062500000000000e+01,1.429348411031282446e-09
5.715625000000000000e+01,1.399570233869304352e-09
5.717187500000000000e+01,1.352950874903400852e-09
5.718750000000000000e+01,1.281747402355508921e-09
5.720312500000000000e+01,1.187474618134254154e-09
5.721875000000000000e+01,1.113801323462622616e-09
5.723437500000000000e+01,1.084584314446959535e-09
5.725000000000000000e+01,1.088187509057370839e-09
5.726562500000000000e+01,1.123081092155432818e-09
5.728125000000000000e+01,1.184842427306664030e-09
5.729687500000000000e+01,1.274318094463983337e-09
5.731250000000000000e+01,1.390016664587456962e-09
5.732812500000000000e+01,1.487400715372796274e-09
5.734375000000000000e+01,1.523461078269083088e-09
5.735937500000000000e+01,1.497387469502816099e-09
5.737500000000000000e+01,1.396145399350953522e-09
5.739062500000000000e+01,1.219607470596177801e-09
5.740625000000000000e+01,1.087169226908165922e-09
5.742187500000000000e+01,1.106542193592339544e-09
5.743750000000000000e+01,1.193412328494117029e-09
5.745312500000000000e+01,1.268556621355291437e-09
5.746875000000000000e+01,1.327647006370139545e-09
5.748437500000000000e+01,1.371506924314203170e-09
5.750000000000000000e+01,1.410482916697953160e-09
5.751562500000000000e+01,1.438565004792610214e-09
5.753125000000000000e+01,1.422571514082565718e-09
5.754687500000000000e+01,1.371006483598978720e-09
5.756250000000000000e+01,1.332040785177322052e-09
5.757812500000000000e+01,1.311239069048493837e-09
5.759375000000000000e+01,1.270660739113365804e-09
5.760937500000000000e+01,1.189818888448991218e-09
5.762500000000000000e+01,1.107911559825973476e-09
5.764062500000000000e+01,1.129924541766961105e-09
5.765625000000000000e+01,1.257895446920369735e-09
5.767187500000000000e+01,1.352362691712402277e-09
5.768750000000000000e+01,1.362701810537894518e-09
5.770312500000000000e+01,1.335617548140859906e-09
5.771875000000000000e+01,1.290278887185816612e-09
5.773437500000000000e+01,1.245148127828323670e-09
5.775000000000000000e+01,1.229958865924117671e-09
5.776562500000000000e+01,1.224504866771840435e-09
5.778125000000000000e+01,1.209559339066609050e-09
5.779687500000000000e+01,1.215189319316258801e-09
5.781250000000000000e+01,1.268740959390786277e-09
5.782812500000000000e+01,1.333241244564957698e-09
5.784375000000000000e+01,1.353823575190316357e-09
5.785937500000000000e+01,1.330824312411074663e-09
5.787500000000000000e+01,1.297338382315770303e-09
5.789062500000000000e+01,1.286145506565396589e-09
5.790625000000000000e+01,1.327204263895962452e-09
5.792187500000000000e+01,1.403182365555838278e-09
5.793750000000000000e+01,1.468772184095622549e-09
5.795312500000000000e+01,1.530417716552488794e-09
5.796875000000000000e+01,1.582645469982319627e-09
5.798437500000000000e+01,1.549889154663435894e-09
5.800000000000000000e+01,1.417839283324701961e-09
5.801562500000000000e+01,1.272035171523440532e-09
5.803125000000000000e+01,1.178553421297308055e-09
5.804687500000000000e+01,1.148404814036635193e-09
5.806250000000000000e+01,1.178967923836386911e-09
5.807812500000000000e+01,1.227465805381642449e-09
5.809375000000000000e+01,1.226567788312318609e-09
5.810937500000000000e+01,1.159881328839637096e-09
5.812500000000000000e+01,1.068140471653553090e-09
5.814062500000000000e+01,1.000811788645006908e-09
5.815625000000000000e+01,9.837044109693880810e-10
5.817187500000000000e+01,9.882756719779999498e-10
5.818750000000000000e+01,9.650806477525462858e-10
5.820312500000000000e+01,9.100756418118179916e-10
5.821875000000000000e+01,8.590936896893268598e-10
5.823437500000000000e+01,8.495319021234301706e-10
5.825000000000000000e+01,8.894623985814531686e-10
5.826562500000000000e+01,9.676209669965022259e-10
5.828125000000000000e+01,1.062582938309434250e-09
5.829687500000000000e+01,1.140296949495415630e-09
5.831250000000000000e+01,1.173500530167272685e-09
5.832812500000000000e+01,1.154066478845811690e-09
5.834375000000000000e+01,1.110740278473531484e-09
5.835937500000000000e+01,1.097289645914073054e-09
5.837500000000000000e+01,1.111943099286450992e-09
5.839062500000000000e+01,1.114531767271175726e-09
5.840625000000000000e+01,1.112143426552385472e-09
5.842187500000000000e+01,1.138865686217455310e-09
5.843750000000000000e+01,1.183864461159133258e-09
5.845312500000000000e+01,1.188370659460661641e-09
5.846875000000000000e+01,1.131332707620813012e-09
5.848437500000000000e+01,1.062578494286758017e-09
5.850000000000000000e+01,1.035246569279090114e-09
5.851562500000000000e+01,1.056849580723604692e-09
5.853125000000000000e+01,1.093552737421003897e-09
5.854687500000000000e+01,1.082762640821001848e-09
5.856250000000000000e+01,9.983064262094490391e-10
5.857812500000000000e+01,9.090339181080385902e-10
5.859375000000000000e+01,9.239414727862954924e-10
5.860937500000000000e+01,1.018463403242407241e-09
5.862500000000000000e+01,1.067598283827590209e-09
5.864062500000000000e+01,1.048964428157752713e-09
5.865625000000000000e+01,1.050135919973059427e-09
5.867187500000000000e+01,1.112764387605909253e-09
5.868750000000000000e+01,1.194601648819475022e-09
5.870312500000000000e+01,1.250209749976146686e-09
5.871875000000000000e+01,1.257021487767656131e-09
5.873437500000000000e+01,1.241249750760876247e-09
5.875000000000000000e+01,1.251204980563812134e-09
5.876562500000000000e+01,1.290638477159720532e-09
5.878125000000000000e+01,1.361795139373459131e-09
5.879687500000000000e+01,1.449701752526307827e-09
5.881250000000000000e+01,1.505473868868992687e-09
5.882812500000000000e+01,1.536101206506297954e-09
5.884375000000000000e+01,1.582002024522425765e-09
5.885937500000000000e+01,1.651304060170441978e-09
5.887500000000000000e+01,1.739797621026433818e-09
5.889062500000000000e+01,1.836204380547414272e-09
5.890625000000000000e+01,1.887513474766620607e-09
5.892187500000000000e+01,1.820945230143249332e-09
5.893750000000000000e+01,1.640522787937475039e-09
5.895312500000000000e+01,1.432422931632900981e-09
5.896875000000000000e+01,1.271507284260592649e-09
5.898437500000000000e+01,1.241301350648168037e-09
5.900000000000000000e+01,1.377828520242888363e-09
5.901562500000000000e+01,1.537292765932945772e-09
5.903125000000000000e+01,1.626874883094301325e-09
5.904687500000000000e+01,1.691333323714322702e-09
5.906250000000000000e+01,1.752101367307230645e-09
5.907812500000000000e+01,1.786840237889551898e-09
5.909375000000000000e+01,1.773305151470557821e-09
5.910937500000000000e+01,1.677574880921152521e-09
5.912500000000000000e+01,1.500913626063680915e-09
5.914062500000000000e+01,1.315401685976785104e-09
5.915625000000000000e+01,1.180494115871428937e-09
5.917187500000000000e+01,1.092491847066113192e-09
5.918750000000000000e+01,1.053298993797929390e-09
5.920312500000000000e+01,1.052277262469258624e-09
5.921875000000000000e+01,1.048402699715332049e-09
5.923437500000000000e+01,1.035806309201062090e-09
5.925000000000000000e+01,1.028166442919584264e-09
5.926562500000000000e+01,1.055980802199974679e-09
5.928125000000000000e+01,1.134204261633979521e-09
5.929687500000000000e+01,1.229624107781303742e-09
5.931250000000000000e+01,1.360249809772983914e-09
5.932812500000000000e+01,1.537186484053570858e-09
5.934375000000000000e+01,1.676820648791304050e-09
5.935937500000000000e+01,1.702649448808694212e-09
5.937500000000000000e+01,1.623452785990071202e-09
5.939062500000000000e+01,1.519102202977177847e-09
5.940625000000000000e+01,1.513266000852457860e-09
5.942187500000000000e+01,1.638065754667712161e-09
5.943750000000000000e+01,1.759911033869036619e-09
5.945312500000000000e+01,1.793317874846830668e-09
5.946875000000000000e+01,1.753591377493679022e-09
5.948437500000000000e+01,1.665757209387234347e-09
5.950000000000000000e+01,1.597209835026136113e-09
5.951562500000000000e+01,1.593955581260661616e-09
5.953125000000000000e+01,1.581924711522704620e-09
5.954687500000000000e+01,1.539547548802163651e-09
5.956250000000000000e+01,1.551651668863527362e-09
5.957812500000000000e+01,1.643132808982703088e-09
5.959375000000000000e+01,1.753866201414083343e-09
5.960937500000000000e+01,1.827180860287756486e-09
5.962500000000000000e+01,1.831099618289073866e-09
5.964062500000000000e+01,1.750952413464272131e-09
5.965625000000000000e+01,1.615406378873356133e-09
5.967187500000000000e+01,1.500854388870825006e-09
5.968750000000000000e+01,1.449194309490462539e-09
5.970312500000000000e+01,1.448061745676453085e-09
5.971875000000000000e+01,1.505463093673404051e-09
5.973437500000000000e+01,1.612111412581658406e-09
5.975000000000000000e+01,1.718202489405321504e-09
5.976562500000000000e+01,1.770777481722099566e-09
5.978125000000000000e+01,1.729263711759897132e-09
5.979687500000000000e+01,1.582282554228634586e-09
5.981250000000000000e+01,1.340109447659800238e-09
5.982812500000000000e+01,1.077785553845975519e-09
5.984375000000000000e+01,9.368697241207833238e-10
5.985937500000000000e+01,9.170187156047237946e-10
5.987500000000000000e+01,8.809191321597939591e-10
5.989062500000000000e+01,7.896872470818190285e-10
5.990625000000000000e+01,6.804106451955312377e-10
5.992187500000000000e+01,5.725087757668962513e-10
5.993750000000000000e+01,4.722536033339072127e-10
5.995312500000000000e+01,3.936042782161413804e-10
5.996875000000000000e+01,3.395692851966525400e-10
5.998437500000000000e+01,2.979980966463189073e-10
6.000000000000000000e+01,2.759958977809642546e-10
6.001562500000000000e+01,2.970309429738705429e-10
6.003125000000000000e+01,3.439817266164759570e-10
6.004687500000000000e+01,3.825791913342228340e-10
6.006250000000000000e+01,4.023714785902706204e-10
6.007812500000000000e+01,4.071082133117310007e-10
6.009375000000000000e+01,4.063820511485131167e-10
6.010937500000000000e+01,4.130123647163848861e-10
6.012500000000000000e+01,4.278456454295747583e-10
6.014062500000000000e+01,4.333979847368122132e-10
6.015625000000000000e+01,4.192064866808933010e-10
6.017187500000000000e+01,4.039892196522566384e-10
6.018750000000000000e+01,4.120921316719714841e-10
6.020312500000000000e+01,4.449158051454174488e-10
6.021875000000000000e+01,4.963344077870067746e-10
6.023437500000000000e+01,5.509164917731020445e-10
6.025000000000000000e+01,5.945105177696322665e-10
6.026562500000000000e+01,6.288591690327804620e-10
6.028125000000000000e+01,6.498237561570883788e-10
6.029687500000000000e+01,6.568515061932730141e-10
6.031250000000000000e+01,6.715338390284066807e-10
6.032812500000000000e+01,7.003757678811547244e-10
6.034375000000000000e+01,7.209935756885129968e-10
6.035937500000000000e+01,7.270504289741898919e-10
6.037500000000000000e+01,7.389606578707517419e-10
6.039062500000000000e+01,7.744545586978445191e-10
6.040625000000000000e+01,8.258963111568857203e-10
6.042187500000000000e+01,8.592201754456953679e-10
6.043750000000000000e+01,8.390942196141884098e-10
6.045312500000000000e+01,7.777540908162424398e-10
6.046875000000000000e+01,7.290498284529163949e-10
6.048437500000000000e+01,7.093879325584538661e-10
6.050000000000000000e+01,7.051419333697388305e-10
6.051562500000000000e+01,7.286673973472045053e-10
6.053125000000000000e+01,7.840150044928784459e-10
6.054687500000000000e+01,8.421176399521605427e-10
6.056250000000000000e+01,8.982455524893482545e-10
6.057812500000000000e+01,9.638798894489913273e-10
6.059375000000000000e+01,1.016234888497262411e-09
6.060937500000000000e+01,1.035367838212976590e-09
6.062500000000000000e+01,1.027190730379350397e-09
6.064062500000000000e+01,1.016007316888140894e-09
6.065625000000000000e+01,1.041364541542499492e-09
6.067187500000000000e+01,1.092242339697791244e-09
6.068750000000000000e+01,1.107126352254042308e-09
6.070312500000000000e+01,1.073963549420646189e-09
6.071875000000000000e+01,1.051294314595453555e-09
6.073437500000000000e+01,1.076864087517513070e-09
6.075000000000000000e+01,1.097972097713542849e-09
6.076562500000000000e+01,1.078648849909832596e-09
6.078125000000000000e+01,1.066275164332038454e-09
6.079687500000000000e+01,1.075835387645881425e-09
6.081250000000000000e+01,1.062265181837110576e-09
6.082812500000000000e+01,1.023567990604542834e-09
6.084375000000000000e+01,1.017321080991660526e-09
6.085937500000000000e+01,1.082975192605019424e-09
6.087500000000000000e+01,1.188643007202076168e-09
6.089062500000000000e+01,1.263288536668877290e-09
6.090625000000000000e+01,1.231074119289494784e-09
6.092187500000000000e+01,1.074509114313080611e-09
6.093750000000000000e+01,8.864101564083655799e-10
6.095312500000000000e+01,8.045132891889286476e-10
6.096875000000000000e+01,8.587515348233202908e-10
6.098437500000000000e+01,9.874781185032012613e-10
6.100000000000000000e+01,1.115861138069958525e-09
6.101562500000000000e+01,1.167755927166457008e-09
6.103125000000000000e+01,1.128942579077788274e-09
6.104687500000000000e+01,1.062228891564380910e-09
6.106250000000000000e+01,1.015699274127087564e-09
6.107812500000000000e+01,9.845286707044081715e-10
6.109375000000000000e+01,9.560556945527234434e-10
6.110937500000000000e+01,9.138343113862056133e-10
6.112500000000000000e+01,8.516153572269859891e-10
6.114062500000000000e+01,8.068127980465010987e-10
6.115625000000000000e+01,8.140182980556324815e-10
6.117187500000000000e+01,8.427365655718502528e-10
6.118750000000000000e+01,8.636975894038909913e-10
6.120312500000000000e+01,8.707169623671412812e-10
6.121875000000000000e+01,8.369706564625904405e-10
6.123437500000000000e+01,7.495423073580642546e-10
6.125000000000000000e+01,6.491152759537574147e-10
6.126562500000000000e+01,5.945999813801313182e-10
6.128125000000000000e+01,5.992987661183970619e-10
6.129687500000000000e+01,6.229104119168688940e-10
6.131250000000000000e+01,6.331722161473310864e-10
6.132812500000000000e+01,6.287397265175194515e-10
6.134375000000000000e+01,6.256529119298443630e-10
6.135937500000000000e+01,6.470454133400677139e-10
6.137500000000000000e+01,7.012361935400555392e-10
6.139062500000000000e+01,7.694264109666047301e-10
6.140625000000000000e+01,8.213514517523352978e-10
6.142187500000000000e+01,8.372789681957404028e-10
6.143750000000000000e+01,8.199215576499125871e-10
6.145312500000000000e+01,8.059213035399123437e-10
6.146875000000000000e+01,8.167467953450546590e-10
6.148437500000000000e+01,8.119407319376440483e-10
6.150000000000000000e+01,7.724012295277166173e-10
6.151562500000000000e+01,7.449330176479793870e-10
6.153125000000000000e+01,7.810497278655356441e-10
6.154687500000000000e+01,8.825576919529909504e-10
6.156250000000000000e+01,1.004592686371887328e-09
6.157812500000000000e+01,1.092632822065392368e-09
6.159375000000000000e+01,1.139755716165969845e-09
6.160937500000000000e+01,1.174567701081847499e-09
6.162500000000000000e+01,1.210670373754458145e-09
6.164062500000000000e+01,1.255612283899874098e-09
6.165625000000000000e+01,1.311589518768365238e-09
6.167187500000000000e+01,1.354353737136417036e-09
6.168750000000000000e+01,1.327504440315493453e-09
6.170312500000000000e+01,1.205146256996289861e-09
6.171875000000000000e+01,1.052940651257032965e-09
6.173437500000000000e+01,9.634530776067190439e-10
6.175000000000000000e+01,9.557212381901056860e-10
6.176562500000000000e+01,1.004190845841103472e-09
6.178125000000000000e+01,1.072318106669680414e-09
6.179687500000000000e+01,1.093783349534814048e-09
6.181250000000000000e+01,1.033407511172709179e-09
6.182812500000000000e+01,9.420569540423230979e-10
6.184375000000000000e+01,9.168000364644869085e-10
6.185937500000000000e+01,9.698912342432760146e-10
6.187500000000000000e+01,9.976397923329419171e-10
6.189062500000000000e+01,9.416168485046178532e-10
6.190625000000000000e+01,8.710798505720942505e-10
6.192187500000000000e+01,8.693499016166076377e-10
6.193750000000000000e+01,9.031988239423573369e-10
6.195312500000000000e+01,9.187400807850260599e-10
6.196875000000000000e+01,9.260936611851098552e-10
6.198437500000000000e+01,9.467754519453088836e-10
6.200000000000000000e+01,9.523826207229856970e-10
6.201562500000000000e+01,9.099331992023474260e-10
6.203125000000000000e+01,8.385979563332234161e-10
6.204687500000000000e+01,7.862078676620194321e-10
6.206250000000000000e+01,7.824404551645674785e-10
6.207812500000000000e+01,8.135711292412929666e-10
6.209375000000000000e+01,8.637077125732523266e-10
6.210937500000000000e+01,9.512985652167609533e-10
6.212500000000000000e+01,1.061495706573496153e-09
6.214062500000000000e+01,1.125142694633024439e-09
6.215625000000000000e+01,1.102877112074822889e-09
6.217187500000000000e+01,1.041301320169792675e-09
6.218750000000000000e+01,1.029687663827292840e-09
6.220312500000000000e+01,1.088421612771670048e-09
6.221875000000000000e+01,1.149886576172672645e-09
6.223437500000000000e+01,1.144603333931500017e-09
6.225000000000000000e+01,1.049004336677420511e-09
6.226562500000000000e+01,8.892441997426239073e-10
6.228125000000000000e+01,7.460877975050095259e-10
6.229687500000000000e+01,7.001303355492963003e-10
6.231250000000000000e+01,7.156872047919155774e-10
6.232812500000000000e+01,7.456896129126105285e-10
6.234375000000000000e+01,8.131143038487673961e-10
6.235937500000000000e+01,8.831194944340421676e-10
6.237500000000000000e+01,9.064563631672712655e-10
6.239062500000000000e+01,8.971691539325403500e-10
6.240625000000000000e+01,8.830100993636213806e-10
6.242187500000000000e+01,8.699020790514010877e-10
6.243750000000000000e+01,8.770136731820123033e-10
6.245312500000000000e+01,9.514382131893839272e-10
6.246875000000000000e+01,1.069626207440324779e-09
6.248437500000000000e+01,1.146105104143189257e-09
6.250000000000000000e+01,1.153162715152486583e-09
6.251562500000000000e+01,1.116437638234565537e-09
6.253125000000000000e+01,1.051557462193791028e-09
6.254687500000000000e+01,9.808003982540583912e-10
6.256250000000000000e+01,9.416483011763191003e-10
6.257812500000000000e+01,9.215001644684862913e-10
6.259375000000000000e+01,8.877572123497672335e-10
6.260937500000000000e+01,8.529112916816153396e-10
6.262500000000000000e+01,8.516965452621909015e-10
6.264062500000000000e+01,8.801002347079177726e-10
6.265625000000000000e+01,8.958452876714586283e-10
6.267187500000000000e+01,8.778352162450035245e-10
6.268750000000000000e+01,8.434178272240093889e-10
6.270312500000000000e+01,8.406082535109744338e-10
6.271875000000000000e+01,8.896724632914914386e-10
6.273437500000000000e+01,9.198022644659526817e-10
6.275000000000000000e+01,8.708672561491423504e-10
6.276562500000000000e+01,7.838064046433576843e-10
6.278125000000000000e+01,7.501121850775144970e-10
6.279687500000000000e+01,7.968090580536412394e-10
6.281250000000000000e+01,8.805139607104647593e-10
6.282812500000000000e+01,9.713537206203626993e-10
6.284375000000000000e+01,1.033351586419118589e-09
6.285937500000000000e+01,1.020436423936668775e-09
6.287500000000000000e+01,9.709533308910060639e-10
6.289062500000000000e+01,9.807761523443012122e-10
6.290625000000000000e+01,1.038349444171531205e-09
6.292187500000000000e+01,1.063911769929150456e-09
6.293750000000000000e+01,1.031275360461465648e-09
6.295312500000000000e+01,9.728952045926820621e-10
6.296875000000000000e+01,9.456377549423197463e-10
6.298437500000000000e+01,9.839185265898190053e-10
6.300000000000000000e+01,1.056030235329795912e-09
6.301562500000000000e+01,1.093732626814953291e-09
6.303125000000000000e+01,1.066315252271643961e-09
6.304687500000000000e+01,1.003270265563641730e-09
6.306250000000000000e+01,9.677349671085448179e-10
6.307812500000000000e+01,9.857091940916265777e-10
6.309375000000000000e+01,1.007533731201153108e-09
6.310937500000000000e+01,9.727310366773880406e-10
6.312500000000000000e+01,8.768144418017342289e-10
6.314062500000000000e+01,7.778863463000108462e-10
6.315625000000000000e+01,7.380156281074547789e-10
6.317187500000000000e+01,7.537262962746062036e-10
6.318750000000000000e+01,7.732689276912234655e-10
6.320312500000000000e+01,7.684425465084558193e-10
6.321875000000000000e+01,7.562466099369667117e-10
6.323437500000000000e+01,7.652971343100316844e-10
6.325000000000000000e+01,7.980279720619097400e-10
6.326562500000000000e+01,8.268541409000550486e-10
6.328125000000000000e+01,8.124613037754139316e-10
6.329687500000000000e+01,7.664524185528075048e-10
6.331250000000000000e+01,7.792733666478830938e-10
6.332812500000000000e+01,8.835310986373654081e-10
6.334375000000000000e+01,1.012279888829417496e-09
6.335937500000000000e+01,1.112832507860351748e-09
6.337500000000000000e+01,1.155471742805064002e-09
6.339062500000000000e+01,1.127178724758644245e-09
6.340625000000000000e+01,1.045202057176486130e-09
6.342187500000000000e+01,9.513929900224242888e-10
6.343750000000000000e+01,8.703036507457159457e-10
6.345312500000000000e+01,8.090183208152890911e-10
6.346875000000000000e+01,8.055020473305266478e-10
6.348437500000000000e+01,8.750928164091985941e-10
6.350000000000000000e+01,9.758549274215636066e-10
6.351562500000000000e+01,1.048562018887642098e-09
6.353125000000000000e+01,1.049769212551411283e-09
6.354687500000000000e+01,9.893311727126577299e-10
6.356250000000000000e+01,9.329879031523051334e-10
6.357812500000000000e+01,9.589395301864069858e-10
6.359375000000000000e+01,1.051514779879509579e-09
6.360937500000000000e+01,1.109299852551554031e-09
6.362500000000000000e+01,1.089559827753214478e-09
6.364062500000000000e+01,1.050135848958368859e-09
6.365625000000000000e+01,1.056626971464619068e-09
6.367187500000000000e+01,1.082063206506807499e-09
6.368750000000000000e+01,1.072910293886122455e-09
6.370312500000000000e+01,1.040372281605515196e-09
6.371875000000000000e+01,1.032940045100738652e-09
6.373437500000000000e+01,1.065199484945884277e-09
6.375000000000000000e+01,1.103184697085256602e-09
6.376562500000000000e+01,1.091416922051495881e-09
6.378125000000000000e+01,1.020076529748807279e-09
6.379687500000000000e+01,9.531218809878941670e-10
6.381250000000000000e+01,9.284344077401358124e-10
6.382812500000000000e+01,9.142686623955114500e-10
6.384375000000000000e+01,8.946099473953177075e-10
6.385937500000000000e+01,8.639567223486413667e-10
6.387500000000000000e+01,8.075114519582904224e-10
6.389062500000000000e+01,7.467947266573465402e-10
6.390625000000000000e+01,7.149093607119747309e-10
6.392187500000000000e+01,7.078435267729975311e-10
6.393750000000000000e+01,7.143127654814710219e-10
6.395312500000000000e+01,7.491579609865011169e-10
6.396875000000000000e+01,8.039806851251616291e-10
6.398437500000000000e+01,8.310839657075795716e-10
6.400000000000000000e+01,8.142352769737854103e-10
6.401562500000000000e+01,7.766178485472807887e-10
6.403125000000000000e+01,7.410892983626074092e-10
6.404687500000000000e+01,7.055990146884451931e-10
6.406250000000000000e+01,6.574603891529708810e-10
6.407812500000000000e+01,6.398435138971468473e-10
6.409375000000000000e+01,7.203127115939848395e-10
6.410937500000000000e+01,8.420066795396933941e-10
6.412500000000000000e+01,9.025724572709483678e-10
6.414062500000000000e+01,8.830602995548913633e-10
6.415625000000000000e+01,8.318345021765914666e-10
6.417187500000000000e+01,7.928950318326902082e-10
6.418750000000000000e+01,7.774248704535873540e-10
6.420312500000000000e+01,7.839895819625853572e-10
6.421875000000000000e+01,8.139299670122160499e-10
6.423437500000000000e+01,8.748870296359965549e-10
6.425000000000000000e+01,9.682267354674642784e-10
6.426562500000000000e+01,1.071165521903368679e-09
6.428125000000000000e+01,1.173617820648487612e-09
6.429687500000000000e+01,1.292985302685616238e-09
6.431250000000000000e+01,1.404944255374825047e-09
6.432812500000000000e+01,1.464250891100304504e-09
6.434375000000000000e+01,1.486190945700385183e-09
6.435937500000000000e+01,1.499380159097559534e-09
6.437500000000000000e+01,1.478526450815747908e-09
6.439062500000000000e+01,1.416076510713965952e-09
6.440625000000000000e+01,1.339305710817063488e-09
6.442187500000000000e+01,1.235431155696445564e-09
6.443750000000000000e+01,1.103650188787130119e-09
6.445312500000000000e+01,1.015647513440359327e-09
6.446875000000000000e+01,9.838683107699287065e-10
6.448437500000000000e+01,9.251607070153690821e-10
6.450000000000000000e+01,8.413309315434592963e-10
6.451562500000000000e+01,8.248507930356715815e-10
6.453125000000000000e+01,8.811973883464856758e-10
6.454687500000000000e+01,9.318862569669150800e-10
6.456250000000000000e+01,9.415795071607268027e-10
6.457812500000000000e+01,9.244140635078201784e-10
6.459375000000000000e+01,9.038419662019644840e-10
6.460937500000000000e+01,8.972861368050605653e-10
6.462500000000000000e+01,8.960288157667765250e-10
6.464062500000000000e+01,8.741972904286578818e-10
6.465625000000000000e+01,8.256369145220627591e-10
6.467187500000000000e+01,7.634353491013964451e-10
6.468750000000000000e+01,7.145351030614829058e-10
6.470312500000000000e+01,6.968551641532804302e-10
6.471875000000000000e+01,6.892427368590263606e-10
6.473437500000000000e+01,6.828647980125356623e-10
6.475000000000000000e+01,6.902167575554680448e-10
6.476562500000000000e+01,6.997661017436090000e-10
6.478125000000000000e+01,7.082782419127989967e-10
6.479687500000000000e+01,7.240086603093157030e-10
6.481250000000000000e+01,7.220218162369331877e-10
6.482812500000000000e+01,6.858338212057531129e-10
6.484375000000000000e+01,6.556161988495790053e-10
6.485937500000000000e+01,6.642119872605396266e-10
6.487500000000000000e+01,6.805181732503206649e-10
6.489062500000000000e+01,6.755439243675132356e-10
6.490625000000000000e+01,6.616561976785189516e-10
6.492187500000000000e+01,6.633558407575468425e-10
6.493750000000000000e+01,6.937267842842898238e-10
6.495312500000000000e+01,7.512255614059079858e-10
6.496875000000000000e+01,8.113012677884798499e-10
6.498437500000000000e+01,8.293849130435786361e-10
6.500000000000000000e+01,7.958525002426953788e-10
6.501562500000000000e+01,7.813474210379091957e-10
6.503125000000000000e+01,8.448647361061423278e-10
6.504687500000000000e+01,9.406424020448120951e-10
6.506250000000000000e+01,1.022099487484957781e-09
6.507812500000000000e+01,1.103876157188217029e-09
6.509375000000000000e+01,1.193340858457761082e-09
6.510937500000000000e+01,1.236979998788705458e-09
6.512500000000000000e+01,1.189317931480600218e-09
6.514062500000000000e+01,1.089932402615548528e-09
6.515625000000000000e+01,1.018250702061030604e-09
6.517187500000000000e+01,9.890561403705827716e-10
6.518750000000000000e+01,9.630033192295960176e-10
6.520312500000000000e+01,9.185567200456390172e-10
6.521875000000000000e+01,8.860619525802769486e-10
6.523437500000000000e+01,9.382169171481097804e-10
6.525000000000000000e+01,1.047781637314904255e-09
6.526562500000000000e+01,1.108813363113643169e-09
6.528125000000000000e+01,1.106366201600465450e-09
6.529687500000000000e+01,1.077303449244660908e-09
6.531250000000000000e+01,1.025609213050464808e-09
6.532812500000000000e+01,9.798220422053456341e-10
6.534375000000000000e+01,1.001717746242524868e-09
6.535937500000000000e+01,1.069490307087007714e-09
6.537500000000000000e+01,1.103026977787372774e-09
6.539062500000000000e+01,1.096772940030738233e-09
6.540625000000000000e+01,1.114920459199843476e-09
6.542187500000000000e+01,1.188913749612830813e-09
6.543750000000000000e+01,1.283034901041593039e-09
6.545312500000000000e+01,1.347927533030740625e-09
6.546875000000000000e+01,1.353708921087391387e-09
6.548437500000000000e+01,1.295474178026917692e-09
6.550000000000000000e+01,1.201054864218218331e-09
6.551562500000000000e+01,1.102212309301277449e-09
6.553125000000000000e+01,9.997818714698020222e-10
6.554687500000000000e+01,9.035746775188198224e-10
6.556250000000000000e+01,8.619697840192593513e-10
6.557812500000000000e+01,8.870056206356865950e-10
6.559375000000000000e+01,9.301055470582283471e-10
6.560937500000000000e+01,9.585258960163591060e-10
6.562500000000000000e+01,9.583503333137230942e-10
6.564062500000000000e+01,9.193020666355360589e-10
6.565625000000000000e+01,8.563357903077486427e-10
6.567187500000000000e+01,8.215511490377676517e-10
6.568750000000000000e+01,8.738716964763924943e-10
6.570312500000000000e+01,9.848593354540204997e-10
6.571875000000000000e+01,1.069843108958705235e-09
6.573437500000000000e+01,1.098412310021978072e-09
6.575000000000000000e+01,1.076465918166552650e-09
6.576562500000000000e+01,1.003270885529908757e-09
6.578125000000000000e+01,9.134899515811630829e-10
6.579687500000000000e+01,8.908257875791652328e-10
6.581250000000000000e+01,9.544407640855291476e-10
6.582812500000000000e+01,1.024151364625000984e-09
6.584375000000000000e+01,1.022450749346621151e-09
6.585937500000000000e+01,9.447782923845790557e-10
6.587500000000000000e+01,8.634033783019116280e-10
6.589062500000000000e+01,8.548292600176163062e-10
6.590625000000000000e+01,9.149253397059542357e-10
6.592187500000000000e+01,9.882177150196957712e-10
6.593750000000000000e+01,1.027448949886086145e-09
6.595312500000000000e+01,1.017823166310368285e-09
6.596875000000000000e+01,9.984491620879721782e-10
6.598437500000000000e+01,1.041377456238569286e-09
6.600000000000000000e+01,1.160756307554993007e-09
6.601562500000000000e+01,1.293232780965388087e-09
6.603125000000000000e+01,1.390684568168191874e-09
6.604687500000000000e+01,1.456594197242344785e-09
6.606250000000000000e+01,1.475196333028266266e-09
6.607812500000000000e+01,1.412333671782100074e-09
6.609375000000000000e+01,1.301263460827602908e-09
6.610937500000000000e+01,1.211385886489376188e-09
6.612500000000000000e+01,1.167109923034645223e-09
6.614062500000000000e+01,1.135835330254167744e-09
6.615625000000000000e+01,1.062461966675532329e-09
6.617187500000000000e+01,9.450670696136341737e-10
6.618750000000000000e+01,8.825698931176371211e-10
6.620312500000000000e+01,9.495344099476040302e-10
6.621875000000000000e+01,1.037372967005737603e-09
6.623437500000000000e+01,1.030019014332797547e-09
6.625000000000000000e+01,9.385980191176031324e-10
6.626562500000000000e+01,8.494682576008405615e-10
6.628125000000000000e+01,8.301300178160386549e-10
6.629687500000000000e+01,8.665678151485755173e-10
6.631250000000000000e+01,8.879884846839468241e-10
6.632812500000000000e+01,8.398160590473563819e-10
6.634375000000000000e+01,7.323452610246941145e-10
6.635937500000000000e+01,6.387683397676267740e-10
6.637500000000000000e+01,6.090121675372693848e-10
6.639062500000000000e+01,6.140645018901496114e-10
6.640625000000000000e+01,6.301205442882681993e-10
6.642187500000000000e+01,6.474587348794580771e-10
6.643750000000000000e+01,6.282795384081718134e-10
6.645312500000000000e+01,5.592561687019791763e-10
6.646875000000000000e+01,5.096408216195188709e-10
6.648437500000000000e+01,5.374581094206665635e-10
6.650000000000000000e+01,6.029739506745994506e-10
6.651562500000000000e+01,6.639696110743008756e-10
6.653125000000000000e+01,6.877494376512267671e-10
6.654687500000000000e+01,6.595891312652899438e-10
6.656250000000000000e+01,6.196686711624666534e-10
6.657812500000000000e+01,6.327013559055082418e-10
6.659375000000000000e+01,7.009134923397878424e-10
6.660937500000000000e+01,7.587704779550124757e-10
6.662500000000000000e+01,7.604332584369644511e-10
6.664062500000000000e+01,7.301961652777036591e-10
6.665625000000000000e+01,7.318566919525994716e-10
6.667187500000000000e+01,7.777373603707059242e-10
6.668750000000000000e+01,8.246839887198995174e-10
6.670312500000000000e+01,8.422121785728292265e-10
6.671875000000000000e+01,8.303148019203705985e-10
6.673437500000000000e+01,8.050345200821968691e-10
6.675000000000000000e+01,7.781914263562241538e-10
6.676562500000000000e+01,7.585255984200951725e-10
6.678125000000000000e+01,7.659160065474051862e-10
6.679687500000000000e+01,7.965845591598836263e-10
6.681250000000000000e+01,8.188255227040163576e-10
6.682812500000000000e+01,8.330443420922714147e-10
6.684375000000000000e+01,8.540280068616031609e-10
6.685937500000000000e+01,8.683993333581483873e-10
6.687500000000000000e+01,8.828555335170562951e-10
6.689062500000000000e+01,9.365706017913508008e-10
6.690625000000000000e+01,1.008525942211344882e-09
6.692187500000000000e+01,1.040444410209723555e-09
6.693750000000000000e+01,1.022900636449160142e-09
6.695312500000000000e+01,9.681145111367019923e-10
6.696875000000000000e+01,8.836325754210847402e-10
6.698437500000000000e+01,7.960227903682781047e-10
6.700000000000000000e+01,7.194317411056110157e-10
6.701562500000000000e+01,6.283686159436110456e-10
6.703125000000000000e+01,5.204606012002080131e-10
6.704687500000000000e+01,4.501387312339509564e-10
6.706250000000000000e+01,4.559660791914037470e-10
6.707812500000000000e+01,4.998393072187368463e-10
6.709375000000000000e+01,5.271738813911245057e-10
6.710937500000000000e+01,5.222426584733674638e-10
6.712500000000000000e+01,5.080718091545698002e-10
6.714062500000000000e+01,5.014046564519978995e-10
6.715625000000000000e+01,5.030800574145670095e-10
6.717187500000000000e+01,5.084687467527821687e-10
6.718750000000000000e+01,5.281562217412197169e-10
6.720312500000000000e+01,5.934793071965598232e-10
6.721875000000000000e+01,6.700507385943203539e-10
6.723437500000000000e+01,6.848994967017095675e-10
6.725000000000000000e+01,6.242456180027908362e-10
6.726562500000000000e+01,5.475403575501999821e-10
6.728125000000000000e+01,5.351378596190024245e-10
6.729687500000000000e+01,5.826984593302833801e-10
6.731250000000000000e+01,6.376062503277781526e-10
6.732812500000000000e+01,6.878789565581157669e-10
6.734375000000000000e+01,7.171737525047966474e-10
6.735937500000000000e+01,6.971125712036678949e-10
6.737500000000000000e+01,6.249673485390196918e-10
6.739062500000000000e+01,5.312493668123146356e-10
6.740625000000000000e+01,4.740382517946715393e-10
6.742187500000000000e+01,4.881485055966632365e-10
6.743750000000000000e+01,5.426227220372054889e-10
6.745312500000000000e+01,5.945283367591655672e-10
6.746875000000000000e+01,6.178267372022157237e-10
6.748437500000000000e+01,6.136015594181745488e-10
6.750000000000000000e+01,5.890434906199145876e-10
6.751562500000000000e+01,5.343260965189116722e-10
6.753125000000000000e+01,4.748804622569711934e-10
6.754687500000000000e+01,4.782487927176859428e-10
6.756250000000000000e+01,5.390348996114437560e-10
6.757812500000000000e+01,5.799982659442021516e-10
6.759375000000000000e+01,5.614662790221803876e-10
6.760937500000000000e+01,5.114867548596348723e-10
6.762500000000000000e+01,4.850901773286138036e-10
6.764062500000000000e+01,4.973346764042168648e-10
6.765625000000000000e+01,5.255193954702008459e-10
6.767187500000000000e+01,5.480541630420799600e-10
6.768750000000000000e+01,5.475182799799509795e-10
6.770312500000000000e+01,5.219828223633998081e-10
6.771875000000000000e+01,5.165407737919990776e-10
6.773437500000000000e+01,5.890920787159163956e-10
6.775000000000000000e+01,7.088407524145159467e-10
6.776562500000000000e+01,8.138611260133587715e-10
6.778125000000000000e+01,8.862730894501532914e-10
6.779687500000000000e+01,9.228841718284882111e-10
6.781250000000000000e+01,9.253570892231524596e-10
6.782812500000000000e+01,9.146010458168691110e-10
6.784375000000000000e+01,8.977992930741710269e-10
6.785937500000000000e+01,8.810747799290914227e-10
6.787500000000000000e+01,8.950045942182074158e-10
6.789062500000000000e+01,9.257916716668130436e-10
6.790625000000000000e+01,9.307153429798888859e-10
6.792187500000000000e+01,9.026323482062810090e-10
6.793750000000000000e+01,8.521816590684835809e-10
6.795312500000000000e+01,8.038265098409449229e-10
6.796875000000000000e+01,7.858588013454902716e-10
6.798437500000000000e+01,7.919258399516074026e-10
6.800000000000000000e+01,8.051063321999240753e-10
6.801562500000000000e+01,8.143824823580245596e-10
6.803125000000000000e+01,8.007654644690911622e-10
6.804687500000000000e+01,7.609947639540312575e-10
6.806250000000000000e+01,7.250494885545676366e-10
6.807812500000000000e+01,7.288964477639734757e-10
6.809375000000000000e+01,7.964855855838580794e-10
6.810937500000000000e+01,9.308251244218982323e-10
6.812500000000000000e+01,1.091257482363237181e-09
6.814062500000000000e+01,1.213251886869323281e-09
6.815625000000000000e+01,1.242110109620483785e-09
6.817187500000000000e+01,1.166188983196590144e-09
6.818750000000000000e+01,1.043314457977793215e-09
6.820312500000000000e+01,9.477185630593067197e-10
6.821875000000000000e+01,8.811253510022324022e-10
6.823437500000000000e+01,8.266583378630112151e-10
6.825000000000000000e+01,8.122904714018535061e-10
6.826562500000000000e+01,8.314242028881634617e-10
6.828125000000000000e+01,8.342151432497264830e-10
6.829687500000000000e+01,8.215233281442704631e-10
6.831250000000000000e+01,8.304234680693728191e-10
6.832812500000000000e+01,8.555140699266331231e-10
6.834375000000000000e+01,8.550441805432706008e-10
6.835937500000000000e+01,8.191506482797405108e-10
6.837500000000000000e+01,7.933597284733323781e-10
6.839062500000000000e+01,8.001518049523075051e-10
6.840625000000000000e+01,7.896719410734281262e-10
6.842187500000000000e+01,7.232520989379321539e-10
6.843750000000000000e+01,6.304689148396250037e-10
6.845312500000000000e+01,5.569406677346655230e-10
6.846875000000000000e+01,5.035781961721101259e-10
6.848437500000000000e+01,4.612217522724149918e-10
6.850000000000000000e+01,4.352537659836968765e-10
6.851562500000000000e+01,4.157850063302150425e-10
6.853125000000000000e+01,3.987207897642030136e-10
6.854687500000000000e+01,4.079384323638648754e-10
6.856250000000000000e+01,4.416825217156827355e-10
6.857812500000000000e+01,4.661860698640852178e-10
6.859375000000000000e+01,4.759191644711282709e-10
6.860937500000000000e+01,4.998487024506803337e-10
6.862500000000000000e+01,5.619022911278632048e-10
6.864062500000000000e+01,6.565726873863842270e-10
6.865625000000000000e+01,7.608386387096874473e-10
6.867187500000000000e+01,8.424175137677560378e-10
6.868750000000000000e+01,8.610627787280597776e-10
6.870312500000000000e+01,8.226259086260098451e-10
6.871875000000000000e+01,7.938132391181291323e-10
6.873437500000000000e+01,8.083002593832278833e-10
6.875000000000000000e+01,8.224411224022975530e-10
6.876562500000000000e+01,7.993926514306101973e-10
6.878125000000000000e+01,7.596465661023945200e-10
6.879687500000000000e+01,7.258299865086534639e-10
6.881250000000000000e+01,6.799799232085020934e-10
6.882812500000000000e+01,6.121894935274370022e-10
6.884375000000000000e+01,5.568262156822398774e-10
6.885937500000000000e+01,5.565361964147682885e-10
6.887500000000000000e+01,5.782460579377490552e-10
6.889062500000000000e+01,5.595235877703749985e-10
6.890625000000000000e+01,5.072492564926053028e-10
6.892187500000000000e+01,4.719410486031192645e-10
6.893750000000000000e+01,4.747576270381370368e-10
6.895312500000000000e+01,5.071144936563689499e-10
6.896875000000000000e+01,5.539132825455536584e-10
6.898437500000000000e+01,5.988644028377150503e-10
6.900000000000000000e+01,6.393579827178595321e-10
6.901562500000000000e+01,6.937622716377775678e-10
6.903125000000000000e+01,7.705957977247867975e-10
6.904687500000000000e+01,8.307452513704496634e-10
6.906250000000000000e+01,8.363189877132247771e-10
6.907812500000000000e+01,8.175131132063371375e-10
6.909375000000000000e+01,8.334536161848709071e-10
6.910937500000000000e+01,8.743282314522988823e-10
6.912500000000000000e+01,8.865812525154711717e-10
6.914062500000000000e+01,8.351352945443248145e-10
6.915625000000000000e+01,7.194731850692858062e-10
6.917187500000000000e+01,5.969705677370002242e-10
6.918750000000000000e+01,5.566094567658032945e-10
6.920312500000000000e+01,6.320676983670274538e-10
6.921875000000000000e+01,7.768571463963715984e-10
6.923437500000000000e+01,9.066389509468239753e-10
6.925000000000000000e+01,9.765433758939657908e-10
6.926562500000000000e+01,1.009277037182391741e-09
6.928125000000000000e+01,1.030492454926017485e-09
6.929687500000000000e+01,1.043018865626138700e-09
6.931250000000000000e+01,1.044529436365756851e-09
6.932812500000000000e+01,1.032925622311404433e-09
6.934375000000000000e+01,1.027374537369008442e-09
6.935937500000000000e+01,1.048469943835104355e-09
6.937500000000000000e+01,1.064083396434817603e-09
6.939062500000000000e+01,1.027231845825740312e-09
6.940625000000000000e+01,9.515210211846645324e-10
6.942187500000000000e+01,8.807280213797017831e-10
6.943750000000000000e+01,8.203279897931671477e-10
6.945312500000000000e+01,7.570284691610549446e-10
6.946875000000000000e+01,7.110176175742070726e-10
6.948437500000000000e+01,7.040261473615105784e-10
6.950000000000000000e+01,7.027132791927468687e-10
6.951562500000000000e+01,6.911597421443172586e-10
6.953125000000000000e+01,7.170717199203843793e-10
6.954687500000000000e+01,7.835519242091823936e-10
6.956250000000000000e+01,8.319580675059648135e-10
6.957812500000000000e+01,8.391753492648583864e-10
6.959375000000000000e+01,8.230654446202494539e-10
6.960937500000000000e+01,8.005393965008826207e-10
6.962500000000000000e+01,7.765228852443687489e-10
6.964062500000000000e+01,7.567559394776018275e-10
6.965625000000000000e+01,7.470136283206218628e-10
6.967187500000000000e+01,7.692500221050189340e-10
6.968750000000000000e+01,8.448054024579390489e-10
6.970312500000000000e+01,9.344599785005469675e-10
6.971875000000000000e+01,9.835520880832033018e-10
6.973437500000000000e+01,9.874065577625179931e-10
6.975000000000000000e+01,9.862152284192836799e-10
6.976562500000000000e+01,1.012413130478907079e-09
6.978125000000000000e+01,1.054739128847946964e-09
6.979687500000000000e+01,1.083208230995008734e-09
6.981250000000000000e+01,1.086390165913227476e-09
6.982812500000000000e+01,1.098297516094489834e-09
6.984375000000000000e+01,1.147699345301132988e-09
6.985937500000000000e+01,1.174891306195758216e-09
6.987500000000000000e+01,1.127387196717959200e-09
6.989062500000000000e+01,1.051174402225325080e-09
6.990625000000000000e+01,1.007694576224638490e-09
6.992187500000000000e+01,9.765091256966956646e-10
6.993750000000000000e+01,9.229361672638007041e-10
6.995312500000000000e+01,8.843309703722953455e-10
6.996875000000000000e+01,8.938958581463142499e-10
6.998437500000000000e+01,9.128152768192018817e-10
7.000000000000000000e+01,9.181193908752384637e-10
7.001562500000000000e+01,9.306927555479823281e-10
7.003125000000000000e+01,9.631142482179079298e-10
7.004687500000000000e+01,1.029370535679435958e-09
7.006250000000000000e+01,1.132739240465145666e-09
7.007812500000000000e+01,1.228702942013006858e-09
7.009375000000000000e+01,1.287376984608038259e-09
7.010937500000000000e+01,1.317514645518010118e-09
7.012500000000000000e+01,1.321055329302364832e-09
7.014062500000000000e+01,1.322623121773808764e-09
7.015625000000000000e+01,1.334873857704553113e-09
7.017187500000000000e+01,1.307428806385018659e-09
7.018750000000000000e+01,1.225728562876759492e-09
7.020312500000000000e+01,1.150778241531830597e-09
7.021875000000000000e+01,1.133850927682331715e-09
7.023437500000000000e+01,1.135205040579738717e-09
7.025000000000000000e+01,1.124667302507612681e-09
7.026562500000000000e+01,1.156498265847093655e-09
7.028125000000000000e+01,1.215879729266845401e-09
7.029687500000000000e+01,1.230835528547195397e-09
7.031250000000000000e+01,1.199623418718159123e-09
7.032812500000000000e+01,1.128849416002077680e-09
7.034375000000000000e+01,1.005984663731212135e-09
7.035937500000000000e+01,8.708157578521859698e-10
7.037500000000000000e+01,8.094840578571892148e-10
7.039062500000000000e+01,8.485405225283657284e-10
7.040625000000000000e+01,9.178557255134433670e-10
7.042187500000000000e+01,9.395450705159562720e-10
7.043750000000000000e+01,8.835257210554035783e-10
7.045312500000000000e+01,7.891537968803783594e-10
7.046875000000000000e+01,7.526087045734771076e-10
7.048437500000000000e+01,8.096167630533463419e-10
7.050000000000000000e+01,8.809416435526487334e-10
7.051562500000000000e+01,9.009281284676060946e-10
7.053125000000000000e+01,8.704196555363634437e-10
7.054687500000000000e+01,8.288675108308394652e-10
7.056250000000000000e+01,8.072881211443025425e-10
7.057812500000000000e+01,8.163297115779764342e-10
7.059375000000000000e+01,8.708893361061279527e-10
7.060937500000000000e+01,9.466321041702425507e-10
7.062500000000000000e+01,9.895849056695036936e-10
7.064062500000000000e+01,9.864606422214347708e-10
7.065625000000000000e+01,9.814258269157642616e-10
7.067187500000000000e+01,1.020750448440829846e-09
7.068750000000000000e+01,1.083327090919317246e-09
7.070312500000000000e+01,1.121007855716953314e-09
7.071875000000000000e+01,1.123084906460667005e-09
7.073437500000000000e+01,1.107816650037927031e-09
7.075000000000000000e+01,1.082888652768111482e-09
7.076562500000000000e+01,1.034734054294849180e-09
7.078125000000000000e+01,9.765345484058820705e-10
7.079687500000000000e+01,9.437693539944712446e-10
7.081250000000000000e+01,9.294944565231972180e-10
7.082812500000000000e+01,9.151010751494538611e-10
7.084375000000000000e+01,8.876097620489439183e-10
7.085937500000000000e+01,8.089640802045666708e-10
7.087500000000000000e+01,6.773675602027202510e-10
7.089062500000000000e+01,5.670550780162477077e-10
7.090625000000000000e+01,5.241293632143398718e-10
7.092187500000000000e+01,5.050720071171059455e-10
7.093750000000000000e+01,4.958152933042918206e-10
7.095312500000000000e+01,5.300042877295207532e-10
7.096875000000000000e+01,6.011268110044614733e-10
7.098437500000000000e+01,6.536639037119701009e-10
7.100000000000000000e+01,6.456406498375322731e-10
7.101562500000000000e+01,5.955188027205978176e-10
7.103125000000000000e+01,5.676794313305250739e-10
7.104687500000000000e+01,5.878936931090878080e-10
7.106250000000000000e+01,6.202258318461315440e-10
7.107812500000000000e+01,6.429584291782826638e-10
7.109375000000000000e+01,6.787151003101009112e-10
7.110937500000000000e+01,7.531001696346968244e-10
7.112500000000000000e+01,8.348169130329039401e-10
7.114062500000000000e+01,8.726667898255259127e-10
7.115625000000000000e+01,8.771546622841669195e-10
7.117187500000000000e+01,8.917007417257196358e-10
7.118750000000000000e+01,8.933994524510472729e-10
7.120312500000000000e+01,8.504682145316596123e-10
7.121875000000000000e+01,8.056137407562537891e-10
7.123437500000000000e+01,7.808736711931151045e-10
7.125000000000000000e+01,7.572385735973970091e-10
7.126562500000000000e+01,7.639106480364764042e-10
7.128125000000000000e+01,8.087348313228952372e-10
7.129687500000000000e+01,8.316874901789896170e-10
7.131250000000000000e+01,7.945600953135823128e-10
7.132812500000000000e+01,7.152403824326162142e-10
7.134375000000000000e+01,6.432747830468206139e-10
7.135937500000000000e+01,6.111861454767702863e-10
7.137500000000000000e+01,6.043012417212338291e-10
7.139062500000000000e+01,5.960550883143962185e-10
7.140625000000000000e+01,5.796223231126086860e-10
7.142187500000000000e+01,5.627775389088154885e-10
7.143750000000000000e+01,5.576404658304084295e-10
7.145312500000000000e+01,5.857857403590487539e-10
7.146875000000000000e+01,6.631537709555611865e-10
7.148437500000000000e+01,7.600214687814007899e-10
7.150000000000000000e+01,8.233082259955290065e-10
7.151562500000000000e+01,8.325922479813528896e-10
7.153125000000000000e+01,8.259141428007517987e-10
7.154687500000000000e+01,8.459067119554726010e-10
7.156250000000000000e+01,8.649393463359568577e-10
7.157812500000000000e+01,8.588293477409156912e-10
7.159375000000000000e+01,8.873822877649878217e-10
7.160937500000000000e+01,9.808511076251702117e-10
7.162500000000000000e+01,1.067176195855077007e-09
7.164062500000000000e+01,1.087926414631856072e-09
7.165625000000000000e+01,1.061261848634870421e-09
7.167187500000000000e+01,1.028950384472676710e-09
7.168750000000000000e+01,9.957628835976530092e-10
7.170312500000000000e+01,9.704545755471480299e-10
7.171875000000000000e+01,9.652557621476284291e-10
7.173437500000000000e+01,9.417814095219637455e-10
7.175000000000000000e+01,8.817932489852577490e-10
7.176562500000000000e+01,8.377581239102314521e-10
7.178125000000000000e+01,8.521296844990340638e-10
7.179687500000000000e+01,9.066627784894408436e-10
7.181250000000000000e+01,9.458369664161844292e-10
7.182812500000000000e+01,9.202237739905076601e-10
7.184375000000000000e+01,8.501265465412294435e-10
7.185937500000000000e+01,7.941592246820635536e-10
7.187500000000000000e+01,7.533112831713756977e-10
7.189062500000000000e+01,7.025136961865200777e-10
7.190625000000000000e+01,6.698847683993080287e-10
7.192187500000000000e+01,6.965016172216074457e-10
7.193750000000000000e+01,7.444940777072480321e-10
7.195312500000000000e+01,7.643126365527849687e-10
7.196875000000000000e+01,7.680373825239725627e-10
7.198437500000000000e+01,7.786961463669100695e-10
7.200000000000000000e+01,8.098426074847158232e-10
7.201562500000000000e+01,8.727041615501962502e-10
7.203125000000000000e+01,9.409073272481846597e-10
7.204687500000000000e+01,9.839100173079202787e-10
7.206250000000000000e+01,1.001763944484374234e-09
7.207812500000000000e+01,1.007925375802167733e-09
7.209375000000000000e+01,1.031486774777366125e-09
7.210937500000000000e+01,1.071681343560379059e-09
7.212500000000000000e+01,1.086908869230379634e-09
7.214062500000000000e+01,1.071731393149014314e-09
7.215625000000000000e+01,1.048797324580488024e-09
7.217187500000000000e+01,1.009177639990988339e-09
7.218750000000000000e+01,9.294908871168718981e-10
7.220312500000000000e+01,8.196589273135621442e-10
7.221875000000000000e+01,7.194348214295607615e-10
7.223437500000000000e+01,6.671249325064840296e-10
7.225000000000000000e+01,6.685222650247119604e-10
7.226562500000000000e+01,6.854272272029998550e-10
7.228125000000000000e+01,6.838611443451844784e-10
7.229687500000000000e+01,6.727970512306014400e-10
7.231250000000000000e+01,6.667647448860357330e-10
7.232812500000000000e+01,6.505848696983129851e-10
7.234375000000000000e+01,6.193285241465429777e-10
7.235937500000000000e+01,6.045789399942142108e-10
7.237500000000000000e+01,6.415979429489193173e-10
7.239062500000000000e+01,7.146272969362213524e-10
7.240625000000000000e+01,7.732743781263283055e-10
7.242187500000000000e+01,7.983112302941430539e-10
7.243750000000000000e+01,8.022633871079357488e-10
7.245312500000000000e+01,8.193377831811103205e-10
7.246875000000000000e+01,8.854894866633459481e-10
7.248437500000000000e+01,9.617456066289153690e-10
7.250000000000000000e+01,9.898280331350447094e-10
7.251562500000000000e+01,9.954998522384076879e-10
7.253125000000000000e+01,1.029387227804366901e-09
7.254687500000000000e+01,1.055770047253812045e-09
7.256250000000000000e+01,1.008928829763512898e-09
7.257812500000000000e+01,9.029602361184304562e-10
7.259375000000000000e+01,8.254420445923191813e-10
7.260937500000000000e+01,8.099721956113213204e-10
7.262500000000000000e+01,7.983516089621114374e-10
7.264062500000000000e+01,7.740800166580724158e-10
7.265625000000000000e+01,7.921952990198904067e-10
7.267187500000000000e+01,8.654831027820377867e-10
7.268750000000000000e+01,9.336870317842468961e-10
7.270312500000000000e+01,9.738512540513675698e-10
7.271875000000000000e+01,1.006559763217335590e-09
7.273437500000000000e+01,1.009982982887277753e-09
7.275000000000000000e+01,9.614894970064958171e-10
7.276562500000000000e+01,9.072015688103886451e-10
7.278125000000000000e+01,8.731993810476367285e-10
7.279687500000000000e+01,8.223887861139412344e-10
7.281250000000000000e+01,7.480585639853752120e-10
7.282812500000000000e+01,6.731630694522533092e-10
7.284375000000000000e+01,5.988692235261751643e-10
7.285937500000000000e+01,5.236690562479948326e-10
7.287500000000000000e+01,4.616170189696522646e-10
7.289062500000000000e+01,4.262954145251117978e-10
7.290625000000000000e+01,4.162889712869529079e-10
7.292187500000000000e+01,4.264117119344609650e-10
7.293750000000000000e+01,4.527711764762619405e-10
7.295312500000000000e+01,4.712189303433186687e-10
7.296875000000000000e+01,4.681326299443110438e-10
7.298437500000000000e+01,4.503588849732275552e-10
7.300000000000000000e+01,4.239303115879374212e-10
7.301562500000000000e+01,4.086656181811989664e-10
7.303125000000000000e+01,4.131213916622611668e-10
7.304687500000000000e+01,4.212854588473741610e-10
7.306250000000000000e+01,4.375027787973311046e-10
7.307812500000000000e+01,4.653827557532885882e-10
7.309375000000000000e+01,4.853139044826348981e-10
7.310937500000000000e+01,4.862563580561279922e-10
7.312500000000000000e+01,4.793365310912480673e-10
7.314062500000000000e+01,4.732210690285404310e-10
7.315625000000000000e+01,4.598067078369145433e-10
7.317187500000000000e+01,4.533174275657024483e-10
7.318750000000000000e+01,4.810732093031707518e-10
7.320312500000000000e+01,5.219717616209003118e-10
7.321875000000000000e+01,5.431035028876449137e-10
7.323437500000000000e+01,5.399710963242379562e-10
7.325000000000000000e+01,5.283998782799093886e-10
7.326562500000000000e+01,5.340913910535663513e-10
7.328125000000000000e+01,5.591583625024046716e-10
7.329687500000000000e+01,5.682813180824844080e-10
7.331250000000000000e+01,5.444919173603880009e-10
7.332812500000000000e+01,5.315697904537739659e-10
7.334375000000000000e+01,5.663494323327962117e-10
7.335937500000000000e+01,6.135661896603096656e-10
7.337500000000000000e+01,6.364134080794201751e-10
7.339062500000000000e+01,6.298258250415961196e-10
7.340625000000000000e+01,6.220900526868037958e-10
7.342187500000000000e+01,6.506354086744754979e-10
7.343750000000000000e+01,7.001794619605284070e-10
7.345312500000000000e+01,7.430129139066452397e-10
7.346875000000000000e+01,7.899196749261880866e-10
7.348437500000000000e+01,8.532406232884109409e-10
7.350000000000000000e+01,9.176249151567722913e-10
7.351562500000000000e+01,9.424483250018630910e-10
7.353125000000000000e+01,8.937291196198828836e-10
7.354687500000000000e+01,8.032946128328027256e-10
7.356250000000000000e+01,7.488389917575344493e-10
7.357812500000000000e+01,7.347514953686951943e-10
7.359375000000000000e+01,7.106142234668651876e-10
7.360937500000000000e+01,6.840441064078957647e-10
7.362500000000000000e+01,6.733224094961154752e-10
7.364062500000000000e+01,6.605731430567457127e-10
7.365625000000000000e+01,6.562059353759118553e-10
7.367187500000000000e+01,6.844673548577937143e-10
7.368750000000000000e+01,7.184059975742570476e-10
7.370312500000000000e+01,7.392929702021132422e-10
7.371875000000000000e+01,7.746695237935648597e-10
7.373437500000000000e+01,8.190197459404937397e-10
7.375000000000000000e+01,8.308023410946886996e-10
7.376562500000000000e+01,7.988422631424433695e-10
7.378125000000000000e+01,7.435185902717113137e-10
7.379687500000000000e+01,6.891010740007351730e-10
7.381250000000000000e+01,6.599563840326320116e-10
7.382812500000000000e+01,6.686926229353559534e-10
7.384375000000000000e+01,6.913938778579584637e-10
7.385937500000000000e+01,6.976304649344768549e-10
7.387500000000000000e+01,6.829232827711553337e-10
7.389062500000000000e+01,6.580359250683207531e-10
7.390625000000000000e+01,6.359145719866046441e-10
7.392187500000000000e+01,6.217733883963973892e-10
7.393750000000000000e+01,6.108173397448310206e-10
7.395312500000000000e+01,5.987423358818228219e-10
7.396875000000000000e+01,6.001678396708514967e-10
7.398437500000000000e+01,6.342352520868894276e-10
7.400000000000000000e+01,6.832911171001369519e-10
7.401562500000000000e+01,7.025014223618417943e-10
7.403125000000000000e+01,6.698946181110214577e-10
7.404687500000000000e+01,6.197350996833277180e-10
7.406250000000000000e+01,5.879694694996572699e-10
7.407812500000000000e+01,5.636258091895947083e-10
7.409375000000000000e+01,5.629984345371184945e-10
7.410937500000000000e+01,6.079008569174648614e-10
7.412500000000000000e+01,6.598317553473843690e-10
7.414062500000000000e+01,7.048105828605184278e-10
7.415625000000000000e+01,7.776036442165929446e-10
7.417187500000000000e+01,8.589384209920635852e-10
7.418750000000000000e+01,8.885019016825313452e-10
7.420312500000000000e+01,8.651848188338063105e-10
7.421875000000000000e+01,8.308784157670870788e-10
7.423437500000000000e+01,7.984729399313695491e-10
7.425000000000000000e+01,7.518147187087528113e-10
7.426562500000000000e+01,6.931042175153703966e-10
7.428125000000000000e+01,6.580707487518433038e-10
7.429687500000000000e+01,6.744093005627827055e-10
7.431250000000000000e+01,7.175323606358404712e-10
7.432812500000000000e+01,7.339821312496637922e-10
7.434375000000000000e+01,7.047977404609218388e-10
7.435937500000000000e+01,6.767938583763238945e-10
7.437500000000000000e+01,7.023818822831284103e-10
7.439062500000000000e+01,7.483664931415985168e-10
7.440625000000000000e+01,7.466292520138864939e-10
7.442187500000000000e+01,6.957622129953606940e-10
7.443750000000000000e+01,6.772172016888151598e-10
7.445312500000000000e+01,7.504461001377002668e-10
7.446875000000000000e+01,8.486971918395971245e-10
7.448437500000000000e+01,8.848740297395551822e-10
7.450000000000000000e+01,8.402754935585965361e-10
7.451562500000000000e+01,7.532973132685308659e-10
7.453125000000000000e+01,6.834902087818154433e-10
7.454687500000000000e+01,6.783547123683076687e-10
7.456250000000000000e+01,7.468653767924401074e-10
7.457812500000000000e+01,8.464938442124250075e-10
7.459375000000000000e+01,9.309923601820559132e-10
7.460937500000000000e+01,1.006897012689326325e-09
7.462500000000000000e+01,1.117206327114924201e-09
7.464062500000000000e+01,1.257908069703048712e-09
7.465625000000000000e+01,1.365760115731926879e-09
7.467187500000000000e+01,1.390771082994846698e-09
7.468750000000000000e+01,1.337419482008435968e-09
7.470312500000000000e+01,1.272207280236571148e-09
7.471875000000000000e+01,1.288623046608218465e-09
7.473437500000000000e+01,1.387713374327432884e-09
7.475000000000000000e+01,1.469060847493406536e-09
7.476562500000000000e+01,1.483497843895191839e-09
7.478125000000000000e+01,1.489377419422428752e-09
7.479687500000000000e+01,1.529049399794623899e-09
7.481250000000000000e+01,1.535569904848894154e-09
7.482812500000000000e+01,1.474877265296059000e-09
7.484375000000000000e+01,1.417792292589906828e-09
7.485937500000000000e+01,1.414947687697910041e-09
7.487500000000000000e+01,1.462872377255796874e-09
7.489062500000000000e+01,1.548809210366402079e-09
7.490625000000000000e+01,1.624979739224813879e-09
7.492187500000000000e+01,1.631584070417474539e-09
7.493750000000000000e+01,1.579061437290961913e-09
7.495312500000000000e+01,1.535762695665745966e-09
7.496875000000000000e+01,1.548197086704843262e-09
7.498437500000000000e+01,1.597141673830048609e-09
7.500000000000000000e+01,1.616118230864839429e-09
7.501562500000000000e+01,1.568110594291285444e-09
7.503125000000000000e+01,1.472294322808835184e-09
7.504687500000000000e+01,1.340525501179076206e-09
7.506250000000000000e+01,1.169187811133819916e-09
7.507812500000000000e+01,9.960423563513954189e-10
7.509375000000000000e+01,8.873228308526964306e-10
7.510937500000000000e+01,8.741126063822381563e-10
7.512500000000000000e+01,9.311264059424698213e-10
7.514062500000000000e+01,9.920557322540882502e-10
7.515625000000000000e+01,1.017913015169404669e-09
7.517187500000000000e+01,1.027257860208492742e-09
7.518750000000000000e+01,1.059342123968473143e-09
7.520312500000000000e+01,1.113675765291670376e-09
7.521875000000000000e+01,1.132117377719582504e-09
7.523437500000000000e+01,1.070310077751278220e-09
7.525000000000000000e+01,9.624043429393160003e-10
7.526562500000000000e+01,8.951094320387052868e-10
7.528125000000000000e+01,8.983682997629568645e-10
7.529687500000000000e+01,9.192974724388814656e-10
7.531250000000000000e+01,9.246920894166028968e-10
7.532812500000000000e+01,9.253202800533852772e-10
7.534375000000000000e+01,9.234023712288182073e-10
7.535937500000000000e+01,9.121897701306368819e-10
7.537500000000000000e+01,9.012676830586790229e-10
7.539062500000000000e+01,8.947514947310498521e-10
7.540625000000000000e+01,8.733773532206585483e-10
7.542187500000000000e+01,8.309883412116356427e-10
7.543750000000000000e+01,8.087346703506920899e-10
7.545312500000000000e+01,8.344031070699747227e-10
7.546875000000000000e+01,8.728852004164082955e-10
7.548437500000000000e+01,8.958188361022255023e-10
7.550000000000000000e+01,9.276350936307224182e-10
7.551562500000000000e+01,1.022456338597283077e-09
7.553125000000000000e+01,1.159105467864501753e-09
7.554687500000000000e+01,1.244361104349700684e-09
7.556250000000000000e+01,1.265698614979016719e-09
7.557812500000000000e+01,1.285826224982069341e-09
7.559375000000000000e+01,1.309313438127949158e-09
7.560937500000000000e+01,1.319089608516635786e-09
7.562500000000000000e+01,1.373004858529223501e-09
7.564062500000000000e+01,1.490059189465709393e-09
7.565625000000000000e+01,1.592774170370839583e-09
7.567187500000000000e+01,1.634243904487848909e-09
7.568750000000000000e+01,1.627249570298239027e-09
7.570312500000000000e+01,1.617319414438602790e-09
7.571875000000000000e+01,1.652407347398862391e-09
7.573437500000000000e+01,1.691324177317967900e-09
7.575000000000000000e+01,1.631483301554103267e-09
7.576562500000000000e+01,1.449895084490186102e-09
7.578125000000000000e+01,1.215614414136890202e-09
7.579687500000000000e+01,1.017118801832939106e-09
7.581250000000000000e+01,9.287173160041575657e-10
7.582812500000000000e+01,9.426491426688913618e-10
7.584375000000000000e+01,9.682441316551953867e-10
7.585937500000000000e+01,9.681651230253390092e-10
7.587500000000000000e+01,9.591185034391432216e-10
7.589062500000000000e+01,9.220373436130608014e-10
7.590625000000000000e+01,8.378812061978288684e-10
7.592187500000000000e+01,7.567802797912774673e-10
7.593750000000000000e+01,7.337981351162455054e-10
7.595312500000000000e+01,7.508241802781388679e-10
7.596875000000000000e+01,7.726778853895920921e-10
7.598437500000000000e+01,7.819824057292097377e-10
7.600000000000000000e+01,7.751184557100210780e-10
7.601562500000000000e+01,7.703833821668638691e-10
7.603125000000000000e+01,7.983610277073173093e-10
7.604687500000000000e+01,8.422165090540935102e-10
7.606250000000000000e+01,8.397796676731085193e-10
7.607812500000000000e+01,7.753007329493080753e-10
7.609375000000000000e+01,6.972748202153398030e-10
7.610937500000000000e+01,6.550341959980076103e-10
7.612500000000000000e+01,6.510786772082661591e-10
7.614062500000000000e+01,6.472308490801758924e-10
7.615625000000000000e+01,6.209467773977057559e-10
7.617187500000000000e+01,6.014055039799255511e-10
7.618750000000000000e+01,6.110488920400492735e-10
7.620312500000000000e+01,6.260205261196527938e-10
7.621875000000000000e+01,6.273193477231281443e-10
7.623437500000000000e+01,6.291413014502850783e-10
7.625000000000000000e+01,6.598306664101889341e-10
7.626562500000000000e+01,7.225330881969313448e-10
7.628125000000000000e+01,7.782000404329734572e-10
7.629687500000000000e+01,8.006204865955247591e-10
7.631250000000000000e+01,8.028284833482644330e-10
7.632812500000000000e+01,8.055681017468713003e-10
7.634375000000000000e+01,8.166675136156548536e-10
7.635937500000000000e+01,8.325778889006172464e-10
7.637500000000000000e+01,8.578087386649869771e-10
7.639062500000000000e+01,9.063288544223179249e-10
7.640625000000000000e+01,9.542481836640069116e-10
7.642187500000000000e+01,9.485074715794583303e-10
7.643750000000000000e+01,8.823947990794451408e-10
7.645312500000000000e+01,8.283738621510321402e-10
7.646875000000000000e+01,8.672139715257296258e-10
7.648437500000000000e+01,9.791775251105962820e-10
7.650000000000000000e+01,1.095121092257227966e-09
7.651562500000000000e+01,1.173122412687114791e-09
7.653125000000000000e+01,1.198585439136948543e-09
7.654687500000000000e+01,1.164018473116214244e-09
7.656250000000000000e+01,1.090358329310297582e-09
7.657812500000000000e+01,1.068065941626281672e-09
7.659375000000000000e+01,1.135943519806592014e-09
7.660937500000000000e+01,1.194939081131108739e-09
7.662500000000000000e+01,1.171209516996044867e-09
7.664062500000000000e+01,1.089749101582129754e-09
7.665625000000000000e+01,1.007005009479472944e-09
7.667187500000000000e+01,9.512999075710555016e-10
7.668750000000000000e+01,9.315941748132618807e-10
7.670312500000000000e+01,9.399703062810773888e-10
7.671875000000000000e+01,9.518174936483498988e-10
7.673437500000000000e+01,9.569024208147686643e-10
7.675000000000000000e+01,9.588364010075893864e-10
7.676562500000000000e+01,9.682445780890625383e-10
7.678125000000000000e+01,1.004368486924510027e-09
7.679687500000000000e+01,1.069416498334840072e-09
7.681250000000000000e+01,1.132508643661622506e-09
7.682812500000000000e+01,1.146544073340766174e-09
7.684375000000000000e+01,1.085407496997156643e-09
7.685937500000000000e+01,9.894200840656243775e-10
7.687500000000000000e+01,9.560696726975354111e-10
7.689062500000000000e+01,1.005814975788184834e-09
7.690625000000000000e+01,1.047824510729029674e-09
7.692187500000000000e+01,1.043415139744139143e-09
7.693750000000000000e+01,1.034139542228324198e-09
7.695312500000000000e+01,1.044049342933405465e-09
7.696875000000000000e+01,1.062159833960310867e-09
7.698437500000000000e+01,1.080719031452122584e-09
7.700000000000000000e+01,1.093786395121441459e-09
7.701562500000000000e+01,1.094204747218259915e-09
7.703125000000000000e+01,1.075850676770461783e-09
7.704687500000000000e+01,1.039626085956144367e-09
7.706250000000000000e+01,9.824908751897071066e-10
7.707812500000000000e+01,9.009962646094641473e-10
7.709375000000000000e+01,8.194355602572359925e-10
7.710937500000000000e+01,7.529533354584739933e-10
7.712500000000000000e+01,6.841959069011810967e-10
7.714062500000000000e+01,6.280020024749865546e-10
7.715625000000000000e+01,6.328775793813433111e-10
7.717187500000000000e+01,6.848949299885854654e-10
7.718750000000000000e+01,7.299666209863355918e-10
7.720312500000000000e+01,7.598943984619250720e-10
7.721875000000000000e+01,7.888014713847958215e-10
7.723437500000000000e+01,8.211504578447403660e-10
7.725000000000000000e+01,8.660860907739685067e-10
7.726562500000000000e+01,9.109434826918151328e-10
7.728125000000000000e+01,9.300879752082682754e-10
7.729687500000000000e+01,9.297785647984075920e-10
7.731250000000000000e+01,9.221135920291128168e-10
7.732812500000000000e+01,9.016343442566857174e-10
7.734375000000000000e+01,8.781452847839160207e-10
7.735937500000000000e+01,8.633284133659199273e-10
7.737500000000000000e+01,8.421727827704562513e-10
7.739062500000000000e+01,7.973629803833629178e-10
7.740625000000000000e+01,7.468795740781136992e-10
7.742187500000000000e+01,7.304088065056565005e-10
7.743750000000000000e+01,7.405184690188208475e-10
7.745312500000000000e+01,7.356272714185716446e-10
7.746875000000000000e+01,7.298796049562825374e-10
7.748437500000000000e+01,7.925837300867829684e-10
7.750000000000000000e+01,9.031071889518851229e-10
7.751562500000000000e+01,9.693697170494171081e-10
7.753125000000000000e+01,9.832601071113370785e-10
7.754687500000000000e+01,9.885146701275835636e-10
7.756250000000000000e+01,9.740630280662536623e-10
7.757812500000000000e+01,9.404739043801049387e-10
7.759375000000000000e+01,9.569904641053401895e-10
7.760937500000000000e+01,1.042444019516527707e-09
7.762500000000000000e+01,1.128518580214328110e-09
7.764062500000000000e+01,1.168451857077273572e-09
7.765625000000000000e+01,1.165216100179302805e-09
7.767187500000000000e+01,1.143505266080619254e-09
7.768750000000000000e+01,1.125917577607678431e-09
7.770312500000000000e+01,1.118948443307609507e-09
7.771875000000000000e+01,1.115106840567059891e-09
7.773437500000000000e+01,1.106054538565685238e-09
7.775000000000000000e+01,1.083687810200515997e-09
7.776562500000000000e+01,1.035011722338908538e-09
7.778125000000000000e+01,9.556847125605148845e-10
7.779687500000000000e+01,8.771682497858955087e-10
7.781250000000000000e+01,8.727223631138411059e-10
7.782812500000000000e+01,9.447158289349642798e-10
7.784375000000000000e+01,9.939771061115716576e-10
7.785937500000000000e+01,9.948346029061044721e-10
7.787500000000000000e+01,1.016908872559669965e-09
7.789062500000000000e+01,1.086752541995762589e-09
7.790625000000000000e+01,1.150159549753916402e-09
7.792187500000000000e+01,1.158340657546840174e-09
7.793750000000000000e+01,1.115485505595358465e-09
7.795312500000000000e+01,1.046432808930987532e-09
7.796875000000000000e+01,9.648767382820894213e-10
7.798437500000000000e+01,8.739273619032249503e-10
7.800000000000000000e+01,7.829470898782998457e-10
7.801562500000000000e+01,7.508258907620089901e-10
7.803125000000000000e+01,8.209315151362803886e-10
7.804687500000000000e+01,9.228049701719977020e-10
7.806250000000000000e+01,9.763054011324074608e-10
7.807812500000000000e+01,9.690748319122501393e-10
7.809375000000000000e+01,9.508950794213909845e-10
7.810937500000000000e+01,9.887727262233462857e-10
7.812500000000000000e+01,1.101447530923638056e-09
7.814062500000000000e+01,1.246858652287720141e-09
7.815625000000000000e+01,1.367114076908000964e-09
7.817187500000000000e+01,1.461111436414008405e-09
7.818750000000000000e+01,1.565438950758963028e-09
7.820312500000000000e+01,1.636887529316180416e-09
7.821875000000000000e+01,1.601036011359997108e-09
7.823437500000000000e+01,1.504774090942943078e-09
7.825000000000000000e+01,1.469519281067046453e-09
7.826562500000000000e+01,1.478806182394787886e-09
7.828125000000000000e+01,1.449943128601486095e-09
7.829687500000000000e+01,1.418887303739016238e-09
7.831250000000000000e+01,1.429779737979751436e-09
7.832812500000000000e+01,1.432475554709507558e-09
7.834375000000000000e+01,1.434387248589326596e-09
7.835937500000000000e+01,1.488206632620204868e-09
7.837500000000000000e+01,1.523798850680209122e-09
7.839062500000000000e+01,1.451660817724238016e-09
7.840625000000000000e+01,1.307213566765386582e-09
7.842187500000000000e+01,1.219943109891558510e-09
7.843750000000000000e+01,1.245810818161777199e-09
7.845312500000000000e+01,1.289011913917216885e-09
7.846875000000000000e+01,1.300759473724302416e-09
7.848437500000000000e+01,1.347174071907753061e-09
7.850000000000000000e+01,1.468718543072262306e-09
7.851562500000000000e+01,1.603104809557130497e-09
7.853125000000000000e+01,1.676094586510820990e-09
7.854687500000000000e+01,1.692765152857124273e-09
7.856250000000000000e+01,1.699494740610430664e-09
7.857812500000000000e+01,1.699493366150398220e-09
7.859375000000000000e+01,1.671933994811683180e-09
7.860937500000000000e+01,1.630299687511320948e-09
7.862500000000000000e+01,1.613512656529220878e-09
7.864062500000000000e+01,1.641434933495733952e-09
7.865625000000000000e+01,1.696082008959285875e-09
7.867187500000000000e+01,1.757935767313670584e-09
7.868750000000000000e+01,1.807012716328951624e-09
7.870312500000000000e+01,1.821769878194352910e-09
7.871875000000000000e+01,1.836152661124918456e-09
7.873437500000000000e+01,1.892086868014020561e-09
7.875000000000000000e+01,1.968938458094954444e-09
7.876562500000000000e+01,2.047438220602069660e-09
7.878125000000000000e+01,2.150271306794789384e-09
7.879687500000000000e+01,2.265871888379467666e-09
7.881250000000000000e+01,2.329814151419042735e-09
7.882812500000000000e+01,2.350901885026145359e-09
7.884375000000000000e+01,2.360512916787736249e-09
7.885937500000000000e+01,2.273633880999008413e-09
7.887500000000000000e+01,2.062461358022174955e-09
7.889062500000000000e+01,1.878430012729025114e-09
7.890625000000000000e+01,1.830793196334389884e-09
7.892187500000000000e+01,1.879540335584185397e-09
7.893750000000000000e+01,1.954077080607428252e-09
7.895312500000000000e+01,2.004048423541076569e-09
7.896875000000000000e+01,2.041464159977655807e-09
7.898437500000000000e+01,2.118155740490844116e-09
7.900000000000000000e+01,2.279802927276862641e-09
7.901562500000000000e+01,2.473299999934003115e-09
7.903125000000000000e+01,2.523674867023496252e-09
7.904687500000000000e+01,2.377885937073472685e-09
7.906250000000000000e+01,2.187258128832874932e-09
7.907812500000000000e+01,2.029449215423199845e-09
7.909375000000000000e+01,1.859980721779778271e-09
7.910937500000000000e+01,1.744172574830685207e-09
7.912500000000000000e+01,1.739246463995813114e-09
7.914062500000000000e+01,1.729572103360018093e-09
7.915625000000000000e+01,1.657830652691676580e-09
7.917187500000000000e+01,1.641358105705031619e-09
7.918750000000000000e+01,1.695244881706015195e-09
7.920312500000000000e+01,1.699792113053703154e-09
7.921875000000000000e+01,1.681183776374000085e-09
7.923437500000000000e+01,1.717605658931219709e-09
7.925000000000000000e+01,1.727432687219449834e-09
7.926562500000000000e+01,1.614335897625358814e-09
7.928125000000000000e+01,1.415524290898536284e-09
7.929687500000000000e+01,1.234632728505405885e-09
7.931250000000000000e+01,1.147489611290864826e-09
7.932812500000000000e+01,1.152606349917692725e-09
7.934375000000000000e+01,1.172899004369893479e-09
7.935937500000000000e+01,1.179252995059723309e-09
7.937500000000000000e+01,1.227887170841911245e-09
7.939062500000000000e+01,1.308962890476478416e-09
7.940625000000000000e+01,1.342048553024217696e-09
7.942187500000000000e+01,1.330797449579726911e-09
7.943750000000000000e+01,1.368387134069683845e-09
7.945312500000000000e+01,1.525758731248935440e-09
7.946875000000000000e+01,1.762756058595996822e-09
7.948437500000000000e+01,1.961978983146617681e-09
7.950000000000000000e+01,2.040361581931836667e-09
7.951562500000000000e+01,2.046204961249489398e-09
7.953125000000000000e+01,2.089881591400037592e-09
7.954687500000000000e+01,2.120634984601684539e-09
7.956250000000000000e+01,2.008728271371421095e-09
7.957812500000000000e+01,1.772044514882118042e-09
7.959375000000000000e+01,1.547240211152408621e-09
7.960937500000000000e+01,1.434073104267956603e-09
7.962500000000000000e+01,1.422500045556803284e-09
7.964062500000000000e+01,1.459501729692381900e-09
7.965625000000000000e+01,1.497838121303489997e-09
7.967187500000000000e+01,1.491737118050059692e-09
7.968750000000000000e+01,1.421005422703138876e-09
7.970312500000000000e+01,1.327871292976312315e-09
7.971875000000000000e+01,1.255235877730963291e-09
7.973437500000000000e+01,1.177007785513316244e-09
7.975000000000000000e+01,1.096738637182441702e-09
7.976562500000000000e+01,1.078275095734882446e-09
7.978125000000000000e+01,1.130458777761024727e-09
7.979687500000000000e+01,1.184553197876793213e-09
7.981250000000000000e+01,1.180778698474501861e-09
7.982812500000000000e+01,1.135888296120236484e-09
7.984375000000000000e+01,1.116139867456384538e-09
7.985937500000000000e+01,1.137706607103108017e-09
7.987500000000000000e+01,1.163067208211589169e-09
7.989062500000000000e+01,1.185403358431202272e-09
7.990625000000000000e+01,1.206234768645773020e-09
7.992187500000000000e+01,1.214561964669334299e-09
7.993750000000000000e+01,1.227538445767528775e-09
7.995312500000000000e+01,1.256486102409759588e-09
7.996875000000000000e+01,1.306455959629113151e-09
7.998437500000000000e+01,1.421744255151543547e-09
8.000000000000000000e+01,1.604985157025786913e-09
8.001562500000000000e+01,1.783926686130452611e-09
8.003125000000000000e+01,1.874331314718883335e-09
8.004687500000000000e+01,1.821253079144164571e-09
8.006250000000000000e+01,1.684035333665135332e-09
8.007812500000000000e+01,1.631854362525138277e-09
8.009375000000000000e+01,1.696544428153856228e-09
8.010937500000000000e+01,1.727358816123986782e-09
8.012500000000000000e+01,1.670037588265373275e-09
8.014062500000000000e+01,1.633905827251237704e-09
8.015625000000000000e+01,1.667668330302992429e-09
8.017187500000000000e+01,1.683109436628182052e-09
8.018750000000000000e+01,1.663453399575357038e-09
8.020312500000000000e+01,1.693449499765524721e-09
8.021875000000000000e+01,1.792088197330159188e-09
8.023437500000000000e+01,1.851747290169026154e-09
8.025000000000000000e+01,1.800078651399684759e-09
8.026562500000000000e+01,1.679498894198318657e-09
8.028125000000000000e+01,1.563039571742179019e-09
8.029687500000000000e+01,1.486490422374576954e-09
8.031250000000000000e+01,1.452106105631929574e-09
8.032812500000000000e+01,1.425718702232324431e-09
8.034375000000000000e+01,1.377834977203093737e-09
8.035937500000000000e+01,1.338929941640329542e-09
8.037500000000000000e+01,1.359124466814339500e-09
8.039062500000000000e+01,1.432485680913948623e-09
8.040625000000000000e+01,1.479077902396276657e-09
8.042187500000000000e+01,1.469879186222525055e-09
8.043750000000000000e+01,1.529966926502119350e-09
8.045312500000000000e+01,1.721948897395086547e-09
8.046875000000000000e+01,1.905604317435706525e-09
8.048437500000000000e+01,1.987689881926111637e-09
8.050000000000000000e+01,1.985826038418016351e-09
8.051562500000000000e+01,1.942636233283946924e-09
8.053125000000000000e+01,1.915175244900810924e-09
8.054687500000000000e+01,1.960537570538892934e-09
8.056250000000000000e+01,2.082047823442705515e-09
8.057812500000000000e+01,2.170400928330826532e-09
8.059375000000000000e+01,2.135226267463530896e-09
8.060937500000000000e+01,2.036875023273705254e-09
8.062500000000000000e+01,1.964628156725615616e-09
8.064062500000000000e+01,1.918410254314217843e-09
8.065625000000000000e+01,1.858872727356111326e-09
8.067187500000000000e+01,1.765281188983115497e-09
8.068750000000000000e+01,1.652635670742306441e-09
8.070312500000000000e+01,1.560333505833357510e-09
8.071875000000000000e+01,1.500809495925143028e-09
8.073437500000000000e+01,1.458713579665836863e-09
8.075000000000000000e+01,1.437982666516130466e-09
8.076562500000000000e+01,1.443900196218213588e-09
8.078125000000000000e+01,1.458477822720992345e-09
8.079687500000000000e+01,1.458337147808132959e-09
8.081250000000000000e+01,1.430686701662822178e-09
8.082812500000000000e+01,1.371211459502336663e-09
8.084375000000000000e+01,1.295073582224998574e-09
8.085937500000000000e+01,1.221625707239817789e-09
8.087500000000000000e+01,1.113765497048979588e-09
8.089062500000000000e+01,9.567393751404024877e-10
8.090625000000000000e+01,9.009603719038344032e-10
8.092187500000000000e+01,1.040483359439382874e-09
8.093750000000000000e+01,1.182121670000495525e-09
8.095312500000000000e+01,1.196619833199628926e-09
8.096875000000000000e+01,1.125140290306614092e-09
8.098437500000000000e+01,1.051814643995958890e-09
8.100000000000000000e+01,9.896750980486982314e-10
8.101562500000000000e+01,9.135604738686640871e-10
8.103125000000000000e+01,8.458886111546686274e-10
8.104687500000000000e+01,8.409425580616054487e-10
8.106250000000000000e+01,9.109433448089198009e-10
8.107812500000000000e+01,1.016825149317723024e-09
8.109375000000000000e+01,1.116173788866749131e-09
8.110937500000000000e+01,1.180521928531414740e-09
8.112500000000000000e+01,1.209472981839191218e-09
8.114062500000000000e+01,1.244010888445156215e-09
8.115625000000000000e+01,1.290259873077743936e-09
8.117187500000000000e+01,1.293736311317557706e-09
8.118750000000000000e+01,1.245220129081667111e-09
8.120312500000000000e+01,1.220632062686274444e-09
8.121875000000000000e+01,1.274027551857380752e-09
8.123437500000000000e+01,1.362853993687434369e-09
8.125000000000000000e+01,1.435351362925158046e-09
8.126562500000000000e+01,1.464943571871973719e-09
8.128125000000000000e+01,1.435633308738634760e-09
8.129687500000000000e+01,1.354282209119243853e-09
8.131250000000000000e+01,1.269158847360412521e-09
8.132812500000000000e+01,1.217178202391032535e-09
8.134375000000000000e+01,1.142288303201296574e-09
8.135937500000000000e+01,9.967452123696566222e-10
8.137500000000000000e+01,8.476231654705625270e-10
8.139062500000000000e+01,7.813821536846459574e-10
8.140625000000000000e+01,7.734753782668546775e-10
8.142187500000000000e+01,7.629149140228479031e-10
8.143750000000000000e+01,7.577397328539757189e-10
8.145312500000000000e+01,8.027425941358256382e-10
8.146875000000000000e+01,8.915490938921952507e-10
8.148437500000000000e+01,9.935742978088126591e-10
8.150000000000000000e+01,1.104493515633571568e-09
8.151562500000000000e+01,1.211897947744784798e-09
8.153125000000000000e+01,1.286596965080262480e-09
8.154687500000000000e+01,1.316095015526730476e-09
8.156250000000000000e+01,1.319859745306596181e-09
8.157812500000000000e+01,1.309815394867821906e-09
8.159375000000000000e+01,1.276466369331931713e-09
8.160937500000000000e+01,1.227641358282610271e-09
8.162500000000000000e+01,1.156894984032836336e-09
8.164062500000000000e+01,1.035316513017041053e-09
8.165625000000000000e+01,8.865159174989370901e-10
8.167187500000000000e+01,7.717153272507691560e-10
8.168750000000000000e+01,7.152463576857217378e-10
8.170312500000000000e+01,7.200828162999590903e-10
8.171875000000000000e+01,7.680777259146389330e-10
8.173437500000000000e+01,8.134609667571647399e-10
8.175000000000000000e+01,8.504846129973227656e-10
8.176562500000000000e+01,8.986978698513090446e-10
8.178125000000000000e+01,9.462273806399539275e-10
8.179687500000000000e+01,9.832925519854967299e-10
8.181250000000000000e+01,1.022647495261164378e-09
8.182812500000000000e+01,1.061466010364476732e-09
8.184375000000000000e+01,1.086926672410752902e-09
8.185937500000000000e+01,1.097042156847093845e-09
8.187500000000000000e+01,1.084361313836600797e-09
8.189062500000000000e+01,1.059674008074028022e-09
8.190625000000000000e+01,1.057636676006084740e-09
8.192187500000000000e+01,1.055274045324517785e-09
8.193750000000000000e+01,1.000929126808937403e-09
8.195312500000000000e+01,9.174850471727956971e-10
8.196875000000000000e+01,8.624479314696305321e-10
8.198437500000000000e+01,8.298080835976543424e-10
8.200000000000000000e+01,7.910905886578922667e-10
8.201562500000000000e+01,7.624334409268250052e-10
8.203125000000000000e+01,7.559400935397341069e-10
8.204687500000000000e+01,7.336658549166254188e-10
8.206250000000000000e+01,6.620558998676439912e-10
8.207812500000000000e+01,5.729687576627531977e-10
8.209375000000000000e+01,5.435927548163897381e-10
8.210937500000000000e+01,5.860199234283058464e-10
8.212500000000000000e+01,6.244435610665875723e-10
8.214062500000000000e+01,6.174192615388946035e-10
8.215625000000000000e+01,5.971185287264768323e-10
8.217187500000000000e+01,6.055973212343840621e-10
8.218750000000000000e+01,6.279979059509658924e-10
8.220312500000000000e+01,6.303494298823539727e-10
8.221875000000000000e+01,6.194440526262759371e-10
8.223437500000000000e+01,6.410310548328572523e-10
8.225000000000000000e+01,7.242041501487194442e-10
8.226562500000000000e+01,8.171051978810457572e-10
8.228125000000000000e+01,8.602608811972520950e-10
8.229687500000000000e+01,8.758681136237937393e-10
8.231250000000000000e+01,9.019435255001094449e-10
8.232812500000000000e+01,9.186084189874509914e-10
8.234375000000000000e+01,9.228498645514756761e-10
8.235937500000000000e+01,9.557943654194237604e-10
8.237500000000000000e+01,1.017289978102581495e-09
8.239062500000000000e+01,1.055202924166126605e-09
8.240625000000000000e+01,1.046825828474567516e-09
8.242187500000000000e+01,1.035698306827224859e-09
8.243750000000000000e+01,1.068161226850777059e-09
8.245312500000000000e+01,1.125073131602038958e-09
8.246875000000000000e+01,1.184423567419821125e-09
8.248437500000000000e+01,1.251934323992801489e-09
8.250000000000000000e+01,1.322809968626106744e-09
8.251562500000000000e+01,1.406690978807026318e-09
8.253125000000000000e+01,1.495639200848317528e-09
8.254687500000000000e+01,1.533046748949060200e-09
8.256250000000000000e+01,1.474081800502719530e-09
8.257812500000000000e+01,1.330146218459679185e-09
8.259375000000000000e+01,1.191146423046724099e-09
8.260937500000000000e+01,1.182494699535368686e-09
8.262500000000000000e+01,1.272948998845550264e-09
8.264062500000000000e+01,1.321558398738859801e-09
8.265625000000000000e+01,1.303090685864361291e-09
8.267187500000000000e+01,1.262403655046897367e-09
8.268750000000000000e+01,1.216861241866638741e-09
8.270312500000000000e+01,1.173881304252044271e-09
8.271875000000000000e+01,1.126122850754122484e-09
8.273437500000000000e+01,1.066908239162293935e-09
8.275000000000000000e+01,1.021061118490469428e-09
8.276562500000000000e+01,1.024135056322146194e-09
8.278125000000000000e+01,1.086732185433239096e-09
8.279687500000000000e+01,1.160291813479806489e-09
8.281250000000000000e+01,1.201249560506018504e-09
8.282812500000000000e+01,1.234666958808333976e-09
8.284375000000000000e+01,1.289728432250085005e-09
8.285937500000000000e+01,1.345615515761839888e-09
8.287500000000000000e+01,1.359688034554064161e-09
8.289062500000000000e+01,1.309490727217527724e-09
8.290625000000000000e+01,1.222943481029579208e-09
8.292187500000000000e+01,1.156606461757231835e-09
8.293750000000000000e+01,1.158035140567129220e-09
8.295312500000000000e+01,1.261735417718122704e-09
8.296875000000000000e+01,1.414621249046147851e-09
8.298437500000000000e+01,1.513922414283645237e-09
8.300000000000000000e+01,1.554754508890881765e-09
8.301562500000000000e+01,1.579794015979561735e-09
8.303125000000000000e+01,1.604888945646774984e-09
8.304687500000000000e+01,1.729338536208176627e-09
8.306250000000000000e+01,2.069717826168209698e-09
8.307812500000000000e+01,2.476715662149964221e-09
8.309375000000000000e+01,2.688360124876628543e-09
8.310937500000000000e+01,2.610037209915759508e-09
8.312500000000000000e+01,2.370485136505079620e-09
8.314062500000000000e+01,2.226633452686291431e-09
8.315625000000000000e+01,2.255784779263409348e-09
8.317187500000000000e+01,2.323953231750859019e-09
8.318750000000000000e+01,2.444888546746247191e-09
8.320312500000000000e+01,2.698951214357588174e-09
8.321875000000000000e+01,3.002526328287175262e-09
8.323437500000000000e+01,3.196555521215530196e-09
8.325000000000000000e+01,3.197590465230855171e-09
8.326562500000000000e+01,3.048685781112224947e-09
8.328125000000000000e+01,2.840891238520227900e-09
8.329687500000000000e+01,2.609612649192036514e-09
8.331250000000000000e+01,2.405781563278861086e-09
8.332812500000000000e+01,2.302197681136639401e-09
8.334375000000000000e+01,2.224087662816652802e-09
8.335937500000000000e+01,2.087329904094271101e-09
8.337500000000000000e+01,1.966845607881149329e-09
8.339062500000000000e+01,1.887746583001426803e-09
8.340625000000000000e+01,1.752085310450404279e-09
8.342187500000000000e+01,1.574572080731038065e-09
8.343750000000000000e+01,1.450633267051620454e-09
8.345312500000000000e+01,1.388359158647166304e-09
8.346875000000000000e+01,1.360302901240630340e-09
8.348437500000000000e+01,1.341849660538794027e-09
8.350000000000000000e+01,1.312001355052677297e-09
8.351562500000000000e+01,1.269971974034761205e-09
8.353125000000000000e+01,1.218229309348121363e-09
8.354687500000000000e+01,1.171746578264497813e-09
8.356250000000000000e+01,1.117918295034842043e-09
8.357812500000000000e+01,1.004246522583946723e-09
8.359375000000000000e+01,8.487276963732733558e-10
8.360937500000000000e+01,7.486221027048097687e-10
8.362500000000000000e+01,7.321553271567587188e-10
8.364062500000000000e+01,7.473986447980404270e-10
8.365625000000000000e+01,7.772704867005738772e-10
8.367187500000000000e+01,8.565159483256805681e-10
8.368750000000000000e+01,1.017630117480313605e-09
8.370312500000000000e+01,1.203523346899388571e-09
8.371875000000000000e+01,1.325212062617956010e-09
8.373437500000000000e+01,1.346647134563627748e-09
8.375000000000000000e+01,1.316573950138563870e-09
8.376562500000000000e+01,1.330635543045007193e-09
8.378125000000000000e+01,1.400402540508032398e-09
8.379687500000000000e+01,1.473152348456727011e-09
8.381250000000000000e+01,1.530602918738984920e-09
8.382812500000000000e+01,1.562481913534256961e-09
8.384375000000000000e+01,1.548201771428653120e-09
8.385937500000000000e+01,1.487793967174233560e-09
8.387500000000000000e+01,1.406726551751456200e-09
8.389062500000000000e+01,1.318023089623116533e-09
8.390625000000000000e+01,1.223811784650726219e-09
8.392187500000000000e+01,1.130998330707071018e-09
8.393750000000000000e+01,1.034392216544914710e-09
8.395312500000000000e+01,9.305288420109609519e-10
8.396875000000000000e+01,8.239230197094501167e-10
8.398437500000000000e+01,7.330910966892657822e-10
8.400000000000000000e+01,6.897815735429277160e-10
8.401562500000000000e+01,6.922267756401636610e-10
8.403125000000000000e+01,7.073739627732084817e-10
8.404687500000000000e+01,7.131172560511512282e-10
8.406250000000000000e+01,7.073894637642292531e-10
8.407812500000000000e+01,6.947088095216955762e-10
8.409375000000000000e+01,6.969411001125839482e-10
8.410937500000000000e+01,7.656812915916440235e-10
8.412500000000000000e+01,8.969801554669052050e-10
8.414062500000000000e+01,1.023039154014094052e-09
8.415625000000000000e+01,1.093898760763565434e-09
8.417187500000000000e+01,1.078908722269809487e-09
8.418750000000000000e+01,9.961198448677833489e-10
8.420312500000000000e+01,9.324920479236250658e-10
8.421875000000000000e+01,9.197030074645019014e-10
8.423437500000000000e+01,9.041534112890678407e-10
8.425000000000000000e+01,8.782071495041323453e-10
8.426562500000000000e+01,8.756167459242488079e-10
8.428125000000000000e+01,9.116798411638679475e-10
8.429687500000000000e+01,9.855681333192328996e-10
8.431250000000000000e+01,1.077848466413394250e-09
8.432812500000000000e+01,1.161492857969196333e-09
8.434375000000000000e+01,1.213326664121718360e-09
8.435937500000000000e+01,1.209605416164025380e-09
8.437500000000000000e+01,1.152997321175640271e-09
8.439062500000000000e+01,1.087759758510533447e-09
8.440625000000000000e+01,1.067413993258430208e-09
8.442187500000000000e+01,1.087227951282068475e-09
8.443750000000000000e+01,1.068688897794443891e-09
8.445312500000000000e+01,9.917882837495819383e-10
8.446875000000000000e+01,9.476702118122602854e-10
8.448437500000000000e+01,1.001236921012897837e-09
8.450000000000000000e+01,1.122508995367938058e-09
8.451562500000000000e+01,1.243370431970735549e-09
8.453125000000000000e+01,1.301713713621669308e-09
8.454687500000000000e+01,1.289834399098887264e-09
8.456250000000000000e+01,1.261197470137134394e-09
8.457812500000000000e+01,1.252093538485747471e-09
8.459375000000000000e+01,1.231567642084248592e-09
8.460937500000000000e+01,1.179910919424868637e-09
8.462500000000000000e+01,1.136500990168095528e-09
8.464062500000000000e+01,1.137658223104972676e-09
8.465625000000000000e+01,1.181473602489785483e-09
8.467187500000000000e+01,1.252381071308427656e-09
8.468750000000000000e+01,1.313473767211330609e-09
8.470312500000000000e+01,1.333966049615620624e-09
8.471875000000000000e+01,1.337066006781475832e-09
8.473437500000000000e+01,1.348710859186427639e-09
8.475000000000000000e+01,1.343563176139319119e-09
8.476562500000000000e+01,1.299411185585030073e-09
8.478125000000000000e+01,1.239076699627420697e-09
8.479687500000000000e+01,1.204497109151663909e-09
8.481250000000000000e+01,1.219004095509351529e-09
8.482812500000000000e+01,1.246095244350859139e-09
8.484375000000000000e+01,1.243818035253725231e-09
8.485937500000000000e+01,1.293752958114069311e-09
8.487500000000000000e+01,1.507484309736290497e-09
8.489062500000000000e+01,1.777515226699097642e-09
8.490625000000000000e+01,1.941232571630461080e-09
8.492187500000000000e+01,1.997476829382884960e-09
8.493750000000000000e+01,2.061323154912513826e-09
8.495312500000000000e+01,2.203185290242270476e-09
8.496875000000000000e+01,2.309365647530703038e-09
8.498437500000000000e+01,2.226368664485649773e-09
8.500000000000000000e+01,1.997818248824182502e-09
8.501562500000000000e+01,1.815759693919291145e-09
8.503125000000000000e+01,1.766401582263687308e-09
8.504687500000000000e+01,1.795903237426342017e-09
8.506250000000000000e+01,1.859948514263564487e-09
8.507812500000000000e+01,1.909385244020327788e-09
8.509375000000000000e+01,1.912925629994540301e-09
8.510937500000000000e+01,1.916033740778424688e-09
8.512500000000000000e+01,1.959511510582808603e-09
8.514062500000000000e+01,1.997881728600790271e-09
8.515625000000000000e+01,1.996163839004604357e-09
8.517187500000000000e+01,1.996557598548341907e-09
8.518750000000000000e+01,2.044953140077197441e-09
8.520312500000000000e+01,2.146831194343310584e-09
8.521875000000000000e+01,2.233274031925353498e-09
8.523437500000000000e+01,2.195716262035800086e-09
8.525000000000000000e+01,2.017274235571099505e-09
8.526562500000000000e+01,1.770459166849268767e-09
8.528125000000000000e+01,1.552451281738149105e-09
8.529687500000000000e+01,1.403116209865864269e-09
8.531250000000000000e+01,1.284275189880119931e-09
8.532812500000000000e+01,1.217395380727823244e-09
8.534375000000000000e+01,1.190851884089770349e-09
8.535937500000000000e+01,1.120678860425195226e-09
8.537500000000000000e+01,1.104606241780133804e-09
8.539062500000000000e+01,1.308599261670143233e-09
8.540625000000000000e+01,1.590048859448420451e-09
8.542187500000000000e+01,1.747345912645577283e-09
8.543750000000000000e+01,1.760191976364373527e-09
8.545312500000000000e+01,1.721540721245829681e-09
8.546875000000000000e+01,1.716922316646131580e-09
8.548437500000000000e+01,1.783198677727635097e-09
8.550000000000000000e+01,1.942166685759127784e-09
8.551562500000000000e+01,2.180599264320806167e-09
8.553125000000000000e+01,2.400696558753345109e-09
8.554687500000000000e+01,2.471865109687442772e-09
8.556250000000000000e+01,2.346078318664948059e-09
8.557812500000000000e+01,2.131067513307026354e-09
8.559375000000000000e+01,1.983705142161160548e-09
8.560937500000000000e+01,1.926770300406458819e-09
8.562500000000000000e+01,1.890683705782578819e-09
8.564062500000000000e+01,1.866003620453562118e-09
8.565625000000000000e+01,1.906722735330756120e-09
8.567187500000000000e+01,2.016284369995047067e-09
8.568750000000000000e+01,2.094935339816043437e-09
8.570312500000000000e+01,2.074804478404827696e-09
8.571875000000000000e+01,2.040152690290408245e-09
8.573437500000000000e+01,2.060762105487526599e-09
8.575000000000000000e+01,2.103380107090677679e-09
8.576562500000000000e+01,2.196421075641875283e-09
8.578125000000000000e+01,2.348149316215558817e-09
8.579687500000000000e+01,2.443673716825738784e-09
8.581250000000000000e+01,2.384867492817781288e-09
8.582812500000000000e+01,2.233105525284407623e-09
8.584375000000000000e+01,2.159747512778711420e-09
8.585937500000000000e+01,2.216365803352705064e-09
8.587500000000000000e+01,2.334668083687519360e-09
8.589062500000000000e+01,2.521841256668527889e-09
8.590625000000000000e+01,2.790073356602920742e-09
8.592187500000000000e+01,3.035079992588631105e-09
8.593750000000000000e+01,3.113089808967087401e-09
8.595312500000000000e+01,3.032174781874307803e-09
8.596875000000000000e+01,3.022472657025509458e-09
8.598437500000000000e+01,3.197843994124095041e-09
8.600000000000000000e+01,3.342104875032211417e-09
8.601562500000000000e+01,3.277005208207494238e-09
8.603125000000000000e+01,3.115637627563904081e-09
8.604687500000000000e+01,3.087172825576436807e-09
8.606250000000000000e+01,3.174809567505009930e-09
8.607812500000000000e+01,3.196324601658786434e-09
8.609375000000000000e+01,3.128951495310614360e-09
8.610937500000000000e+01,3.038798054973074869e-09
8.612500000000000000e+01,2.878466002237828636e-09
8.614062500000000000e+01,2.623792221524800814e-09
8.615625000000000000e+01,2.381239431961740386e-09
8.617187500000000000e+01,2.254462357942067545e-09
8.618750000000000000e+01,2.218124444503632529e-09
8.620312500000000000e+01,2.160079449552504884e-09
8.621875000000000000e+01,2.080669175896620520e-09
8.623437500000000000e+01,2.088990056953661824e-09
8.625000000000000000e+01,2.169175263966887035e-09
8.626562500000000000e+01,2.289983450937376218e-09
8.628125000000000000e+01,2.512621533413049722e-09
8.629687500000000000e+01,2.821701689179952752e-09
8.631250000000000000e+01,3.148554364044336065e-09
8.632812500000000000e+01,3.401074468785531336e-09
8.634375000000000000e+01,3.435362140010694240e-09
8.635937500000000000e+01,3.282543008493959793e-09
8.637500000000000000e+01,3.318375513041318457e-09
8.639062500000000000e+01,3.726885891445957447e-09
8.640625000000000000e+01,4.152155952936195677e-09
8.642187500000000000e+01,4.292265084154539555e-09
8.643750000000000000e+01,4.165552805457706679e-09
8.645312500000000000e+01,3.955671517468304546e-09
8.646875000000000000e+01,3.785169084957610331e-09
8.648437500000000000e+01,3.649116098523437429e-09
8.650000000000000000e+01,3.537473277845180771e-09
8.651562500000000000e+01,3.531586587255909083e-09
8.653125000000000000e+01,3.651995550017872097e-09
8.654687500000000000e+01,3.733447808167549820e-09
8.656250000000000000e+01,3.722100225373747775e-09
8.657812500000000000e+01,3.707455800499791461e-09
8.659375000000000000e+01,3.667494376482055230e-09
8.660937500000000000e+01,3.589100084049830668e-09
8.662500000000000000e+01,3.608094953864674699e-09
8.664062500000000000e+01,3.806947652262342745e-09
8.665625000000000000e+01,4.037376392589520565e-09
8.667187500000000000e+01,4.074289447851961907e-09
8.668750000000000000e+01,3.852262892107649525e-09
8.670312500000000000e+01,3.513554468610631449e-09
8.671875000000000000e+01,3.181168110067928634e-09
8.673437500000000000e+01,2.813405091644922219e-09
8.675000000000000000e+01,2.477108113757903027e-09
8.676562500000000000e+01,2.332493568829052697e-09
8.678125000000000000e+01,2.226861577923124335e-09
8.679687500000000000e+01,1.957782377501462588e-09
8.681250000000000000e+01,1.645270638810844328e-09
8.682812500000000000e+01,1.509694003983826546e-09
8.684375000000000000e+01,1.526224603538775179e-09
8.685937500000000000e+01,1.604799430206356980e-09
8.687500000000000000e+01,1.726055079859199112e-09
8.689062500000000000e+01,1.798439320528196714e-09
8.690625000000000000e+01,1.731413529071839379e-09
8.692187500000000000e+01,1.614413224458947991e-09
8.693750000000000000e+01,1.609301186511986299e-09
8.695312500000000000e+01,1.667196496570483034e-09
8.696875000000000000e+01,1.691677681855242553e-09
8.698437500000000000e+01,1.722843937806373670e-09
8.700000000000000000e+01,1.802429380192007726e-09
8.701562500000000000e+01,1.896201284552685089e-09
8.703125000000000000e+01,2.010590784199442469e-09
8.704687500000000000e+01,2.182921892557095779e-09
8.706250000000000000e+01,2.333883825213806117e-09
8.707812500000000000e+01,2.353485925562195630e-09
8.709375000000000000e+01,2.247847464072398447e-09
8.710937500000000000e+01,2.123550084661753894e-09
8.712500000000000000e+01,2.048504777088523080e-09
8.714062500000000000e+01,2.002014348039457393e-09
8.715625000000000000e+01,1.973104281082361468e-09
8.717187500000000000e+01,1.965815007475493618e-09
8.718750000000000000e+01,1.973732750785651198e-09
8.720312500000000000e+01,1.993445299528013770e-09
8.721875000000000000e+01,2.011024221935495235e-09
8.723437500000000000e+01,2.020163991137356769e-09
8.725000000000000000e+01,2.060823580530573649e-09
8.726562500000000000e+01,2.136004165576394661e-09
8.728125000000000000e+01,2.165111447283355471e-09
8.729687500000000000e+01,2.136925064034637854e-09
8.731250000000000000e+01,2.142635295783122270e-09
8.732812500000000000e+01,2.201786951084701752e-09
8.734375000000000000e+01,2.231468099256823883e-09
8.735937500000000000e+01,2.216480707697355657e-09
8.737500000000000000e+01,2.231745141245628261e-09
8.739062500000000000e+01,2.304099523942005586e-09
8.740625000000000000e+01,2.367582462033064367e-09
8.742187500000000000e+01,2.325504131152610709e-09
8.743750000000000000e+01,2.180386381225817726e-09
8.745312500000000000e+01,2.098521407617496685e-09
8.746875000000000000e+01,2.152506990349577773e-09
8.748437500000000000e+01,2.161113041558652388e-09
8.750000000000000000e+01,2.004323082917267116e-09
8.751562500000000000e+01,1.769223271554106837e-09
8.753125000000000000e+01,1.594480754442288787e-09
8.754687500000000000e+01,1.524972304702266666e-09
8.756250000000000000e+01,1.513695616714550880e-09
8.757812500000000000e+01,1.505058975944997039e-09
8.759375000000000000e+01,1.495486065028351325e-09
8.760937500000000000e+01,1.491494526774260828e-09
8.762500000000000000e+01,1.468225263137547125e-09
8.764062500000000000e+01,1.479958164162020875e-09
8.765625000000000000e+01,1.609397908957321096e-09
8.767187500000000000e+01,1.739251786600010037e-09
8.768750000000000000e+01,1.738182347495687548e-09
8.770312500000000000e+01,1.665868817370228093e-09
8.771875000000000000e+01,1.630024747769167907e-09
8.773437500000000000e+01,1.603178271878121011e-09
8.775000000000000000e+01,1.519292041993457322e-09
8.776562500000000000e+01,1.425071843411667816e-09
8.778125000000000000e+01,1.426831310273389570e-09
8.779687500000000000e+01,1.536102448621446697e-09
8.781250000000000000e+01,1.694627248670579020e-09
8.782812500000000000e+01,1.871989274583472005e-09
8.784375000000000000e+01,2.033968240026649046e-09
8.785937500000000000e+01,2.136702550623456636e-09
8.787500000000000000e+01,2.149726108879750972e-09
8.789062500000000000e+01,2.063497051657060366e-09
8.790625000000000000e+01,1.945780040684642553e-09
8.792187500000000000e+01,1.892657302596622849e-09
8.793750000000000000e+01,1.879584560043301956e-09
8.795312500000000000e+01,1.842255010883467882e-09
8.796875000000000000e+01,1.803761612515730371e-09
8.798437500000000000e+01,1.836440529523491237e-09
8.800000000000000000e+01,1.970395583811700682e-09
8.801562500000000000e+01,2.126166190899075114e-09
8.803125000000000000e+01,2.182314781786049907e-09
8.804687500000000000e+01,2.115862052148153313e-09
8.806250000000000000e+01,1.988780363499656604e-09
8.807812500000000000e+01,1.880542849275507946e-09
8.809375000000000000e+01,1.925868859606358372e-09
8.810937500000000000e+01,2.113023335333013689e-09
8.812500000000000000e+01,2.208400669844571347e-09
8.814062500000000000e+01,2.136997139714230648e-09
8.815625000000000000e+01,2.089434301746432235e-09
8.817187500000000000e+01,2.188433339608065334e-09
8.818750000000000000e+01,2.275188278628477953e-09
8.820312500000000000e+01,2.209527405317258754e-09
8.821875000000000000e+01,2.080186356592417418e-09
8.823437500000000000e+01,2.019741194762815829e-09
8.825000000000000000e+01,2.022159100160590599e-09
8.826562500000000000e+01,2.061617953770823517e-09
8.828125000000000000e+01,2.091101374684428084e-09
8.829687500000000000e+01,2.057625432696841822e-09
8.831250000000000000e+01,1.990986099967787483e-09
8.832812500000000000e+01,1.925625006949082863e-09
8.834375000000000000e+01,1.846433827578212556e-09
8.835937500000000000e+01,1.783362206430520291e-09
8.837500000000000000e+01,1.791779798059439792e-09
8.839062500000000000e+01,1.814300150499454422e-09
8.840625000000000000e+01,1.739050040010841111e-09
8.842187500000000000e+01,1.551387970918309456e-09
8.843750000000000000e+01,1.362921039641555928e-09
8.845312500000000000e+01,1.290417008852756836e-09
8.846875000000000000e+01,1.288484925659007555e-09
8.848437500000000000e+01,1.235508775672935860e-09
8.850000000000000000e+01,1.099935464705088595e-09
8.851562500000000000e+01,9.282006952545268393e-10
8.853125000000000000e+01,7.901338878272593669e-10
8.854687500000000000e+01,7.714255809156083396e-10
8.856250000000000000e+01,8.712419510325982861e-10
8.857812500000000000e+01,9.873817391461407994e-10
8.859375000000000000e+01,1.064666091169597983e-09
8.860937500000000000e+01,1.091991163993896487e-09
8.862500000000000000e+01,1.069047745100954219e-09
8.864062500000000000e+01,1.021112208537628557e-09
8.865625000000000000e+01,1.005135475639921511e-09
8.867187500000000000e+01,1.051128867840045305e-09
8.868750000000000000e+01,1.100493151430319524e-09
8.870312500000000000e+01,1.102166244032349698e-09
8.871875000000000000e+01,1.078637100785921273e-09
8.873437500000000000e+01,1.053792282307666571e-09
8.875000000000000000e+01,1.032139845853677841e-09
8.876562500000000000e+01,1.033040350291371362e-09
8.878125000000000000e+01,1.073083404045223831e-09
8.879687500000000000e+01,1.157329823973796134e-09
8.881250000000000000e+01,1.262829902919887841e-09
8.882812500000000000e+01,1.336818988070648153e-09
8.884375000000000000e+01,1.358868849316956569e-09
8.885937500000000000e+01,1.358566098126751059e-09
8.887500000000000000e+01,1.363346070711566943e-09
8.889062500000000000e+01,1.360972186158166408e-09
8.890625000000000000e+01,1.327595428951354555e-09
8.892187500000000000e+01,1.283820572690234206e-09
8.893750000000000000e+01,1.272967518009468143e-09
8.895312500000000000e+01,1.308197537670466964e-09
8.896875000000000000e+01,1.371956726013259933e-09
8.898437500000000000e+01,1.424056983605726954e-09
8.900000000000000000e+01,1.438956249799196122e-09
8.901562500000000000e+01,1.425245703777065795e-09
8.903125000000000000e+01,1.394826945230294908e-09
8.904687500000000000e+01,1.365315766523249635e-09
8.906250000000000000e+01,1.353107281805837202e-09
8.907812500000000000e+01,1.335668078029252870e-09
8.909375000000000000e+01,1.283891090055508260e-09
8.910937500000000000e+01,1.236269306074624267e-09
8.912500000000000000e+01,1.260121261376526163e-09
8.914062500000000000e+01,1.328474253770082204e-09
8.915625000000000000e+01,1.355710323439140134e-09
8.917187500000000000e+01,1.323675095214583980e-09
8.918750000000000000e+01,1.273907798405005238e-09
8.920312500000000000e+01,1.223857794038476520e-09
8.921875000000000000e+01,1.199621723108488959e-09
8.923437500000000000e+01,1.256809037328041175e-09
8.925000000000000000e+01,1.345037272218958086e-09
8.926562500000000000e+01,1.361295154743964718e-09
8.928125000000000000e+01,1.311784793557558675e-09
8.929687500000000000e+01,1.264567566496204206e-09
8.931250000000000000e+01,1.227841470026776151e-09
8.932812500000000000e+01,1.184118570555398511e-09
8.934375000000000000e+01,1.179977778906334601e-09
8.935937500000000000e+01,1.284262273196483190e-09
8.937500000000000000e+01,1.461356687420693424e-09
8.939062500000000000e+01,1.596653141742623041e-09
8.940625000000000000e+01,1.625824233891419183e-09
8.942187500000000000e+01,1.559243566372423479e-09
8.943750000000000000e+01,1.421300883424631376e-09
8.945312500000000000e+01,1.233793488971463539e-09
8.946875000000000000e+01,1.051754896022465549e-09
8.948437500000000000e+01,9.374135975773729456e-10
8.950000000000000000e+01,8.914830064979969507e-10
8.951562500000000000e+01,8.843952196447965192e-10
8.953125000000000000e+01,8.928966486471738757e-10
8.954687500000000000e+01,8.892560107772025646e-10
8.956250000000000000e+01,8.793324501610929668e-10
8.957812500000000000e+01,8.909999677194041094e-10
8.959375000000000000e+01,9.142793970327138069e-10
8.960937500000000000e+01,9.128561344100007492e-10
8.962500000000000000e+01,8.767221320567587692e-10
8.964062500000000000e+01,8.434003053177396333e-10
8.965625000000000000e+01,8.614533839278619895e-10
8.967187500000000000e+01,9.337153082375764701e-10
8.968750000000000000e+01,1.036198561103240557e-09
8.970312500000000000e+01,1.174027159554464901e-09
8.971875000000000000e+01,1.338290327475875689e-09
8.973437500000000000e+01,1.451201892240678275e-09
8.975000000000000000e+01,1.456969869541686132e-09
8.976562500000000000e+01,1.379595754535949695e-09
8.978125000000000000e+01,1.257429415444707651e-09
8.979687500000000000e+01,1.126071512790019952e-09
8.981250000000000000e+01,1.044293893604301668e-09
8.982812500000000000e+01,1.037397851502369985e-09
8.984375000000000000e+01,1.058252993257290244e-09
8.985937500000000000e+01,1.049645855194118229e-09
8.987500000000000000e+01,9.983315948686015083e-10
8.989062500000000000e+01,9.382886292679279639e-10
8.990625000000000000e+01,9.109964874352507569e-10
8.992187500000000000e+01,9.083396643141142904e-10
8.993750000000000000e+01,8.936890752873368579e-10
8.995312500000000000e+01,8.655283213830731471e-10
8.996875000000000000e+01,8.558615075993434862e-10
8.998437500000000000e+01,8.820031281840192010e-10
9.000000000000000000e+01,9.217942306877148620e-10
9.001562500000000000e+01,9.330854116580171107e-10
9.003125000000000000e+01,8.908444338213530377e-10
9.004687500000000000e+01,8.091584402523697078e-10
9.006250000000000000e+01,7.240918992788665419e-10
9.007812500000000000e+01,6.758220126249987462e-10
9.009375000000000000e+01,6.846294525846547327e-10
9.010937500000000000e+01,7.192726627861960750e-10
9.012500000000000000e+01,7.382068042326316931e-10
9.014062500000000000e+01,7.199861588289961498e-10
9.015625000000000000e+01,6.714174011176377869e-10
9.017187500000000000e+01,6.513179200822179473e-10
9.018750000000000000e+01,7.161687884308829487e-10
9.020312500000000000e+01,8.306642697762717362e-10
9.021875000000000000e+01,9.259901713717405519e-10
9.023437500000000000e+01,9.718874537263358062e-10
9.025000000000000000e+01,9.764857340820314874e-10
9.026562500000000000e+01,9.491780925660149643e-10
9.028125000000000000e+01,8.814389112608177569e-10
9.029687500000000000e+01,7.802468999853586069e-10
9.031250000000000000e+01,6.960274764888021070e-10
9.032812500000000000e+01,6.863198717704084651e-10
9.034375000000000000e+01,7.398247993578106955e-10
9.035937500000000000e+01,7.810738134299330377e-10
9.037500000000000000e+01,7.620835748992046519e-10
9.039062500000000000e+01,7.129685552397771648e-10
9.040625000000000000e+01,6.887938993266419551e-10
9.042187500000000000e+01,6.885585924793000476e-10
9.043750000000000000e+01,6.883138156298351814e-10
9.045312500000000000e+01,6.889874120667496974e-10
9.046875000000000000e+01,7.146614366050850148e-10
9.048437500000000000e+01,7.944994713971884081e-10
9.050000000000000000e+01,8.944652111124211050e-10
9.051562500000000000e+01,9.364513577750087119e-10
9.053125000000000000e+01,9.111263231787882801e-10
9.054687500000000000e+01,8.914320974779181845e-10
9.056250000000000000e+01,9.203901106639882557e-10
9.057812500000000000e+01,9.661163645297902238e-10
9.059375000000000000e+01,9.821663959466173239e-10
9.060937500000000000e+01,9.634123006912553935e-10
9.062500000000000000e+01,9.456408995170652107e-10
9.064062500000000000e+01,9.138282659989120574e-10
9.065625000000000000e+01,8.240399378900036240e-10
9.067187500000000000e+01,7.179625238558901491e-10
9.068750000000000000e+01,6.808511223651819339e-10
9.070312500000000000e+01,7.066186505476801815e-10
9.071875000000000000e+01,7.358574543058462797e-10
9.073437500000000000e+01,7.438755735935813611e-10
9.075000000000000000e+01,7.341793998828197922e-10
9.076562500000000000e+01,7.224419549827282227e-10
9.078125000000000000e+01,7.389697416099564771e-10
9.079687500000000000e+01,7.949619124943115851e-10
9.081250000000000000e+01,8.476661215248410923e-10
9.082812500000000000e+01,8.819809903996672576e-10
9.084375000000000000e+01,9.315381454381997350e-10
9.085937500000000000e+01,9.785213017526375701e-10
9.087500000000000000e+01,9.868500902524610515e-10
9.089062500000000000e+01,9.681214535181172353e-10
9.090625000000000000e+01,9.292407260160337137e-10
9.092187500000000000e+01,8.637662509578726162e-10
9.093750000000000000e+01,8.056816840968101877e-10
9.095312500000000000e+01,7.997221000314856504e-10
9.096875000000000000e+01,8.409254789735029159e-10
9.098437500000000000e+01,9.097119778395548750e-10
9.100000000000000000e+01,9.774960736444660175e-10
9.101562500000000000e+01,9.989488936945308270e-10
9.103125000000000000e+01,9.633586207603854939e-10
9.104687500000000000e+01,8.954487683427538225e-10
9.106250000000000000e+01,8.175794696604794784e-10
9.107812500000000000e+01,7.432031390593875992e-10
9.109375000000000000e+01,6.846805852567128951e-10
9.110937500000000000e+01,6.454534720040326272e-10
9.112500000000000000e+01,6.286572434536190448e-10
9.114062500000000000e+01,6.531368988053383257e-10
9.115625000000000000e+01,7.021620541569913242e-10
9.117187500000000000e+01,7.153364469219804338e-10
9.118750000000000000e+01,6.658969055072529099e-10
9.120312500000000000e+01,5.874078048729019251e-10
9.121875000000000000e+01,5.289290519854656593e-10
9.123437500000000000e+01,5.332128748141965697e-10
9.125000000000000000e+01,6.217925174179711627e-10
9.126562500000000000e+01,7.411978645179967765e-10
9.128125000000000000e+01,8.192508246233802140e-10
9.129687500000000000e+01,8.438980100278895090e-10
9.131250000000000000e+01,8.507603558499583709e-10
9.132812500000000000e+01,8.535587503306158314e-10
9.134375000000000000e+01,8.418458351367063814e-10
9.135937500000000000e+01,8.205768162621401493e-10
9.137500000000000000e+01,7.872254596818491933e-10
9.139062500000000000e+01,7.353581937630457500e-10
9.140625000000000000e+01,6.893596989626237912e-10
9.142187500000000000e+01,6.729653493014000330e-10
9.143750000000000000e+01,6.685196537326371859e-10
9.145312500000000000e+01,6.523773565702822240e-10
9.146875000000000000e+01,6.427300902427304641e-10
9.148437500000000000e+01,6.615424761009741234e-10
9.150000000000000000e+01,6.745361092845237908e-10
9.151562500000000000e+01,6.510178855433695467e-10
9.153125000000000000e+01,6.221665396214176589e-10
9.154687500000000000e+01,6.216310369259749872e-10
9.156250000000000000e+01,6.383074091322872094e-10
9.157812500000000000e+01,6.599156916401569450e-10
9.159375000000000000e+01,6.771327280581612305e-10
9.160937500000000000e+01,6.707969800946308979e-10
9.162500000000000000e+01,6.472097752402179153e-10
9.164062500000000000e+01,6.616298544926013062e-10
9.165625000000000000e+01,7.465905644119185675e-10
9.167187500000000000e+01,8.554719811200258907e-10
9.168750000000000000e+01,9.294763170965802562e-10
9.170312500000000000e+01,9.419813944401827710e-10
9.171875000000000000e+01,8.958308932019018261e-10
9.173437500000000000e+01,8.109582217715839787e-10
9.175000000000000000e+01,7.315340520452041725e-10
9.176562500000000000e+01,6.998370413996684703e-10
9.178125000000000000e+01,7.057895900394255305e-10
9.179687500000000000e+01,7.063215616304639958e-10
9.181250000000000000e+01,6.786352847984910809e-10
9.182812500000000000e+01,6.372649192450588555e-10
9.184375000000000000e+01,6.090563348388409947e-10
9.185937500000000000e+01,6.026655686064959325e-10
9.187500000000000000e+01,6.225633083384027325e-10
9.189062500000000000e+01,6.906778936722699288e-10
9.190625000000000000e+01,7.953604026376940520e-10
9.192187500000000000e+01,8.836040625420681120e-10
9.193750000000000000e+01,9.340318466085254706e-10
9.195312500000000000e+01,9.762708015689037765e-10
9.196875000000000000e+01,1.027612442076472777e-09
9.198437500000000000e+01,1.056514847636983218e-09
9.200000000000000000e+01,1.052102659793496610e-09
9.201562500000000000e+01,1.057917509164228367e-09
9.203125000000000000e+01,1.089419240898236951e-09
9.204687500000000000e+01,1.114533679466429763e-09
9.206250000000000000e+01,1.134681537574973716e-09
9.207812500000000000e+01,1.180456913904242202e-09
9.209375000000000000e+01,1.220132957217486797e-09
9.210937500000000000e+01,1.171445318030509390e-09
9.212500000000000000e+01,1.024077591465781686e-09
9.214062500000000000e+01,8.665915886347932545e-10
9.215625000000000000e+01,7.729606868911251708e-10
9.217187500000000000e+01,7.369951339628950915e-10
9.218750000000000000e+01,7.238872987725679238e-10
9.220312500000000000e+01,6.981890385534354465e-10
9.221875000000000000e+01,6.570002300950190607e-10
9.223437500000000000e+01,6.316827721832484819e-10
9.225000000000000000e+01,6.326901275633637030e-10
9.226562500000000000e+01,6.505317586199544160e-10
9.228125000000000000e+01,6.823322864220892241e-10
9.229687500000000000e+01,7.160768606562744940e-10
9.231250000000000000e+01,7.387023923897348603e-10
9.232812500000000000e+01,7.445254738749074127e-10
9.234375000000000000e+01,7.325594725005887239e-10
9.235937500000000000e+01,7.214588518326165315e-10
9.237500000000000000e+01,7.457143192382311908e-10
9.239062500000000000e+01,8.218885456217313583e-10
9.240625000000000000e+01,9.193812668650065250e-10
9.242187500000000000e+01,9.951514858252476148e-10
9.243750000000000000e+01,1.042627953671881534e-09
9.245312500000000000e+01,1.086432350823728442e-09
9.246875000000000000e+01,1.137260125789664144e-09
9.248437500000000000e+01,1.164880697741142245e-09
9.250000000000000000e+01,1.160746338793111619e-09
9.251562500000000000e+01,1.176803654041676681e-09
9.253125000000000000e+01,1.236568607107582469e-09
9.254687500000000000e+01,1.297644366285392540e-09
9.256250000000000000e+01,1.334775063517158661e-09
9.257812500000000000e+01,1.351488880833227539e-09
9.259375000000000000e+01,1.360045655646245455e-09
9.260937500000000000e+01,1.367930410650593286e-09
9.262500000000000000e+01,1.350143290114685518e-09
9.264062500000000000e+01,1.274047157219628955e-09
9.265625000000000000e+01,1.156724368766914768e-09
9.267187500000000000e+01,1.078594960979391217e-09
9.268750000000000000e+01,1.074525883445872367e-09
9.270312500000000000e+01,1.095955825457570177e-09
9.271875000000000000e+01,1.136090670429974520e-09
9.273437500000000000e+01,1.207678614393170008e-09
9.275000000000000000e+01,1.252761829602787258e-09
9.276562500000000000e+01,1.228884734372695898e-09
9.278125000000000000e+01,1.172605356442631562e-09
9.279687500000000000e+01,1.117756072658740410e-09
9.281250000000000000e+01,1.052184055045172902e-09
9.282812500000000000e+01,9.989295973007790282e-10
9.284375000000000000e+01,1.001937999637251253e-09
9.285937500000000000e+01,1.027069653883123846e-09
9.287500000000000000e+01,1.039835991900774734e-09
9.289062500000000000e+01,1.061550420951953083e-09
9.290625000000000000e+01,1.122480135829738169e-09
9.292187500000000000e+01,1.216492567379504720e-09
9.293750000000000000e+01,1.257925775178533406e-09
9.295312500000000000e+01,1.211600288297303389e-09
9.296875000000000000e+01,1.167894984776388641e-09
9.298437500000000000e+01,1.161867344063879600e-09
9.300000000000000000e+01,1.118707811777502488e-09
9.301562500000000000e+01,1.033584770938632873e-09
9.303125000000000000e+01,9.868851634570816760e-10
9.304687500000000000e+01,9.847606910219839131e-10
9.306250000000000000e+01,9.639545872238815073e-10
9.307812500000000000e+01,9.197930875622204605e-10
9.309375000000000000e+01,8.832717094352898531e-10
9.310937500000000000e+01,8.638814822522233786e-10
9.312500000000000000e+01,8.771743155826678554e-10
9.314062500000000000e+01,9.311576561098355848e-10
9.315625000000000000e+01,9.827127096221851378e-10
9.317187500000000000e+01,9.841016674295880882e-10
9.318750000000000000e+01,9.331111076016934998e-10
9.320312500000000000e+01,8.532848034931062345e-10
9.321875000000000000e+01,7.574650783369553166e-10
9.323437500000000000e+01,6.605599856997311852e-10
9.325000000000000000e+01,5.882161064576032683e-10
9.326562500000000000e+01,5.505799034538239342e-10
9.328125000000000000e+01,5.520176599555376369e-10
9.329687500000000000e+01,5.974646377401776318e-10
9.331250000000000000e+01,6.609923981063071438e-10
9.332812500000000000e+01,6.979800319458746989e-10
9.334375000000000000e+01,7.000052430040657691e-10
9.335937500000000000e+01,7.139689486847202114e-10
9.337500000000000000e+01,7.819159227172994241e-10
9.339062500000000000e+01,8.771391782914118122e-10
9.340625000000000000e+01,9.623493566303849940e-10
9.342187500000000000e+01,1.048758162343134336e-09
9.343750000000000000e+01,1.149496171760375908e-09
9.345312500000000000e+01,1.243626689472508904e-09
9.346875000000000000e+01,1.310671778564691972e-09
9.348437500000000000e+01,1.345963536954460183e-09
9.350000000000000000e+01,1.364725582486322175e-09
9.351562500000000000e+01,1.390109008155056987e-09
9.353125000000000000e+01,1.395159118423938634e-09
9.354687500000000000e+01,1.325079515451100620e-09
9.356250000000000000e+01,1.201012496432825115e-09
9.357812500000000000e+01,1.116619349383709929e-09
9.359375000000000000e+01,1.103412285220016562e-09
9.360937500000000000e+01,1.094058084572929228e-09
9.362500000000000000e+01,1.040145931797700496e-09
9.364062500000000000e+01,9.593991771760114717e-10
9.365625000000000000e+01,8.843058906030929515e-10
9.367187500000000000e+01,8.223831900102318632e-10
9.368750000000000000e+01,7.641792558926733946e-10
9.370312500000000000e+01,7.029469810474247156e-10
9.371875000000000000e+01,6.668507487482077878e-10
9.373437500000000000e+01,6.898108117672214469e-10
9.375000000000000000e+01,7.347097947311125921e-10
9.376562500000000000e+01,7.741761912724919448e-10
9.378125000000000000e+01,8.642625275096981869e-10
9.379687500000000000e+01,1.006138052963545771e-09
9.381250000000000000e+01,1.106700068226083689e-09
9.382812500000000000e+01,1.127558146795308345e-09
9.384375000000000000e+01,1.094928922606875220e-09
9.385937500000000000e+01,1.026571386682862736e-09
9.387500000000000000e+01,9.496561553839753181e-10
9.389062500000000000e+01,9.030898018432294814e-10
9.390625000000000000e+01,8.817167322508567191e-10
9.392187500000000000e+01,8.609096353243295620e-10
9.393750000000000000e+01,8.338040449290689340e-10
9.395312500000000000e+01,8.310666615552044130e-10
9.396875000000000000e+01,8.761603796934157826e-10
9.398437500000000000e+01,9.331271648657948555e-10
9.400000000000000000e+01,9.838689910981809910e-10
9.401562500000000000e+01,1.031473066152292849e-09
9.403125000000000000e+01,1.060229457003920018e-09
9.404687500000000000e+01,1.100424859324466150e-09
9.406250000000000000e+01,1.206976854919209738e-09
9.407812500000000000e+01,1.338217773134491898e-09
9.409375000000000000e+01,1.397204615770224550e-09
9.410937500000000000e+01,1.334397607349141701e-09
9.412500000000000000e+01,1.220924739624178946e-09
9.414062500000000000e+01,1.188204372337105266e-09
9.415625000000000000e+01,1.221233289190270525e-09
9.417187500000000000e+01,1.214904987189040629e-09
9.418750000000000000e+01,1.148484186932650093e-09
9.420312500000000000e+01,1.081983963974132468e-09
9.421875000000000000e+01,1.073428696548253352e-09
9.423437500000000000e+01,1.106099595921899711e-09
9.425000000000000000e+01,1.142058043457767823e-09
9.426562500000000000e+01,1.185340012574010090e-09
9.428125000000000000e+01,1.203458895801937995e-09
9.429687500000000000e+01,1.138247477016656712e-09
9.431250000000000000e+01,1.030872301105031291e-09
9.432812500000000000e+01,9.784983204819448354e-10
9.434375000000000000e+01,9.649197024015999196e-10
9.435937500000000000e+01,9.171509821519035435e-10
9.437500000000000000e+01,8.409568450684486443e-10
9.439062500000000000e+01,7.779873102737229873e-10
9.440625000000000000e+01,7.367473634021283990e-10
9.442187500000000000e+01,7.095063414025833647e-10
9.443750000000000000e+01,6.987346610969195596e-10
9.445312500000000000e+01,6.835242010225279252e-10
9.446875000000000000e+01,6.480746470645139018e-10
9.448437500000000000e+01,6.278983989573898953e-10
9.450000000000000000e+01,6.542614844070431991e-10
9.451562500000000000e+01,7.162524860670256523e-10
9.453125000000000000e+01,8.077329351909689197e-10
9.454687500000000000e+01,9.339988822677469326e-10
9.456250000000000000e+01,1.055478021478899703e-09
9.457812500000000000e+01,1.107258224457446873e-09
9.459375000000000000e+01,1.072001897199707221e-09
9.460937500000000000e+01,9.818821453260060098e-10
9.462500000000000000e+01,8.779653010272629570e-10
9.464062500000000000e+01,7.966979311082197039e-10
9.465625000000000000e+01,7.607689622410401805e-10
9.467187500000000000e+01,7.614757705344777036e-10
9.468750000000000000e+01,7.683957272993024052e-10
9.470312500000000000e+01,7.718650281610284309e-10
9.471875000000000000e+01,7.883982790915076125e-10
9.473437500000000000e+01,8.058486916246749741e-10
9.475000000000000000e+01,7.987153728021547281e-10
9.476562500000000000e+01,7.738803768990350827e-10
9.478125000000000000e+01,7.414517214858888007e-10
9.479687500000000000e+01,7.189586634770970220e-10
9.481250000000000000e+01,7.233826421999235576e-10
9.482812500000000000e+01,7.397431546796698246e-10
9.484375000000000000e+01,7.871953724613156003e-10
9.485937500000000000e+01,8.776002855369517596e-10
9.487500000000000000e+01,9.461817674000275704e-10
9.489062500000000000e+01,9.489120627158463906e-10
9.490625000000000000e+01,9.024523053108162705e-10
9.492187500000000000e+01,8.532838033496472583e-10
9.493750000000000000e+01,8.489290898753413621e-10
9.495312500000000000e+01,8.806512950266029899e-10
9.496875000000000000e+01,8.989421182385493189e-10
9.498437500000000000e+01,8.921380052880057681e-10
9.500000000000000000e+01,8.678490002800736860e-10
9.501562500000000000e+01,8.247778121742088618e-10
9.503125000000000000e+01,7.966061063662999419e-10
9.504687500000000000e+01,8.160029651334375182e-10
9.506250000000000000e+01,8.711627483638140695e-10
9.507812500000000000e+01,9.415000431065920559e-10
9.509375000000000000e+01,9.961066889333395632e-10
9.510937500000000000e+01,1.002762057321535031e-09
9.512500000000000000e+01,9.710157745880344010e-10
9.514062500000000000e+01,9.374142197990664072e-10
9.515625000000000000e+01,9.135819546874515484e-10
9.517187500000000000e+01,9.073765434855130916e-10
9.518750000000000000e+01,9.394803827302092699e-10
9.520312500000000000e+01,1.004951038367650267e-09
9.521875000000000000e+01,1.080511441623973327e-09
9.523437500000000000e+01,1.143877812060951876e-09
9.525000000000000000e+01,1.174570435956641598e-09
9.526562500000000000e+01,1.168491049081269610e-09
9.528125000000000000e+01,1.156876523407003343e-09
9.529687500000000000e+01,1.175695640681124711e-09
9.531250000000000000e+01,1.215880373989103048e-09
9.532812500000000000e+01,1.245660737073465398e-09
9.534375000000000000e+01,1.247673111843152268e-09
9.535937500000000000e+01,1.223430224387151244e-09
9.537500000000000000e+01,1.175026690977017519e-09
9.539062500000000000e+01,1.094585308506108748e-09
9.540625000000000000e+01,9.953498647426576999e-10
9.542187500000000000e+01,9.075903586111805194e-10
9.543750000000000000e+01,8.418281997164070440e-10
9.545312500000000000e+01,7.878663759666090104e-10
9.546875000000000000e+01,7.285817588013640727e-10
9.548437500000000000e+01,6.733042320361624277e-10
9.550000000000000000e+01,6.533075149035819511e-10
9.551562500000000000e+01,6.672279467230679087e-10
9.553125000000000000e+01,6.966507120359719299e-10
9.554687500000000000e+01,7.307832899491883708e-10
9.556250000000000000e+01,7.536036509133794379e-10
9.557812500000000000e+01,7.576227793088010485e-10
9.559375000000000000e+01,7.466503338607896392e-10
9.560937500000000000e+01,7.447207292953403808e-10
9.562500000000000000e+01,8.017183096330543231e-10
9.564062500000000000e+01,9.082217690754172350e-10
9.565625000000000000e+01,9.901026861526445347e-10
9.567187500000000000e+01,1.002543537869720187e-09
9.568750000000000000e+01,9.511135331339022168e-10
9.570312500000000000e+01,8.659341126553037751e-10
9.571875000000000000e+01,7.895063752502691591e-10
9.573437500000000000e+01,7.531980237269330917e-10
9.575000000000000000e+01,7.368588797553314021e-10
9.576562500000000000e+01,7.139580628092803352e-10
9.578125000000000000e+01,6.969198777919215825e-10
9.579687500000000000e+01,7.174099170350711442e-10
9.581250000000000000e+01,7.816624307004125332e-10
9.582812500000000000e+01,8.396518856298012686e-10
9.584375000000000000e+01,8.533678537443825123e-10
9.585937500000000000e+01,8.368394056703012741e-10
9.587500000000000000e+01,8.191769976600718278e-10
9.589062500000000000e+01,8.134749063086447240e-10
9.590625000000000000e+01,8.151834020176951597e-10
9.592187500000000000e+01,8.326853878758549719e-10
9.593750000000000000e+01,8.930121347026998094e-10
9.595312500000000000e+01,9.849310910108295209e-10
9.596875000000000000e+01,1.048321580898088563e-09
9.598437500000000000e+01,1.048107006525075800e-09
9.600000000000000000e+01,1.015105493180057600e-09
9.601562500000000000e+01,9.870875017057338764e-10
9.603125000000000000e+01,9.604380241305992985e-10
9.604687500000000000e+01,9.280339570217666142e-10
9.606250000000000000e+01,8.966785550464578999e-10
9.607812500000000000e+01,8.666364736508336079e-10
9.609375000000000000e+01,8.342429154176986689e-10
9.610937500000000000e+01,8.016001482138958374e-10
9.612500000000000000e+01,7.803433427439108158e-10
9.614062500000000000e+01,7.860220740239923078e-10
9.615625000000000000e+01,8.052016142546930304e-10
9.617187500000000000e+01,7.922471977687013554e-10
9.618750000000000000e+01,7.227448081214624386e-10
9.620312500000000000e+01,6.447905022305297011e-10
9.621875000000000000e+01,6.407538181607592993e-10
9.623437500000000000e+01,7.055457567025858754e-10
9.625000000000000000e+01,7.613511514763873366e-10
9.626562500000000000e+01,7.645364101144446376e-10
9.628125000000000000e+01,7.403949892541621189e-10
9.629687500000000000e+01,7.362210019201565611e-10
9.631250000000000000e+01,7.463712479370838930e-10
9.632812500000000000e+01,7.324086169315945193e-10
9.634375000000000000e+01,6.926754107765929920e-10
9.635937500000000000e+01,6.559078839264050234e-10
9.637500000000000000e+01,6.339554084725561730e-10
9.639062500000000000e+01,6.167309000539900545e-10
9.640625000000000000e+01,5.998418454452743403e-10
9.642187500000000000e+01,5.948412996964397969e-10
9.643750000000000000e+01,6.183798421852574256e-10
9.645312500000000000e+01,6.720102205311122880e-10
9.646875000000000000e+01,7.449538107775263166e-10
9.648437500000000000e+01,8.162534417690452360e-10
9.650000000000000000e+01,8.509962442074009967e-10
9.651562500000000000e+01,8.501819573190475595e-10
9.653125000000000000e+01,8.522510690504075534e-10
9.654687500000000000e+01,8.777476988963373535e-10
9.656250000000000000e+01,9.346274563666386943e-10
9.657812500000000000e+01,1.003721881161526006e-09
9.659375000000000000e+01,1.048809035985286015e-09
9.660937500000000000e+01,1.081194861038954984e-09
9.662500000000000000e+01,1.117954961563954748e-09
9.664062500000000000e+01,1.126548036002921996e-09
9.665625000000000000e+01,1.092220664167108267e-09
9.667187500000000000e+01,1.066676440329622110e-09
9.668750000000000000e+01,1.101455459199882752e-09
9.670312500000000000e+01,1.158944531483971995e-09
9.671875000000000000e+01,1.167352845250708376e-09
9.673437500000000000e+01,1.125467686147356966e-09
9.675000000000000000e+01,1.080465516892612061e-09
9.676562500000000000e+01,1.061030134124260667e-09
9.678125000000000000e+01,1.070929596018786556e-09
9.679687500000000000e+01,1.100681330883803708e-09
9.681250000000000000e+01,1.124730997565031751e-09
9.682812500000000000e+01,1.101037213240834015e-09
9.684375000000000000e+01,1.006467234414454072e-09
9.685937500000000000e+01,8.911319186072717373e-10
9.687500000000000000e+01,8.340925432237313012e-10
9.689062500000000000e+01,8.173826060222571468e-10
9.690625000000000000e+01,8.102685057914553995e-10
9.692187500000000000e+01,8.419596018824085432e-10
9.693750000000000000e+01,8.796058759513067703e-10
9.695312500000000000e+01,8.530945720797799937e-10
9.696875000000000000e+01,7.705035091068057205e-10
9.698437500000000000e+01,6.948483730655036518e-10
9.700000000000000000e+01,6.706551950893413345e-10
9.701562500000000000e+01,7.068218211328317965e-10
9.703125000000000000e+01,7.670193660530065741e-10
9.704687500000000000e+01,8.164927576161868954e-10
9.706250000000000000e+01,8.667548384327646567e-10
9.707812500000000000e+01,9.520525250011847437e-10
9.709375000000000000e+01,1.067275357719640760e-09
9.710937500000000000e+01,1.165770945935255450e-09
9.712500000000000000e+01,1.219697720104777121e-09
9.714062500000000000e+01,1.237984720694594143e-09
9.715625000000000000e+01,1.243593571208200501e-09
9.717187500000000000e+01,1.219822913740327891e-09
9.718750000000000000e+01,1.123774842774001459e-09
9.720312500000000000e+01,9.791927963616910226e-10
9.721875000000000000e+01,8.651670251356436663e-10
9.723437500000000000e+01,8.022432642757100877e-10
9.725000000000000000e+01,7.467465714947207990e-10
9.726562500000000000e+01,6.832005048204954522e-10
9.728125000000000000e+01,6.207162504694608216e-10
9.729687500000000000e+01,5.538129026613688012e-10
9.731250000000000000e+01,4.777110788116936841e-10
9.732812500000000000e+01,4.162192039744254020e-10
9.734375000000000000e+01,3.938901681590014486e-10
9.735937500000000000e+01,3.917677177070431511e-10
9.737500000000000000e+01,3.873960998487959581e-10
9.739062500000000000e+01,3.847190341123473496e-10
9.740625000000000000e+01,3.985156731746383652e-10
9.742187500000000000e+01,4.294245854130786489e-10
9.743750000000000000e+01,4.618418855819670566e-10
9.745312500000000000e+01,4.945525936057267899e-10
9.746875000000000000e+01,5.366136176150145074e-10
9.748437500000000000e+01,5.838624323232448600e-10
9.750000000000000000e+01,6.412258834341762987e-10
9.751562500000000000e+01,7.291209517122363165e-10
9.753125000000000000e+01,8.421085756793214176e-10
9.754687500000000000e+01,9.489625603285141888e-10
9.756250000000000000e+01,1.013648748190315271e-09
9.757812500000000000e+01,1.007623852992720294e-09
9.759375000000000000e+01,9.434889188111383487e-10
9.760937500000000000e+01,8.799976870056470337e-10
9.762500000000000000e+01,8.632935164776808927e-10
9.764062500000000000e+01,8.755834386331093808e-10
9.765625000000000000e+01,8.886715797043318382e-10
9.767187500000000000e+01,9.196911273349634709e-10
9.768750000000000000e+01,9.751309394613871055e-10
9.770312500000000000e+01,1.006908100288466422e-09
9.771875000000000000e+01,9.859115003463370305e-10
9.773437500000000000e+01,9.361763249921780089e-10
9.775000000000000000e+01,8.772896197667558914e-10
9.776562500000000000e+01,8.165299007086127929e-10
9.778125000000000000e+01,7.782794404096773409e-10
9.779687500000000000e+01,7.497617838087709901e-10
9.781250000000000000e+01,6.859986660688841910e-10
9.782812500000000000e+01,6.153743521508900951e-10
9.784375000000000000e+01,6.258168702135534575e-10
9.785937500000000000e+01,7.003899677320729736e-10
9.787500000000000000e+01,7.497418393945677588e-10
9.789062500000000000e+01,7.655237660939438580e-10
9.790625000000000000e+01,8.219076858385213976e-10
9.792187500000000000e+01,9.534072567155368072e-10
9.793750000000000000e+01,1.104938101469507995e-09
9.795312500000000000e+01,1.211827260738669327e-09
9.796875000000000000e+01,1.238226297662583458e-09
9.798437500000000000e+01,1.183299045132032733e-09
9.800000000000000000e+01,1.076745485581264859e-09
9.801562500000000000e+01,9.515322315611366555e-10
9.803125000000000000e+01,8.450078134313345284e-10
9.804687500000000000e+01,7.990329313890327077e-10
9.806250000000000000e+01,8.001281107203444090e-10
9.807812500000000000e+01,8.012658735070747484e-10
9.809375000000000000e+01,7.880840376788784038e-10
9.810937500000000000e+01,7.672219306051851664e-10
9.812500000000000000e+01,7.602802990561642536e-10
9.814062500000000000e+01,7.978123066195248126e-10
9.815625000000000000e+01,8.586436183795041079e-10
9.817187500000000000e+01,9.033375686454426702e-10
9.818750000000000000e+01,9.503317005781964453e-10
9.820312500000000000e+01,1.010870398847578762e-09
9.821875000000000000e+01,1.048207017729093298e-09
9.823437500000000000e+01,1.069744349946253744e-09
9.825000000000000000e+01,1.132496973593837249e-09
9.826562500000000000e+01,1.213351325433795807e-09
9.828125000000000000e+01,1.227610992863233917e-09
9.829687500000000000e+01,1.160271320336940497e-09
9.831250000000000000e+01,1.074983102778414581e-09
9.832812500000000000e+01,1.029753176398250251e-09
9.834375000000000000e+01,9.970837929311570615e-10
9.835937500000000000e+01,9.232561700574084787e-10
9.837500000000000000e+01,8.242207143611157357e-10
9.839062500000000000e+01,7.457206334885808800e-10
9.840625000000000000e+01,7.057265505274422447e-10
9.842187500000000000e+01,6.973652805104266932e-10
9.843750000000000000e+01,6.958358949578019627e-10
9.845312500000000000e+01,6.878563798988825930e-10
9.846875000000000000e+01,6.796685363696622840e-10
9.848437500000000000e+01,6.808643780460929292e-10
9.850000000000000000e+01,7.022886859742142372e-10
9.851562500000000000e+01,7.449716082246112904e-10
9.853125000000000000e+01,7.964428694052822206e-10
9.854687500000000000e+01,8.510152573993973030e-10
9.856250000000000000e+01,9.066965141751470400e-10
9.857812500000000000e+01,9.454495035690656814e-10
9.859375000000000000e+01,9.525432822427379298e-10
9.860937500000000000e+01,9.512019012874375218e-10
9.862500000000000000e+01,9.686537491466413090e-10
9.864062500000000000e+01,9.947078946652861234e-10
9.865625000000000000e+01,1.005168139307602617e-09
9.867187500000000000e+01,9.774730382813768023e-10
9.868750000000000000e+01,9.004252209022767919e-10
9.870312500000000000e+01,7.948326836917724011e-10
9.871875000000000000e+01,7.055372558829292765e-10
9.873437500000000000e+01,6.842481801692556793e-10
9.875000000000000000e+01,7.423571124977307525e-10
9.876562500000000000e+01,8.122313002953178480e-10
9.878125000000000000e+01,8.360171313540872275e-10
9.879687500000000000e+01,8.213799481054619162e-10
9.881250000000000000e+01,8.169383892739802028e-10
9.882812500000000000e+01,8.621496826951292675e-10
9.884375000000000000e+01,9.436550275569268318e-10
9.885937500000000000e+01,1.006659663632674555e-09
9.887500000000000000e+01,1.008135005875752012e-09
9.889062500000000000e+01,9.469570748963339037e-10
9.890625000000000000e+01,8.673498074586254896e-10
9.892187500000000000e+01,8.455737379839300845e-10
9.893750000000000000e+01,9.206397955597015810e-10
9.895312500000000000e+01,1.049374207866329387e-09
9.896875000000000000e+01,1.158945466124559876e-09
9.898437500000000000e+01,1.237504543776190625e-09
9.900000000000000000e+01,1.325523790642542027e-09
9.901562500000000000e+01,1.419686876615329180e-09
9.903125000000000000e+01,1.498590126882745100e-09
9.904687500000000000e+01,1.573101077373411142e-09
9.906250000000000000e+01,1.648521454462504013e-09
9.907812500000000000e+01,1.707654264561623916e-09
9.909375000000000000e+01,1.712739204658034949e-09
9.910937500000000000e+01,1.625309370828648580e-09
9.912500000000000000e+01,1.466573707147515858e-09
9.914062500000000000e+01,1.328676061065606358e-09
9.915625000000000000e+01,1.276062190964221146e-09
9.917187500000000000e+01,1.276236527864225841e-09
9.918750000000000000e+01,1.295520991882290175e-09
9.920312500000000000e+01,1.345480854417314304e-09
9.921875000000000000e+01,1.434844118195034342e-09
9.923437500000000000e+01,1.538085102773185765e-09
9.925000000000000000e+01,1.580951896468077328e-09
9.926562500000000000e+01,1.505515781616983835e-09
9.928125000000000000e+01,1.389399641457419477e-09
9.929687500000000000e+01,1.385498672978068884e-09
9.931250000000000000e+01,1.468110635534778310e-09
9.932812500000000000e+01,1.511361664605037298e-09
9.934375000000000000e+01,1.535499878580300200e-09
9.935937500000000000e+01,1.635995686569169321e-09
9.937500000000000000e+01,1.770532885800480272e-09
9.939062500000000000e+01,1.831927748017230501e-09
9.940625000000000000e+01,1.811387245143081068e-09
9.942187500000000000e+01,1.758121655576649065e-09
9.943750000000000000e+01,1.736236155780903092e-09
9.945312500000000000e+01,1.773783461998147576e-09
9.946875000000000000e+01,1.801588449724202580e-09
9.948437500000000000e+01,1.772361668504158492e-09
9.950000000000000000e+01,1.707270613173623246e-09
9.951562500000000000e+01,1.598175140221403802e-09
9.953125000000000000e+01,1.432748957810214442e-09
9.954687500000000000e+01,1.292934298241319436e-09
9.956250000000000000e+01,1.290865799715874849e-09
9.957812500000000000e+01,1.373432620447179805e-09
9.959375000000000000e+01,1.406593868184358276e-09
9.960937500000000000e+01,1.362721937668838960e-09
9.962500000000000000e+01,1.272030498190936722e-09
9.964062500000000000e+01,1.166481008936382258e-09
9.965625000000000000e+01,1.084825118982623311e-09
9.967187500000000000e+01,1.027081103560528505e-09
9.968750000000000000e+01,9.555587992948762837e-10
9.970312500000000000e+01,8.950931116239552615e-10
9.971875000000000000e+01,9.403191690938471512e-10
9.973437500000000000e+01,1.098166478275960573e-09
9.975000000000000000e+01,1.264342155876774416e-09
9.976562500000000000e+01,1.356908800726530776e-09
9.978125000000000000e+01,1.381411754831576257e-09
9.979687500000000000e+01,1.378682669817328683e-09
9.981250000000000000e+01,1.355229759256048283e-09
9.982812500000000000e+01,1.335338061148419620e-09
9.984375000000000000e+01,1.358231812491238639e-09
9.985937500000000000e+01,1.393806960598435675e-09
9.987500000000000000e+01,1.416996337323158958e-09
9.989062500000000000e+01,1.453179886218953560e-09
9.990625000000000000e+01,1.484062148989918385e-09
9.992187500000000000e+01,1.474861326261761889e-09
9.993750000000000000e+01,1.463942103343992253e-09
9.995312500000000000e+01,1.519964263612025949e-09
9.996875000000000000e+01,1.641963676988421339e-09
9.998437500000000000e+01,1.728510322568040775e-09
1.000000000000000000e+02,1.714741492543861868e-09
1.000156250000000000e+02,1.658282977715133406e-09
1.000312500000000000e+02,1.653972262138663029e-09
1.000468750000000000e+02,1.747651701422011756e-09
1.000625000000000000e+02,1.889684488050843575e-09
1.000781250000000000e+02,1.969099413114911357e-09
1.000937500000000000e+02,1.907778144446054629e-09
1.001093750000000000e+02,1.722378250630332164e-09
1.001250000000000000e+02,1.518858551190512478e-09
1.001406250000000000e+02,1.377571538915196534e-09
1.001562500000000000e+02,1.280883488187475289e-09
1.001718750000000000e+02,1.183758791613157954e-09
1.001875000000000000e+02,1.108401215673566300e-09
1.002031250000000000e+02,1.125183679348158817e-09
1.002187500000000000e+02,1.203876943143213536e-09
1.002343750000000000e+02,1.233821065210868267e-09
1.002500000000000000e+02,1.157679877523765726e-09
1.002656250000000000e+02,1.012463670586617308e-09
1.002812500000000000e+02,8.993075191360170724e-10
1.002968750000000000e+02,8.624598336995122520e-10
1.003125000000000000e+02,8.660588547547382317e-10
1.003281250000000000e+02,8.966015453843586139e-10
1.003437500000000000e+02,9.480030780112786230e-10
1.003593750000000000e+02,1.013912384333802013e-09
1.003750000000000000e+02,1.115090352744862823e-09
1.003906250000000000e+02,1.240861526449988950e-09
1.004062500000000000e+02,1.327099183335562977e-09
1.004218750000000000e+02,1.358946302811067645e-09
1.004375000000000000e+02,1.376515458386072355e-09
1.004531250000000000e+02,1.379906029349785519e-09
1.004687500000000000e+02,1.350344628824233958e-09
1.004843750000000000e+02,1.297314356187365040e-09
1.005000000000000000e+02,1.243921380838491818e-09
1.005156250000000000e+02,1.206971097151327447e-09
1.005312500000000000e+02,1.187054464953032775e-09
1.005468750000000000e+02,1.169324647242426632e-09
1.005625000000000000e+02,1.170005820413327435e-09
1.005781250000000000e+02,1.198697280682761586e-09
1.005937500000000000e+02,1.188593874241040614e-09
1.006093750000000000e+02,1.108181835442191109e-09
1.006250000000000000e+02,1.021822351262060705e-09
1.006406250000000000e+02,9.691948533633216805e-10
1.006562500000000000e+02,9.025208642385719004e-10
1.006718750000000000e+02,7.903269339847850986e-10
1.006875000000000000e+02,6.655760264243924682e-10
1.007031250000000000e+02,5.675567057409547437e-10
1.007187500000000000e+02,5.044733338813133754e-10
1.007343750000000000e+02,4.770787890122576931e-10
1.007500000000000000e+02,4.786562805797559530e-10
1.007656250000000000e+02,4.877848295554336968e-10
1.007812500000000000e+02,4.998727080527916370e-10
1.007968750000000000e+02,5.313336443469824394e-10
1.008125000000000000e+02,5.788579983947415480e-10
1.008281250000000000e+02,6.243103958587416782e-10
1.008437500000000000e+02,6.664995403928950148e-10
1.008593750000000000e+02,7.020993892952305966e-10
1.008750000000000000e+02,7.303936732183654888e-10
1.008906250000000000e+02,7.803875841526074630e-10
1.009062500000000000e+02,8.740147730070978792e-10
1.009218750000000000e+02,1.003788294769855460e-09
1.009375000000000000e+02,1.136631622076301105e-09
1.009531250000000000e+02,1.240942427760329006e-09
1.009687500000000000e+02,1.336659525450604020e-09
1.009843750000000000e+02,1.438638926380617564e-09
1.010000000000000000e+02,1.496931408390754647e-09
1.010156250000000000e+02,1.467127888752040250e-09
1.010312500000000000e+02,1.374784942450470417e-09
1.010468750000000000e+02,1.274693882004940620e-09
1.010625000000000000e+02,1.173972144575086389e-09
1.010781250000000000e+02,1.051696033727219275e-09
1.010937500000000000e+02,9.209514647962090851e-10
1.011093750000000000e+02,8.331873838748532435e-10
1.011250000000000000e+02,8.141806357226230295e-10
1.011406250000000000e+02,8.087849883687602011e-10
1.011562500000000000e+02,7.698065676654499920e-10
1.011718750000000000e+02,7.133979145367232855e-10
1.011875000000000000e+02,6.695348953607035336e-10
1.012031250000000000e+02,6.537120020168160803e-10
1.012187500000000000e+02,6.654276619681708695e-10
1.012343750000000000e+02,6.784331965177017527e-10
1.012500000000000000e+02,6.709874749559941957e-10
1.012656250000000000e+02,6.527589120599046480e-10
1.012812500000000000e+02,6.669733958460772953e-10
1.012968750000000000e+02,7.645011120229142136e-10
1.013125000000000000e+02,9.082587804301083468e-10
1.013281250000000000e+02,1.012875824994639698e-09
1.013437500000000000e+02,1.056228732655897356e-09
1.013593750000000000e+02,1.085045037852090835e-09
1.013750000000000000e+02,1.138381229785131410e-09
1.013906250000000000e+02,1.183971160692527597e-09
1.014062500000000000e+02,1.157358738948990098e-09
1.014218750000000000e+02,1.074090496033822729e-09
1.014375000000000000e+02,1.067131914767848623e-09
1.014531250000000000e+02,1.183610050507876721e-09
1.014687500000000000e+02,1.288367721204292611e-09
1.014843750000000000e+02,1.290124170606892130e-09
1.015000000000000000e+02,1.208234224914864272e-09
1.015156250000000000e+02,1.097034394226624922e-09
1.015312500000000000e+02,9.920226281378092156e-10
1.015468750000000000e+02,9.034666063498051698e-10
1.015625000000000000e+02,8.496789107155726586e-10
1.015781250000000000e+02,8.448059003188544869e-10
1.015937500000000000e+02,8.395451975622912708e-10
1.016093750000000000e+02,7.974434346024747693e-10
1.016250000000000000e+02,7.659307060574067922e-10
1.016406250000000000e+02,7.692579776800710417e-10
1.016562500000000000e+02,7.561845362368684944e-10
1.016718750000000000e+02,7.176780870495346619e-10
1.016875000000000000e+02,6.974551167135192620e-10
1.017031250000000000e+02,6.928056796529812901e-10
1.017187500000000000e+02,6.676460100568607832e-10
1.017343750000000000e+02,6.292850744933994242e-10
1.017500000000000000e+02,6.117089525604858112e-10
1.017656250000000000e+02,6.228103327510516170e-10
1.017812500000000000e+02,6.329294363298923620e-10
1.017968750000000000e+02,6.212033441147488234e-10
1.018125000000000000e+02,6.065724653966580485e-10
1.018281250000000000e+02,5.997563769732115242e-10
1.018437500000000000e+02,5.926654777281993276e-10
1.018593750000000000e+02,6.003562260193879384e-10
1.018750000000000000e+02,6.333808750440849096e-10
1.018906250000000000e+02,6.730357944876760384e-10
1.019062500000000000e+02,7.072072194813899167e-10
1.019218750000000000e+02,7.521981010328190178e-10
1.019375000000000000e+02,8.266274940293746639e-10
1.019531250000000000e+02,9.026628464804455919e-10
1.019687500000000000e+02,9.399774080125092948e-10
1.019843750000000000e+02,9.438311045001830399e-10
1.020000000000000000e+02,9.258531843197162054e-10
1.020156250000000000e+02,8.717451214506837044e-10
1.020312500000000000e+02,8.055045674114772897e-10
1.020468750000000000e+02,8.051229733145444604e-10
1.020625000000000000e+02,8.617977129008151806e-10
1.020781250000000000e+02,8.721392863374839132e-10
1.020937500000000000e+02,8.258795067836483277e-10
1.021093750000000000e+02,8.123543444325105813e-10
1.021250000000000000e+02,8.609084799181836992e-10
1.021406250000000000e+02,9.242170133884702688e-10
1.021562500000000000e+02,9.689520808429348982e-10
1.021718750000000000e+02,9.694367166681700351e-10
1.021875000000000000e+02,9.191960970215756154e-10
1.022031250000000000e+02,8.680363990676527022e-10
1.022187500000000000e+02,8.552279917829484087e-10
1.022343750000000000e+02,8.502786310320439701e-10
1.022500000000000000e+02,8.342171131943210853e-10
1.022656250000000000e+02,8.258042017375974911e-10
1.022812500000000000e+02,8.563928746458605739e-10
1.022968750000000000e+02,9.529686524493912423e-10
1.023125000000000000e+02,1.074918069851276163e-09
1.023281250000000000e+02,1.148736270508490707e-09
1.023437500000000000e+02,1.157774855990172872e-09
1.023593750000000000e+02,1.132073861874679365e-09
1.023750000000000000e+02,1.105417525972483088e-09
1.023906250000000000e+02,1.099588192952685434e-09
1.024062500000000000e+02,1.104889942309654366e-09
1.024218750000000000e+02,1.097264619948905775e-09
1.024375000000000000e+02,1.078662903200944300e-09
1.024531250000000000e+02,1.062423353412173143e-09
1.024687500000000000e+02,1.039384323440261946e-09
1.024843750000000000e+02,9.923680360636659568e-10
1.025000000000000000e+02,9.218352981651532843e-10
1.025156250000000000e+02,8.602117395294079193e-10
1.025312500000000000e+02,8.462252356114998375e-10
1.025468750000000000e+02,8.783672163699151525e-10
1.025625000000000000e+02,9.343116268843405485e-10
1.025781250000000000e+02,9.760254822202535931e-10
1.025937500000000000e+02,9.593384922972410470e-10
1.026093750000000000e+02,8.938790874231029507e-10
1.026250000000000000e+02,8.448609474083847308e-10
1.026406250000000000e+02,8.678189838887590870e-10
1.026562500000000000e+02,9.334783081260240649e-10
1.026718750000000000e+02,9.593647592128522319e-10
1.026875000000000000e+02,9.275053086766478453e-10
1.027031250000000000e+02,9.048694169225702773e-10
1.027187500000000000e+02,9.235020681463619531e-10
1.027343750000000000e+02,9.236136533699794176e-10
1.027500000000000000e+02,8.890800929012327896e-10
1.027656250000000000e+02,8.670472542105918591e-10
1.027812500000000000e+02,8.519448006481820745e-10
1.027968750000000000e+02,8.122251720989575563e-10
1.028125000000000000e+02,7.843556605201690855e-10
1.028281250000000000e+02,8.348869309675393819e-10
1.028437500000000000e+02,9.311222217816381108e-10
1.028593750000000000e+02,9.686533123896863469e-10
1.028750000000000000e+02,9.085159800430092171e-10
1.028906250000000000e+02,8.044305144638027098e-10
1.029062500000000000e+02,7.410572945967300841e-10
1.029218750000000000e+02,7.601228793683666061e-10
1.029375000000000000e+02,7.990944502219193753e-10
1.029531250000000000e+02,7.877385513304512188e-10
1.029687500000000000e+02,7.589708984494747507e-10
1.029843750000000000e+02,7.657372544733360255e-10
1.030000000000000000e+02,7.793400056377511245e-10
1.030156250000000000e+02,7.731770792493682649e-10
1.030312500000000000e+02,7.860284662114493416e-10
1.030468750000000000e+02,8.319139369245206132e-10
1.030625000000000000e+02,8.777419520115961420e-10
1.030781250000000000e+02,9.182769580406541397e-10
1.030937500000000000e+02,9.488796732259945799e-10
1.031093750000000000e+02,9.424528627217754663e-10
1.031250000000000000e+02,9.185040370764269960e-10
1.031406250000000000e+02,9.341644774714231314e-10
1.031562500000000000e+02,9.685454731158543444e-10
1.031718750000000000e+02,9.619738920129426739e-10
1.031875000000000000e+02,9.238653669996089040e-10
1.032031250000000000e+02,8.914488484310223256e-10
1.032187500000000000e+02,8.703510310206960383e-10
1.032343750000000000e+02,8.569145789706503692e-10
1.032500000000000000e+02,8.314888922892350712e-10
1.032656250000000000e+02,7.713698911800567107e-10
1.032812500000000000e+02,7.121794910385221760e-10
1.032968750000000000e+02,7.009845303088491914e-10
1.033125000000000000e+02,7.040097803568593481e-10
1.033281250000000000e+02,6.875439268505631888e-10
1.033437500000000000e+02,6.647148342775766459e-10
1.033593750000000000e+02,6.392433018726237635e-10
1.033750000000000000e+02,6.082992284989596390e-10
1.033906250000000000e+02,5.789830818743738661e-10
1.034062500000000000e+02,5.724266469529635031e-10
1.034218750000000000e+02,6.141616311062904791e-10
1.034375000000000000e+02,6.826441854698894206e-10
1.034531250000000000e+02,7.323723697298416081e-10
1.034687500000000000e+02,7.525012492333925025e-10
1.034843750000000000e+02,7.657477850095443456e-10
1.035000000000000000e+02,7.746276599281391604e-10
1.035156250000000000e+02,7.513269458907037077e-10
1.035312500000000000e+02,7.010516751701673785e-10
1.035468750000000000e+02,6.938138999465676564e-10
1.035625000000000000e+02,7.814400373831045458e-10
1.035781250000000000e+02,9.088284006702259456e-10
1.035937500000000000e+02,1.005621611021716353e-09
1.036093750000000000e+02,1.051994967400528693e-09
1.036250000000000000e+02,1.051218719707362422e-09
1.036406250000000000e+02,1.014421044378669797e-09
1.036562500000000000e+02,9.727865970009095130e-10
1.036718750000000000e+02,9.432692791236514500e-10
1.036875000000000000e+02,9.199649070527814812e-10
1.037031250000000000e+02,9.286607349195494922e-10
1.037187500000000000e+02,9.650226907116419192e-10
1.037343750000000000e+02,9.762192134770824102e-10
1.037500000000000000e+02,9.757274380221169303e-10
1.037656250000000000e+02,1.006555306009468223e-09
1.037812500000000000e+02,1.043846758908417629e-09
1.037968750000000000e+02,1.060914076327800727e-09
1.038125000000000000e+02,1.081343703696151982e-09
1.038281250000000000e+02,1.112061071897595539e-09
1.038437500000000000e+02,1.141116442464642277e-09
1.038593750000000000e+02,1.220710734579137001e-09
1.038750000000000000e+02,1.364146722823870904e-09
1.038906250000000000e+02,1.474726339538907777e-09
1.039062500000000000e+02,1.500718312552485896e-09
1.039218750000000000e+02,1.440949106807684856e-09
1.039375000000000000e+02,1.309003714669236771e-09
1.039531250000000000e+02,1.195892519907671909e-09
1.039687500000000000e+02,1.194187914888663460e-09
1.039843750000000000e+02,1.274737144469377993e-09
1.040000000000000000e+02,1.363335588360949029e-09
1.040156250000000000e+02,1.399628100630077813e-09
1.040312500000000000e+02,1.365295743052648298e-09
1.040468750000000000e+02,1.333415376186704230e-09
1.040625000000000000e+02,1.374046075142956058e-09
1.040781250000000000e+02,1.420133165258013631e-09
1.040937500000000000e+02,1.383275998414834678e-09
1.041093750000000000e+02,1.275069838429041466e-09
1.041250000000000000e+02,1.169727445416258113e-09
1.041406250000000000e+02,1.101843160961448990e-09
1.041562500000000000e+02,1.041061237670558545e-09
1.041718750000000000e+02,9.959713541933605180e-10
1.041875000000000000e+02,1.040648046484760452e-09
1.042031250000000000e+02,1.176105506243269541e-09
1.042187500000000000e+02,1.298413915176142976e-09
1.042343750000000000e+02,1.325278332454667570e-09
1.042500000000000000e+02,1.260895212377749719e-09
1.042656250000000000e+02,1.147615377238168124e-09
1.042812500000000000e+02,1.020267837166696430e-09
1.042968750000000000e+02,9.278622612186116559e-10
1.043125000000000000e+02,8.970848775523255138e-10
1.043281250000000000e+02,8.958488246797458598e-10
1.043437500000000000e+02,8.876789236692709644e-10
1.043593750000000000e+02,8.904933100303835365e-10
1.043750000000000000e+02,9.568030013644337684e-10
1.043906250000000000e+02,1.076152529580908271e-09
1.044062500000000000e+02,1.167947741146453663e-09
1.044218750000000000e+02,1.183788889052035220e-09
1.044375000000000000e+02,1.168174595987324026e-09
1.044531250000000000e+02,1.181563591450086562e-09
1.044687500000000000e+02,1.210443298006955284e-09
1.044843750000000000e+02,1.243976569292463103e-09
1.045000000000000000e+02,1.303945524839483380e-09
1.045156250000000000e+02,1.359042620278572077e-09
1.045312500000000000e+02,1.350620496422026734e-09
1.045468750000000000e+02,1.268602096091403265e-09
1.045625000000000000e+02,1.164691444255953275e-09
1.045781250000000000e+02,1.095317841344485711e-09
1.045937500000000000e+02,1.041794766618355508e-09
1.046093750000000000e+02,9.907040550860696642e-10
1.046250000000000000e+02,9.843602953258333414e-10
1.046406250000000000e+02,1.001480375066719204e-09
1.046562500000000000e+02,9.868850330585287273e-10
1.046718750000000000e+02,9.423781486583391402e-10
1.046875000000000000e+02,8.955169613841511264e-10
1.047031250000000000e+02,8.482411436531770738e-10
1.047187500000000000e+02,7.903873248650607576e-10
1.047343750000000000e+02,7.366442938138499428e-10
1.047500000000000000e+02,7.111618036079306431e-10
1.047656250000000000e+02,7.183531840002260100e-10
1.047812500000000000e+02,7.522859076037460397e-10
1.047968750000000000e+02,8.106851305079715501e-10
1.048125000000000000e+02,8.888688584411541897e-10
1.048281250000000000e+02,9.790379089549503103e-10
1.048437500000000000e+02,1.076772597475353984e-09
1.048593750000000000e+02,1.170498916183287725e-09
1.048750000000000000e+02,1.240851117807286405e-09
1.048906250000000000e+02,1.259749803904169299e-09
1.049062500000000000e+02,1.211331317429902357e-09
1.049218750000000000e+02,1.116724465463694686e-09
1.049375000000000000e+02,1.011760599994571848e-09
1.049531250000000000e+02,9.454794235222845896e-10
1.049687500000000000e+02,9.445002449211714982e-10
1.049843750000000000e+02,9.461673912305436643e-10
1.050000000000000000e+02,8.813988918572007945e-10
1.050156250000000000e+02,7.944829774277723555e-10
1.050312500000000000e+02,7.864495098269757334e-10
1.050468750000000000e+02,8.574332819036671923e-10
1.050625000000000000e+02,9.395742431196667646e-10
1.050781250000000000e+02,1.010174670776576553e-09
1.050937500000000000e+02,1.072991170587923040e-09
1.051093750000000000e+02,1.105492735390378955e-09
1.051250000000000000e+02,1.093645407727774838e-09
1.051406250000000000e+02,1.085050898406308305e-09
1.051562500000000000e+02,1.129868750262563631e-09
1.051718750000000000e+02,1.176739243473860723e-09
1.051875000000000000e+02,1.138874669037324450e-09
1.052031250000000000e+02,1.022173204461178794e-09
1.052187500000000000e+02,9.348564848200244950e-10
1.052343750000000000e+02,9.467888633679565266e-10
1.052500000000000000e+02,1.004659444235284584e-09
1.052656250000000000e+02,1.048993509247068811e-09
1.052812500000000000e+02,1.060107210868221750e-09
1.052968750000000000e+02,1.055845086156412303e-09
1.053125000000000000e+02,1.107628111510280721e-09
1.053281250000000000e+02,1.254639583317615585e-09
1.053437500000000000e+02,1.403823508863229403e-09
1.053593750000000000e+02,1.465226173347406394e-09
1.053750000000000000e+02,1.496180238071803043e-09
1.053906250000000000e+02,1.600515553627224621e-09
1.054062500000000000e+02,1.774448256990040000e-09
1.054218750000000000e+02,1.938863307802749926e-09
1.054375000000000000e+02,2.045332609378496040e-09
1.054531250000000000e+02,2.131781326554399615e-09
1.054687500000000000e+02,2.213460051077826617e-09
1.054843750000000000e+02,2.222476911832151754e-09
1.055000000000000000e+02,2.126171348015275170e-09
1.055156250000000000e+02,2.005084179193012393e-09
1.055312500000000000e+02,1.998540465102171603e-09
1.055468750000000000e+02,2.074031178740462841e-09
1.055625000000000000e+02,2.109887897726591480e-09
1.055781250000000000e+02,2.116365369462471625e-09
1.055937500000000000e+02,2.124660115151153792e-09
1.056093750000000000e+02,2.116751357956181478e-09
1.056250000000000000e+02,2.087164108870900495e-09
1.056406250000000000e+02,2.041627330872196203e-09
1.056562500000000000e+02,1.977996234037905685e-09
1.056718750000000000e+02,1.905798978765491852e-09
1.056875000000000000e+02,1.804356679097059837e-09
1.057031250000000000e+02,1.654209960775670676e-09
1.057187500000000000e+02,1.593917800271841053e-09
1.057343750000000000e+02,1.737493402688917478e-09
1.057500000000000000e+02,1.891414314181674021e-09
1.057656250000000000e+02,1.857448982734923634e-09
1.057812500000000000e+02,1.658453816254123405e-09
1.057968750000000000e+02,1.451755547230793063e-09
1.058125000000000000e+02,1.332641974693382417e-09
1.058281250000000000e+02,1.260690339957920683e-09
1.058437500000000000e+02,1.247239537342934101e-09
1.058593750000000000e+02,1.363968221789845062e-09
1.058750000000000000e+02,1.521530988619907550e-09
1.058906250000000000e+02,1.557811481081203432e-09
1.059062500000000000e+02,1.447275154857462736e-09
1.059218750000000000e+02,1.320392242990216015e-09
1.059375000000000000e+02,1.277507320760344130e-09
1.059531250000000000e+02,1.270507074692458682e-09
1.059687500000000000e+02,1.248208625438416633e-09
1.059843750000000000e+02,1.194315152221139148e-09
1.060000000000000000e+02,1.121904980124264529e-09
1.060156250000000000e+02,1.107428234003544802e-09
1.060312500000000000e+02,1.191512276537699244e-09
1.060468750000000000e+02,1.314786606396879173e-09
1.060625000000000000e+02,1.408611966706386051e-09
1.060781250000000000e+02,1.439688156971952227e-09
1.060937500000000000e+02,1.450024408445984182e-09
1.061093750000000000e+02,1.536768178494055881e-09
1.061250000000000000e+02,1.678785300489035073e-09
1.061406250000000000e+02,1.760063757506537682e-09
1.061562500000000000e+02,1.747014713283699038e-09
1.061718750000000000e+02,1.712463269318247859e-09
1.061875000000000000e+02,1.754177270011749557e-09
1.062031250000000000e+02,1.912254282347025238e-09
1.062187500000000000e+02,2.097618371974901176e-09
1.062343750000000000e+02,2.175938603990960137e-09
1.062500000000000000e+02,2.135648834728200076e-09
1.062656250000000000e+02,2.068225321163802423e-09
1.062812500000000000e+02,2.035492091179053705e-09
1.062968750000000000e+02,2.012112346857841034e-09
1.063125000000000000e+02,1.964121984329645892e-09
1.063281250000000000e+02,1.923930792319083976e-09
1.063437500000000000e+02,1.902573422213630353e-09
1.063593750000000000e+02,1.827886753207096261e-09
1.063750000000000000e+02,1.651282630733234443e-09
1.063906250000000000e+02,1.429781122301140595e-09
1.064062500000000000e+02,1.260025347662629547e-09
1.064218750000000000e+02,1.170621087816624857e-09
1.064375000000000000e+02,1.145725620967751750e-09
1.064531250000000000e+02,1.174333004399460737e-09
1.064687500000000000e+02,1.225767278088768877e-09
1.064843750000000000e+02,1.247562070305705171e-09
1.065000000000000000e+02,1.207684597613466606e-09
1.065156250000000000e+02,1.118518138568581907e-09
1.065312500000000000e+02,1.012838863653887836e-09
1.065468750000000000e+02,9.217313547733655593e-10
1.065625000000000000e+02,8.834151783741231214e-10
1.065781250000000000e+02,9.369408090456585275e-10
1.065937500000000000e+02,1.049782670672212017e-09
1.066093750000000000e+02,1.154460509312640580e-09
1.066250000000000000e+02,1.255592997140086858e-09
1.066406250000000000e+02,1.390900634570294417e-09
1.066562500000000000e+02,1.533288197933510129e-09
1.066718750000000000e+02,1.616274681107071655e-09
1.066875000000000000e+02,1.615390900366088446e-09
1.067031250000000000e+02,1.591293254899586597e-09
1.067187500000000000e+02,1.619146514132177339e-09
1.067343750000000000e+02,1.678570615419041710e-09
1.067500000000000000e+02,1.702073483741574990e-09
1.067656250000000000e+02,1.656630202499524080e-09
1.067812500000000000e+02,1.566414120404823352e-09
1.067968750000000000e+02,1.481145477408534260e-09
1.068125000000000000e+02,1.427211137902174828e-09
1.068281250000000000e+02,1.430618971822776367e-09
1.068437500000000000e+02,1.506903376516258332e-09
1.068593750000000000e+02,1.598001078297093526e-09
1.068750000000000000e+02,1.658191213334784277e-09
1.068906250000000000e+02,1.723267575213979049e-09
1.069062500000000000e+02,1.787904321911300078e-09
1.069218750000000000e+02,1.768232961589561918e-09
1.069375000000000000e+02,1.644362726817552314e-09
1.069531250000000000e+02,1.492537216574012415e-09
1.069687500000000000e+02,1.408907994653393652e-09
1.069843750000000000e+02,1.457771119831750479e-09
1.070000000000000000e+02,1.584489312418657088e-09
1.070156250000000000e+02,1.735235590111908125e-09
1.070312500000000000e+02,1.991568830336913082e-09
1.070468750000000000e+02,2.307946444952644180e-09
1.070625000000000000e+02,2.513732202456965104e-09
1.070781250000000000e+02,2.601745923021993999e-09
1.070937500000000000e+02,2.696586887215819341e-09
1.071093750000000000e+02,2.828367536833038963e-09
1.071250000000000000e+02,2.909218812350674713e-09
1.071406250000000000e+02,2.892077150250368677e-09
1.071562500000000000e+02,2.900073988651189869e-09
1.071718750000000000e+02,3.036387674123431514e-09
1.071875000000000000e+02,3.190530278493422191e-09
1.072031250000000000e+02,3.270809996068830135e-09
1.072187500000000000e+02,3.275817490534488700e-09
1.072343750000000000e+02,3.228703020747422243e-09
1.072500000000000000e+02,3.211128202154648848e-09
1.072656250000000000e+02,3.272348785353855501e-09
1.072812500000000000e+02,3.361823208821488389e-09
1.072968750000000000e+02,3.429707869684284560e-09
1.073125000000000000e+02,3.428241017721206062e-09
1.073281250000000000e+02,3.335329518641830885e-09
1.073437500000000000e+02,3.178090951202692100e-09
1.073593750000000000e+02,2.992169198456118435e-09
1.073750000000000000e+02,2.864640432995223684e-09
1.073906250000000000e+02,2.829141105802290618e-09
1.074062500000000000e+02,2.785967547802265579e-09
1.074218750000000000e+02,2.657659345194637646e-09
1.074375000000000000e+02,2.430549448043284282e-09
1.074531250000000000e+02,2.164716205083880556e-09
1.074687500000000000e+02,1.970070059236207334e-09
1.074843750000000000e+02,1.829954430559540906e-09
1.075000000000000000e+02,1.663534355766950496e-09
1.075156250000000000e+02,1.497612147286716921e-09
1.075312500000000000e+02,1.376703999312941969e-09
1.075468750000000000e+02,1.301177384688709687e-09
1.075625000000000000e+02,1.300239324880719565e-09
1.075781250000000000e+02,1.339253284831139924e-09
1.075937500000000000e+02,1.338970896565186745e-09
1.076093750000000000e+02,1.357708885331072996e-09
1.076250000000000000e+02,1.487391509985843915e-09
1.076406250000000000e+02,1.637149281419824683e-09
1.076562500000000000e+02,1.690239941739524937e-09
1.076718750000000000e+02,1.664526964660843608e-09
1.076875000000000000e+02,1.607127960997123238e-09
1.077031250000000000e+02,1.541908691415622073e-09
1.077187500000000000e+02,1.549411258996048778e-09
1.077343750000000000e+02,1.670099359327238183e-09
1.077500000000000000e+02,1.793287967421128547e-09
1.077656250000000000e+02,1.788204122137379114e-09
1.077812500000000000e+02,1.681059554522077755e-09
1.077968750000000000e+02,1.612926786701155226e-09
1.078125000000000000e+02,1.594469014292810654e-09
1.078281250000000000e+02,1.534359337961720906e-09
1.078437500000000000e+02,1.418451518891949741e-09
1.078593750000000000e+02,1.280547298310028294e-09
1.078750000000000000e+02,1.138868724017692029e-09
1.078906250000000000e+02,1.001050474664059742e-09
1.079062500000000000e+02,8.906651854584599348e-10
1.079218750000000000e+02,8.484473924913844150e-10
1.079375000000000000e+02,8.941338159585539844e-10
1.079531250000000000e+02,1.001294086265481556e-09
1.079687500000000000e+02,1.115101631662140268e-09
1.079843750000000000e+02,1.182648882006997233e-09
1.080000000000000000e+02,1.168420453685399328e-09
1.080156250000000000e+02,1.100943946622317097e-09
1.080312500000000000e+02,1.075060238867996550e-09
1.080468750000000000e+02,1.121352026864875056e-09
1.080625000000000000e+02,1.174521666349711295e-09
1.080781250000000000e+02,1.190876423157511046e-09
1.080937500000000000e+02,1.221125772228664945e-09
1.081093750000000000e+02,1.333122210035217178e-09
1.081250000000000000e+02,1.439799009653152484e-09
1.081406250000000000e+02,1.418098739534004561e-09
1.081562500000000000e+02,1.287294374050606302e-09
1.081718750000000000e+02,1.155464481249226938e-09
1.081875000000000000e+02,1.077286740332335387e-09
1.082031250000000000e+02,1.048338700171554902e-09
1.082187500000000000e+02,1.070313902493516519e-09
1.082343750000000000e+02,1.124577718347684222e-09
1.082500000000000000e+02,1.185835082093571502e-09
1.082656250000000000e+02,1.272907425001172640e-09
1.082812500000000000e+02,1.379829310391445035e-09
1.082968750000000000e+02,1.424577624150421739e-09
1.083125000000000000e+02,1.367280621996683437e-09
1.083281250000000000e+02,1.291671850277100457e-09
1.083437500000000000e+02,1.275763966486004876e-09
1.083593750000000000e+02,1.268195025265126576e-09
1.083750000000000000e+02,1.204180929163539950e-09
1.083906250000000000e+02,1.122579434027145986e-09
1.084062500000000000e+02,1.113163904165200055e-09
1.084218750000000000e+02,1.185693039530662647e-09
1.084375000000000000e+02,1.263358137322793195e-09
1.084531250000000000e+02,1.289829565044747480e-09
1.084687500000000000e+02,1.261213670101060008e-09
1.084843750000000000e+02,1.203295174532276806e-09
1.085000000000000000e+02,1.123787860448081964e-09
1.085156250000000000e+02,1.006665519988652631e-09
1.085312500000000000e+02,9.070332884986228245e-10
1.085468750000000000e+02,8.895715775025549607e-10
1.085625000000000000e+02,8.820137753152626242e-10
1.085781250000000000e+02,8.330369482732466259e-10
1.085937500000000000e+02,7.865122182683728375e-10
1.086093750000000000e+02,7.690014697577317904e-10
1.086250000000000000e+02,7.729933443936210313e-10
1.086406250000000000e+02,8.090316371028486179e-10
1.086562500000000000e+02,8.919441667459403213e-10
1.086718750000000000e+02,9.885996279763759240e-10
1.086875000000000000e+02,1.045693505429487617e-09
1.087031250000000000e+02,1.053599586449339623e-09
1.087187500000000000e+02,1.052999863997848459e-09
1.087343750000000000e+02,1.086667444150656555e-09
1.087500000000000000e+02,1.153762283548103120e-09
1.087656250000000000e+02,1.221270054869206201e-09
1.087812500000000000e+02,1.277499508707725376e-09
1.087968750000000000e+02,1.339125767444573028e-09
1.088125000000000000e+02,1.376506815629878198e-09
1.088281250000000000e+02,1.341175549775719224e-09
1.088437500000000000e+02,1.278187020068986314e-09
1.088593750000000000e+02,1.244516103951510812e-09
1.088750000000000000e+02,1.193594931631904151e-09
1.088906250000000000e+02,1.107157595749057404e-09
1.089062500000000000e+02,1.050236735815367354e-09
1.089218750000000000e+02,1.040705070339591739e-09
1.089375000000000000e+02,1.036847179748555129e-09
1.089531250000000000e+02,1.030240394106729676e-09
1.089687500000000000e+02,1.039767531708667883e-09
1.089843750000000000e+02,1.078484122263015746e-09
1.090000000000000000e+02,1.116844663800299467e-09
1.090156250000000000e+02,1.101520696044203680e-09
1.090312500000000000e+02,1.039028439839872679e-09
1.090468750000000000e+02,9.926509343248047343e-10
1.090625000000000000e+02,9.926010407043951069e-10
1.090781250000000000e+02,1.000023010022781996e-09
1.090937500000000000e+02,9.825535095411002611e-10
1.091093750000000000e+02,9.484426427544854439e-10
1.091250000000000000e+02,9.039096262421651509e-10
1.091406250000000000e+02,8.362560039736793291e-10
1.091562500000000000e+02,7.546788097708928872e-10
1.091718750000000000e+02,7.089691064465113415e-10
1.091875000000000000e+02,7.150571634154707021e-10
1.092031250000000000e+02,7.313236365090417982e-10
1.092187500000000000e+02,7.420210337188996287e-10
1.092343750000000000e+02,7.634164849377565125e-10
1.092500000000000000e+02,8.093733077553403852e-10
1.092656250000000000e+02,8.844585650335647990e-10
1.092812500000000000e+02,9.631252665551229842e-10
1.092968750000000000e+02,1.013807616411257043e-09
1.093125000000000000e+02,1.064016007168332691e-09
1.093281250000000000e+02,1.155423139511085650e-09
1.093437500000000000e+02,1.242718010497181924e-09
1.093593750000000000e+02,1.259987547922249226e-09
1.093750000000000000e+02,1.223593624166217274e-09
1.093906250000000000e+02,1.207659421333753925e-09
1.094062500000000000e+02,1.229965511967118524e-09
1.094218750000000000e+02,1.238858314407460171e-09
1.094375000000000000e+02,1.223433185995233940e-09
1.094531250000000000e+02,1.212303195171057545e-09
1.094687500000000000e+02,1.232922977686189667e-09
1.094843750000000000e+02,1.310587420184142610e-09
1.095000000000000000e+02,1.398597044235690365e-09
1.095156250000000000e+02,1.448594277195892153e-09
1.095312500000000000e+02,1.522769578080807281e-09
1.095468750000000000e+02,1.648659305890576849e-09
1.095625000000000000e+02,1.723425159297911493e-09
1.095781250000000000e+02,1.664538014778226954e-09
1.095937500000000000e+02,1.516414108977183775e-09
1.096093750000000000e+02,1.455474684352478492e-09
1.096250000000000000e+02,1.596567123355895724e-09
1.096406250000000000e+02,1.792666669663365436e-09
1.096562500000000000e+02,1.866794619367928367e-09
1.096718750000000000e+02,1.781856066240692372e-09
1.096875000000000000e+02,1.579880178864270993e-09
1.097031250000000000e+02,1.324122597479593056e-09
1.097187500000000000e+02,1.083996090834317045e-09
1.097343750000000000e+02,9.169689199262743594e-10
1.097500000000000000e+02,8.620908130173087445e-10
1.097656250000000000e+02,9.054420420963510375e-10
1.097812500000000000e+02,9.784340936634376824e-10
1.097968750000000000e+02,1.021491016880668771e-09
1.098125000000000000e+02,1.018254946878843442e-09
1.098281250000000000e+02,1.004127179929567200e-09
1.098437500000000000e+02,1.036413655847643395e-09
1.098593750000000000e+02,1.150848241310567208e-09
1.098750000000000000e+02,1.328615652194664194e-09
1.098906250000000000e+02,1.490211766364919221e-09
1.099062500000000000e+02,1.611978594931389811e-09
1.099218750000000000e+02,1.756905287864017199e-09
1.099375000000000000e+02,1.915055747702982400e-09
1.099531250000000000e+02,2.009109328187408653e-09
1.099687500000000000e+02,2.019601499380856136e-09
1.099843750000000000e+02,1.999884283884103871e-09
1.100000000000000000e+02,2.061815901593608693e-09
1.100156250000000000e+02,2.259053555044957459e-09
1.100312500000000000e+02,2.442587521020115584e-09
1.100468750000000000e+02,2.448031891773934542e-09
1.100625000000000000e+02,2.346826422670832637e-09
1.100781250000000000e+02,2.309003456540009268e-09
1.100937500000000000e+02,2.336174771879745773e-09
1.101093750000000000e+02,2.357852118113509576e-09
1.101250000000000000e+02,2.378529736759084166e-09
1.101406250000000000e+02,2.428426178013786322e-09
1.101562500000000000e+02,2.485458048829468726e-09
1.101718750000000000e+02,2.536096391175930513e-09
1.101875000000000000e+02,2.634665958334610965e-09
1.102031250000000000e+02,2.809065597249529278e-09
1.102187500000000000e+02,3.052740163625096117e-09
1.102343750000000000e+02,3.334348825352919304e-09
1.102500000000000000e+02,3.534391123658587856e-09
1.102656250000000000e+02,3.590841472726685614e-09
1.102812500000000000e+02,3.613844761660949419e-09
1.102968750000000000e+02,3.621534717345702669e-09
1.103125000000000000e+02,3.448514173325986414e-09
1.103281250000000000e+02,3.088714751168321521e-09
1.103437500000000000e+02,2.777712472215470878e-09
1.103593750000000000e+02,2.641659958523210447e-09
1.103750000000000000e+02,2.543799940367596154e-09
1.103906250000000000e+02,2.415966946455049389e-09
1.104062500000000000e+02,2.311574450116284929e-09
1.104218750000000000e+02,2.194461334484210020e-09
1.104375000000000000e+02,2.047458448247228479e-09
1.104531250000000000e+02,1.980865549837227640e-09
1.104687500000000000e+02,2.034003464731572690e-09
1.104843750000000000e+02,2.104890768840103020e-09
1.105000000000000000e+02,2.130687958262887856e-09
1.105156250000000000e+02,2.118342142548220833e-09
1.105312500000000000e+02,2.072540833577131533e-09
1.105468750000000000e+02,2.013071977238362490e-09
1.105625000000000000e+02,1.953299491366747909e-09
1.105781250000000000e+02,1.857482709391593725e-09
1.105937500000000000e+02,1.771987815777807324e-09
1.106093750000000000e+02,1.811064436022390436e-09
1.106250000000000000e+02,1.956466272640448710e-09
1.106406250000000000e+02,2.167441895771884806e-09
1.106562500000000000e+02,2.419398283232096915e-09
1.106718750000000000e+02,2.557312646016808281e-09
1.106875000000000000e+02,2.445273967555301075e-09
1.107031250000000000e+02,2.159051355515597642e-09
1.107187500000000000e+02,1.889390285409793707e-09
1.107343750000000000e+02,1.729346156791188442e-09
1.107500000000000000e+02,1.658247032677879506e-09
1.107656250000000000e+02,1.617580792240943448e-09
1.107812500000000000e+02,1.539895966463381706e-09
1.107968750000000000e+02,1.399207617460220218e-09
1.108125000000000000e+02,1.247990377244514541e-09
1.108281250000000000e+02,1.190091283638536821e-09
1.108437500000000000e+02,1.252387877936930820e-09
1.108593750000000000e+02,1.338841378662473813e-09
1.108750000000000000e+02,1.368088609191853216e-09
1.108906250000000000e+02,1.355725268965908070e-09
1.109062500000000000e+02,1.357167324663860635e-09
1.109218750000000000e+02,1.364935958746661559e-09
1.109375000000000000e+02,1.314681595495205762e-09
1.109531250000000000e+02,1.176566927813503742e-09
1.109687500000000000e+02,1.008673351063266671e-09
1.109843750000000000e+02,9.169573833441414119e-10
1.110000000000000000e+02,9.245575873004833294e-10
1.110156250000000000e+02,9.725821405563562884e-10
1.110312500000000000e+02,1.037203354083263696e-09
1.110468750000000000e+02,1.116265657832626544e-09
1.110625000000000000e+02,1.200170063190250191e-09
1.110781250000000000e+02,1.280424119516905388e-09
1.110937500000000000e+02,1.359154025466229027e-09
1.111093750000000000e+02,1.436994126981021145e-09
1.111250000000000000e+02,1.493808227923601929e-09
1.111406250000000000e+02,1.516351288088654230e-09
1.111562500000000000e+02,1.505270987436259342e-09
1.111718750000000000e+02,1.454396089281793627e-09
1.111875000000000000e+02,1.374643087465535802e-09
1.112031250000000000e+02,1.311532463553265285e-09
1.112187500000000000e+02,1.300881446586820155e-09
1.112343750000000000e+02,1.310495758432745966e-09
1.112500000000000000e+02,1.266180194041973069e-09
1.112656250000000000e+02,1.145163871606354637e-09
1.112812500000000000e+02,1.017089877529980512e-09
1.112968750000000000e+02,9.839312501398283874e-10
1.113125000000000000e+02,1.051668831184007622e-09
1.113281250000000000e+02,1.142460029611628292e-09
1.113437500000000000e+02,1.224376661255255343e-09
1.113593750000000000e+02,1.294206505777419767e-09
1.113750000000000000e+02,1.332558772782783748e-09
1.113906250000000000e+02,1.346940541680553517e-09
1.114062500000000000e+02,1.377894028530306482e-09
1.114218750000000000e+02,1.429674890629498460e-09
1.114375000000000000e+02,1.445398529836414962e-09
1.114531250000000000e+02,1.363642362668002850e-09
1.114687500000000000e+02,1.177361054769518945e-09
1.114843750000000000e+02,9.763708990094593721e-10
1.115000000000000000e+02,8.762221463747030828e-10
1.115156250000000000e+02,8.419827902451444273e-10
1.115312500000000000e+02,8.012199382458661019e-10
1.115468750000000000e+02,7.834736255206369922e-10
1.115625000000000000e+02,8.114032614428297962e-10
1.115781250000000000e+02,8.491303902004563888e-10
1.115937500000000000e+02,8.639580895242332710e-10
1.116093750000000000e+02,8.463947186556011818e-10
1.116250000000000000e+02,7.946999888959023893e-10
1.116406250000000000e+02,7.314454989612926628e-10
1.116562500000000000e+02,7.028753824544861580e-10
1.116718750000000000e+02,7.153857891461430297e-10
1.116875000000000000e+02,7.229302336318169181e-10
1.117031250000000000e+02,7.053611363463477257e-10
1.117187500000000000e+02,6.924896991036873146e-10
1.117343750000000000e+02,7.040356689023212208e-10
1.117500000000000000e+02,7.221586646739523527e-10
1.117656250000000000e+02,7.227339075062929108e-10
1.117812500000000000e+02,7.224651666154737662e-10
1.117968750000000000e+02,7.869707575267520925e-10
1.118125000000000000e+02,9.031432139798047499e-10
1.118281250000000000e+02,9.840958135147442842e-10
1.118437500000000000e+02,1.005833908819169975e-09
1.118593750000000000e+02,9.986441500191389495e-10
1.118750000000000000e+02,9.805082000721429742e-10
1.118906250000000000e+02,9.536590234238463158e-10
1.119062500000000000e+02,9.101292077969934863e-10
1.119218750000000000e+02,8.499349959468604127e-10
1.119375000000000000e+02,7.977629806133941107e-10
1.119531250000000000e+02,7.619002090137759547e-10
1.119687500000000000e+02,7.326799167209821767e-10
1.119843750000000000e+02,7.217763983782482546e-10
1.120000000000000000e+02,7.515910203300708945e-10
1.120156250000000000e+02,8.086605354933205728e-10
1.120312500000000000e+02,8.571576479229930544e-10
1.120468750000000000e+02,8.982863934752231066e-10
1.120625000000000000e+02,9.448887742057985135e-10
1.120781250000000000e+02,9.760564613489191868e-10
1.120937500000000000e+02,9.770669552787412539e-10
1.121093750000000000e+02,9.538512841811621300e-10
1.121250000000000000e+02,9.017374508511918503e-10
1.121406250000000000e+02,8.144077963556133491e-10
1.121562500000000000e+02,7.207031742071795208e-10
1.121718750000000000e+02,6.804631898289103967e-10
1.121875000000000000e+02,6.947296813496484223e-10
1.122031250000000000e+02,7.019143053300705581e-10
1.122187500000000000e+02,6.774718066003843968e-10
1.122343750000000000e+02,6.301635549627462041e-10
1.122500000000000000e+02,5.716218825103051167e-10
1.122656250000000000e+02,5.432991282188231230e-10
1.122812500000000000e+02,5.969377824941437729e-10
1.122968750000000000e+02,7.098060850843322891e-10
1.123125000000000000e+02,8.428367082152663038e-10
1.123281250000000000e+02,9.810250480013688370e-10
1.123437500000000000e+02,1.094565086489787852e-09
1.123593750000000000e+02,1.161034863146829566e-09
1.123750000000000000e+02,1.187493046634416680e-09
1.123906250000000000e+02,1.188107517287094567e-09
1.124062500000000000e+02,1.157158730867580622e-09
1.124218750000000000e+02,1.087577800358371661e-09
1.124375000000000000e+02,1.005969113781396569e-09
1.124531250000000000e+02,9.499576699807943727e-10
1.124687500000000000e+02,9.106989069421213862e-10
1.124843750000000000e+02,8.552487243653967799e-10
1.125000000000000000e+02,7.897482169019167339e-10
1.125156250000000000e+02,7.417175740145357418e-10
1.125312500000000000e+02,7.303029864823598851e-10
1.125468750000000000e+02,7.646673216620728862e-10
1.125625000000000000e+02,8.038485597301485238e-10
1.125781250000000000e+02,7.968086424511881375e-10
1.125937500000000000e+02,7.631280841448346058e-10
1.126093750000000000e+02,7.540077260229106362e-10
1.126250000000000000e+02,7.763144778410279764e-10
1.126406250000000000e+02,7.986752699853584879e-10
1.126562500000000000e+02,7.971867973101018382e-10
1.126718750000000000e+02,7.899758613887153346e-10
1.126875000000000000e+02,8.054163560759144352e-10
1.127031250000000000e+02,8.341323811332919783e-10
1.127187500000000000e+02,8.412324673452422417e-10
1.127343750000000000e+02,8.101098546330481867e-10
1.127500000000000000e+02,7.710416006868258989e-10
1.127656250000000000e+02,7.749209461241297870e-10
1.127812500000000000e+02,8.457226164976958203e-10
1.127968750000000000e+02,9.451783583568476633e-10
1.128125000000000000e+02,1.013987169062348939e-09
1.128281250000000000e+02,1.037387251207334856e-09
1.128437500000000000e+02,1.031968040559289341e-09
1.128593750000000000e+02,1.023063519251611594e-09
1.128750000000000000e+02,1.039620442297636498e-09
1.128906250000000000e+02,1.062209356310797669e-09
1.129062500000000000e+02,1.029288952588275791e-09
1.129218750000000000e+02,9.694934501914954062e-10
1.129375000000000000e+02,9.699486245235184504e-10
1.129531250000000000e+02,9.857429374558108283e-10
1.129687500000000000e+02,9.469245231086379518e-10
1.129843750000000000e+02,8.997441650886395176e-10
1.130000000000000000e+02,8.932142303732712319e-10
1.130156250000000000e+02,8.984304329605152096e-10
1.130312500000000000e+02,8.860699769798035609e-10
1.130468750000000000e+02,8.871094376083891740e-10
1.130625000000000000e+02,9.634050208310082152e-10
1.130781250000000000e+02,1.118241026889804304e-09
1.130937500000000000e+02,1.346976118479952764e-09
1.131093750000000000e+02,1.647826115265005764e-09
1.131250000000000000e+02,1.908516544776293715e-09
1.131406250000000000e+02,2.015472536499359667e-09
1.131562500000000000e+02,2.012612137517371414e-09
1.131718750000000000e+02,2.038961091348974264e-09
1.131875000000000000e+02,2.155555461853072745e-09
1.132031250000000000e+02,2.352191098841899849e-09
1.132187500000000000e+02,2.606168739385765950e-09
1.132343750000000000e+02,2.839911105997267381e-09
1.132500000000000000e+02,2.938808064030730512e-09
1.132656250000000000e+02,2.861183440127705374e-09
1.132812500000000000e+02,2.748060126528022372e-09
1.132968750000000000e+02,2.753403768184223233e-09
1.133125000000000000e+02,2.813383027064520997e-09
1.133281250000000000e+02,2.814965101115472432e-09
1.133437500000000000e+02,2.780871424501387700e-09
1.133593750000000000e+02,2.901955873621927547e-09
1.133750000000000000e+02,3.229579556469998498e-09
1.133906250000000000e+02,3.508154789329536784e-09
1.134062500000000000e+02,3.601646971806559368e-09
1.134218750000000000e+02,3.666787112021561237e-09
1.134375000000000000e+02,4.026096110228587872e-09
1.134531250000000000e+02,4.695506467201559317e-09
1.134687500000000000e+02,5.185166306500532695e-09
1.134843750000000000e+02,5.188901681422529567e-09
1.135000000000000000e+02,4.910462618488155900e-09
1.135156250000000000e+02,4.599276497272587808e-09
1.135312500000000000e+02,4.149849058822407943e-09
1.135468750000000000e+02,3.483823627883586759e-09
1.135625000000000000e+02,2.820774209409607188e-09
1.135781250000000000e+02,2.415524354452967275e-09
1.135937500000000000e+02,2.305205821151020722e-09
1.136093750000000000e+02,2.301778525592586227e-09
1.136250000000000000e+02,2.217791634308722261e-09
1.136406250000000000e+02,2.025853562972078270e-09
1.136562500000000000e+02,1.818366549272924924e-09
1.136718750000000000e+02,1.656608544883228735e-09
1.136875000000000000e+02,1.536059012462681606e-09
1.137031250000000000e+02,1.443166905711489950e-09
1.137187500000000000e+02,1.359882577331477477e-09
1.137343750000000000e+02,1.323297469858477122e-09
1.137500000000000000e+02,1.407264676395270679e-09
1.137656250000000000e+02,1.558592658896619388e-09
1.137812500000000000e+02,1.652214704443750398e-09
1.137968750000000000e+02,1.648868765156298975e-09
1.138125000000000000e+02,1.579756149389164284e-09
1.138281250000000000e+02,1.494989476757881702e-09
1.138437500000000000e+02,1.413664113822235723e-09
1.138593750000000000e+02,1.305515317822548877e-09
1.138750000000000000e+02,1.179882456681732570e-09
1.138906250000000000e+02,1.093933579925649893e-09
1.139062500000000000e+02,1.061191014464859851e-09
1.139218750000000000e+02,1.036397601513718310e-09
1.139375000000000000e+02,9.793116239632822374e-10
1.139531250000000000e+02,9.145136221117132888e-10
1.139687500000000000e+02,8.988006967335005230e-10
1.139843750000000000e+02,9.303888003990639391e-10
1.140000000000000000e+02,9.737463250520856399e-10
1.140156250000000000e+02,1.029245301907862396e-09
1.140312500000000000e+02,1.103427517932278321e-09
1.140468750000000000e+02,1.164838733304144016e-09
1.140625000000000000e+02,1.193748156196755283e-09
1.140781250000000000e+02,1.193480747388508015e-09
1.140937500000000000e+02,1.175040045159988313e-09
1.141093750000000000e+02,1.178789822947962355e-09
1.141250000000000000e+02,1.217257315373141717e-09
1.141406250000000000e+02,1.246220602570873465e-09
1.141562500000000000e+02,1.238822217820231468e-09
1.141718750000000000e+02,1.205453276609039192e-09
1.141875000000000000e+02,1.151684377425113279e-09
1.142031250000000000e+02,1.085902868831583715e-09
1.142187500000000000e+02,1.029210484712013963e-09
1.142343750000000000e+02,9.840702403157986655e-10
1.142500000000000000e+02,9.625109798415273326e-10
1.142656250000000000e+02,9.705176475495181225e-10
1.142812500000000000e+02,9.720452149643839328e-10
1.142968750000000000e+02,9.569842710498544636e-10
1.143125000000000000e+02,9.419238327197188697e-10
1.143281250000000000e+02,9.206296040737297184e-10
1.143437500000000000e+02,8.857537684128367659e-10
1.143593750000000000e+02,8.480136539242779773e-10
1.143750000000000000e+02,8.206347415598175930e-10
1.143906250000000000e+02,8.172261035782673977e-10
1.144062500000000000e+02,8.348288589083263077e-10
1.144218750000000000e+02,8.547809397637071406e-10
1.144375000000000000e+02,8.828961211380754171e-10
1.144531250000000000e+02,9.390114235094059429e-10
1.144687500000000000e+02,1.013016554443746619e-09
1.144843750000000000e+02,1.053005225929703233e-09
1.145000000000000000e+02,1.005156070900140568e-09
1.145156250000000000e+02,8.844992331053054806e-10
1.145312500000000000e+02,7.782272173356927433e-10
1.145468750000000000e+02,7.338205581123503377e-10
1.145625000000000000e+02,7.216675385989684751e-10
1.145781250000000000e+02,7.209196604211443921e-10
1.145937500000000000e+02,7.335647266921211461e-10
1.146093750000000000e+02,7.616534001561649783e-10
1.146250000000000000e+02,8.036987638799279727e-10
1.146406250000000000e+02,8.590267553815139995e-10
1.146562500000000000e+02,9.117356747741574247e-10
1.146718750000000000e+02,9.369491970982559007e-10
1.146875000000000000e+02,9.249491354956535188e-10
1.147031250000000000e+02,8.888660433221871841e-10
1.147187500000000000e+02,8.681434019929647249e-10
1.147343750000000000e+02,8.825302054405123828e-10
1.147500000000000000e+02,8.878348065780383300e-10
1.147656250000000000e+02,8.497933765238842982e-10
1.147812500000000000e+02,7.993948530700165948e-10
1.147968750000000000e+02,7.808884715972404616e-10
1.148125000000000000e+02,8.027263554192989633e-10
1.148281250000000000e+02,8.354044156896192887e-10
1.148437500000000000e+02,8.411210904091385059e-10
1.148593750000000000e+02,8.191711843467433969e-10
1.148750000000000000e+02,8.057838669556128918e-10
1.148906250000000000e+02,8.198277204190737156e-10
1.149062500000000000e+02,8.419169719759460620e-10
1.149218750000000000e+02,8.641960433993446492e-10
1.149375000000000000e+02,9.051689094483907744e-10
1.149531250000000000e+02,9.475538302458397336e-10
1.149687500000000000e+02,9.462824844835195612e-10
1.149843750000000000e+02,9.093904641951275213e-10
1.150000000000000000e+02,8.877677348177040421e-10
1.150156250000000000e+02,8.984443977542066097e-10
1.150312500000000000e+02,9.313630107976080221e-10
1.150468750000000000e+02,9.719121574212147195e-10
1.150625000000000000e+02,9.793704318059457458e-10
1.150781250000000000e+02,9.470021251500096098e-10
1.150937500000000000e+02,9.281930374357418323e-10
1.151093750000000000e+02,9.388502809655734358e-10
1.151250000000000000e+02,9.385786404719971365e-10
1.151406250000000000e+02,9.170508035730815146e-10
1.151562500000000000e+02,8.785512942452460915e-10
1.151718750000000000e+02,8.118586425570645311e-10
1.151875000000000000e+02,7.445996094136989447e-10
1.152031250000000000e+02,7.162071309843769679e-10
1.152187500000000000e+02,6.926342364598251589e-10
1.152343750000000000e+02,6.326138697683742532e-10
1.152500000000000000e+02,5.505900681737662150e-10
1.152656250000000000e+02,4.772739717960572133e-10
1.152812500000000000e+02,4.394992422983519975e-10
1.152968750000000000e+02,4.460136539319598926e-10
1.153125000000000000e+02,4.676080756339596048e-10
1.153281250000000000e+02,4.917213564227342873e-10
1.153437500000000000e+02,5.470133679709899347e-10
1.153593750000000000e+02,6.354535649076574564e-10
1.153750000000000000e+02,7.167942113531882806e-10
1.153906250000000000e+02,7.609264765855024622e-10
1.154062500000000000e+02,7.657258458757163663e-10
1.154218750000000000e+02,7.468190951209715589e-10
1.154375000000000000e+02,7.290228358100958642e-10
1.154531250000000000e+02,7.518921868706201408e-10
1.154687500000000000e+02,8.324845079560786177e-10
1.154843750000000000e+02,9.309924617184074481e-10
1.155000000000000000e+02,9.964676525397712671e-10
1.155156250000000000e+02,1.006788778001937102e-09
1.155312500000000000e+02,9.784262056023842012e-10
1.155468750000000000e+02,9.456395281521945535e-10
1.155625000000000000e+02,9.360418746005528112e-10
1.155781250000000000e+02,9.558643453351606235e-10
1.155937500000000000e+02,9.754821012478495930e-10
1.156093750000000000e+02,9.767378662460447967e-10
1.156250000000000000e+02,9.676283926502783705e-10
1.156406250000000000e+02,9.370307050901444442e-10
1.156562500000000000e+02,8.886209461347222796e-10
1.156718750000000000e+02,8.625300773854667136e-10
1.156875000000000000e+02,8.653867743626493273e-10
1.157031250000000000e+02,8.688537213097998442e-10
1.157187500000000000e+02,8.587992931108088521e-10
1.157343750000000000e+02,8.364090037451478024e-10
1.157500000000000000e+02,8.213073423748670438e-10
1.157656250000000000e+02,8.326360986196784684e-10
1.157812500000000000e+02,8.624230389867736494e-10
1.157968750000000000e+02,8.901929254846210352e-10
1.158125000000000000e+02,8.978684180187876774e-10
1.158281250000000000e+02,8.728945855129366886e-10
1.158437500000000000e+02,8.327709151036007030e-10
1.158593750000000000e+02,8.126656600004034045e-10
1.158750000000000000e+02,8.030365641132143562e-10
1.158906250000000000e+02,7.975110614845983651e-10
1.159062500000000000e+02,8.176111880331003256e-10
1.159218750000000000e+02,8.412112976326267000e-10
1.159375000000000000e+02,8.492809972207074656e-10
1.159531250000000000e+02,8.538418654852613243e-10
1.159687500000000000e+02,8.485424660089431793e-10
1.159843750000000000e+02,8.215591539017180386e-10
1.160000000000000000e+02,7.775555961449908207e-10
1.160156250000000000e+02,7.319273959154086804e-10
1.160312500000000000e+02,6.992561010764911124e-10
1.160468750000000000e+02,6.739408603935731107e-10
1.160625000000000000e+02,6.486448973629157986e-10
1.160781250000000000e+02,6.354387707212016437e-10
1.160937500000000000e+02,6.275978931905541095e-10
1.161093750000000000e+02,6.213160855186690385e-10
1.161250000000000000e+02,6.608188431896775130e-10
1.161406250000000000e+02,7.650761705448159013e-10
1.161562500000000000e+02,8.935711015670069052e-10
1.161718750000000000e+02,1.012298586836797680e-09
1.161875000000000000e+02,1.107088283308046994e-09
1.162031250000000000e+02,1.153228057869304957e-09
1.162187500000000000e+02,1.135502186962800095e-09
1.162343750000000000e+02,1.069638407307514274e-09
1.162500000000000000e+02,9.640486307836215844e-10
1.162656250000000000e+02,8.285134359511706075e-10
1.162812500000000000e+02,7.115112490633075421e-10
1.162968750000000000e+02,6.468036340649938515e-10
1.163125000000000000e+02,6.080295392962515230e-10
1.163281250000000000e+02,5.736454787416170676e-10
1.163437500000000000e+02,5.532113608638532046e-10
1.163593750000000000e+02,5.509084751155415629e-10
1.163750000000000000e+02,5.598400383510200755e-10
1.163906250000000000e+02,5.728779050906217356e-10
1.164062500000000000e+02,5.884922062948489902e-10
1.164218750000000000e+02,6.097685679271545514e-10
1.164375000000000000e+02,6.358340704280445640e-10
1.164531250000000000e+02,6.697395473259195358e-10
1.164687500000000000e+02,7.100844189254995551e-10
1.164843750000000000e+02,7.339369678148038852e-10
1.165000000000000000e+02,7.277938985293133290e-10
1.165156250000000000e+02,7.010057012843012118e-10
1.165312500000000000e+02,6.623725141631530522e-10
1.165468750000000000e+02,6.377637955195276665e-10
1.165625000000000000e+02,6.628237475166788435e-10
1.165781250000000000e+02,7.089056917404147026e-10
1.165937500000000000e+02,7.203525759071681434e-10
1.166093750000000000e+02,7.048465978176946292e-10
1.166250000000000000e+02,7.155338513540146291e-10
1.166406250000000000e+02,7.464273302422370227e-10
1.166562500000000000e+02,7.563613965387755269e-10
1.166718750000000000e+02,7.789117756734474402e-10
1.166875000000000000e+02,8.530737764944520089e-10
1.167031250000000000e+02,9.257480796682987766e-10
1.167187500000000000e+02,9.303783914318941120e-10
1.167343750000000000e+02,8.601493614260549454e-10
1.167500000000000000e+02,7.679799766563810569e-10
1.167656250000000000e+02,7.110693602752594954e-10
1.167812500000000000e+02,6.934089235117097128e-10
1.167968750000000000e+02,6.872123636310007182e-10
1.168125000000000000e+02,6.732213393336910764e-10
1.168281250000000000e+02,6.492875132634341161e-10
1.168437500000000000e+02,6.216943008717144413e-10
1.168593750000000000e+02,5.862661757163603346e-10
1.168750000000000000e+02,5.385127347641472510e-10
1.168906250000000000e+02,4.978840832064624735e-10
1.169062500000000000e+02,4.865066223350141811e-10
1.169218750000000000e+02,4.899754597086559639e-10
1.169375000000000000e+02,4.929211342113571942e-10
1.169531250000000000e+02,5.144885614329226433e-10
1.169687500000000000e+02,5.667552549788385199e-10
1.169843750000000000e+02,6.250808787585372146e-10
1.170000000000000000e+02,6.502736674923932677e-10
1.170156250000000000e+02,6.274875160417152451e-10
1.170312500000000000e+02,5.940501617421753604e-10
1.170468750000000000e+02,6.031233994689124410e-10
1.170625000000000000e+02,6.502783101463040255e-10
1.170781250000000000e+02,6.937798221753875913e-10
1.170937500000000000e+02,7.132142445541844429e-10
1.171093750000000000e+02,7.183479392973183733e-10
1.171250000000000000e+02,7.236150375828300402e-10
1.171406250000000000e+02,7.334037892311998296e-10
1.171562500000000000e+02,7.497091634156323082e-10
1.171718750000000000e+02,7.605600310596471476e-10
1.171875000000000000e+02,7.515272331551217883e-10
1.172031250000000000e+02,7.437965188335003494e-10
1.172187500000000000e+02,7.559516667904125149e-10
1.172343750000000000e+02,7.645960818009266053e-10
1.172500000000000000e+02,7.544621887511699984e-10
1.172656250000000000e+02,7.347768750921860290e-10
1.172812500000000000e+02,7.119511324239655957e-10
1.172968750000000000e+02,6.916252733505718344e-10
1.173125000000000000e+02,6.766702874053098329e-10
1.173281250000000000e+02,6.573148933777040869e-10
1.173437500000000000e+02,6.161997020771532018e-10
1.173593750000000000e+02,5.460956664154273441e-10
1.173750000000000000e+02,4.697315427083362793e-10
1.173906250000000000e+02,4.340249880851492239e-10
1.174062500000000000e+02,4.476095283911025789e-10
1.174218750000000000e+02,4.678112039481439521e-10
1.174375000000000000e+02,4.872435911986812101e-10
1.174531250000000000e+02,5.296549033205355579e-10
1.174687500000000000e+02,5.848000089211221099e-10
1.174843750000000000e+02,6.177910802972691149e-10
1.175000000000000000e+02,6.136009372928942610e-10
1.175156250000000000e+02,5.949680923016232665e-10
1.175312500000000000e+02,6.082621265360532855e-10
1.175468750000000000e+02,6.577394173940733039e-10
1.175625000000000000e+02,6.868752382128281059e-10
1.175781250000000000e+02,6.588020508591463578e-10
1.175937500000000000e+02,6.034693256752297855e-10
1.176093750000000000e+02,5.692398639132996482e-10
1.176250000000000000e+02,5.553763230470188874e-10
1.176406250000000000e+02,5.492937982285083913e-10
1.176562500000000000e+02,5.551901291400551593e-10
1.176718750000000000e+02,5.651782170318613477e-10
1.176875000000000000e+02,5.698072720353179723e-10
1.177031250000000000e+02,5.578993030959060332e-10
1.177187500000000000e+02,5.129125468604458349e-10
1.177343750000000000e+02,4.524061349507947895e-10
1.177500000000000000e+02,4.198317001136949526e-10
1.177656250000000000e+02,4.135220576551162164e-10
1.177812500000000000e+02,4.030704007990487253e-10
1.177968750000000000e+02,3.876099508882664047e-10
1.178125000000000000e+02,3.767255847649322578e-10
1.178281250000000000e+02,3.669397215601388085e-10
1.178437500000000000e+02,3.560372517842355555e-10
1.178593750000000000e+02,3.410853828917827382e-10
1.178750000000000000e+02,3.257707348635361055e-10
1.178906250000000000e+02,3.302979030624815243e-10
1.179062500000000000e+02,3.564500066861161368e-10
1.179218750000000000e+02,3.822366872776977376e-10
1.179375000000000000e+02,3.965618689855783498e-10
1.179531250000000000e+02,3.985642553040820867e-10
1.179687500000000000e+02,3.890995099834918732e-10
1.179843750000000000e+02,3.759119302697579830e-10
1.180000000000000000e+02,3.647032928502816008e-10
1.180156250000000000e+02,3.565474345641178725e-10
1.180312500000000000e+02,3.606875023372519171e-10
1.180468750000000000e+02,3.764272057354200921e-10
1.180625000000000000e+02,3.848583816539000442e-10
1.180781250000000000e+02,3.794472515652863531e-10
1.180937500000000000e+02,3.686785338773319139e-10
1.181093750000000000e+02,3.593019886579758292e-10
1.181250000000000000e+02,3.578682345650666986e-10
1.181406250000000000e+02,3.667827605000583287e-10
1.181562500000000000e+02,3.768614584721108333e-10
1.181718750000000000e+02,3.752212248157853789e-10
1.181875000000000000e+02,3.594783952178378785e-10
1.182031250000000000e+02,3.399188287952313522e-10
1.182187500000000000e+02,3.234313205375278381e-10
1.182343750000000000e+02,3.069994816661232520e-10
1.182500000000000000e+02,2.865693803784149189e-10
1.182656250000000000e+02,2.663680526041228495e-10
1.182812500000000000e+02,2.592640784503536056e-10
1.182968750000000000e+02,2.671724997303727136e-10
1.183125000000000000e+02,2.747887093329565719e-10
1.183281250000000000e+02,2.776104050048026424e-10
1.183437500000000000e+02,2.968505028628161803e-10
1.183593750000000000e+02,3.415999746725026844e-10
1.183750000000000000e+02,3.917002119446161171e-10
1.183906250000000000e+02,4.410430359755842433e-10
1.184062500000000000e+02,4.899316833401078754e-10
1.184218750000000000e+02,5.177547139180550064e-10
1.184375000000000000e+02,5.135369749005864709e-10
1.184531250000000000e+02,4.976596281260433346e-10
1.184687500000000000e+02,4.863754525458602245e-10
1.184843750000000000e+02,4.696308198697728134e-10
1.185000000000000000e+02,4.325139260382140309e-10
1.185156250000000000e+02,3.682313351190022155e-10
1.185312500000000000e+02,2.915979491916495069e-10
1.185468750000000000e+02,2.414803459827098657e-10
1.185625000000000000e+02,2.424658420683564039e-10
1.185781250000000000e+02,2.750642962435207086e-10
1.185937500000000000e+02,3.093695237608922222e-10
1.186093750000000000e+02,3.285703182274260444e-10
1.186250000000000000e+02,3.318710992181072693e-10
1.186406250000000000e+02,3.353764659643483588e-10
1.186562500000000000e+02,3.463174821601272061e-10
1.186718750000000000e+02,3.481736551802084774e-10
1.186875000000000000e+02,3.326320184168306129e-10
1.187031250000000000e+02,3.164107575571057679e-10
1.187187500000000000e+02,3.182762465454491284e-10
1.187343750000000000e+02,3.301643975874547260e-10
1.187500000000000000e+02,3.378255289580979339e-10
1.187656250000000000e+02,3.506786987885574646e-10
1.187812500000000000e+02,3.786308702749287408e-10
1.187968750000000000e+02,4.048852686927640917e-10
1.188125000000000000e+02,4.111429693469734606e-10
1.188281250000000000e+02,3.995409471044624761e-10
1.188437500000000000e+02,3.796186057337582325e-10
1.188593750000000000e+02,3.602601758583620220e-10
1.188750000000000000e+02,3.541154143955355027e-10
1.188906250000000000e+02,3.541258448502562643e-10
1.189062500000000000e+02,3.375277608154572621e-10
1.189218750000000000e+02,3.079608923807233315e-10
1.189375000000000000e+02,2.867606409856203459e-10
1.189531250000000000e+02,2.802868022394210931e-10
1.189687500000000000e+02,2.841720391384449157e-10
1.189843750000000000e+02,2.919808019728244741e-10
1.190000000000000000e+02,2.970375696861155847e-10
1.190156250000000000e+02,2.945742003173820067e-10
1.190312500000000000e+02,2.846294918522573430e-10
1.190468750000000000e+02,2.728402095192685451e-10
1.190625000000000000e+02,2.607825557684764428e-10
1.190781250000000000e+02,2.488345546441624952e-10
1.190937500000000000e+02,2.401731294448180283e-10
1.191093750000000000e+02,2.309086105549815481e-10
1.191250000000000000e+02,2.164301466418507603e-10
1.191406250000000000e+02,2.016349971471647772e-10
1.191562500000000000e+02,1.944540120282749208e-10
1.191718750000000000e+02,2.001648044276612343e-10
1.191875000000000000e+02,2.145750331209005560e-10
1.192031250000000000e+02,2.277429882149132842e-10
1.192187500000000000e+02,2.339507717566234664e-10
1.192343750000000000e+02,2.316996134732542378e-10
1.192500000000000000e+02,2.245247007266777702e-10
1.192656250000000000e+02,2.234481316313166528e-10
1.192812500000000000e+02,2.372992527412925934e-10
1.192968750000000000e+02,2.585746385172600452e-10
1.193125000000000000e+02,2.706398526785077710e-10
1.193281250000000000e+02,2.678299774532909695e-10
1.193437500000000000e+02,2.613517737967740641e-10
1.193593750000000000e+02,2.628865797800588011e-10
1.193750000000000000e+02,2.725434788423945072e-10
1.193906250000000000e+02,2.840465144825476572e-10
1.194062500000000000e+02,2.870519565012395255e-10
1.194218750000000000e+02,2.743974367685121008e-10
1.194375000000000000e+02,2.564218389827209855e-10
1.194531250000000000e+02,2.550212119577792705e-10
1.194687500000000000e+02,2.732298035114140997e-10
1.194843750000000000e+02,2.890426847901847427e-10
1.195000000000000000e+02,2.907462422125051224e-10
1.195156250000000000e+02,2.957858827302555770e-10
1.195312500000000000e+02,3.180695420013023189e-10
1.195468750000000000e+02,3.364976401298406368e-10
1.195625000000000000e+02,3.290930074386644595e-10
1.195781250000000000e+02,3.011369459335140024e-10
1.195937500000000000e+02,2.750539955675359161e-10
1.196093750000000000e+02,2.682759448731397120e-10
1.196250000000000000e+02,2.720484004554938938e-10
1.196406250000000000e+02,2.663604121620374994e-10
1.196562500000000000e+02,2.463209041519880146e-10
1.196718750000000000e+02,2.165811252022755546e-10
1.196875000000000000e+02,1.827046978605358083e-10
1.197031250000000000e+02,1.605858872119432106e-10
1.197187500000000000e+02,1.625672662706105080e-10
1.197343750000000000e+02,1.689400032381656632e-10
1.197500000000000000e+02,1.600343727713687518e-10
1.197656250000000000e+02,1.387998563294268462e-10
1.197812500000000000e+02,1.183365454538604225e-10
1.197968750000000000e+02,1.058240621827467461e-10
1.198125000000000000e+02,9.941249655768814373e-11
1.198281250000000000e+02,9.461546488481440628e-11
1.198437500000000000e+02,8.921223040674807769e-11
1.198593750000000000e+02,8.518475465164721383e-11
1.198750000000000000e+02,8.381112565822756616e-11
1.198906250000000000e+02,8.305187815226575136e-11
1.199062500000000000e+02,8.283214304823333067e-11
1.199218750000000000e+02,8.430469875357804942e-11
1.199375000000000000e+02,8.610581471483798330e-11
1.199531250000000000e+02,8.641705946937384082e-11
1.199687500000000000e+02,8.575645366995306602e-11
1.199843750000000000e+02,8.675960592700605252e-11
1.200000000000000000e+02,9.050433856012610881e-11
1.200156250000000000e+02,9.306180468058296691e-11
1.200312500000000000e+02,9.000883940420727653e-11
1.200468750000000000e+02,8.195869755434437836e-11
1.200625000000000000e+02,7.444079692032607155e-11
1.200781250000000000e+02,7.403723700251438184e-11
1.200937500000000000e+02,7.983031926229052645e-11
1.201093750000000000e+02,8.416197174991226644e-11
1.201250000000000000e+02,8.266351831098420302e-11
1.201406250000000000e+02,7.673220201154937448e-11
1.201562500000000000e+02,7.159021233926336033e-11
1.201718750000000000e+02,7.322833860155651416e-11
1.201875000000000000e+02,8.156294031619380046e-11
1.202031250000000000e+02,9.096919537749203216e-11
1.202187500000000000e+02,1.016120883315125364e-10
1.202343750000000000e+02,1.175136160990604973e-10
1.202500000000000000e+02,1.348678962610958338e-10
1.202656250000000000e+02,1.488817229270178804e-10
1.202812500000000000e+02,1.588211506695424304e-10
1.202968750000000000e+02,1.615605233752749970e-10
1.203125000000000000e+02,1.536633376391357275e-10
1.203281250000000000e+02,1.375560065676149514e-10
1.203437500000000000e+02,1.216004183476293420e-10
1.203593750000000000e+02,1.129219886440822388e-10
1.203750000000000000e+02,1.098382352402314360e-10
1.203906250000000000e+02,1.057423806984074148e-10
1.204062500000000000e+02,9.986546039727958703e-11
1.204218750000000000e+02,9.957302985540298965e-11
1.204375000000000000e+02,1.054510644394280313e-10
1.204531250000000000e+02,1.110964765922438485e-10
1.204687500000000000e+02,1.177373592765341101e-10
1.204843750000000000e+02,1.303094171065383876e-10
1.205000000000000000e+02,1.498793155391267280e-10
1.205156250000000000e+02,1.729378544619279897e-10
1.205312500000000000e+02,1.931883114471391700e-10
1.205468750000000000e+02,2.074427713174507872e-10
1.205625000000000000e+02,2.181978272903175176e-10
1.205781250000000000e+02,2.299057065670606670e-10
1.205937500000000000e+02,2.439586381747966072e-10
1.206093750000000000e+02,2.549122005434301896e-10
1.206250000000000000e+02,2.605274116197386711e-10
1.206406250000000000e+02,2.660839611505445766e-10
1.206562500000000000e+02,2.692818525079493151e-10
1.206718750000000000e+02,2.671061085018072813e-10
1.206875000000000000e+02,2.653064282906013888e-10
1.207031250000000000e+02,2.635068273800458708e-10
1.207187500000000000e+02,2.605378504915496482e-10
1.207343750000000000e+02,2.650324393591095357e-10
1.207500000000000000e+02,2.799548545475687217e-10
1.207656250000000000e+02,2.972743631525978299e-10
1.207812500000000000e+02,3.050231658942046619e-10
1.207968750000000000e+02,2.941226446964440600e-10
1.208125000000000000e+02,2.706219672870999632e-10
1.208281250000000000e+02,2.535433820650429030e-10
1.208437500000000000e+02,2.504352747767909561e-10
1.208593750000000000e+02,2.512315326895312448e-10
1.208750000000000000e+02,2.505591713084811685e-10
1.208906250000000000e+02,2.514217031441074807e-10
1.209062500000000000e+02,2.553820662247808432e-10
1.209218750000000000e+02,2.607843738921834773e-10
1.209375000000000000e+02,2.668183651978217643e-10
1.209531250000000000e+02,2.717586166776769479e-10
1.209687500000000000e+02,2.715937973004972202e-10
1.209843750000000000e+02,2.682112977140696765e-10
1.210000000000000000e+02,2.661252690072286979e-10
1.210156250000000000e+02,2.666671479458064382e-10
1.210312500000000000e+02,2.725251067023005806e-10
1.210468750000000000e+02,2.836871265563468812e-10
1.210625000000000000e+02,2.957567175676405008e-10
1.210781250000000000e+02,3.018271538110935370e-10
1.210937500000000000e+02,2.947079953619326915e-10
1.211093750000000000e+02,2.733014608784167663e-10
1.211250000000000000e+02,2.459981904077931458e-10
1.211406250000000000e+02,2.255841999748938074e-10
1.211562500000000000e+02,2.207161416771275194e-10
1.211718750000000000e+02,2.277311487183013508e-10
1.211875000000000000e+02,2.309283204980500582e-10
1.212031250000000000e+02,2.216123607055357578e-10
1.212187500000000000e+02,2.077358562470747747e-10
1.212343750000000000e+02,2.010250117071293813e-10
1.212500000000000000e+02,2.041896079299380619e-10
1.212656250000000000e+02,2.126659757277992148e-10
1.212812500000000000e+02,2.197221191500972538e-10
1.212968750000000000e+02,2.171092406896884747e-10
1.213125000000000000e+02,1.991665344450369196e-10
1.213281250000000000e+02,1.740954810889209019e-10
1.213437500000000000e+02,1.646063929903085381e-10
1.213593750000000000e+02,1.762035680147719605e-10
1.213750000000000000e+02,1.886821698437366000e-10
1.213906250000000000e+02,1.976400086914048928e-10
1.214062500000000000e+02,2.169670763039760217e-10
1.214218750000000000e+02,2.440039415131908179e-10
1.214375000000000000e+02,2.588214940543331912e-10
1.214531250000000000e+02,2.548755930403601957e-10
1.214687500000000000e+02,2.507966013092966847e-10
1.214843750000000000e+02,2.663827282421805308e-10
1.215000000000000000e+02,2.887308846697763241e-10
1.215156250000000000e+02,2.966057248329966850e-10
1.215312500000000000e+02,2.913536143754070414e-10
1.215468750000000000e+02,2.868328866515474777e-10
1.215625000000000000e+02,2.887843375881185133e-10
1.215781250000000000e+02,2.895913518522380230e-10
1.215937500000000000e+02,2.834533938054057306e-10
1.216093750000000000e+02,2.726961322687355900e-10
1.216250000000000000e+02,2.556451418878702308e-10
1.216406250000000000e+02,2.324001647896728422e-10
1.216562500000000000e+02,2.153674704064379875e-10
1.216718750000000000e+02,2.113029683491741499e-10
1.216875000000000000e+02,2.143950610027707865e-10
1.217031250000000000e+02,2.249615615992583173e-10
1.217187500000000000e+02,2.460955846591164262e-10
1.217343750000000000e+02,2.714720083808598710e-10
1.217500000000000000e+02,2.886844198499411884e-10
1.217656250000000000e+02,2.894876934926630663e-10
1.217812500000000000e+02,2.733898221901593486e-10
1.217968750000000000e+02,2.477504320534762327e-10
1.218125000000000000e+02,2.275099883646858545e-10
1.218281250000000000e+02,2.214186816729802692e-10
1.218437500000000000e+02,2.215651829712003969e-10
1.218593750000000000e+02,2.284704943116055813e-10
1.218750000000000000e+02,2.507133212658114950e-10
1.218906250000000000e+02,2.761965616452484007e-10
1.219062500000000000e+02,2.946009928603422315e-10
1.219218750000000000e+02,3.143711662107935215e-10
1.219375000000000000e+02,3.357547326521672073e-10
1.219531250000000000e+02,3.435902637495272258e-10
1.219687500000000000e+02,3.339468044077423052e-10
1.219843750000000000e+02,3.281113485634862846e-10
1.220000000000000000e+02,3.442812932167970228e-10
1.220156250000000000e+02,3.666045190030418376e-10
1.220312500000000000e+02,3.814491419347237084e-10
1.220468750000000000e+02,3.989000977268651478e-10
1.220625000000000000e+02,4.218989164799217446e-10
1.220781250000000000e+02,4.437380906709287086e-10
1.220937500000000000e+02,4.720618903963123273e-10
1.221093750000000000e+02,4.957551033480933953e-10
1.221250000000000000e+02,4.800040554290803666e-10
1.221406250000000000e+02,4.348442509502061821e-10
1.221562500000000000e+02,4.114369737445798627e-10
1.221718750000000000e+02,4.220532189991180537e-10
1.221875000000000000e+02,4.372011807985913725e-10
1.222031250000000000e+02,4.428521728292867836e-10
1.222187500000000000e+02,4.405441073042175232e-10
1.222343750000000000e+02,4.278386864430689781e-10
1.222500000000000000e+02,4.084614844415579108e-10
1.222656250000000000e+02,4.010020482305358097e-10
1.222812500000000000e+02,4.129518336577971045e-10
1.222968750000000000e+02,4.263119730287209201e-10
1.223125000000000000e+02,4.248783654068426228e-10
1.223281250000000000e+02,4.093631889246075226e-10
1.223437500000000000e+02,3.936362668089082964e-10
1.223593750000000000e+02,3.945030719109303782e-10
1.223750000000000000e+02,4.117848097514716428e-10
1.223906250000000000e+02,4.281814801844894941e-10
1.224062500000000000e+02,4.292588772983723355e-10
1.224218750000000000e+02,4.137773872744501153e-10
1.224375000000000000e+02,3.886702800081634654e-10
1.224531250000000000e+02,3.657281093468289215e-10
1.224687500000000000e+02,3.605447123770014283e-10
1.224843750000000000e+02,3.720339728440623856e-10
1.225000000000000000e+02,3.820304721388850586e-10
1.225156250000000000e+02,3.818059806089452708e-10
1.225312500000000000e+02,3.742766743498947155e-10
1.225468750000000000e+02,3.668989973666808973e-10
1.225625000000000000e+02,3.680265048304422561e-10
1.225781250000000000e+02,3.744949190872804471e-10
1.225937500000000000e+02,3.777971153987468591e-10
1.226093750000000000e+02,3.785022354686763629e-10
1.226250000000000000e+02,3.811346262713002238e-10
1.226406250000000000e+02,3.775085097987817015e-10
1.226562500000000000e+02,3.549391681601680698e-10
1.226718750000000000e+02,3.196163564665244052e-10
1.226875000000000000e+02,2.867708209143349117e-10
1.227031250000000000e+02,2.673221035553641969e-10
1.227187500000000000e+02,2.790905070505354407e-10
1.227343750000000000e+02,3.210845244389099351e-10
1.227500000000000000e+02,3.582919843135163601e-10
1.227656250000000000e+02,3.693998130365897664e-10
1.227812500000000000e+02,3.682397210111409339e-10
1.227968750000000000e+02,3.772465605446351484e-10
1.228125000000000000e+02,4.031706831567926301e-10
1.228281250000000000e+02,4.383652501997386227e-10
1.228437500000000000e+02,4.614862633654635378e-10
1.228593750000000000e+02,4.577535577081237841e-10
1.228750000000000000e+02,4.398410743880894552e-10
1.228906250000000000e+02,4.224902117048688327e-10
1.229062500000000000e+02,4.053214475668545348e-10
1.229218750000000000e+02,3.948805477853555916e-10
1.229375000000000000e+02,3.941470380808192035e-10
1.229531250000000000e+02,3.850717625421124767e-10
1.229687500000000000e+02,3.535164793235283554e-10
1.229843750000000000e+02,3.089623678601496163e-10
1.230000000000000000e+02,2.789713216218288902e-10
1.230156250000000000e+02,2.738091727852887445e-10
1.230312500000000000e+02,2.697480738817881732e-10
1.230468750000000000e+02,2.616306435915661203e-10
1.230625000000000000e+02,2.685809609953516557e-10
1.230781250000000000e+02,2.911185915454088195e-10
1.230937500000000000e+02,3.209665441965498487e-10
1.231093750000000000e+02,3.597445403626556263e-10
1.231250000000000000e+02,4.067942833322320998e-10
1.231406250000000000e+02,4.583052228484945623e-10
1.231562500000000000e+02,4.990153036258915699e-10
1.231718750000000000e+02,5.081772691800831035e-10
1.231875000000000000e+02,4.949058761722400684e-10
1.232031250000000000e+02,4.828235853069300592e-10
1.232187500000000000e+02,4.769241955771895879e-10
1.232343750000000000e+02,4.895224462524635458e-10
1.232500000000000000e+02,5.191983210683988745e-10
1.232656250000000000e+02,5.376196359796391790e-10
1.232812500000000000e+02,5.387159804907821367e-10
1.232968750000000000e+02,5.315542012195415193e-10
1.233125000000000000e+02,5.228937346082750057e-10
1.233281250000000000e+02,5.216383760636988144e-10
1.233437500000000000e+02,5.270086549884041978e-10
1.233593750000000000e+02,5.336999173095893531e-10
1.233750000000000000e+02,5.358997772718206477e-10
1.233906250000000000e+02,5.283664165902837422e-10
1.234062500000000000e+02,5.147488944105814377e-10
1.234218750000000000e+02,4.945081863927621117e-10
1.234375000000000000e+02,4.506374454475799841e-10
1.234531250000000000e+02,3.748368012350360070e-10
1.234687500000000000e+02,3.041840732488983835e-10
1.234843750000000000e+02,3.071263439354839056e-10
1.235000000000000000e+02,3.761115537679503631e-10
1.235156250000000000e+02,4.471913646586750503e-10
1.235312500000000000e+02,4.902273829370082493e-10
1.235468750000000000e+02,5.144291712267848198e-10
1.235625000000000000e+02,5.466870430656143253e-10
1.235781250000000000e+02,5.929688328104082006e-10
1.235937500000000000e+02,6.299234485706434777e-10
1.236093750000000000e+02,6.359831158859940126e-10
1.236250000000000000e+02,6.240972718137469185e-10
1.236406250000000000e+02,6.168985100196061351e-10
1.236562500000000000e+02,6.003844978604922132e-10
1.236718750000000000e+02,5.573499130551077948e-10
1.236875000000000000e+02,5.062089823736512827e-10
1.237031250000000000e+02,4.666321045032560594e-10
1.237187500000000000e+02,4.435770094535609726e-10
1.237343750000000000e+02,4.534967918636999646e-10
1.237500000000000000e+02,4.790805660768042808e-10
1.237656250000000000e+02,4.715963335379473227e-10
1.237812500000000000e+02,4.306207216856274216e-10
1.237968750000000000e+02,3.983422460696682098e-10
1.238125000000000000e+02,3.917911658452700369e-10
1.238281250000000000e+02,3.973674813445726114e-10
1.238437500000000000e+02,4.122126298548776726e-10
1.238593750000000000e+02,4.357711615038785462e-10
1.238750000000000000e+02,4.682504931809124186e-10
1.238906250000000000e+02,5.073617171312724991e-10
1.239062500000000000e+02,5.377812113777953425e-10
1.239218750000000000e+02,5.607088327121053843e-10
1.239375000000000000e+02,5.837072805919045194e-10
1.239531250000000000e+02,5.919835615769050608e-10
1.239687500000000000e+02,5.758604738407315604e-10
1.239843750000000000e+02,5.455278445119423379e-10
1.240000000000000000e+02,5.091784768028443051e-10
1.240156250000000000e+02,4.670355959895716704e-10
1.240312500000000000e+02,4.317403902982871505e-10
1.240468750000000000e+02,4.247339196650537654e-10
1.240625000000000000e+02,4.572344597332812952e-10
1.240781250000000000e+02,5.233319347466295406e-10
1.240937500000000000e+02,5.963318719105106305e-10
1.241093750000000000e+02,6.489057661572482592e-10
1.241250000000000000e+02,6.571657390218323141e-10
1.241406250000000000e+02,6.164330707084388736e-10
1.241562500000000000e+02,5.770015981443788727e-10
1.241718750000000000e+02,5.890411272961907335e-10
1.241875000000000000e+02,6.201898084428915236e-10
1.242031250000000000e+02,6.396941799010697150e-10
1.242187500000000000e+02,6.647941723439332108e-10
1.242343750000000000e+02,6.811040394454031727e-10
1.242500000000000000e+02,6.469670569690924905e-10
1.242656250000000000e+02,5.834792077936105202e-10
1.242812500000000000e+02,5.478648111970381189e-10
1.242968750000000000e+02,5.341847495700656123e-10
1.243125000000000000e+02,5.078190514490361964e-10
1.243281250000000000e+02,4.771628049658414930e-10
1.243437500000000000e+02,4.670658218581261183e-10
1.243593750000000000e+02,4.723761282582101302e-10
1.243750000000000000e+02,4.693913312383535862e-10
1.243906250000000000e+02,4.382020636878688747e-10
1.244062500000000000e+02,3.910042260080100976e-10
1.244218750000000000e+02,3.786103498281273333e-10
1.244375000000000000e+02,3.975408611189430959e-10
1.244531250000000000e+02,3.955271128789817289e-10
1.244687500000000000e+02,3.719403984154231777e-10
1.244843750000000000e+02,3.552163744732918889e-10
1.245000000000000000e+02,3.515315577999641091e-10
1.245156250000000000e+02,3.597511520506559893e-10
1.245312500000000000e+02,3.849739488851185600e-10
1.245468750000000000e+02,4.194853202945589160e-10
1.245625000000000000e+02,4.436521568549519526e-10
1.245781250000000000e+02,4.520480618159271217e-10
1.245937500000000000e+02,4.685239499254344954e-10
1.246093750000000000e+02,5.234110653458283356e-10
1.246250000000000000e+02,6.078235349423535824e-10
1.246406250000000000e+02,6.810555263454873768e-10
1.246562500000000000e+02,7.203595061160708044e-10
1.246718750000000000e+02,7.395836065478820651e-10
1.246875000000000000e+02,7.450490025672250503e-10
1.247031250000000000e+02,7.086775171843021060e-10
1.247187500000000000e+02,6.293616641456121343e-10
1.247343750000000000e+02,5.536991071989290723e-10
1.247500000000000000e+02,5.081603299577333998e-10
1.247656250000000000e+02,4.942142784434151753e-10
1.247812500000000000e+02,5.315504917337316873e-10
1.247968750000000000e+02,6.146720243542380171e-10
1.248125000000000000e+02,6.970355289163809340e-10
1.248281250000000000e+02,7.396166161909386556e-10
1.248437500000000000e+02,7.461150122392533009e-10
1.248593750000000000e+02,7.419808056007162668e-10
1.248750000000000000e+02,7.382687888424647117e-10
1.248906250000000000e+02,7.336682417555756943e-10
1.249062500000000000e+02,7.182894687481517107e-10
1.249218750000000000e+02,6.768514453493196341e-10
1.249375000000000000e+02,6.131624178922575721e-10
1.249531250000000000e+02,5.478313599039907166e-10
1.249687500000000000e+02,4.952234846470538060e-10
1.249843750000000000e+02,4.630710475714774495e-10
1.250000000000000000e+02,4.390848358847391774e-10
1.250156250000000000e+02,3.954780527187166071e-10
1.250312500000000000e+02,3.329457573276760428e-10
1.250468750000000000e+02,2.923893783997357555e-10
1.250625000000000000e+02,2.916301873864528789e-10
1.250781250000000000e+02,2.960273012740819246e-10
1.250937500000000000e+02,2.926749010414492331e-10
1.251093750000000000e+02,2.994575241274010764e-10
1.251250000000000000e+02,3.106971992209783174e-10
1.251406250000000000e+02,3.096454838836574238e-10
1.251562500000000000e+02,3.127052767227637284e-10
1.251718750000000000e+02,3.360028708153690345e-10
1.251875000000000000e+02,3.625486628930374962e-10
1.252031250000000000e+02,3.828705325550504067e-10
1.252187500000000000e+02,4.112771161541217551e-10
1.252343750000000000e+02,4.536116078638207344e-10
1.252500000000000000e+02,4.926193812539037858e-10
1.252656250000000000e+02,5.074940680611871892e-10
1.252812500000000000e+02,4.946001440762988383e-10
1.252968750000000000e+02,4.763987739355812490e-10
1.253125000000000000e+02,4.788351995567538139e-10
1.253281250000000000e+02,4.962329059308243450e-10
1.253437500000000000e+02,5.156203470023625301e-10
1.253593750000000000e+02,5.306054690487418554e-10
1.253750000000000000e+02,5.259235637896158077e-10
1.253906250000000000e+02,5.027683584340179013e-10
1.254062500000000000e+02,4.821630679855698917e-10
1.254218750000000000e+02,4.755623259040170852e-10
1.254375000000000000e+02,4.797858904504961558e-10
1.254531250000000000e+02,4.867633212912034858e-10
1.254687500000000000e+02,4.842927944947002115e-10
1.254843750000000000e+02,4.625765863325441327e-10
1.255000000000000000e+02,4.432972451357015542e-10
1.255156250000000000e+02,4.581088003310739872e-10
1.255312500000000000e+02,4.868071086241326471e-10
1.255468750000000000e+02,4.990947596668472053e-10
1.255625000000000000e+02,4.986172095746700989e-10
1.255781250000000000e+02,4.979236013918165626e-10
1.255937500000000000e+02,4.984699870424668945e-10
1.256093750000000000e+02,4.931761691557568704e-10
1.256250000000000000e+02,4.745007977818382720e-10
1.256406250000000000e+02,4.381547606403949989e-10
1.256562500000000000e+02,3.945064903961612937e-10
1.256718750000000000e+02,3.721930643695994915e-10
1.256875000000000000e+02,3.747754644604500258e-10
1.257031250000000000e+02,3.741869728963817276e-10
1.257187500000000000e+02,3.624924854138883110e-10
1.257343750000000000e+02,3.603519851050319340e-10
1.257500000000000000e+02,3.853759148395783162e-10
1.257656250000000000e+02,4.323159601502829043e-10
1.257812500000000000e+02,4.905588065023143249e-10
1.257968750000000000e+02,5.496550914761451503e-10
1.258125000000000000e+02,5.932550596446790813e-10
1.258281250000000000e+02,6.056569981822549189e-10
1.258437500000000000e+02,5.860877406451474759e-10
1.258593750000000000e+02,5.601992271618945888e-10
1.258750000000000000e+02,5.731895287524311432e-10
1.258906250000000000e+02,6.456423692799951801e-10
1.259062500000000000e+02,7.283389704169661875e-10
1.259218750000000000e+02,7.596627423052771409e-10
1.259375000000000000e+02,7.280363750855595124e-10
1.259531250000000000e+02,6.602662818959400561e-10
1.259687500000000000e+02,6.066202294091221523e-10
1.259843750000000000e+02,6.111515206710287161e-10
1.260000000000000000e+02,6.521821104326538275e-10
1.260156250000000000e+02,6.757525737651248751e-10
1.260312500000000000e+02,6.632846359564660242e-10
1.260468750000000000e+02,6.346851864764002055e-10
1.260625000000000000e+02,6.011556658629682135e-10
1.260781250000000000e+02,5.680825287105775919e-10
1.260937500000000000e+02,5.537510978929141555e-10
1.261093750000000000e+02,5.455985662530439790e-10
1.261250000000000000e+02,5.306189809281866853e-10
1.261406250000000000e+02,5.484324358470603766e-10
1.261562500000000000e+02,6.146978505450683839e-10
1.261718750000000000e+02,6.740988422105550712e-10
1.261875000000000000e+02,6.856403985443711354e-10
1.262031250000000000e+02,6.602072855255614455e-10
1.262187500000000000e+02,6.233252759735613894e-10
1.262343750000000000e+02,6.013912844319699703e-10
1.262500000000000000e+02,6.220492789549638323e-10
1.262656250000000000e+02,6.610296476730419166e-10
1.262812500000000000e+02,6.635690181761132707e-10
1.262968750000000000e+02,6.204502717531995125e-10
1.263125000000000000e+02,5.692854406861823624e-10
1.263281250000000000e+02,5.505978660827473096e-10
1.263437500000000000e+02,5.696481742952707901e-10
1.263593750000000000e+02,6.021106783342763446e-10
1.263750000000000000e+02,6.292136675902980262e-10
1.263906250000000000e+02,6.379406477312652350e-10
1.264062500000000000e+02,6.122964299643938704e-10
1.264218750000000000e+02,5.658823053852034784e-10
1.264375000000000000e+02,5.519879269370116671e-10
1.264531250000000000e+02,5.885464340268865711e-10
1.264687500000000000e+02,6.118935790787654023e-10
1.264843750000000000e+02,5.637961036919747233e-10
1.265000000000000000e+02,4.731255228392910395e-10
1.265156250000000000e+02,4.540548729110583486e-10
1.265312500000000000e+02,5.397414895072632523e-10
1.265468750000000000e+02,6.280925167053560669e-10
1.265625000000000000e+02,6.582060905815157247e-10
1.265781250000000000e+02,6.383165219195199999e-10
1.265937500000000000e+02,6.173340656291771387e-10
1.266093750000000000e+02,6.357039406556774941e-10
1.266250000000000000e+02,6.639435885659843370e-10
1.266406250000000000e+02,6.512127409702363015e-10
1.266562500000000000e+02,6.021327072421354218e-10
1.266718750000000000e+02,5.600734878977228994e-10
1.266875000000000000e+02,5.484377942618545449e-10
1.267031250000000000e+02,5.596118141829281690e-10
1.267187500000000000e+02,5.777541612221467591e-10
1.267343750000000000e+02,5.780588255721212338e-10
1.267500000000000000e+02,5.424829267538547925e-10
1.267656250000000000e+02,4.925752373988030347e-10
1.267812500000000000e+02,4.782914586710576247e-10
1.267968750000000000e+02,5.171791011260986526e-10
1.268125000000000000e+02,5.809781410266319324e-10
1.268281250000000000e+02,6.338994487221380785e-10
1.268437500000000000e+02,6.523832169444921639e-10
1.268593750000000000e+02,6.324884385241978425e-10
1.268750000000000000e+02,5.782219851551989837e-10
1.268906250000000000e+02,5.110321487615475703e-10
1.269062500000000000e+02,4.850993452809864174e-10
1.269218750000000000e+02,5.147026772823488008e-10
1.269375000000000000e+02,5.498302979221917278e-10
1.269531250000000000e+02,5.722385862794045802e-10
1.269687500000000000e+02,5.951731163427589213e-10
1.269843750000000000e+02,6.134667315940075055e-10
1.270000000000000000e+02,6.179055964373884534e-10
1.270156250000000000e+02,6.174151917071373138e-10
1.270312500000000000e+02,6.151156012473379937e-10
1.270468750000000000e+02,5.982149998944259940e-10
1.270625000000000000e+02,5.668907784156899653e-10
1.270781250000000000e+02,5.339029618518179635e-10
1.270937500000000000e+02,4.989440912942462394e-10
1.271093750000000000e+02,4.556775195868074513e-10
1.271250000000000000e+02,4.187209760349335666e-10
1.271406250000000000e+02,4.212946126413759945e-10
1.271562500000000000e+02,4.642709094037073764e-10
1.271718750000000000e+02,5.052565817586783537e-10
1.271875000000000000e+02,5.044887442113538808e-10
1.272031250000000000e+02,4.573236999152794062e-10
1.272187500000000000e+02,4.023397058866564571e-10
1.272343750000000000e+02,3.775728506066464016e-10
1.272500000000000000e+02,3.753381732199112569e-10
1.272656250000000000e+02,3.735015380230514027e-10
1.272812500000000000e+02,3.628629846365462340e-10
1.272968750000000000e+02,3.474115571270900257e-10
1.273125000000000000e+02,3.366985778039690300e-10
1.273281250000000000e+02,3.297913035176587669e-10
1.273437500000000000e+02,3.176105912241985560e-10
1.273593750000000000e+02,3.077701154197738004e-10
1.273750000000000000e+02,3.183610657772653943e-10
1.273906250000000000e+02,3.520668596923982865e-10
1.274062500000000000e+02,4.075181857429385076e-10
1.274218750000000000e+02,4.759330758949436387e-10
1.274375000000000000e+02,5.346756688379942566e-10
1.274531250000000000e+02,5.711411525475953209e-10
1.274687500000000000e+02,5.961111269191938195e-10
1.274843750000000000e+02,6.241796211855417984e-10
1.275000000000000000e+02,6.515675501508343163e-10
1.275156250000000000e+02,6.709278227571723621e-10
1.275312500000000000e+02,6.871194411271860842e-10
1.275468750000000000e+02,6.980135665902650786e-10
1.275625000000000000e+02,6.842241532511565942e-10
1.275781250000000000e+02,6.359750971793612598e-10
1.275937500000000000e+02,5.701357695698065594e-10
1.276093750000000000e+02,5.133037317543243950e-10
1.276250000000000000e+02,4.769986029922697989e-10
1.276406250000000000e+02,4.559999634030660746e-10
1.276562500000000000e+02,4.374558223347817973e-10
1.276718750000000000e+02,4.146501020946737469e-10
1.276875000000000000e+02,4.029995948922714187e-10
1.277031250000000000e+02,4.170997537117896852e-10
1.277187500000000000e+02,4.377421522303108449e-10
1.277343750000000000e+02,4.448250909235567178e-10
1.277500000000000000e+02,4.490040351926445066e-10
1.277656250000000000e+02,4.655923554035380850e-10
1.277812500000000000e+02,4.909450764158233541e-10
1.277968750000000000e+02,5.186837787162586997e-10
1.278125000000000000e+02,5.620587247897523271e-10
1.278281250000000000e+02,6.215377527055692439e-10
1.278437500000000000e+02,6.511314291362228133e-10
1.278593750000000000e+02,6.241334586521362833e-10
1.278750000000000000e+02,5.712136379625137555e-10
1.278906250000000000e+02,5.171009107780943952e-10
1.279062500000000000e+02,4.657746544523123329e-10
1.279218750000000000e+02,4.641855938678338100e-10
1.279375000000000000e+02,5.329297667475828534e-10
1.279531250000000000e+02,6.078336882438733876e-10
1.279687500000000000e+02,6.417184434750220582e-10
1.279843750000000000e+02,6.380861313953548896e-10
1.280000000000000000e+02,4.453936619531590951e-10
