0.000000000000000000e+00,6.942307727975656785e-07
1.562500000000000000e-02,1.141780471037942429e-06
3.125000000000000000e-02,1.383991940574373243e-06
4.687500000000000000e-02,1.488744196401140248e-06
6.250000000000000000e-02,1.486381514911927039e-06
7.812500000000000000e-02,1.495401925483524951e-06
9.375000000000000000e-02,1.549771333573824645e-06
1.093750000000000000e-01,1.593495237902371571e-06
1.250000000000000000e-01,1.601554125527336004e-06
1.406250000000000000e-01,1.606285712110484042e-06
1.562500000000000000e-01,1.606476333201157204e-06
1.718750000000000000e-01,1.581142682638799450e-06
1.875000000000000000e-01,1.562722591851310022e-06
2.031250000000000000e-01,1.571913254438327424e-06
2.187500000000000000e-01,1.582329618764698961e-06
2.343750000000000000e-01,1.574144876349635764e-06
2.500000000000000000e-01,1.579428899112853566e-06
2.656250000000000000e-01,1.642408530335576205e-06
2.812500000000000000e-01,1.721952221143085458e-06
2.968750000000000000e-01,1.733410362190114108e-06
3.125000000000000000e-01,1.672190264842050592e-06
3.281250000000000000e-01,1.588733666701176491e-06
3.437500000000000000e-01,1.487298859057468989e-06
3.593750000000000000e-01,1.364348811964879939e-06
3.750000000000000000e-01,1.287445675781868517e-06
3.906250000000000000e-01,1.350684339193701915e-06
4.062500000000000000e-01,1.533619949037584193e-06
4.218750000000000000e-01,1.696283795109165548e-06
4.375000000000000000e-01,1.744101343517327551e-06
4.531250000000000000e-01,1.734022224834597425e-06
4.687500000000000000e-01,1.772713061345338545e-06
4.843750000000000000e-01,1.852888132689189645e-06
5.000000000000000000e-01,1.895194031076630994e-06
5.156250000000000000e-01,1.857546776092140309e-06
5.312500000000000000e-01,1.750336586569346264e-06
5.468750000000000000e-01,1.598227005908258633e-06
5.625000000000000000e-01,1.446991305855569965e-06
5.781250000000000000e-01,1.375044034809837221e-06
5.937500000000000000e-01,1.407158793949768274e-06
6.093750000000000000e-01,1.496691563294934539e-06
6.250000000000000000e-01,1.577418151145473477e-06
6.406250000000000000e-01,1.601580825301588675e-06
6.562500000000000000e-01,1.559774589953186842e-06
6.718750000000000000e-01,1.475378391635207749e-06
6.875000000000000000e-01,1.428613584675290145e-06
7.031250000000000000e-01,1.491639842199193288e-06
7.187500000000000000e-01,1.596348710357716152e-06
7.343750000000000000e-01,1.661220635191299078e-06
7.500000000000000000e-01,1.686086167259351057e-06
7.656250000000000000e-01,1.675550750685796797e-06
7.812500000000000000e-01,1.641989611223034382e-06
7.968750000000000000e-01,1.598283609028346968e-06
8.125000000000000000e-01,1.536454466400521036e-06
8.281250000000000000e-01,1.491274820210435119e-06
8.437500000000000000e-01,1.510369897791629093e-06
8.593750000000000000e-01,1.561900356258834473e-06
8.750000000000000000e-01,1.567600358879296918e-06
8.906250000000000000e-01,1.498705632593266577e-06
9.062500000000000000e-01,1.420035745433787515e-06
9.218750000000000000e-01,1.446017925746902130e-06
9.375000000000000000e-01,1.559259902415613513e-06
9.531250000000000000e-01,1.620313783221942637e-06
9.687500000000000000e-01,1.584292981218774920e-06
9.843750000000000000e-01,1.500100579692407852e-06
1.000000000000000000e+00,1.423416967636962668e-06
1.015625000000000000e+00,1.381836491170474030e-06
1.031250000000000000e+00,1.356722156952206250e-06
1.046875000000000000e+00,1.361667833456879107e-06
1.062500000000000000e+00,1.430898234242465809e-06
1.078125000000000000e+00,1.523673014572447589e-06
1.093750000000000000e+00,1.590427226815777356e-06
1.109375000000000000e+00,1.607554718572959906e-06
1.125000000000000000e+00,1.572835932592166988e-06
1.140625000000000000e+00,1.550191380549980679e-06
1.156250000000000000e+00,1.577430588962520092e-06
1.171875000000000000e+00,1.599594092175823777e-06
1.187500000000000000e+00,1.598795705834252100e-06
1.203125000000000000e+00,1.609395924178543782e-06
1.218750000000000000e+00,1.639335197794082596e-06
1.234375000000000000e+00,1.656389255755865331e-06
1.250000000000000000e+00,1.629181471298437047e-06
1.265625000000000000e+00,1.592721754768519922e-06
1.281250000000000000e+00,1.593134266035806242e-06
1.296875000000000000e+00,1.593174969049760423e-06
1.312500000000000000e+00,1.536358192850702486e-06
1.328125000000000000e+00,1.442465544918455726e-06
1.343750000000000000e+00,1.408975156352674091e-06
1.359375000000000000e+00,1.478794211859109306e-06
1.375000000000000000e+00,1.568015871048291398e-06
1.390625000000000000e+00,1.603808216147079383e-06
1.406250000000000000e+00,1.605638846138663336e-06
1.421875000000000000e+00,1.643291904895791199e-06
1.437500000000000000e+00,1.728210055158102064e-06
1.453125000000000000e+00,1.777996683252467167e-06
1.468750000000000000e+00,1.753554046088864332e-06
1.484375000000000000e+00,1.707180855921522556e-06
1.500000000000000000e+00,1.663580064947405655e-06
1.515625000000000000e+00,1.618283123079605542e-06
1.531250000000000000e+00,1.610256224670117922e-06
1.546875000000000000e+00,1.645996812737898335e-06
1.562500000000000000e+00,1.660803187456132393e-06
1.578125000000000000e+00,1.620848994685250993e-06
1.593750000000000000e+00,1.573979776855279446e-06
1.609375000000000000e+00,1.586633819744345393e-06
1.625000000000000000e+00,1.637547634425496614e-06
1.640625000000000000e+00,1.662078017989705401e-06
1.656250000000000000e+00,1.642822214929203693e-06
1.671875000000000000e+00,1.601728443145090391e-06
1.687500000000000000e+00,1.590334004797276902e-06
1.703125000000000000e+00,1.636817031866220988e-06
1.718750000000000000e+00,1.697945091159308118e-06
1.734375000000000000e+00,1.733430734283822417e-06
1.750000000000000000e+00,1.742293135474072068e-06
1.765625000000000000e+00,1.703776472872607718e-06
1.781250000000000000e+00,1.608415466037146117e-06
1.796875000000000000e+00,1.501180323775659205e-06
1.812500000000000000e+00,1.439661984556605585e-06
1.828125000000000000e+00,1.501047622311605489e-06
1.843750000000000000e+00,1.656803742630742218e-06
1.859375000000000000e+00,1.763275154099038475e-06
1.875000000000000000e+00,1.760376339282942408e-06
1.890625000000000000e+00,1.671589534898888680e-06
1.906250000000000000e+00,1.563808077436402953e-06
1.921875000000000000e+00,1.535105069405396314e-06
1.937500000000000000e+00,1.585515785784178532e-06
1.953125000000000000e+00,1.606168526984285043e-06
1.968750000000000000e+00,1.543286736721265988e-06
1.984375000000000000e+00,1.458427222603187777e-06
2.000000000000000000e+00,1.435025520434362156e-06
2.015625000000000000e+00,1.473475760278092254e-06
2.031250000000000000e+00,1.544550803190445562e-06
2.046875000000000000e+00,1.613764684283469227e-06
2.062500000000000000e+00,1.637184990032845763e-06
2.078125000000000000e+00,1.616134650784795706e-06
2.093750000000000000e+00,1.589059501270955576e-06
2.109375000000000000e+00,1.599012195043849775e-06
2.125000000000000000e+00,1.622317406568531636e-06
2.140625000000000000e+00,1.592568078258479134e-06
2.156250000000000000e+00,1.538588438554823058e-06
2.171875000000000000e+00,1.543831220680864677e-06
2.187500000000000000e+00,1.594408657516943248e-06
2.203125000000000000e+00,1.592631099657479524e-06
2.218750000000000000e+00,1.503935171126887347e-06
2.234375000000000000e+00,1.384597619986193250e-06
2.250000000000000000e+00,1.323114496402498143e-06
2.265625000000000000e+00,1.390156435343201962e-06
2.281250000000000000e+00,1.528906888369282527e-06
2.296875000000000000e+00,1.623706090620673851e-06
2.312500000000000000e+00,1.632109242504920864e-06
2.328125000000000000e+00,1.592415786812136753e-06
2.343750000000000000e+00,1.586774526545294315e-06
2.359375000000000000e+00,1.606201142593159051e-06
2.375000000000000000e+00,1.549738228107056001e-06
2.390625000000000000e+00,1.416262122722005933e-06
2.406250000000000000e+00,1.317034018079294988e-06
2.421875000000000000e+00,1.286440260980462461e-06
2.437500000000000000e+00,1.244604607134148417e-06
2.453125000000000000e+00,1.154265112619747725e-06
2.468750000000000000e+00,1.050936297612675898e-06
2.484375000000000000e+00,9.894524813661174011e-07
2.500000000000000000e+00,1.013301504811737565e-06
2.515625000000000000e+00,1.095213908800969561e-06
2.531250000000000000e+00,1.153372501121684466e-06
2.546875000000000000e+00,1.143142330622879799e-06
2.562500000000000000e+00,1.069175760171816207e-06
2.578125000000000000e+00,9.578992426480614912e-07
2.593750000000000000e+00,8.635851627664267961e-07
2.609375000000000000e+00,8.823889190133859247e-07
2.625000000000000000e+00,1.056088322622276914e-06
2.640625000000000000e+00,1.270317948361101822e-06
2.656250000000000000e+00,1.412012546275847476e-06
2.671875000000000000e+00,1.491135201873016430e-06
2.687500000000000000e+00,1.568201636540916172e-06
2.703125000000000000e+00,1.616731274825614939e-06
2.718750000000000000e+00,1.576232614079230171e-06
2.734375000000000000e+00,1.469978886768101726e-06
2.750000000000000000e+00,1.383597687417894453e-06
2.765625000000000000e+00,1.358719745906474922e-06
2.781250000000000000e+00,1.338427307531184552e-06
2.796875000000000000e+00,1.254486387504256159e-06
2.812500000000000000e+00,1.103921222211417346e-06
2.828125000000000000e+00,9.418161291341985921e-07
2.843750000000000000e+00,8.289886993661251269e-07
2.859375000000000000e+00,7.548565452082354117e-07
2.875000000000000000e+00,6.754228037996939161e-07
2.890625000000000000e+00,6.258815029838824878e-07
2.906250000000000000e+00,6.663669876692502407e-07
2.921875000000000000e+00,7.416560052278209451e-07
2.937500000000000000e+00,7.830069484892539213e-07
2.953125000000000000e+00,8.322412251369290068e-07
2.968750000000000000e+00,9.467172157036909963e-07
2.984375000000000000e+00,1.083907422780913914e-06
3.000000000000000000e+00,1.191218693616287692e-06
3.015625000000000000e+00,1.273925422757935553e-06
3.031250000000000000e+00,1.350669475282787414e-06
3.046875000000000000e+00,1.397923968090784893e-06
3.062500000000000000e+00,1.373582097496342916e-06
3.078125000000000000e+00,1.273720652347957676e-06
3.093750000000000000e+00,1.144255806764935321e-06
3.109375000000000000e+00,1.040476825564237585e-06
3.125000000000000000e+00,9.981803574615622621e-07
3.140625000000000000e+00,1.001486215955917058e-06
3.156250000000000000e+00,9.790329237840733734e-07
3.171875000000000000e+00,9.009248279495879743e-07
3.187500000000000000e+00,8.329924120069508692e-07
3.203125000000000000e+00,8.734143403673082184e-07
3.218750000000000000e+00,1.000481414384871353e-06
3.234375000000000000e+00,1.092600660595008870e-06
3.250000000000000000e+00,1.110713390104590874e-06
3.265625000000000000e+00,1.114473789656848620e-06
3.281250000000000000e+00,1.102298877496773250e-06
3.296875000000000000e+00,1.013352446408759026e-06
3.312500000000000000e+00,8.646964661021502136e-07
3.328125000000000000e+00,7.300403835053113260e-07
3.343750000000000000e+00,6.472554251750670073e-07
3.359375000000000000e+00,6.209183805661673342e-07
3.375000000000000000e+00,6.393140992719848916e-07
3.390625000000000000e+00,6.729896831999696637e-07
3.406250000000000000e+00,7.162858890053317351e-07
3.421875000000000000e+00,7.724804093359684127e-07
3.437500000000000000e+00,8.265921588017156110e-07
3.453125000000000000e+00,8.677457548164169690e-07
3.468750000000000000e+00,8.997503025415973965e-07
3.484375000000000000e+00,9.328588349418941347e-07
3.500000000000000000e+00,9.632986701584529674e-07
3.515625000000000000e+00,9.925990857012174931e-07
3.531250000000000000e+00,1.045532632622142931e-06
3.546875000000000000e+00,1.106528065611794922e-06
3.562500000000000000e+00,1.123899371848712713e-06
3.578125000000000000e+00,1.086397176588709299e-06
3.593750000000000000e+00,1.023898700243030481e-06
3.609375000000000000e+00,9.578851858445925529e-07
3.625000000000000000e+00,8.910873429184942189e-07
3.640625000000000000e+00,8.379089384541178442e-07
3.656250000000000000e+00,8.069557140634417466e-07
3.671875000000000000e+00,7.815637590311334328e-07
3.687500000000000000e+00,7.515739358688046914e-07
3.703125000000000000e+00,7.079701729085843380e-07
3.718750000000000000e+00,6.528923699382599665e-07
3.734375000000000000e+00,6.261255789496317806e-07
3.750000000000000000e+00,6.513356694200474703e-07
3.765625000000000000e+00,7.024564865471911883e-07
3.781250000000000000e+00,7.412746770740887461e-07
3.796875000000000000e+00,7.511843549521858395e-07
3.812500000000000000e+00,7.584722087797674179e-07
3.828125000000000000e+00,7.868904995949186570e-07
3.843750000000000000e+00,8.341285339944027480e-07
3.859375000000000000e+00,9.142976246712321441e-07
3.875000000000000000e+00,1.007835180307586505e-06
3.890625000000000000e+00,1.052824930039809612e-06
3.906250000000000000e+00,1.041600683262442305e-06
3.921875000000000000e+00,1.052074426273704123e-06
3.937500000000000000e+00,1.118367620839978457e-06
3.953125000000000000e+00,1.162397637403404401e-06
3.968750000000000000e+00,1.142475907342746190e-06
3.984375000000000000e+00,1.066652130676317146e-06
4.000000000000000000e+00,9.341233960877299949e-07
4.015625000000000000e+00,7.940384641072314282e-07
4.031250000000000000e+00,7.336054365644903676e-07
4.046875000000000000e+00,7.637542490038604066e-07
4.062500000000000000e+00,8.300138968486147847e-07
4.078125000000000000e+00,8.922851631291331189e-07
4.093750000000000000e+00,9.240656589529995361e-07
4.109375000000000000e+00,9.030784307936285588e-07
4.125000000000000000e+00,8.462756720966429670e-07
4.140625000000000000e+00,7.956117006501848606e-07
4.156250000000000000e+00,7.654856319143578667e-07
4.171875000000000000e+00,7.586012915840576470e-07
4.187500000000000000e+00,7.764386342450194779e-07
4.203125000000000000e+00,7.908345959768064817e-07
4.218750000000000000e+00,7.752159936822860970e-07
4.234375000000000000e+00,7.529563502603997209e-07
4.250000000000000000e+00,7.483380815855114883e-07
4.265625000000000000e+00,7.272206597750853115e-07
4.281250000000000000e+00,6.712435025796738451e-07
4.296875000000000000e+00,6.221541856392950297e-07
4.312500000000000000e+00,6.131682916034761129e-07
4.328125000000000000e+00,6.201622121412958353e-07
4.343750000000000000e+00,6.045184269981947884e-07
4.359375000000000000e+00,5.583662344194406970e-07
4.375000000000000000e+00,5.108313777133561608e-07
4.390625000000000000e+00,4.989818177641661379e-07
4.406250000000000000e+00,5.251618738475065879e-07
4.421875000000000000e+00,5.692360815598341497e-07
4.437500000000000000e+00,6.241734926090333896e-07
4.453125000000000000e+00,6.928764800704321502e-07
4.468750000000000000e+00,7.755054989620904764e-07
4.484375000000000000e+00,8.494128540894785592e-07
4.500000000000000000e+00,8.693617570958469311e-07
4.515625000000000000e+00,8.342820572909156105e-07
4.531250000000000000e+00,8.187616033783381174e-07
4.546875000000000000e+00,8.633048057854953892e-07
4.562500000000000000e+00,9.097032158972399407e-07
4.578125000000000000e+00,9.015822334039033242e-07
4.593750000000000000e+00,8.505753800095392918e-07
4.609375000000000000e+00,8.274017419064281414e-07
4.625000000000000000e+00,8.570665769003233946e-07
4.640625000000000000e+00,8.778135566544206515e-07
4.656250000000000000e+00,8.627350879464665953e-07
4.671875000000000000e+00,8.440027457916630308e-07
4.687500000000000000e+00,8.515623113461148168e-07
4.703125000000000000e+00,8.800580080508418630e-07
4.718750000000000000e+00,8.999774502138344243e-07
4.734375000000000000e+00,8.956739268472878248e-07
4.750000000000000000e+00,8.863519062265615384e-07
4.765625000000000000e+00,9.022850975507918200e-07
4.781250000000000000e+00,9.320818938756263479e-07
4.796875000000000000e+00,9.330472868621496354e-07
4.812500000000000000e+00,9.070569368954535063e-07
4.828125000000000000e+00,9.002618622359819173e-07
4.843750000000000000e+00,9.131928347588275386e-07
4.859375000000000000e+00,9.081554904831391746e-07
4.875000000000000000e+00,8.807007835864072353e-07
4.890625000000000000e+00,8.498078713012678782e-07
4.906250000000000000e+00,8.240821455546800585e-07
4.921875000000000000e+00,7.942340109595400719e-07
4.937500000000000000e+00,7.435503315376727920e-07
4.953125000000000000e+00,6.803395874423769328e-07
4.968750000000000000e+00,6.396382836022674718e-07
4.984375000000000000e+00,6.366406290683324446e-07
5.000000000000000000e+00,6.496002729993126636e-07
5.015625000000000000e+00,6.671547075459647907e-07
5.031250000000000000e+00,7.186037743113320630e-07
5.046875000000000000e+00,8.062143872135748013e-07
5.062500000000000000e+00,8.706288058459802583e-07
5.078125000000000000e+00,8.735105647516128585e-07
5.093750000000000000e+00,8.353071768276008003e-07
5.109375000000000000e+00,7.915068462873171942e-07
5.125000000000000000e+00,7.498278557337203068e-07
5.140625000000000000e+00,6.923240076805347231e-07
5.156250000000000000e+00,6.113822647400282475e-07
5.171875000000000000e+00,5.587281566648299222e-07
5.187500000000000000e+00,6.106150737003051013e-07
5.203125000000000000e+00,7.203452795894516463e-07
5.218750000000000000e+00,7.951100596021445847e-07
5.234375000000000000e+00,8.205262183943544476e-07
5.250000000000000000e+00,8.265458916637105297e-07
5.265625000000000000e+00,8.184079690820777825e-07
5.281250000000000000e+00,7.921554668849190747e-07
5.296875000000000000e+00,7.585145388483601730e-07
5.312500000000000000e+00,7.202201863430714910e-07
5.328125000000000000e+00,6.765040109995478375e-07
5.343750000000000000e+00,6.300879634050873349e-07
5.359375000000000000e+00,5.878640371875346869e-07
5.375000000000000000e+00,5.737486238881809545e-07
5.390625000000000000e+00,5.964074199017117160e-07
5.406250000000000000e+00,6.285314478457558718e-07
5.421875000000000000e+00,6.562043329249635824e-07
5.437500000000000000e+00,6.832379868807289986e-07
5.453125000000000000e+00,6.912882034741547877e-07
5.468750000000000000e+00,6.514489527958844758e-07
5.484375000000000000e+00,5.727195992918449741e-07
5.500000000000000000e+00,5.147199465789539631e-07
5.515625000000000000e+00,5.223516328996257056e-07
5.531250000000000000e+00,5.528754953367742397e-07
5.546875000000000000e+00,5.807074499831523337e-07
5.562500000000000000e+00,6.364574350098980391e-07
5.578125000000000000e+00,7.052478798592735007e-07
5.593750000000000000e+00,7.467833963993767804e-07
5.609375000000000000e+00,7.606706058602823084e-07
5.625000000000000000e+00,7.601899745615039555e-07
5.640625000000000000e+00,7.533546826437415422e-07
5.656250000000000000e+00,7.600696362125848408e-07
5.671875000000000000e+00,7.775117928292755045e-07
5.687500000000000000e+00,7.651774669091741360e-07
5.703125000000000000e+00,7.089040462220054969e-07
5.718750000000000000e+00,6.531316196463995047e-07
5.734375000000000000e+00,6.415861039201582694e-07
5.750000000000000000e+00,6.541458101649430026e-07
5.765625000000000000e+00,6.610468650684178852e-07
5.781250000000000000e+00,6.561342680133787368e-07
5.796875000000000000e+00,6.387125940177408598e-07
5.812500000000000000e+00,6.174997584770151667e-07
5.828125000000000000e+00,5.999358865641336999e-07
5.843750000000000000e+00,5.890370822102394426e-07
5.859375000000000000e+00,5.874961212956045435e-07
5.875000000000000000e+00,5.936245698817401174e-07
5.890625000000000000e+00,6.182953265589919390e-07
5.906250000000000000e+00,6.691111694937445505e-07
5.921875000000000000e+00,7.161526379654467245e-07
5.937500000000000000e+00,7.233750157477774466e-07
5.953125000000000000e+00,6.966065233757162626e-07
5.968750000000000000e+00,6.645610889805237970e-07
5.984375000000000000e+00,6.335065813173224690e-07
6.000000000000000000e+00,6.013735412812726673e-07
6.015625000000000000e+00,5.773469347039295502e-07
6.031250000000000000e+00,5.801813273503171509e-07
6.046875000000000000e+00,6.069747967415049456e-07
6.062500000000000000e+00,6.097973553315346330e-07
6.078125000000000000e+00,5.654054398265980166e-07
6.093750000000000000e+00,5.113945318120587984e-07
6.109375000000000000e+00,4.779861688326915446e-07
6.125000000000000000e+00,4.544296783882721970e-07
6.140625000000000000e+00,4.464388269450489486e-07
6.156250000000000000e+00,4.794022509818917368e-07
6.171875000000000000e+00,5.461059561866185694e-07
6.187500000000000000e+00,5.994353643422065955e-07
6.203125000000000000e+00,6.031035114831414768e-07
6.218750000000000000e+00,5.648451480740955379e-07
6.234375000000000000e+00,5.070171200623714084e-07
6.250000000000000000e+00,4.427844728092092943e-07
6.265625000000000000e+00,3.953893841167815286e-07
6.281250000000000000e+00,3.830013709115662385e-07
6.296875000000000000e+00,3.914124533608316283e-07
6.312500000000000000e+00,3.983129535763344418e-07
6.328125000000000000e+00,4.020013257098605295e-07
6.343750000000000000e+00,4.137928360784513633e-07
6.359375000000000000e+00,4.248903486349651530e-07
6.375000000000000000e+00,4.204189194541055844e-07
6.390625000000000000e+00,4.093047266390953949e-07
6.406250000000000000e+00,4.111221702080020973e-07
6.421875000000000000e+00,4.265083362869679047e-07
6.437500000000000000e+00,4.437684166913673305e-07
6.453125000000000000e+00,4.576742506028846531e-07
6.468750000000000000e+00,4.623622671680423738e-07
6.484375000000000000e+00,4.600572533006102388e-07
6.500000000000000000e+00,4.627668944692418167e-07
6.515625000000000000e+00,4.750519064397947934e-07
6.531250000000000000e+00,5.040670968134352140e-07
6.546875000000000000e+00,5.517486216873159130e-07
6.562500000000000000e+00,5.935047321895740472e-07
6.578125000000000000e+00,6.110297616664533772e-07
6.593750000000000000e+00,6.234022220237648302e-07
6.609375000000000000e+00,6.546928006455410547e-07
6.625000000000000000e+00,6.810825754296964575e-07
6.640625000000000000e+00,6.647874978024363833e-07
6.656250000000000000e+00,6.043954057579322214e-07
6.671875000000000000e+00,5.219677268089901212e-07
6.687500000000000000e+00,4.455292596202365456e-07
6.703125000000000000e+00,4.048464153757987080e-07
6.718750000000000000e+00,4.046740099071659543e-07
6.734375000000000000e+00,4.193703112517614248e-07
6.750000000000000000e+00,4.365867854136478562e-07
6.765625000000000000e+00,4.610110091810140419e-07
6.781250000000000000e+00,4.910903327436682714e-07
6.796875000000000000e+00,5.191535116188619292e-07
6.812500000000000000e+00,5.362878543857434007e-07
6.828125000000000000e+00,5.336126950072325568e-07
6.843750000000000000e+00,5.071224653048603387e-07
6.859375000000000000e+00,4.653362716803941263e-07
6.875000000000000000e+00,4.303214602163185102e-07
6.890625000000000000e+00,4.177959137597980231e-07
6.906250000000000000e+00,4.231686358384678246e-07
6.921875000000000000e+00,4.445754465281206739e-07
6.937500000000000000e+00,4.764813410805553046e-07
6.953125000000000000e+00,4.855362723389078562e-07
6.968750000000000000e+00,4.493567659667114098e-07
6.984375000000000000e+00,4.018093868761553352e-07
7.000000000000000000e+00,4.058180316380427823e-07
7.015625000000000000e+00,4.613551541318841354e-07
7.031250000000000000e+00,5.184681164775072584e-07
7.046875000000000000e+00,5.477089939815521278e-07
7.062500000000000000e+00,5.465747506120278668e-07
7.078125000000000000e+00,5.362326796106973166e-07
7.093750000000000000e+00,5.363594109779157342e-07
7.109375000000000000e+00,5.313256434289556473e-07
7.125000000000000000e+00,5.009448749031731094e-07
7.140625000000000000e+00,4.496946607687740531e-07
7.156250000000000000e+00,3.969129229820396596e-07
7.171875000000000000e+00,3.643070759427987985e-07
7.187500000000000000e+00,3.591378969680071088e-07
7.203125000000000000e+00,3.729579071636918206e-07
7.218750000000000000e+00,3.884796511846738816e-07
7.234375000000000000e+00,3.871188007177114273e-07
7.250000000000000000e+00,3.717270788200385853e-07
7.265625000000000000e+00,3.649773330679309207e-07
7.281250000000000000e+00,3.710769604891670810e-07
7.296875000000000000e+00,3.732087462856324754e-07
7.312500000000000000e+00,3.788425109928785433e-07
7.328125000000000000e+00,4.111895281405734818e-07
7.343750000000000000e+00,4.565286156407152867e-07
7.359375000000000000e+00,5.047913022024617530e-07
7.375000000000000000e+00,5.757648367703060377e-07
7.390625000000000000e+00,6.590959471056808937e-07
7.406250000000000000e+00,7.156170964081723120e-07
7.421875000000000000e+00,7.222863350803512767e-07
7.437500000000000000e+00,6.842117921800748097e-07
7.453125000000000000e+00,6.150657991206686003e-07
7.468750000000000000e+00,5.242387003954875020e-07
7.484375000000000000e+00,4.338170202537424233e-07
7.500000000000000000e+00,3.772714654288298152e-07
7.515625000000000000e+00,3.654510297091164559e-07
7.531250000000000000e+00,3.816592047341929273e-07
7.546875000000000000e+00,4.047932828867603353e-07
7.562500000000000000e+00,4.187997475056840165e-07
7.578125000000000000e+00,4.090041232777065251e-07
7.593750000000000000e+00,3.665875272079622899e-07
7.609375000000000000e+00,3.252948981555360571e-07
7.625000000000000000e+00,3.504710350145600563e-07
7.640625000000000000e+00,4.247768173968646519e-07
7.656250000000000000e+00,4.987730673247271471e-07
7.671875000000000000e+00,5.602859112497456395e-07
7.687500000000000000e+00,5.999624808057868136e-07
7.703125000000000000e+00,6.118288584771453919e-07
7.718750000000000000e+00,6.003764142985318870e-07
7.734375000000000000e+00,5.704931443486942333e-07
7.750000000000000000e+00,5.314574837186005682e-07
7.765625000000000000e+00,4.927254159572646866e-07
7.781250000000000000e+00,4.522473338903669973e-07
7.796875000000000000e+00,4.082266552116742076e-07
7.812500000000000000e+00,3.655096334643861185e-07
7.828125000000000000e+00,3.297264637517994011e-07
7.843750000000000000e+00,3.152829058323754171e-07
7.859375000000000000e+00,3.354712345456793259e-07
7.875000000000000000e+00,3.749065579032071311e-07
7.890625000000000000e+00,4.010332006851127520e-07
7.906250000000000000e+00,3.947927592627304622e-07
7.921875000000000000e+00,3.812681640719868247e-07
7.937500000000000000e+00,4.151887223504011425e-07
7.953125000000000000e+00,4.845231402205779230e-07
7.968750000000000000e+00,5.236517237105840497e-07
7.984375000000000000e+00,5.088118892131552436e-07
8.000000000000000000e+00,4.675437936702246244e-07
8.015625000000000000e+00,4.256357653272027742e-07
8.031250000000000000e+00,3.888554528207567895e-07
8.046875000000000000e+00,3.746921428147742434e-07
8.062500000000000000e+00,3.860593690127834127e-07
8.078125000000000000e+00,3.948507887526152616e-07
8.093750000000000000e+00,3.947617103443849401e-07
8.109375000000000000e+00,4.075624468649723740e-07
8.125000000000000000e+00,4.320349866102743404e-07
8.140625000000000000e+00,4.390340248917409544e-07
8.156250000000000000e+00,4.201110585209093221e-07
8.171875000000000000e+00,3.936854046282644317e-07
8.187500000000000000e+00,3.760001469749143078e-07
8.203125000000000000e+00,3.741338425519846269e-07
8.218750000000000000e+00,3.844059274384405401e-07
8.234375000000000000e+00,3.927372872549195024e-07
8.250000000000000000e+00,3.918095243532641761e-07
8.265625000000000000e+00,3.864541894512206695e-07
8.281250000000000000e+00,3.819348034451584684e-07
8.296875000000000000e+00,3.839960353208175544e-07
8.312500000000000000e+00,4.013781523294434904e-07
8.328125000000000000e+00,4.225398975234357829e-07
8.343750000000000000e+00,4.321451928892060206e-07
8.359375000000000000e+00,4.439615085975615518e-07
8.375000000000000000e+00,4.655773859568042955e-07
8.390625000000000000e+00,4.757688713273538409e-07
8.406250000000000000e+00,4.725289362530797482e-07
8.421875000000000000e+00,4.735470744275698726e-07
8.437500000000000000e+00,4.709764311630626005e-07
8.453125000000000000e+00,4.452561874436856419e-07
8.468750000000000000e+00,3.962591817930044442e-07
8.484375000000000000e+00,3.450506378064691918e-07
8.500000000000000000e+00,3.298145678513011032e-07
8.515625000000000000e+00,3.577776246632086148e-07
8.531250000000000000e+00,3.798638808694747220e-07
8.546875000000000000e+00,3.685751514272702276e-07
8.562500000000000000e+00,3.489050189691034700e-07
8.578125000000000000e+00,3.554920187019352276e-07
8.593750000000000000e+00,3.806645298980187056e-07
8.609375000000000000e+00,4.078388003652650839e-07
8.625000000000000000e+00,4.473794176927359723e-07
8.640625000000000000e+00,4.960792183266363405e-07
8.656250000000000000e+00,5.152039405313189454e-07
8.671875000000000000e+00,4.765860543663986473e-07
8.687500000000000000e+00,4.005776221787029421e-07
8.703125000000000000e+00,3.428691549638185685e-07
8.718750000000000000e+00,3.333958873866617691e-07
8.734375000000000000e+00,3.669406168313496955e-07
8.750000000000000000e+00,4.452185630073852150e-07
8.765625000000000000e+00,5.415142176004612665e-07
8.781250000000000000e+00,6.069161118196141322e-07
8.796875000000000000e+00,6.182479051281424177e-07
8.812500000000000000e+00,5.952284460828911649e-07
8.828125000000000000e+00,5.696076947822249503e-07
8.843750000000000000e+00,5.468483318452630559e-07
8.859375000000000000e+00,5.231999556617485883e-07
8.875000000000000000e+00,5.013611353317449258e-07
8.890625000000000000e+00,4.750500091071769731e-07
8.906250000000000000e+00,4.338209317176347863e-07
8.921875000000000000e+00,3.793307366135683983e-07
8.937500000000000000e+00,3.219185391505881189e-07
8.953125000000000000e+00,2.786703891592928852e-07
8.968750000000000000e+00,2.771687099058336718e-07
8.984375000000000000e+00,3.201337657606554334e-07
9.000000000000000000e+00,3.694182057600020941e-07
9.015625000000000000e+00,3.918741705338415226e-07
9.031250000000000000e+00,3.959335647114170798e-07
9.046875000000000000e+00,4.094854307029195971e-07
9.062500000000000000e+00,4.276128357560124966e-07
9.078125000000000000e+00,4.337237171208070474e-07
9.093750000000000000e+00,4.307846164865618365e-07
9.109375000000000000e+00,4.223204413203990506e-07
9.125000000000000000e+00,3.965122172289379611e-07
9.140625000000000000e+00,3.463866306703158526e-07
9.156250000000000000e+00,2.951450232764051588e-07
9.171875000000000000e+00,2.789727866410133163e-07
9.187500000000000000e+00,2.954607418025963958e-07
9.203125000000000000e+00,3.159949789433086356e-07
9.218750000000000000e+00,3.303929674879656740e-07
9.234375000000000000e+00,3.397277120071879718e-07
9.250000000000000000e+00,3.421620918914911154e-07
9.265625000000000000e+00,3.407492653073556569e-07
9.281250000000000000e+00,3.417846835379714047e-07
9.296875000000000000e+00,3.447305966750994288e-07
9.312500000000000000e+00,3.466311366828978334e-07
9.328125000000000000e+00,3.443652024663718062e-07
9.343750000000000000e+00,3.372245895575671354e-07
9.359375000000000000e+00,3.333384431338393144e-07
9.375000000000000000e+00,3.433307970999876044e-07
9.390625000000000000e+00,3.655613892584884706e-07
9.406250000000000000e+00,3.818112357609042373e-07
9.421875000000000000e+00,3.748150926764440597e-07
9.437500000000000000e+00,3.471437391983644036e-07
9.453125000000000000e+00,3.165059696918223210e-07
9.468750000000000000e+00,3.008515939463147963e-07
9.484375000000000000e+00,3.111876030313301170e-07
9.500000000000000000e+00,3.346722410687473064e-07
9.515625000000000000e+00,3.407265541129258513e-07
9.531250000000000000e+00,3.185807528591681892e-07
9.546875000000000000e+00,2.835821406998071160e-07
9.562500000000000000e+00,2.592913410486346020e-07
9.578125000000000000e+00,2.575150678072235550e-07
9.593750000000000000e+00,2.698532986118549345e-07
9.609375000000000000e+00,2.863286320892215382e-07
9.625000000000000000e+00,3.006282242844831380e-07
9.640625000000000000e+00,3.001691124017680841e-07
9.656250000000000000e+00,2.860079996352715859e-07
9.671875000000000000e+00,2.920268137923458879e-07
9.687500000000000000e+00,3.306377858193117427e-07
9.703125000000000000e+00,3.692024221064829951e-07
9.718750000000000000e+00,3.897617647540860737e-07
9.734375000000000000e+00,3.912146673256639545e-07
9.750000000000000000e+00,3.697430895245635961e-07
9.765625000000000000e+00,3.298109687947723155e-07
9.781250000000000000e+00,2.925174210138890010e-07
9.796875000000000000e+00,2.783868911289292059e-07
9.812500000000000000e+00,2.804034293951904154e-07
9.828125000000000000e+00,2.744160724162277916e-07
9.843750000000000000e+00,2.567636454598418172e-07
9.859375000000000000e+00,2.458771457498644463e-07
9.875000000000000000e+00,2.506934690377379789e-07
9.890625000000000000e+00,2.627518318482234173e-07
9.906250000000000000e+00,2.723514512634297310e-07
9.921875000000000000e+00,2.733993696508104995e-07
9.937500000000000000e+00,2.711325698031422095e-07
9.953125000000000000e+00,2.771730051533679492e-07
9.968750000000000000e+00,2.917816925609398198e-07
9.984375000000000000e+00,3.035147318705319229e-07
1.000000000000000000e+01,3.018366750338038314e-07
1.001562500000000000e+01,2.957798586527581388e-07
1.003125000000000000e+01,3.074399803852161177e-07
1.004687500000000000e+01,3.376667148097412334e-07
1.006250000000000000e+01,3.741329336330970162e-07
1.007812500000000000e+01,4.063014868151591727e-07
1.009375000000000000e+01,4.176266012109289584e-07
1.010937500000000000e+01,3.962458697388944359e-07
1.012500000000000000e+01,3.529741860842226642e-07
1.014062500000000000e+01,3.258013764399475175e-07
1.015625000000000000e+01,3.367070840509725492e-07
1.017187500000000000e+01,3.596595735485219322e-07
1.018750000000000000e+01,3.712077208486293805e-07
1.020312500000000000e+01,3.696501746538030538e-07
1.021875000000000000e+01,3.573749374739983588e-07
1.023437500000000000e+01,3.363362974364099234e-07
1.025000000000000000e+01,3.072512767417806049e-07
1.026562500000000000e+01,2.711480248601582735e-07
1.028125000000000000e+01,2.422105123048575876e-07
1.029687500000000000e+01,2.414517594079661230e-07
1.031250000000000000e+01,2.600837188368755110e-07
1.032812500000000000e+01,2.705622188172833049e-07
1.034375000000000000e+01,2.673058036285929422e-07
1.035937500000000000e+01,2.619433264050640956e-07
1.037500000000000000e+01,2.585603961759751324e-07
1.039062500000000000e+01,2.537725657566527474e-07
1.040625000000000000e+01,2.484430252036537012e-07
1.042187500000000000e+01,2.428724475878559923e-07
1.043750000000000000e+01,2.319077218975879316e-07
1.045312500000000000e+01,2.193471337274399863e-07
1.046875000000000000e+01,2.226980041177463557e-07
1.048437500000000000e+01,2.452289483053729287e-07
1.050000000000000000e+01,2.740580522795664880e-07
1.051562500000000000e+01,3.066618681916645185e-07
1.053125000000000000e+01,3.513676231333946750e-07
1.054687500000000000e+01,4.089617718340768861e-07
1.056250000000000000e+01,4.628348353730696648e-07
1.057812500000000000e+01,4.925114208282589619e-07
1.059375000000000000e+01,4.899995047669963485e-07
1.060937500000000000e+01,4.678320103560251662e-07
1.062500000000000000e+01,4.483833024535090195e-07
1.064062500000000000e+01,4.358843210832478411e-07
1.065625000000000000e+01,4.252482977253163138e-07
1.067187500000000000e+01,4.171059030432186072e-07
1.068750000000000000e+01,4.077172409763280742e-07
1.070312500000000000e+01,3.932849275477294257e-07
1.071875000000000000e+01,3.741671510546119296e-07
1.073437500000000000e+01,3.501142911121950239e-07
1.075000000000000000e+01,3.192124989030195684e-07
1.076562500000000000e+01,2.883865677016501092e-07
1.078125000000000000e+01,2.656149065360386758e-07
1.079687500000000000e+01,2.430588490176969677e-07
1.081250000000000000e+01,2.168645390717840292e-07
1.082812500000000000e+01,1.994971352457920633e-07
1.084375000000000000e+01,1.969805547474425775e-07
1.085937500000000000e+01,1.988511842423696013e-07
1.087500000000000000e+01,1.962374325455476278e-07
1.089062500000000000e+01,1.958901467234476004e-07
1.090625000000000000e+01,2.109935875132610444e-07
1.092187500000000000e+01,2.313878994484033717e-07
1.093750000000000000e+01,2.343995607075111624e-07
1.095312500000000000e+01,2.288234858366765627e-07
1.096875000000000000e+01,2.412954518213547589e-07
1.098437500000000000e+01,2.600434597516547001e-07
1.100000000000000000e+01,2.667771425290911030e-07
1.101562500000000000e+01,2.742144646964336245e-07
1.103125000000000000e+01,2.930891127874234742e-07
1.104687500000000000e+01,3.124830366671720699e-07
1.106250000000000000e+01,3.239975407410391215e-07
1.107812500000000000e+01,3.286778946200227037e-07
1.109375000000000000e+01,3.302590755303622951e-07
1.110937500000000000e+01,3.348292036090317854e-07
1.112500000000000000e+01,3.441954142110544176e-07
1.114062500000000000e+01,3.588880077524084908e-07
1.115625000000000000e+01,3.805992683076013366e-07
1.117187500000000000e+01,3.970218358109193040e-07
1.118750000000000000e+01,3.895192652209336589e-07
1.120312500000000000e+01,3.550547853207079948e-07
1.121875000000000000e+01,3.076645908717159282e-07
1.123437500000000000e+01,2.651466461301559544e-07
1.125000000000000000e+01,2.398091504553597922e-07
1.126562500000000000e+01,2.329572034083496949e-07
1.128125000000000000e+01,2.364303248896768384e-07
1.129687500000000000e+01,2.417091141171847589e-07
1.131250000000000000e+01,2.430689622325881654e-07
1.132812500000000000e+01,2.442845627218750870e-07
1.134375000000000000e+01,2.613104098165048243e-07
1.135937500000000000e+01,2.940193869863013943e-07
1.137500000000000000e+01,3.167331859331228522e-07
1.139062500000000000e+01,3.121470254317463058e-07
1.140625000000000000e+01,2.870231148196829468e-07
1.142187500000000000e+01,2.577878606532101040e-07
1.143750000000000000e+01,2.411110568627956337e-07
1.145312500000000000e+01,2.486414176555438251e-07
1.146875000000000000e+01,2.627954097303382965e-07
1.148437500000000000e+01,2.620697781640021012e-07
1.150000000000000000e+01,2.516754978537260014e-07
1.151562500000000000e+01,2.477933927865838520e-07
1.153125000000000000e+01,2.595747698276460861e-07
1.154687500000000000e+01,2.846920811448121095e-07
1.156250000000000000e+01,3.091351838763873212e-07
1.157812500000000000e+01,3.184249761172666424e-07
1.159375000000000000e+01,3.103183651602129868e-07
1.160937500000000000e+01,2.940862287389181221e-07
1.162500000000000000e+01,2.788344660809826134e-07
1.164062500000000000e+01,2.658864251575817010e-07
1.165625000000000000e+01,2.575628767222221545e-07
1.167187500000000000e+01,2.564563873023912697e-07
1.168750000000000000e+01,2.539460193875177644e-07
1.170312500000000000e+01,2.476228284368024283e-07
1.171875000000000000e+01,2.513523890577826501e-07
1.173437500000000000e+01,2.628664451301316758e-07
1.175000000000000000e+01,2.598516634586205744e-07
1.176562500000000000e+01,2.366786524526012089e-07
1.178125000000000000e+01,2.130427328491725173e-07
1.179687500000000000e+01,2.079606276477014667e-07
1.181250000000000000e+01,2.174915732393504269e-07
1.182812500000000000e+01,2.286445543122363460e-07
1.184375000000000000e+01,2.321047514232946266e-07
1.185937500000000000e+01,2.264215308666027732e-07
1.187500000000000000e+01,2.197533741596514459e-07
1.189062500000000000e+01,2.159942328264256046e-07
1.190625000000000000e+01,2.133052841786747059e-07
1.192187500000000000e+01,2.177682542377254775e-07
1.193750000000000000e+01,2.325322386139457297e-07
1.195312500000000000e+01,2.448671385238590034e-07
1.196875000000000000e+01,2.461472667070028361e-07
1.198437500000000000e+01,2.450951206137551739e-07
1.200000000000000000e+01,2.505411924914626525e-07
1.201562500000000000e+01,2.599236903525621176e-07
1.203125000000000000e+01,2.664446547648689417e-07
1.204687500000000000e+01,2.648955197001758512e-07
1.206250000000000000e+01,2.586809762758321278e-07
1.207812500000000000e+01,2.645275851117969420e-07
1.209375000000000000e+01,2.972413157350153669e-07
1.210937500000000000e+01,3.391304056117931903e-07
1.212500000000000000e+01,3.599979402927721069e-07
1.214062500000000000e+01,3.500045655701591321e-07
1.215625000000000000e+01,3.211792815460196795e-07
1.217187500000000000e+01,2.937959027069640398e-07
1.218750000000000000e+01,2.774087838759592015e-07
1.220312500000000000e+01,2.665616675575861568e-07
1.221875000000000000e+01,2.603306180334527400e-07
1.223437500000000000e+01,2.661289007709310023e-07
1.225000000000000000e+01,2.806804736300121655e-07
1.226562500000000000e+01,2.881608315899255766e-07
1.228125000000000000e+01,2.768284594415907734e-07
1.229687500000000000e+01,2.509430840547296172e-07
1.231250000000000000e+01,2.269320585500824217e-07
1.232812500000000000e+01,2.131136046404122080e-07
1.234375000000000000e+01,2.021512194453300024e-07
1.235937500000000000e+01,1.862963591813889240e-07
1.237500000000000000e+01,1.662417201836502730e-07
1.239062500000000000e+01,1.480224273043528221e-07
1.240625000000000000e+01,1.378636236622915196e-07
1.242187500000000000e+01,1.386903325349215752e-07
1.243750000000000000e+01,1.456219707072634076e-07
1.245312500000000000e+01,1.480889569042716976e-07
1.246875000000000000e+01,1.422494914401098224e-07
1.248437500000000000e+01,1.376634930820771964e-07
1.250000000000000000e+01,1.477905672310799788e-07
1.251562500000000000e+01,1.720421719845551366e-07
1.253125000000000000e+01,1.990181593437787079e-07
1.254687500000000000e+01,2.207151790364778334e-07
1.256250000000000000e+01,2.345909205059709095e-07
1.257812500000000000e+01,2.384376676677726287e-07
1.259375000000000000e+01,2.331726621074190882e-07
1.260937500000000000e+01,2.252451154056462191e-07
1.262500000000000000e+01,2.158588647165664315e-07
1.264062500000000000e+01,2.044698747066260628e-07
1.265625000000000000e+01,1.988625150564954428e-07
1.267187500000000000e+01,2.035366957242131535e-07
1.268750000000000000e+01,2.156735462633719218e-07
1.270312500000000000e+01,2.330996098327771186e-07
1.271875000000000000e+01,2.465651442165332569e-07
1.273437500000000000e+01,2.452626153440892118e-07
1.275000000000000000e+01,2.328844399974210401e-07
1.276562500000000000e+01,2.245922588950692576e-07
1.278125000000000000e+01,2.307098900300553798e-07
1.279687500000000000e+01,2.467199936191830989e-07
1.281250000000000000e+01,2.588122042092027654e-07
1.282812500000000000e+01,2.553150274455608226e-07
1.284375000000000000e+01,2.390725481141319863e-07
1.285937500000000000e+01,2.295926438692360485e-07
1.287500000000000000e+01,2.418319700756437363e-07
1.289062500000000000e+01,2.670497567616300702e-07
1.290625000000000000e+01,2.906048032294787755e-07
1.292187500000000000e+01,3.117451261634180901e-07
1.293750000000000000e+01,3.347507541802881954e-07
1.295312500000000000e+01,3.527792018628577196e-07
1.296875000000000000e+01,3.556741584024910014e-07
1.298437500000000000e+01,3.420149780333121468e-07
1.300000000000000000e+01,3.154370244057223515e-07
1.301562500000000000e+01,2.801553248677014713e-07
1.303125000000000000e+01,2.424224395916972769e-07
1.304687500000000000e+01,2.115965893437788865e-07
1.306250000000000000e+01,1.961264220776959377e-07
1.307812500000000000e+01,1.930391677562052429e-07
1.309375000000000000e+01,1.927197570597200975e-07
1.310937500000000000e+01,1.943933967665681454e-07
1.312500000000000000e+01,1.999554753196715532e-07
1.314062500000000000e+01,2.064061368227853511e-07
1.315625000000000000e+01,2.132883121657585681e-07
1.317187500000000000e+01,2.222859237559839146e-07
1.318750000000000000e+01,2.281285139120988926e-07
1.320312500000000000e+01,2.230414477547212308e-07
1.321875000000000000e+01,2.131486793377912587e-07
1.323437500000000000e+01,2.156377058863882721e-07
1.325000000000000000e+01,2.315944590517539511e-07
1.326562500000000000e+01,2.447166386192446820e-07
1.328125000000000000e+01,2.479495777628076381e-07
1.329687500000000000e+01,2.446168249087068417e-07
1.331250000000000000e+01,2.351417985469754273e-07
1.332812500000000000e+01,2.221801991388955384e-07
1.334375000000000000e+01,2.155266323095628913e-07
1.335937500000000000e+01,2.143533959340032899e-07
1.337500000000000000e+01,2.060607227717540906e-07
1.339062500000000000e+01,1.902890245874328323e-07
1.340625000000000000e+01,1.831909184585756796e-07
1.342187500000000000e+01,1.967689201875116615e-07
1.343750000000000000e+01,2.230656371492291005e-07
1.345312500000000000e+01,2.502320931138375291e-07
1.346875000000000000e+01,2.733237137119727339e-07
1.348437500000000000e+01,2.869211765635338871e-07
1.350000000000000000e+01,2.813040020549753197e-07
1.351562500000000000e+01,2.524398924682103073e-07
1.353125000000000000e+01,2.160895089134956654e-07
1.354687500000000000e+01,1.984126330825909105e-07
1.356250000000000000e+01,2.047790180888502582e-07
1.357812500000000000e+01,2.216643254085477139e-07
1.359375000000000000e+01,2.402717659772869908e-07
1.360937500000000000e+01,2.597046582045302254e-07
1.362500000000000000e+01,2.855669002852225822e-07
1.364062500000000000e+01,3.139265556524936756e-07
1.365625000000000000e+01,3.227545445696275072e-07
1.367187500000000000e+01,3.021455271215802663e-07
1.368750000000000000e+01,2.731311079008084784e-07
1.370312500000000000e+01,2.583294919997385526e-07
1.371875000000000000e+01,2.528881528891643163e-07
1.373437500000000000e+01,2.460347010807324504e-07
1.375000000000000000e+01,2.393385124902972658e-07
1.376562500000000000e+01,2.343030773439102180e-07
1.378125000000000000e+01,2.205372308978160121e-07
1.379687500000000000e+01,1.990059758424816447e-07
1.381250000000000000e+01,1.908104494556597727e-07
1.382812500000000000e+01,1.977449857329279478e-07
1.384375000000000000e+01,1.995596770363398719e-07
1.385937500000000000e+01,1.878604227148773430e-07
1.387500000000000000e+01,1.698703050919805714e-07
1.389062500000000000e+01,1.556061597447973063e-07
1.390625000000000000e+01,1.464133957656245370e-07
1.392187500000000000e+01,1.410059837314877834e-07
1.393750000000000000e+01,1.437846105101483051e-07
1.395312500000000000e+01,1.551233687403981599e-07
1.396875000000000000e+01,1.667318202582556829e-07
1.398437500000000000e+01,1.717098259744256644e-07
1.400000000000000000e+01,1.681903825236104449e-07
1.401562500000000000e+01,1.624109591016502479e-07
1.403125000000000000e+01,1.641914249024479541e-07
1.404687500000000000e+01,1.681590508841395680e-07
1.406250000000000000e+01,1.614789649346019014e-07
1.407812500000000000e+01,1.464015071979922322e-07
1.409375000000000000e+01,1.389239651651420292e-07
1.410937500000000000e+01,1.513564772016546214e-07
1.412500000000000000e+01,1.773747397563092249e-07
1.414062500000000000e+01,1.986172164571491083e-07
1.415625000000000000e+01,2.053665472532331122e-07
1.417187500000000000e+01,2.025008911976191091e-07
1.418750000000000000e+01,1.971011961216700447e-07
1.420312500000000000e+01,1.881511186844253388e-07
1.421875000000000000e+01,1.740427709175472009e-07
1.423437500000000000e+01,1.635350641209813276e-07
1.425000000000000000e+01,1.637031769654969073e-07
1.426562500000000000e+01,1.664862189084877247e-07
1.428125000000000000e+01,1.654559452446719338e-07
1.429687500000000000e+01,1.633392965635232305e-07
1.431250000000000000e+01,1.621527688779734875e-07
1.432812500000000000e+01,1.627315297555891923e-07
1.434375000000000000e+01,1.675485721281738159e-07
1.435937500000000000e+01,1.769081753217523582e-07
1.437500000000000000e+01,1.881834763579929078e-07
1.439062500000000000e+01,2.007277097598950672e-07
1.440625000000000000e+01,2.161028578793096111e-07
1.442187500000000000e+01,2.310053023030953678e-07
1.443750000000000000e+01,2.407685244340213207e-07
1.445312500000000000e+01,2.442139991409838053e-07
1.446875000000000000e+01,2.422196990934749837e-07
1.448437500000000000e+01,2.348415426237824179e-07
1.450000000000000000e+01,2.205933765176619187e-07
1.451562500000000000e+01,2.012059648422041021e-07
1.453125000000000000e+01,1.798103812972691766e-07
1.454687500000000000e+01,1.595854222833047588e-07
1.456250000000000000e+01,1.519581059215359539e-07
1.457812500000000000e+01,1.673513486304922756e-07
1.459375000000000000e+01,1.887892408687730084e-07
1.460937500000000000e+01,1.925482203875115271e-07
1.462500000000000000e+01,1.767168342853386524e-07
1.464062500000000000e+01,1.583797450151476168e-07
1.465625000000000000e+01,1.522798322538565258e-07
1.467187500000000000e+01,1.569029350187400097e-07
1.468750000000000000e+01,1.643745185392672975e-07
1.470312500000000000e+01,1.681122992000769009e-07
1.471875000000000000e+01,1.637595014182466003e-07
1.473437500000000000e+01,1.542352729643335490e-07
1.475000000000000000e+01,1.519554379936665895e-07
1.476562500000000000e+01,1.655298751936168264e-07
1.478125000000000000e+01,1.896935100316255107e-07
1.479687500000000000e+01,2.182340117238156012e-07
1.481250000000000000e+01,2.474087724273769939e-07
1.482812500000000000e+01,2.709949755695997074e-07
1.484375000000000000e+01,2.793470832592514568e-07
1.485937500000000000e+01,2.655486364418853037e-07
1.487500000000000000e+01,2.392662632702327272e-07
1.489062500000000000e+01,2.205917773698366930e-07
1.490625000000000000e+01,2.106795738026289034e-07
1.492187500000000000e+01,1.961790296145386808e-07
1.493750000000000000e+01,1.770451542966961440e-07
1.495312500000000000e+01,1.644798964429338778e-07
1.496875000000000000e+01,1.660135818140985681e-07
1.498437500000000000e+01,1.792104898958291141e-07
1.500000000000000000e+01,1.925436049964116011e-07
1.501562500000000000e+01,1.963383332156869191e-07
1.503125000000000000e+01,1.953211336111750467e-07
1.504687500000000000e+01,2.043366865965932943e-07
1.506250000000000000e+01,2.276534889204654401e-07
1.507812500000000000e+01,2.467273780929534000e-07
1.509375000000000000e+01,2.413566139638373953e-07
1.510937500000000000e+01,2.147140422828457876e-07
1.512500000000000000e+01,1.865605855388782074e-07
1.514062500000000000e+01,1.698183270543062078e-07
1.515625000000000000e+01,1.627923656553967127e-07
1.517187500000000000e+01,1.567677693528928257e-07
1.518750000000000000e+01,1.516678344521385758e-07
1.520312500000000000e+01,1.590969221295536828e-07
1.521875000000000000e+01,1.765197626412853674e-07
1.523437500000000000e+01,1.898630363837120751e-07
1.525000000000000000e+01,1.983600695537117602e-07
1.526562500000000000e+01,2.094526643259973735e-07
1.528125000000000000e+01,2.207278694599298551e-07
1.529687500000000000e+01,2.248935153816591920e-07
1.531250000000000000e+01,2.220983744002232940e-07
1.532812500000000000e+01,2.156541488618193772e-07
1.534375000000000000e+01,2.060081213485534123e-07
1.535937500000000000e+01,1.937768829440498750e-07
1.537500000000000000e+01,1.822887921453680973e-07
1.539062500000000000e+01,1.734881204272695012e-07
1.540625000000000000e+01,1.653202544861870606e-07
1.542187500000000000e+01,1.561382449896343353e-07
1.543750000000000000e+01,1.493113611838612782e-07
1.545312500000000000e+01,1.484471625736546098e-07
1.546875000000000000e+01,1.507085861036998186e-07
1.548437500000000000e+01,1.499997960544317080e-07
1.550000000000000000e+01,1.428483364811125014e-07
1.551562500000000000e+01,1.329226139026875689e-07
1.553125000000000000e+01,1.323414885324376881e-07
1.554687500000000000e+01,1.437106838508591775e-07
1.556250000000000000e+01,1.511390378349067073e-07
1.557812500000000000e+01,1.453185824382754916e-07
1.559375000000000000e+01,1.343409574821989174e-07
1.560937500000000000e+01,1.304535508932083861e-07
1.562500000000000000e+01,1.341079733201854489e-07
1.564062500000000000e+01,1.415190223341620534e-07
1.565625000000000000e+01,1.520098510293663525e-07
1.567187500000000000e+01,1.612048435232072019e-07
1.568750000000000000e+01,1.705649364519748733e-07
1.570312500000000000e+01,1.884263385991664944e-07
1.571875000000000000e+01,2.083034325635731212e-07
1.573437500000000000e+01,2.175723163811675981e-07
1.575000000000000000e+01,2.139693603039249083e-07
1.576562500000000000e+01,2.021267703986074119e-07
1.578125000000000000e+01,1.903463260876237789e-07
1.579687500000000000e+01,1.822424361561212929e-07
1.581250000000000000e+01,1.716940702479461755e-07
1.582812500000000000e+01,1.587864297483367718e-07
1.584375000000000000e+01,1.563949298605288811e-07
1.585937500000000000e+01,1.671139292861069018e-07
1.587500000000000000e+01,1.767805990283952984e-07
1.589062500000000000e+01,1.753224390593758094e-07
1.590625000000000000e+01,1.658859468724731549e-07
1.592187500000000000e+01,1.603046219107772919e-07
1.593750000000000000e+01,1.641954585684195540e-07
1.595312500000000000e+01,1.712656929306220107e-07
1.596875000000000000e+01,1.704594808094179334e-07
1.598437500000000000e+01,1.576573925451299563e-07
1.600000000000000000e+01,1.445586930063206548e-07
1.601562500000000000e+01,1.446657039203933734e-07
1.603125000000000000e+01,1.524688601746983835e-07
1.604687500000000000e+01,1.578220074917994466e-07
1.606250000000000000e+01,1.615589660544169237e-07
1.607812500000000000e+01,1.733601227600272361e-07
1.609375000000000000e+01,1.959285244829421620e-07
1.610937500000000000e+01,2.147038943149591436e-07
1.612500000000000000e+01,2.160052053845499770e-07
1.614062500000000000e+01,2.098884784348047427e-07
1.615625000000000000e+01,2.223958733359598071e-07
1.617187500000000000e+01,2.513666979922100959e-07
1.618750000000000000e+01,2.715830971421993736e-07
1.620312500000000000e+01,2.731874535619840715e-07
1.621875000000000000e+01,2.645229380744069797e-07
1.623437500000000000e+01,2.580257905475318542e-07
1.625000000000000000e+01,2.572848623649159216e-07
1.626562500000000000e+01,2.574327059598038053e-07
1.628125000000000000e+01,2.543082624562140636e-07
1.629687500000000000e+01,2.433902895498655201e-07
1.631250000000000000e+01,2.224258554847986318e-07
1.632812500000000000e+01,2.063345154630080235e-07
1.634375000000000000e+01,2.127252723501009795e-07
1.635937500000000000e+01,2.318564212479291644e-07
1.637500000000000000e+01,2.459806849644108317e-07
1.639062500000000000e+01,2.565663307835642940e-07
1.640625000000000000e+01,2.826611860440870909e-07
1.642187500000000000e+01,3.298727897773046466e-07
1.643750000000000000e+01,3.789062927568140837e-07
1.645312500000000000e+01,4.125343495228741287e-07
1.646875000000000000e+01,4.287095695505893659e-07
1.648437500000000000e+01,4.381317678975802973e-07
1.650000000000000000e+01,4.581518824655176155e-07
1.651562500000000000e+01,4.872494902929845954e-07
1.653125000000000000e+01,4.957656106886366829e-07
1.654687500000000000e+01,4.717292012176136329e-07
1.656250000000000000e+01,4.419436637583309143e-07
1.657812500000000000e+01,4.194975392077187738e-07
1.659375000000000000e+01,3.785109321789838440e-07
1.660937500000000000e+01,3.094448947950507091e-07
1.662500000000000000e+01,2.387745180879719329e-07
1.664062500000000000e+01,1.929524460438501242e-07
1.665625000000000000e+01,1.751850848527209889e-07
1.667187500000000000e+01,1.750142177359460331e-07
1.668750000000000000e+01,1.795410894929307820e-07
1.670312500000000000e+01,1.807294150638273735e-07
1.671875000000000000e+01,1.782241709224244940e-07
1.673437500000000000e+01,1.770995305047883122e-07
1.675000000000000000e+01,1.755788247342596261e-07
1.676562500000000000e+01,1.658260512240648762e-07
1.678125000000000000e+01,1.514271256529840519e-07
1.679687500000000000e+01,1.453681185348998633e-07
1.681250000000000000e+01,1.505763392846339043e-07
1.682812500000000000e+01,1.576199525689783573e-07
1.684375000000000000e+01,1.595960879031208152e-07
1.685937500000000000e+01,1.578937502176744085e-07
1.687500000000000000e+01,1.561915634846810698e-07
1.689062500000000000e+01,1.517598000590503124e-07
1.690625000000000000e+01,1.411684834718719590e-07
1.692187500000000000e+01,1.316237268365282563e-07
1.693750000000000000e+01,1.324141288725509776e-07
1.695312500000000000e+01,1.370808508460683556e-07
1.696875000000000000e+01,1.345853033311376023e-07
1.698437500000000000e+01,1.277961810041850142e-07
1.700000000000000000e+01,1.279712709332239246e-07
1.701562500000000000e+01,1.358913200718685537e-07
1.703125000000000000e+01,1.417534665568792520e-07
1.704687500000000000e+01,1.427626552448753574e-07
1.706250000000000000e+01,1.451951000089124968e-07
1.707812500000000000e+01,1.495815749766493291e-07
1.709375000000000000e+01,1.509206037956968953e-07
1.710937500000000000e+01,1.526615691476030274e-07
1.712500000000000000e+01,1.604636457103092658e-07
1.714062500000000000e+01,1.697393983617447661e-07
1.715625000000000000e+01,1.735386693026320012e-07
1.717187500000000000e+01,1.675284763321905418e-07
1.718750000000000000e+01,1.539142669903723324e-07
1.720312500000000000e+01,1.434058886814569563e-07
1.721875000000000000e+01,1.408663349517550248e-07
1.723437500000000000e+01,1.408968258809895665e-07
1.725000000000000000e+01,1.383556344000919304e-07
1.726562500000000000e+01,1.324349242203193543e-07
1.728125000000000000e+01,1.282568907285401116e-07
1.729687500000000000e+01,1.316504276402923001e-07
1.731250000000000000e+01,1.428749325257697140e-07
1.732812500000000000e+01,1.570600977261785371e-07
1.734375000000000000e+01,1.652525063645479578e-07
1.735937500000000000e+01,1.615910861004648062e-07
1.737500000000000000e+01,1.515560005079859184e-07
1.739062500000000000e+01,1.488958501535329245e-07
1.740625000000000000e+01,1.600476261042942120e-07
1.742187500000000000e+01,1.742228511471988413e-07
1.743750000000000000e+01,1.779008789934550662e-07
1.745312500000000000e+01,1.699901904934147738e-07
1.746875000000000000e+01,1.620114785684792746e-07
1.748437500000000000e+01,1.613494378125831592e-07
1.750000000000000000e+01,1.610558170167324287e-07
1.751562500000000000e+01,1.544477404981079858e-07
1.753125000000000000e+01,1.413047801644774166e-07
1.754687500000000000e+01,1.264053135116027086e-07
1.756250000000000000e+01,1.175733985917770187e-07
1.757812500000000000e+01,1.149814320604221501e-07
1.759375000000000000e+01,1.132067328832366804e-07
1.760937500000000000e+01,1.120123103802607215e-07
1.762500000000000000e+01,1.141014912347983054e-07
1.764062500000000000e+01,1.175788336159827806e-07
1.765625000000000000e+01,1.209968747605981064e-07
1.767187500000000000e+01,1.279963582379855054e-07
1.768750000000000000e+01,1.348437883474903018e-07
1.770312500000000000e+01,1.344949123472531337e-07
1.771875000000000000e+01,1.315532166694263405e-07
1.773437500000000000e+01,1.313086171204940781e-07
1.775000000000000000e+01,1.286812898793158367e-07
1.776562500000000000e+01,1.216884241263488346e-07
1.778125000000000000e+01,1.168958503585517086e-07
1.779687500000000000e+01,1.184993528204204038e-07
1.781250000000000000e+01,1.241624634081623958e-07
1.782812500000000000e+01,1.315150233612116690e-07
1.784375000000000000e+01,1.392301683656454462e-07
1.785937500000000000e+01,1.453173893167726521e-07
1.787500000000000000e+01,1.477528863410377485e-07
1.789062500000000000e+01,1.475411059809833144e-07
1.790625000000000000e+01,1.489243127334683656e-07
1.792187500000000000e+01,1.545667179665559560e-07
1.793750000000000000e+01,1.621446985592098714e-07
1.795312500000000000e+01,1.652606031723880155e-07
1.796875000000000000e+01,1.578196024624825090e-07
1.798437500000000000e+01,1.425845272044089098e-07
1.800000000000000000e+01,1.341158566168869372e-07
1.801562500000000000e+01,1.384109164010427514e-07
1.803125000000000000e+01,1.405335279363616617e-07
1.804687500000000000e+01,1.314272164978067082e-07
1.806250000000000000e+01,1.178557172899039339e-07
1.807812500000000000e+01,1.060841629657618905e-07
1.809375000000000000e+01,9.633067306799380543e-08
1.810937500000000000e+01,9.120870909787052402e-08
1.812500000000000000e+01,9.180017433760228973e-08
1.814062500000000000e+01,9.516962671811848108e-08
1.815625000000000000e+01,9.984804703827518904e-08
1.817187500000000000e+01,1.049409643953268614e-07
1.818750000000000000e+01,1.082238724028000486e-07
1.820312500000000000e+01,1.068647208282880695e-07
1.821875000000000000e+01,1.035843545943999014e-07
1.823437500000000000e+01,1.073823964126520275e-07
1.825000000000000000e+01,1.171562734705756833e-07
1.826562500000000000e+01,1.242417698663226313e-07
1.828125000000000000e+01,1.258665117250346572e-07
1.829687500000000000e+01,1.227483390372625350e-07
1.831250000000000000e+01,1.181583225393303307e-07
1.832812500000000000e+01,1.177389475549664969e-07
1.834375000000000000e+01,1.231158243692657328e-07
1.835937500000000000e+01,1.312772469965377140e-07
1.837500000000000000e+01,1.402948716488639067e-07
1.839062500000000000e+01,1.492648375647636624e-07
1.840625000000000000e+01,1.557701104186319786e-07
1.842187500000000000e+01,1.562867196662743047e-07
1.843750000000000000e+01,1.502042852297365783e-07
1.845312500000000000e+01,1.417923946922093302e-07
1.846875000000000000e+01,1.353194538899684363e-07
1.848437500000000000e+01,1.315193068377044142e-07
1.850000000000000000e+01,1.294447553357215782e-07
1.851562500000000000e+01,1.258673919774318566e-07
1.853125000000000000e+01,1.179388490150461536e-07
1.854687500000000000e+01,1.099032536684273346e-07
1.856250000000000000e+01,1.070890633659400746e-07
1.857812500000000000e+01,1.057590320609591195e-07
1.859375000000000000e+01,1.012831728476023086e-07
1.860937500000000000e+01,9.544766531916835191e-08
1.862500000000000000e+01,8.955617626889786303e-08
1.864062500000000000e+01,8.094066126995387147e-08
1.865625000000000000e+01,7.234459371407193188e-08
1.867187500000000000e+01,7.761894732064095528e-08
1.868750000000000000e+01,9.943053116122591033e-08
1.870312500000000000e+01,1.224951875522135242e-07
1.871875000000000000e+01,1.369039292429411196e-07
1.873437500000000000e+01,1.403204371651617886e-07
1.875000000000000000e+01,1.349760035603840423e-07
1.876562500000000000e+01,1.300048376351613365e-07
1.878125000000000000e+01,1.317651813174501184e-07
1.879687500000000000e+01,1.324769849184721532e-07
1.881250000000000000e+01,1.268611485692288990e-07
1.882812500000000000e+01,1.203999316574968653e-07
1.884375000000000000e+01,1.170534551772613167e-07
1.885937500000000000e+01,1.151831990772609063e-07
1.887500000000000000e+01,1.121047822367237391e-07
1.889062500000000000e+01,1.050203707009747438e-07
1.890625000000000000e+01,9.268021615770470631e-08
1.892187500000000000e+01,7.819783336435306145e-08
1.893750000000000000e+01,7.065923450139135875e-08
1.895312500000000000e+01,7.626670553546928732e-08
1.896875000000000000e+01,8.791410154843589813e-08
1.898437500000000000e+01,9.946743725712809772e-08
1.900000000000000000e+01,1.112869263657233019e-07
1.901562500000000000e+01,1.258724018594023307e-07
1.903125000000000000e+01,1.415314630539829555e-07
1.904687500000000000e+01,1.492434673071784125e-07
1.906250000000000000e+01,1.458667798529957788e-07
1.907812500000000000e+01,1.410108582449141030e-07
1.909375000000000000e+01,1.406703721809252857e-07
1.910937500000000000e+01,1.403742291279810340e-07
1.912500000000000000e+01,1.375817508739133133e-07
1.914062500000000000e+01,1.334832177636557599e-07
1.915625000000000000e+01,1.278311758909402512e-07
1.917187500000000000e+01,1.217076782009109909e-07
1.918750000000000000e+01,1.209714532433559875e-07
1.920312500000000000e+01,1.273904242884627685e-07
1.921875000000000000e+01,1.341966654664468261e-07
1.923437500000000000e+01,1.369074921213297746e-07
1.925000000000000000e+01,1.375252976246912730e-07
1.926562500000000000e+01,1.377668192492161751e-07
1.928125000000000000e+01,1.344687168144985839e-07
1.929687500000000000e+01,1.241468808663322965e-07
1.931250000000000000e+01,1.134224241157232535e-07
1.932812500000000000e+01,1.116351172224957237e-07
1.934375000000000000e+01,1.147590066445380984e-07
1.935937500000000000e+01,1.197392078323404668e-07
1.937500000000000000e+01,1.295656947481554416e-07
1.939062500000000000e+01,1.394259417383969930e-07
1.940625000000000000e+01,1.423710902217522797e-07
1.942187500000000000e+01,1.383743251182094894e-07
1.943750000000000000e+01,1.308925331725863838e-07
1.945312500000000000e+01,1.238699118685890936e-07
1.946875000000000000e+01,1.245994478647102302e-07
1.948437500000000000e+01,1.382810875220446337e-07
1.950000000000000000e+01,1.553491442747199857e-07
1.951562500000000000e+01,1.635209057185455385e-07
1.953125000000000000e+01,1.631854529331481535e-07
1.954687500000000000e+01,1.620522249957922544e-07
1.956250000000000000e+01,1.640369426054509217e-07
1.957812500000000000e+01,1.653925018333702468e-07
1.959375000000000000e+01,1.582375095149850035e-07
1.960937500000000000e+01,1.409626995762199536e-07
1.962500000000000000e+01,1.219272589718497504e-07
1.964062500000000000e+01,1.082776713928402055e-07
1.965625000000000000e+01,9.749812856456763432e-08
1.967187500000000000e+01,8.721523846991406009e-08
1.968750000000000000e+01,8.082554246644155388e-08
1.970312500000000000e+01,7.962646329359421894e-08
1.971875000000000000e+01,8.220769832265036787e-08
1.973437500000000000e+01,8.759998717078077739e-08
1.975000000000000000e+01,9.200925342319128392e-08
1.976562500000000000e+01,9.310655381949382261e-08
1.978125000000000000e+01,9.334738600202722048e-08
1.979687500000000000e+01,9.343876332964471661e-08
1.981250000000000000e+01,9.037037453076499418e-08
1.982812500000000000e+01,8.560070827779693513e-08
1.984375000000000000e+01,8.493906864174937630e-08
1.985937500000000000e+01,8.928867781549374755e-08
1.987500000000000000e+01,9.533057582049039095e-08
1.989062500000000000e+01,9.807550404229550324e-08
1.990625000000000000e+01,9.396594767400381175e-08
1.992187500000000000e+01,8.878151448315154151e-08
1.993750000000000000e+01,9.453886508996879268e-08
1.995312500000000000e+01,1.102739431894696670e-07
1.996875000000000000e+01,1.246081138325321794e-07
1.998437500000000000e+01,1.314313493814572672e-07
2.000000000000000000e+01,1.296870387384202888e-07
2.001562500000000000e+01,1.228855049794940309e-07
2.003125000000000000e+01,1.179405630712187288e-07
2.004687500000000000e+01,1.162279119096501176e-07
2.006250000000000000e+01,1.123924068788680935e-07
2.007812500000000000e+01,1.025065925895609064e-07
2.009375000000000000e+01,8.791322216829431518e-08
2.010937500000000000e+01,7.575543397378890138e-08
2.012500000000000000e+01,7.272437081578105992e-08
2.014062500000000000e+01,7.485461349638174506e-08
2.015625000000000000e+01,7.705029066726679897e-08
2.017187500000000000e+01,7.930365962719433419e-08
2.018750000000000000e+01,8.241682039954068819e-08
2.020312500000000000e+01,8.979909057591509597e-08
2.021875000000000000e+01,1.016494134367270263e-07
2.023437500000000000e+01,1.124676818634262567e-07
2.025000000000000000e+01,1.180387034621896127e-07
2.026562500000000000e+01,1.198424481145281512e-07
2.028125000000000000e+01,1.258345014953805004e-07
2.029687500000000000e+01,1.364770391740363865e-07
2.031250000000000000e+01,1.408645319796125332e-07
2.032812500000000000e+01,1.368640165829489381e-07
2.034375000000000000e+01,1.338557826787779067e-07
2.035937500000000000e+01,1.342822078965148592e-07
2.037500000000000000e+01,1.308646452147220946e-07
2.039062500000000000e+01,1.243067726293367144e-07
2.040625000000000000e+01,1.232164568483151660e-07
2.042187500000000000e+01,1.260388603107588682e-07
2.043750000000000000e+01,1.279351373145885737e-07
2.045312500000000000e+01,1.330545593489316601e-07
2.046875000000000000e+01,1.430157249121297252e-07
2.048437500000000000e+01,1.498750030635498327e-07
2.050000000000000000e+01,1.489932228352159120e-07
2.051562500000000000e+01,1.423802128668015678e-07
2.053125000000000000e+01,1.314622433275825784e-07
2.054687500000000000e+01,1.194810473940260105e-07
2.056250000000000000e+01,1.123785052731125863e-07
2.057812500000000000e+01,1.088770352035105950e-07
2.059375000000000000e+01,1.025347621881884547e-07
2.060937500000000000e+01,9.267621988585082858e-08
2.062500000000000000e+01,8.598513534850995785e-08
2.064062500000000000e+01,8.751245087307428790e-08
2.065625000000000000e+01,9.293527285228461644e-08
2.067187500000000000e+01,9.571567723180721670e-08
2.068750000000000000e+01,9.628964449656698024e-08
2.070312500000000000e+01,1.002182897670542640e-07
2.071875000000000000e+01,1.079019790431582466e-07
2.073437500000000000e+01,1.146959606843987806e-07
2.075000000000000000e+01,1.178584072973326417e-07
2.076562500000000000e+01,1.163446850011048844e-07
2.078125000000000000e+01,1.105667831654975658e-07
2.079687500000000000e+01,1.056718543820609156e-07
2.081250000000000000e+01,1.066014806282938589e-07
2.082812500000000000e+01,1.097613601112454112e-07
2.084375000000000000e+01,1.100501339788928050e-07
2.085937500000000000e+01,1.076387721776015624e-07
2.087500000000000000e+01,1.029579499715140489e-07
2.089062500000000000e+01,9.517454413835337277e-08
2.090625000000000000e+01,8.704242297597132170e-08
2.092187500000000000e+01,8.247368102999254539e-08
2.093750000000000000e+01,8.241409673303439948e-08
2.095312500000000000e+01,8.679023788345062363e-08
2.096875000000000000e+01,9.257388940487229908e-08
2.098437500000000000e+01,9.595606969249225049e-08
2.100000000000000000e+01,9.789648056608406917e-08
2.101562500000000000e+01,1.003804174011075488e-07
2.103125000000000000e+01,1.032280686364004815e-07
2.104687500000000000e+01,1.096068103311854444e-07
2.106250000000000000e+01,1.209149008347724653e-07
2.107812500000000000e+01,1.295815087794005599e-07
2.109375000000000000e+01,1.304457993000828763e-07
2.110937500000000000e+01,1.260018182468626112e-07
2.112500000000000000e+01,1.185278766335057495e-07
2.114062500000000000e+01,1.105706337638884149e-07
2.115625000000000000e+01,1.087206267116569962e-07
2.117187500000000000e+01,1.181769492267904250e-07
2.118750000000000000e+01,1.340637181700103235e-07
2.120312500000000000e+01,1.453657421482826167e-07
2.121875000000000000e+01,1.486712435157420592e-07
2.123437500000000000e+01,1.467535286262658005e-07
2.125000000000000000e+01,1.395838984347081495e-07
2.126562500000000000e+01,1.292769638456438380e-07
2.128125000000000000e+01,1.220120976740500809e-07
2.129687500000000000e+01,1.192028190093300321e-07
2.131250000000000000e+01,1.168582223573212437e-07
2.132812500000000000e+01,1.095509512950115637e-07
2.134375000000000000e+01,9.569696538179037861e-08
2.135937500000000000e+01,8.235844358514994193e-08
2.137500000000000000e+01,7.676390602758176330e-08
2.139062500000000000e+01,7.630001332199434296e-08
2.140625000000000000e+01,7.662003885871194281e-08
2.142187500000000000e+01,7.974867381946333502e-08
2.143750000000000000e+01,8.751986962441706505e-08
2.145312500000000000e+01,9.459532913061888285e-08
2.146875000000000000e+01,9.518429371112827570e-08
2.148437500000000000e+01,8.894871095741545346e-08
2.150000000000000000e+01,8.273419593637987264e-08
2.151562500000000000e+01,8.515677087282499357e-08
2.153125000000000000e+01,9.291572919233766985e-08
2.154687500000000000e+01,9.856964195689782874e-08
2.156250000000000000e+01,1.014352237649247593e-07
2.157812500000000000e+01,1.020466745648255996e-07
2.159375000000000000e+01,9.961770857298689722e-08
2.160937500000000000e+01,9.460615490707274330e-08
2.162500000000000000e+01,9.091706304674169638e-08
2.164062500000000000e+01,9.541905187217851197e-08
2.165625000000000000e+01,1.066680032357608446e-07
2.167187500000000000e+01,1.138787496617648846e-07
2.168750000000000000e+01,1.114840136121780825e-07
2.170312500000000000e+01,1.055225871302576882e-07
2.171875000000000000e+01,1.049578983887205122e-07
2.173437500000000000e+01,1.091809901749026357e-07
2.175000000000000000e+01,1.123728247122223134e-07
2.176562500000000000e+01,1.119361569763565619e-07
2.178125000000000000e+01,1.089677355466094373e-07
2.179687500000000000e+01,1.051161424653473003e-07
2.181250000000000000e+01,9.989749224300261784e-08
2.182812500000000000e+01,9.196958670760097715e-08
2.184375000000000000e+01,8.246519718684885488e-08
2.185937500000000000e+01,7.530297028168372465e-08
2.187500000000000000e+01,7.122534958996592508e-08
2.189062500000000000e+01,6.671456074068383562e-08
2.190625000000000000e+01,6.210368034555062655e-08
2.192187500000000000e+01,6.298964232026478055e-08
2.193750000000000000e+01,7.140670248827120581e-08
2.195312500000000000e+01,8.109476647458887848e-08
2.196875000000000000e+01,8.728199305260475758e-08
2.198437500000000000e+01,9.390222533122010917e-08
2.200000000000000000e+01,1.029731275839074189e-07
2.201562500000000000e+01,1.075046061243992777e-07
2.203125000000000000e+01,1.055831579145092332e-07
2.204687500000000000e+01,1.066055266998135616e-07
2.206250000000000000e+01,1.161783309716969030e-07
2.207812500000000000e+01,1.248210970413489301e-07
2.209375000000000000e+01,1.221940912417042675e-07
2.210937500000000000e+01,1.082091489442485007e-07
2.212500000000000000e+01,9.124703799525978057e-08
2.214062500000000000e+01,7.926774889850580726e-08
2.215625000000000000e+01,7.229444707795109772e-08
2.217187500000000000e+01,6.767771269487106826e-08
2.218750000000000000e+01,6.563793924720448672e-08
2.220312500000000000e+01,6.648010187395205748e-08
2.221875000000000000e+01,6.925394014188994331e-08
2.223437500000000000e+01,7.272814418257733708e-08
2.225000000000000000e+01,7.499488193516760817e-08
2.226562500000000000e+01,7.461107797437046112e-08
2.228125000000000000e+01,7.383487479216395811e-08
2.229687500000000000e+01,7.748022224668365607e-08
2.231250000000000000e+01,8.619678084504031238e-08
2.232812500000000000e+01,9.596343381258796151e-08
2.234375000000000000e+01,1.008582009152840032e-07
2.235937500000000000e+01,9.677804176085802338e-08
2.237500000000000000e+01,8.696158524592633969e-08
2.239062500000000000e+01,8.232671056105822638e-08
2.240625000000000000e+01,8.857660112941965445e-08
2.242187500000000000e+01,9.667685044744369646e-08
2.243750000000000000e+01,9.802892812019057458e-08
2.245312500000000000e+01,9.234653492233272375e-08
2.246875000000000000e+01,8.444295001077529251e-08
2.248437500000000000e+01,8.035774389092414792e-08
2.250000000000000000e+01,7.989116923252666555e-08
2.251562500000000000e+01,7.713889681593912878e-08
2.253125000000000000e+01,7.272382942761366298e-08
2.254687500000000000e+01,7.163212209067414410e-08
2.256250000000000000e+01,7.194224799624842117e-08
2.257812500000000000e+01,7.250791471238927375e-08
2.259375000000000000e+01,7.709631215439868547e-08
2.260937500000000000e+01,8.343113846872252814e-08
2.262500000000000000e+01,8.616446314019345726e-08
2.264062500000000000e+01,8.615497130297841136e-08
2.265625000000000000e+01,8.756677028247583175e-08
2.267187500000000000e+01,9.163078698057694227e-08
2.268750000000000000e+01,9.577868527665057811e-08
2.270312500000000000e+01,9.596807439231647152e-08
2.271875000000000000e+01,9.248777983686745978e-08
2.273437500000000000e+01,9.085649897642545842e-08
2.275000000000000000e+01,9.433477669906033999e-08
2.276562500000000000e+01,9.963823080300579835e-08
2.278125000000000000e+01,1.011504667675836379e-07
2.279687500000000000e+01,9.896924353432259645e-08
2.281250000000000000e+01,9.968875222000713387e-08
2.282812500000000000e+01,1.054735531093655475e-07
2.284375000000000000e+01,1.094733960970915858e-07
2.285937500000000000e+01,1.067446465357570016e-07
2.287500000000000000e+01,9.990684190006846087e-08
2.289062500000000000e+01,9.283961031077033101e-08
2.290625000000000000e+01,8.783797747396377544e-08
2.292187500000000000e+01,8.753280192881879561e-08
2.293750000000000000e+01,9.024275640707884419e-08
2.295312500000000000e+01,9.042157257055104013e-08
2.296875000000000000e+01,8.563667134484838012e-08
2.298437500000000000e+01,7.958405287171270454e-08
2.300000000000000000e+01,7.777666449463279838e-08
2.301562500000000000e+01,7.995574535352303715e-08
2.303125000000000000e+01,8.279049693903675424e-08
2.304687500000000000e+01,8.343417634952595635e-08
2.306250000000000000e+01,7.985034345990769951e-08
2.307812500000000000e+01,7.440248173043700050e-08
2.309375000000000000e+01,7.234337071296967458e-08
2.310937500000000000e+01,7.381636006849824384e-08
2.312500000000000000e+01,7.403821888121911857e-08
2.314062500000000000e+01,7.163389001720741089e-08
2.315625000000000000e+01,6.959632470416672637e-08
2.317187500000000000e+01,6.993655302843618574e-08
2.318750000000000000e+01,7.359576781951435017e-08
2.320312500000000000e+01,8.023772825393123919e-08
2.321875000000000000e+01,8.647385860430419317e-08
2.323437500000000000e+01,9.032770316956115431e-08
2.325000000000000000e+01,9.183943239994631090e-08
2.326562500000000000e+01,8.959412894881916528e-08
2.328125000000000000e+01,8.297322532604673157e-08
2.329687500000000000e+01,7.770777249025076197e-08
2.331250000000000000e+01,7.824868190627380522e-08
2.332812500000000000e+01,7.959891430048556271e-08
2.334375000000000000e+01,8.083924220862151946e-08
2.335937500000000000e+01,8.514714197974625141e-08
2.337500000000000000e+01,8.854869292343264773e-08
2.339062500000000000e+01,8.695239932440254265e-08
2.340625000000000000e+01,8.322351025369994731e-08
2.342187500000000000e+01,8.203738602433445516e-08
2.343750000000000000e+01,8.472126244582981512e-08
2.345312500000000000e+01,8.826043948852747177e-08
2.346875000000000000e+01,8.844473724121249175e-08
2.348437500000000000e+01,8.526365868262953513e-08
2.350000000000000000e+01,8.308812316776132600e-08
2.351562500000000000e+01,8.428814804632326670e-08
2.353125000000000000e+01,8.646705790544211345e-08
2.354687500000000000e+01,8.753404572098495459e-08
2.356250000000000000e+01,8.864483069100642384e-08
2.357812500000000000e+01,9.072714546394571250e-08
2.359375000000000000e+01,9.167534577063609383e-08
2.360937500000000000e+01,9.159816883657396772e-08
2.362500000000000000e+01,9.338564512651555009e-08
2.364062500000000000e+01,9.665793861432025794e-08
2.365625000000000000e+01,9.955373216811232299e-08
2.367187500000000000e+01,1.004097669161389594e-07
2.368750000000000000e+01,9.658418348319521416e-08
2.370312500000000000e+01,8.995756341877228866e-08
2.371875000000000000e+01,8.693349909725616274e-08
2.373437500000000000e+01,8.695930831891543223e-08
2.375000000000000000e+01,8.467710858232999542e-08
2.376562500000000000e+01,8.126108813362017911e-08
2.378125000000000000e+01,8.214904732759158222e-08
2.379687500000000000e+01,8.679640157710005475e-08
2.381250000000000000e+01,9.030471861463321541e-08
2.382812500000000000e+01,9.136434528854458344e-08
2.384375000000000000e+01,9.007079193229295030e-08
2.385937500000000000e+01,8.850285776385894987e-08
2.387500000000000000e+01,9.218865627660060942e-08
2.389062500000000000e+01,1.002327777256294288e-07
2.390625000000000000e+01,1.047355737550527182e-07
2.392187500000000000e+01,1.008242457977585447e-07
2.393750000000000000e+01,9.072110095628603709e-08
2.395312500000000000e+01,8.049891699578507313e-08
2.396875000000000000e+01,7.337925992394787792e-08
2.398437500000000000e+01,6.883642542048295906e-08
2.400000000000000000e+01,6.808654368520530692e-08
2.401562500000000000e+01,7.333480250483933693e-08
2.403125000000000000e+01,8.070166224608334214e-08
2.404687500000000000e+01,8.528469019132982654e-08
2.406250000000000000e+01,8.702231216497147547e-08
2.407812500000000000e+01,8.658009593635279543e-08
2.409375000000000000e+01,8.444667478071050278e-08
2.410937500000000000e+01,8.298205870166505373e-08
2.412500000000000000e+01,8.446905488717256564e-08
2.414062500000000000e+01,8.921260642394628296e-08
2.415625000000000000e+01,9.499744873197464938e-08
2.417187500000000000e+01,9.864997506506949641e-08
2.418750000000000000e+01,9.738508204039854938e-08
2.420312500000000000e+01,9.132651043664004852e-08
2.421875000000000000e+01,8.513604501415781816e-08
2.423437500000000000e+01,8.119687107184376393e-08
2.425000000000000000e+01,7.732924906540601187e-08
2.426562500000000000e+01,7.378262103223387317e-08
2.428125000000000000e+01,7.207076828155522351e-08
2.429687500000000000e+01,7.096018103871827597e-08
2.431250000000000000e+01,6.948136038412435363e-08
2.432812500000000000e+01,6.919443319143640743e-08
2.434375000000000000e+01,7.018743398470082917e-08
2.435937500000000000e+01,6.975718554163481111e-08
2.437500000000000000e+01,6.782851886743143619e-08
2.439062500000000000e+01,6.771465855106001942e-08
2.440625000000000000e+01,7.225265166946881820e-08
2.442187500000000000e+01,8.093044007771750171e-08
2.443750000000000000e+01,8.919086613140834538e-08
2.445312500000000000e+01,9.089126038742167987e-08
2.446875000000000000e+01,8.407231135730950970e-08
2.448437500000000000e+01,7.371357723149347748e-08
2.450000000000000000e+01,6.805414721022169158e-08
2.451562500000000000e+01,7.089247420338176522e-08
2.453125000000000000e+01,7.754926018284101368e-08
2.454687500000000000e+01,8.155844769970144099e-08
2.456250000000000000e+01,8.010415932596974560e-08
2.457812500000000000e+01,7.575411600698545607e-08
2.459375000000000000e+01,7.380060300224563264e-08
2.460937500000000000e+01,7.540121557609595986e-08
2.462500000000000000e+01,7.817122317490484634e-08
2.464062500000000000e+01,7.809617062780003634e-08
2.465625000000000000e+01,7.248009003436631713e-08
2.467187500000000000e+01,6.498563793495809439e-08
2.468750000000000000e+01,6.083105908748068880e-08
2.470312500000000000e+01,5.915572123671680130e-08
2.471875000000000000e+01,5.802925455421626922e-08
2.473437500000000000e+01,5.909749653221217743e-08
2.475000000000000000e+01,6.294444839592939956e-08
2.476562500000000000e+01,6.607780977283376087e-08
2.478125000000000000e+01,6.496518811901852519e-08
2.479687500000000000e+01,6.035663803995618475e-08
2.481250000000000000e+01,5.661991426354548626e-08
2.482812500000000000e+01,5.632772575057031552e-08
2.484375000000000000e+01,5.843985006949165934e-08
2.485937500000000000e+01,6.126813481058936741e-08
2.487500000000000000e+01,6.373218989357461702e-08
2.489062500000000000e+01,6.670891023848488884e-08
2.490625000000000000e+01,7.177922229029360473e-08
2.492187500000000000e+01,7.766513762526552885e-08
2.493750000000000000e+01,8.214488576556059860e-08
2.495312500000000000e+01,8.568139163813355282e-08
2.496875000000000000e+01,8.857644380343721110e-08
2.498437500000000000e+01,8.909351020108129344e-08
2.500000000000000000e+01,8.664340973804423030e-08
2.501562500000000000e+01,8.127510201980587125e-08
2.503125000000000000e+01,7.182414334226429327e-08
2.504687500000000000e+01,5.967148065713400988e-08
2.506250000000000000e+01,5.110679371155588957e-08
2.507812500000000000e+01,5.047218445927117297e-08
2.509375000000000000e+01,5.388429455982985215e-08
2.510937500000000000e+01,5.516926127896280001e-08
2.512500000000000000e+01,5.230025997814834524e-08
2.514062500000000000e+01,4.990706858824057229e-08
2.515625000000000000e+01,5.290049766070847626e-08
2.517187500000000000e+01,5.742036658697605620e-08
2.518750000000000000e+01,5.918362162864615226e-08
2.520312500000000000e+01,5.989577212327179110e-08
2.521875000000000000e+01,6.257728673540101628e-08
2.523437500000000000e+01,6.634310736920092751e-08
2.525000000000000000e+01,6.752634526736736536e-08
2.526562500000000000e+01,6.494726167509904936e-08
2.528125000000000000e+01,6.137727142573647881e-08
2.529687500000000000e+01,5.883661540683199490e-08
2.531250000000000000e+01,5.727534818225344562e-08
2.532812500000000000e+01,5.799030685466099848e-08
2.534375000000000000e+01,6.178918190243859629e-08
2.535937500000000000e+01,6.722221257822413582e-08
2.537500000000000000e+01,7.483366126650015780e-08
2.539062500000000000e+01,8.548286159071939825e-08
2.540625000000000000e+01,9.340280518362735947e-08
2.542187500000000000e+01,9.160450057759701252e-08
2.543750000000000000e+01,8.085325591535980095e-08
2.545312500000000000e+01,6.823687726419580459e-08
2.546875000000000000e+01,5.814689347022413362e-08
2.548437500000000000e+01,5.045482681935903913e-08
2.550000000000000000e+01,4.673176185063951205e-08
2.551562500000000000e+01,4.769144748680856901e-08
2.553125000000000000e+01,5.084845434468114414e-08
2.554687500000000000e+01,5.346275437614776544e-08
2.556250000000000000e+01,5.311991886644658063e-08
2.557812500000000000e+01,5.059284569454708040e-08
2.559375000000000000e+01,4.946845057426015570e-08
2.560937500000000000e+01,5.091159483006564895e-08
2.562500000000000000e+01,5.376131759801568249e-08
2.564062500000000000e+01,5.776936932829416244e-08
2.565625000000000000e+01,6.306156559927468137e-08
2.567187500000000000e+01,6.898290058167059856e-08
2.568750000000000000e+01,7.521028120422509310e-08
2.570312500000000000e+01,8.062385460341644567e-08
2.571875000000000000e+01,8.218095080266184474e-08
2.573437500000000000e+01,8.010280192107467014e-08
2.575000000000000000e+01,7.975219303258017969e-08
2.576562500000000000e+01,8.310429366067343506e-08
2.578125000000000000e+01,8.468621748605695387e-08
2.579687500000000000e+01,8.028998655752038316e-08
2.581250000000000000e+01,7.204544536461508014e-08
2.582812500000000000e+01,6.440035002206436788e-08
2.584375000000000000e+01,5.878160218192094081e-08
2.585937500000000000e+01,5.486830001295740880e-08
2.587500000000000000e+01,5.345342250601641509e-08
2.589062500000000000e+01,5.336505664038020126e-08
2.590625000000000000e+01,5.212574065131348729e-08
2.592187500000000000e+01,5.014761101049996454e-08
2.593750000000000000e+01,4.931201592619075029e-08
2.595312500000000000e+01,4.934868045065018606e-08
2.596875000000000000e+01,4.998916957911045323e-08
2.598437500000000000e+01,5.288538015182436470e-08
2.600000000000000000e+01,5.754113622868958755e-08
2.601562500000000000e+01,6.231096880670455485e-08
2.603125000000000000e+01,6.698343425245589125e-08
2.604687500000000000e+01,7.073660660450062061e-08
2.606250000000000000e+01,7.197533531968343465e-08
2.607812500000000000e+01,7.002397780749993587e-08
2.609375000000000000e+01,6.580002645017986174e-08
2.610937500000000000e+01,6.183233799314218562e-08
2.612500000000000000e+01,5.995299339835617585e-08
2.614062500000000000e+01,5.833439977953848631e-08
2.615625000000000000e+01,5.416258129644659807e-08
2.617187500000000000e+01,4.820737277626413425e-08
2.618750000000000000e+01,4.512401761380835088e-08
2.620312500000000000e+01,4.712499772274157836e-08
2.621875000000000000e+01,5.067775676997396660e-08
2.623437500000000000e+01,5.361228937343404925e-08
2.625000000000000000e+01,5.762670124155275749e-08
2.626562500000000000e+01,6.357211112610764235e-08
2.628125000000000000e+01,6.950724655583655329e-08
2.629687500000000000e+01,7.364064058524078710e-08
2.631250000000000000e+01,7.673575896105018814e-08
2.632812500000000000e+01,7.968121061422834190e-08
2.634375000000000000e+01,7.913094552814989243e-08
2.635937500000000000e+01,7.255125414654118041e-08
2.637500000000000000e+01,6.399143790158602886e-08
2.639062500000000000e+01,5.739511976959797639e-08
2.640625000000000000e+01,5.143380785135862263e-08
2.642187500000000000e+01,4.657419693314019938e-08
2.643750000000000000e+01,4.540180571572454904e-08
2.645312500000000000e+01,4.636926216512587747e-08
2.646875000000000000e+01,4.790789151937448047e-08
2.648437500000000000e+01,5.192744891211185467e-08
2.650000000000000000e+01,5.786873220186932651e-08
2.651562500000000000e+01,6.214155634269127187e-08
2.653125000000000000e+01,6.449641236431776076e-08
2.654687500000000000e+01,6.765151938480282426e-08
2.656250000000000000e+01,7.126047871916293879e-08
2.657812500000000000e+01,7.175325327315795971e-08
2.659375000000000000e+01,6.694293125520750038e-08
2.660937500000000000e+01,5.881476989811715033e-08
2.662500000000000000e+01,5.447670743860015307e-08
2.664062500000000000e+01,5.784285808546243967e-08
2.665625000000000000e+01,6.285071275055548325e-08
2.667187500000000000e+01,6.450620697175856350e-08
2.668750000000000000e+01,6.482146505842694425e-08
2.670312500000000000e+01,6.754727711613413462e-08
2.671875000000000000e+01,7.060518219088537403e-08
2.673437500000000000e+01,7.103391107411744166e-08
2.675000000000000000e+01,7.072484629721060337e-08
2.676562500000000000e+01,7.066493662834743405e-08
2.678125000000000000e+01,6.918125238591454050e-08
2.679687500000000000e+01,6.782725542162576476e-08
2.681250000000000000e+01,6.981578821504868837e-08
2.682812500000000000e+01,7.301276413248929134e-08
2.684375000000000000e+01,7.326051467380451267e-08
2.685937500000000000e+01,7.160503211479846325e-08
2.687500000000000000e+01,7.238489177030383012e-08
2.689062500000000000e+01,7.579961048351301360e-08
2.690625000000000000e+01,7.751107401983842695e-08
2.692187500000000000e+01,7.570300064172951144e-08
2.693750000000000000e+01,7.197538012288000569e-08
2.695312500000000000e+01,6.663880523386219625e-08
2.696875000000000000e+01,6.042873320944028045e-08
2.698437500000000000e+01,5.795485569246410716e-08
2.700000000000000000e+01,5.973804776702192428e-08
2.701562500000000000e+01,6.105931339047959617e-08
2.703125000000000000e+01,6.220709590213995420e-08
2.704687500000000000e+01,6.571116779341505582e-08
2.706250000000000000e+01,6.932622034392717888e-08
2.707812500000000000e+01,6.924707642129201525e-08
2.709375000000000000e+01,6.589988495906927114e-08
2.710937500000000000e+01,6.277823833000975156e-08
2.712500000000000000e+01,6.079993315735926330e-08
2.714062500000000000e+01,5.871251143813929707e-08
2.715625000000000000e+01,5.611014779558826361e-08
2.717187500000000000e+01,5.271213623107703948e-08
2.718750000000000000e+01,4.760047181706781075e-08
2.720312500000000000e+01,4.064878658762773090e-08
2.721875000000000000e+01,3.618418420965181878e-08
2.723437500000000000e+01,3.941122389547624674e-08
2.725000000000000000e+01,4.603064638031763122e-08
2.726562500000000000e+01,5.039062074812886957e-08
2.728125000000000000e+01,5.230268789636495811e-08
2.729687500000000000e+01,5.420885113112258095e-08
2.731250000000000000e+01,5.735173076687112185e-08
2.732812500000000000e+01,5.965269663904655534e-08
2.734375000000000000e+01,5.831110911961364201e-08
2.735937500000000000e+01,5.386589933241674173e-08
2.737500000000000000e+01,4.991831327929777328e-08
2.739062500000000000e+01,4.990343915835189419e-08
2.740625000000000000e+01,5.389782586857270170e-08
2.742187500000000000e+01,5.844107613268864895e-08
2.743750000000000000e+01,6.134768334135668916e-08
2.745312500000000000e+01,6.491630777885661430e-08
2.746875000000000000e+01,7.085314910676187605e-08
2.748437500000000000e+01,7.528199910890279614e-08
2.750000000000000000e+01,7.442720385326728564e-08
2.751562500000000000e+01,6.983521572770918130e-08
2.753125000000000000e+01,6.507134139942043139e-08
2.754687500000000000e+01,6.170844024750875165e-08
2.756250000000000000e+01,6.029717308585678760e-08
2.757812500000000000e+01,5.943271422609561448e-08
2.759375000000000000e+01,5.693225115641293906e-08
2.760937500000000000e+01,5.412394449500380194e-08
2.762500000000000000e+01,5.492434804865142291e-08
2.764062500000000000e+01,5.881133943467280599e-08
2.765625000000000000e+01,6.058940902351048682e-08
2.767187500000000000e+01,5.845306002972011631e-08
2.768750000000000000e+01,5.570975006705753407e-08
2.770312500000000000e+01,5.506868410397444588e-08
2.771875000000000000e+01,5.513571373998315257e-08
2.773437500000000000e+01,5.419785182437700180e-08
2.775000000000000000e+01,5.287019411671203312e-08
2.776562500000000000e+01,5.263969011799709665e-08
2.778125000000000000e+01,5.372830956974055116e-08
2.779687500000000000e+01,5.457712637844478517e-08
2.781250000000000000e+01,5.405780365636829265e-08
2.782812500000000000e+01,5.267593092525530059e-08
2.784375000000000000e+01,5.102839562226260577e-08
2.785937500000000000e+01,4.932582847380734678e-08
2.787500000000000000e+01,4.811389632104292713e-08
2.789062500000000000e+01,4.760354852764106468e-08
2.790625000000000000e+01,4.707265579522267480e-08
2.792187500000000000e+01,4.632482600450747626e-08
2.793750000000000000e+01,4.616771806599222739e-08
2.795312500000000000e+01,4.664536234251339737e-08
2.796875000000000000e+01,4.669499242413113467e-08
2.798437500000000000e+01,4.684869940205647519e-08
2.800000000000000000e+01,4.881869879945241160e-08
2.801562500000000000e+01,5.131685686406173332e-08
2.803125000000000000e+01,5.080805561902444463e-08
2.804687500000000000e+01,4.592474747974216800e-08
2.806250000000000000e+01,3.961793583555410921e-08
2.807812500000000000e+01,3.708271969420305234e-08
2.809375000000000000e+01,3.869403972914160277e-08
2.810937500000000000e+01,4.007187104221363228e-08
2.812500000000000000e+01,3.931709570790518613e-08
2.814062500000000000e+01,3.788657650175620308e-08
2.815625000000000000e+01,3.741313618243788289e-08
2.817187500000000000e+01,3.783488738739452995e-08
2.818750000000000000e+01,3.863559013877868971e-08
2.820312500000000000e+01,3.929315648372046197e-08
2.821875000000000000e+01,3.886143074107345117e-08
2.823437500000000000e+01,3.682411321042083699e-08
2.825000000000000000e+01,3.428745214504375771e-08
2.826562500000000000e+01,3.255578050713124483e-08
2.828125000000000000e+01,3.053777306140959319e-08
2.829687500000000000e+01,2.773208967840719482e-08
2.831250000000000000e+01,2.679045874874928653e-08
2.832812500000000000e+01,2.868539687013537941e-08
2.834375000000000000e+01,3.042806196434404830e-08
2.835937500000000000e+01,2.987145535214558276e-08
2.837500000000000000e+01,2.871978152059445128e-08
2.839062500000000000e+01,3.125152306461795086e-08
2.840625000000000000e+01,3.740621928554128292e-08
2.842187500000000000e+01,4.300822291822051609e-08
2.843750000000000000e+01,4.585731829303043308e-08
2.845312500000000000e+01,4.607792959590433907e-08
2.846875000000000000e+01,4.438999728690807008e-08
2.848437500000000000e+01,4.160180928601628475e-08
2.850000000000000000e+01,3.792872054491817069e-08
2.851562500000000000e+01,3.380527575523054592e-08
2.853125000000000000e+01,3.198767408248343671e-08
2.854687500000000000e+01,3.448822279782121527e-08
2.856250000000000000e+01,3.851585186890646245e-08
2.857812500000000000e+01,4.031989414943432582e-08
2.859375000000000000e+01,3.924378017320281236e-08
2.860937500000000000e+01,3.727019644146293638e-08
2.862500000000000000e+01,3.591134779387063611e-08
2.864062500000000000e+01,3.559271153186920321e-08
2.865625000000000000e+01,3.770012734740780802e-08
2.867187500000000000e+01,4.321872141748514755e-08
2.868750000000000000e+01,5.014766443786865834e-08
2.870312500000000000e+01,5.536119822472396747e-08
2.871875000000000000e+01,5.715380707843716151e-08
2.873437500000000000e+01,5.616283111790421399e-08
2.875000000000000000e+01,5.495520971142014861e-08
2.876562500000000000e+01,5.612495852966228283e-08
2.878125000000000000e+01,6.009748872920252032e-08
2.879687500000000000e+01,6.438781761575424571e-08
2.881250000000000000e+01,6.572399935196766322e-08
2.882812500000000000e+01,6.324171097971323199e-08
2.884375000000000000e+01,5.899948999294591801e-08
2.885937500000000000e+01,5.677367475212401526e-08
2.887500000000000000e+01,5.894287435210153766e-08
2.889062500000000000e+01,6.232269332567344104e-08
2.890625000000000000e+01,6.223701591669176376e-08
2.892187500000000000e+01,5.822920309252200441e-08
2.893750000000000000e+01,5.288909046783100095e-08
2.895312500000000000e+01,4.935711736264142415e-08
2.896875000000000000e+01,5.012828296434185662e-08
2.898437500000000000e+01,5.335409830216229553e-08
2.900000000000000000e+01,5.507817447161965451e-08
2.901562500000000000e+01,5.546691499932355718e-08
2.903125000000000000e+01,5.655602326589212344e-08
2.904687500000000000e+01,5.738881539905148453e-08
2.906250000000000000e+01,5.562593466377079476e-08
2.907812500000000000e+01,5.089210237492252047e-08
2.909375000000000000e+01,4.483701509468812033e-08
2.910937500000000000e+01,3.943004539296273210e-08
2.912500000000000000e+01,3.694776772751666082e-08
2.914062500000000000e+01,3.855011525110183661e-08
2.915625000000000000e+01,4.218280479484104517e-08
2.917187500000000000e+01,4.521717479226718805e-08
2.918750000000000000e+01,4.682084599950992863e-08
2.920312500000000000e+01,4.805009686344219324e-08
2.921875000000000000e+01,4.962066794574106603e-08
2.923437500000000000e+01,5.094736492522061616e-08
2.925000000000000000e+01,5.189059400927697701e-08
2.926562500000000000e+01,5.212769812154088168e-08
2.928125000000000000e+01,5.088643750752528093e-08
2.929687500000000000e+01,4.878567818316026790e-08
2.931250000000000000e+01,4.704364427730564314e-08
2.932812500000000000e+01,4.492391468494552137e-08
2.934375000000000000e+01,4.129671361081958578e-08
2.935937500000000000e+01,3.788000511772498401e-08
2.937500000000000000e+01,3.694512067718659169e-08
2.939062500000000000e+01,3.816199729437134893e-08
2.940625000000000000e+01,3.995910525442433628e-08
2.942187500000000000e+01,4.119050842124937345e-08
2.943750000000000000e+01,4.153824546863882512e-08
2.945312500000000000e+01,4.097558645720432009e-08
2.946875000000000000e+01,3.971801634633948735e-08
2.948437500000000000e+01,3.839797427292156853e-08
2.950000000000000000e+01,3.756482062489380691e-08
2.951562500000000000e+01,3.687426592188508166e-08
2.953125000000000000e+01,3.667163855009144201e-08
2.954687500000000000e+01,4.022659054090867080e-08
2.956250000000000000e+01,4.827097588461567130e-08
2.957812500000000000e+01,5.624252977247826018e-08
2.959375000000000000e+01,6.063983528478698500e-08
2.960937500000000000e+01,6.061073963041264083e-08
2.962500000000000000e+01,5.680633576479509760e-08
2.964062500000000000e+01,5.280167981526445926e-08
2.965625000000000000e+01,5.237895006955685603e-08
2.967187500000000000e+01,5.399794530982084637e-08
2.968750000000000000e+01,5.547049472159795407e-08
2.970312500000000000e+01,5.728402876802843821e-08
2.971875000000000000e+01,5.834608628073012406e-08
2.973437500000000000e+01,5.679059094826420773e-08
2.975000000000000000e+01,5.342474979921472098e-08
2.976562500000000000e+01,4.957285737075792869e-08
2.978125000000000000e+01,4.502009684712835720e-08
2.979687500000000000e+01,4.043897163534850457e-08
2.981250000000000000e+01,3.834041443736876193e-08
2.982812500000000000e+01,3.953157792353653991e-08
2.984375000000000000e+01,4.181770774667940217e-08
2.985937500000000000e+01,4.356896391253094386e-08
2.987500000000000000e+01,4.498520000724333578e-08
2.989062500000000000e+01,4.613421771464183762e-08
2.990625000000000000e+01,4.642728349490415595e-08
2.992187500000000000e+01,4.631077134400889889e-08
2.993750000000000000e+01,4.732919783648871031e-08
2.995312500000000000e+01,5.048014476622746551e-08
2.996875000000000000e+01,5.390158088294868639e-08
2.998437500000000000e+01,5.470519546997763215e-08
3.000000000000000000e+01,5.323908399726019065e-08
3.001562500000000000e+01,5.123069865540073635e-08
3.003125000000000000e+01,4.878763275090035408e-08
3.004687500000000000e+01,4.557390192309945055e-08
3.006250000000000000e+01,4.148707751332641179e-08
3.007812500000000000e+01,3.766394330820620319e-08
3.009375000000000000e+01,3.710421787650491497e-08
3.010937500000000000e+01,4.058004398918797271e-08
3.012500000000000000e+01,4.479217008855819752e-08
3.014062500000000000e+01,4.672197770805664082e-08
3.015625000000000000e+01,4.598738312003021971e-08
3.017187500000000000e+01,4.411873018352723698e-08
3.018750000000000000e+01,4.256776421437826717e-08
3.020312500000000000e+01,4.162117313776986734e-08
3.021875000000000000e+01,4.125227393567351788e-08
3.023437500000000000e+01,4.119666403756536892e-08
3.025000000000000000e+01,3.961589057968032517e-08
3.026562500000000000e+01,3.574756345039906917e-08
3.028125000000000000e+01,3.299605946587534268e-08
3.029687500000000000e+01,3.434274562351865413e-08
3.031250000000000000e+01,3.739688769680372736e-08
3.032812500000000000e+01,4.005847017707885312e-08
3.034375000000000000e+01,4.218860036611460556e-08
3.035937500000000000e+01,4.358875334625052995e-08
3.037500000000000000e+01,4.417964619895165008e-08
3.039062500000000000e+01,4.408630440016417840e-08
3.040625000000000000e+01,4.397670850631850054e-08
3.042187500000000000e+01,4.413796678986358045e-08
3.043750000000000000e+01,4.418376083918448229e-08
3.045312500000000000e+01,4.527039929794265387e-08
3.046875000000000000e+01,4.767311070743134431e-08
3.048437500000000000e+01,4.836864384939341290e-08
3.050000000000000000e+01,4.630951598799785449e-08
3.051562500000000000e+01,4.370810934150452190e-08
3.053125000000000000e+01,4.156582986444432973e-08
3.054687500000000000e+01,4.030664881518970165e-08
3.056250000000000000e+01,4.148064217280364589e-08
3.057812500000000000e+01,4.360327292365782813e-08
3.059375000000000000e+01,4.276468908607299621e-08
3.060937500000000000e+01,3.871415182150900263e-08
3.062500000000000000e+01,3.482342235267540486e-08
3.064062500000000000e+01,3.303735195082423137e-08
3.065625000000000000e+01,3.311754090126532170e-08
3.067187500000000000e+01,3.354003688883629907e-08
3.068750000000000000e+01,3.279127482812179877e-08
3.070312500000000000e+01,3.219087104238146766e-08
3.071875000000000000e+01,3.360435669629151164e-08
3.073437500000000000e+01,3.620249159491507598e-08
3.075000000000000000e+01,3.833102731938066112e-08
3.076562500000000000e+01,3.971278267088226458e-08
3.078125000000000000e+01,4.100710954619884258e-08
3.079687500000000000e+01,4.181441823889101224e-08
3.081250000000000000e+01,4.157243339468365641e-08
3.082812500000000000e+01,4.202357498592450261e-08
3.084375000000000000e+01,4.507052694001338987e-08
3.085937500000000000e+01,4.957803993817411408e-08
3.087500000000000000e+01,5.369697730658441265e-08
3.089062500000000000e+01,5.611691150768531728e-08
3.090625000000000000e+01,5.498416308596606226e-08
3.092187500000000000e+01,5.070575346028980840e-08
3.093750000000000000e+01,4.736239056586921730e-08
3.095312500000000000e+01,4.675530615838840709e-08
3.096875000000000000e+01,4.548132593569912181e-08
3.098437500000000000e+01,4.154664562907737806e-08
3.100000000000000000e+01,3.684527816423813932e-08
3.101562500000000000e+01,3.309195650100016442e-08
3.103125000000000000e+01,3.006030595704567292e-08
3.104687500000000000e+01,2.767256837011410387e-08
3.106250000000000000e+01,2.670372141520693070e-08
3.107812500000000000e+01,2.808524153419864646e-08
3.109375000000000000e+01,3.131723089268236087e-08
3.110937500000000000e+01,3.502712538964893662e-08
3.112500000000000000e+01,3.888524286676942191e-08
3.114062500000000000e+01,4.255327221334419810e-08
3.115625000000000000e+01,4.428891779484775402e-08
3.117187500000000000e+01,4.276444510205574193e-08
3.118750000000000000e+01,3.912038452601835146e-08
3.120312500000000000e+01,3.581399324122786304e-08
3.121875000000000000e+01,3.422264579125142455e-08
3.123437500000000000e+01,3.462781468213117453e-08
3.125000000000000000e+01,3.666372427419476381e-08
3.126562500000000000e+01,3.984138934381349312e-08
3.128125000000000000e+01,4.420463326450068541e-08
3.129687500000000000e+01,4.859851342712039786e-08
3.131250000000000000e+01,5.077434873174667464e-08
3.132812500000000000e+01,5.059901414574331438e-08
3.134375000000000000e+01,5.066284327699031668e-08
3.135937500000000000e+01,5.140615251869493152e-08
3.137500000000000000e+01,5.020511362621421559e-08
3.139062500000000000e+01,4.676587560608451235e-08
3.140625000000000000e+01,4.331795698906462667e-08
3.142187500000000000e+01,4.040209014206968201e-08
3.143750000000000000e+01,3.751541586265780540e-08
3.145312500000000000e+01,3.501423042068413335e-08
3.146875000000000000e+01,3.310270753749929977e-08
3.148437500000000000e+01,3.212528454572223416e-08
3.150000000000000000e+01,3.185813041946680402e-08
3.151562500000000000e+01,3.123752785989733588e-08
3.153125000000000000e+01,3.019534655641259248e-08
3.154687500000000000e+01,2.966997199356678278e-08
3.156250000000000000e+01,2.942082160419993536e-08
3.157812500000000000e+01,2.855284000153214654e-08
3.159375000000000000e+01,2.778455653173868805e-08
3.160937500000000000e+01,2.784875156715200307e-08
3.162500000000000000e+01,2.802244757905245315e-08
3.164062500000000000e+01,2.808438145959137283e-08
3.165625000000000000e+01,2.843669224799905718e-08
3.167187500000000000e+01,2.816049849722822410e-08
3.168750000000000000e+01,2.602401844562364088e-08
3.170312500000000000e+01,2.288323527233152094e-08
3.171875000000000000e+01,2.123943611632085335e-08
3.173437500000000000e+01,2.182500835243208676e-08
3.175000000000000000e+01,2.312938846561953613e-08
3.176562500000000000e+01,2.432246842020233279e-08
3.178125000000000000e+01,2.511904409976348984e-08
3.179687500000000000e+01,2.478651913863962086e-08
3.181250000000000000e+01,2.322278307996955105e-08
3.182812500000000000e+01,2.232564906573674620e-08
3.184375000000000000e+01,2.417563195216333392e-08
3.185937500000000000e+01,2.733105419568071671e-08
3.187500000000000000e+01,2.916915539222806697e-08
3.189062500000000000e+01,2.949189112287524012e-08
3.190625000000000000e+01,2.952277009589905051e-08
3.192187500000000000e+01,2.930025186411319616e-08
3.193750000000000000e+01,2.896705649297910311e-08
3.195312500000000000e+01,2.976957688880062336e-08
3.196875000000000000e+01,3.105513888068975522e-08
3.198437500000000000e+01,3.122365594575244829e-08
3.200000000000000000e+01,2.991224466883830012e-08
3.201562500000000000e+01,2.743791498591985399e-08
3.203125000000000000e+01,2.579207478220673717e-08
3.204687500000000000e+01,2.743989308884025510e-08
3.206250000000000000e+01,3.053873190870035708e-08
3.207812500000000000e+01,3.164584232480656288e-08
3.209375000000000000e+01,3.058639012200556557e-08
3.210937500000000000e+01,2.997794151750453643e-08
3.212500000000000000e+01,3.102278893371940205e-08
3.214062500000000000e+01,3.169840411123180424e-08
3.215625000000000000e+01,3.033965527900688728e-08
3.217187500000000000e+01,2.944048472516612466e-08
3.218750000000000000e+01,3.296413373262677062e-08
3.220312500000000000e+01,3.825871299669266374e-08
3.221875000000000000e+01,4.063943005735724852e-08
3.223437500000000000e+01,3.975320636494477217e-08
3.225000000000000000e+01,3.819431609647354468e-08
3.226562500000000000e+01,3.774393930129472215e-08
3.228125000000000000e+01,3.779942866116969610e-08
3.229687500000000000e+01,3.785677094084600746e-08
3.231250000000000000e+01,3.878270613423130583e-08
3.232812500000000000e+01,4.000893629798131105e-08
3.234375000000000000e+01,3.985374045947433636e-08
3.235937500000000000e+01,3.948046528380214056e-08
3.237500000000000000e+01,4.140024036482644468e-08
3.239062500000000000e+01,4.379243705836019584e-08
3.240625000000000000e+01,4.295852040082790229e-08
3.242187500000000000e+01,3.890634558843533552e-08
3.243750000000000000e+01,3.432952274274152943e-08
3.245312500000000000e+01,3.101407947274161239e-08
3.246875000000000000e+01,2.947624880097204502e-08
3.248437500000000000e+01,2.845304377344077651e-08
3.250000000000000000e+01,2.642910883342279469e-08
3.251562500000000000e+01,2.525858066854073485e-08
3.253125000000000000e+01,2.754765676906022507e-08
3.254687500000000000e+01,3.200072603665945542e-08
3.256250000000000000e+01,3.611752284430642038e-08
3.257812500000000000e+01,3.898125913376112358e-08
3.259375000000000000e+01,4.066859834902949737e-08
3.260937500000000000e+01,4.142188141227621776e-08
3.262500000000000000e+01,4.191332768397429520e-08
3.264062500000000000e+01,4.181726391909262514e-08
3.265625000000000000e+01,3.948341463548121760e-08
3.267187500000000000e+01,3.536867465156425176e-08
3.268750000000000000e+01,3.222755493231033765e-08
3.270312500000000000e+01,3.102833609895714486e-08
3.271875000000000000e+01,3.070239202968966132e-08
3.273437500000000000e+01,3.052543481147643948e-08
3.275000000000000000e+01,2.933009952691927505e-08
3.276562500000000000e+01,2.634110417354423372e-08
3.278125000000000000e+01,2.352114846925894957e-08
3.279687500000000000e+01,2.381787100561842960e-08
3.281250000000000000e+01,2.617773934184325140e-08
3.282812500000000000e+01,2.727564669318408509e-08
3.284375000000000000e+01,2.584830701879537275e-08
3.285937500000000000e+01,2.271286120185901403e-08
3.287500000000000000e+01,1.948111008505490558e-08
3.289062500000000000e+01,1.842385439435275522e-08
3.290625000000000000e+01,2.087422303176874538e-08
3.292187500000000000e+01,2.558033637061823308e-08
3.293750000000000000e+01,3.077123961376702667e-08
3.295312500000000000e+01,3.438155232150825531e-08
3.296875000000000000e+01,3.514047384134469508e-08
3.298437500000000000e+01,3.385952515831063411e-08
3.300000000000000000e+01,3.210269653059387437e-08
3.301562500000000000e+01,3.124976790387656775e-08
3.303125000000000000e+01,3.169733326372075623e-08
3.304687500000000000e+01,3.207508771381059842e-08
3.306250000000000000e+01,3.154585719533954947e-08
3.307812500000000000e+01,3.212005159955212041e-08
3.309375000000000000e+01,3.550705362322551648e-08
3.310937500000000000e+01,3.996347403588910771e-08
3.312500000000000000e+01,4.389776084643154394e-08
3.314062500000000000e+01,4.686679439655265468e-08
3.315625000000000000e+01,4.805950597298442967e-08
3.317187500000000000e+01,4.729748835007329740e-08
3.318750000000000000e+01,4.554437122664648516e-08
3.320312500000000000e+01,4.296387291958006751e-08
3.321875000000000000e+01,3.920964399898523870e-08
3.323437500000000000e+01,3.645665094320569782e-08
3.325000000000000000e+01,3.812802787349973679e-08
3.326562500000000000e+01,4.391863735528747787e-08
3.328125000000000000e+01,5.017683845502917098e-08
3.329687500000000000e+01,5.329130879307108161e-08
3.331250000000000000e+01,5.233269249445530818e-08
3.332812500000000000e+01,4.954773481958733536e-08
3.334375000000000000e+01,4.789384730815030774e-08
3.335937500000000000e+01,4.754134123024502356e-08
3.337500000000000000e+01,4.650026942830757242e-08
3.339062500000000000e+01,4.476501648551689908e-08
3.340625000000000000e+01,4.346828493255860549e-08
3.342187500000000000e+01,4.207581638647577573e-08
3.343750000000000000e+01,4.014213645164262622e-08
3.345312500000000000e+01,3.825711004916676035e-08
3.346875000000000000e+01,3.650736353871405014e-08
3.348437500000000000e+01,3.480384499097857507e-08
3.350000000000000000e+01,3.399117264778680156e-08
3.351562500000000000e+01,3.428433910845874072e-08
3.353125000000000000e+01,3.408241427120455754e-08
3.354687500000000000e+01,3.267989686598855075e-08
3.356250000000000000e+01,3.213668686437773787e-08
3.357812500000000000e+01,3.403911771416131627e-08
3.359375000000000000e+01,3.648874646694132014e-08
3.360937500000000000e+01,3.750986965570033191e-08
3.362500000000000000e+01,3.748283051412649068e-08
3.364062500000000000e+01,3.712747347482202762e-08
3.365625000000000000e+01,3.593831548681268326e-08
3.367187500000000000e+01,3.352332295162897475e-08
3.368750000000000000e+01,3.063307275649907827e-08
3.370312500000000000e+01,2.838963727324289752e-08
3.371875000000000000e+01,2.717876732839858776e-08
3.373437500000000000e+01,2.647424307960106676e-08
3.375000000000000000e+01,2.622650875108318501e-08
3.376562500000000000e+01,2.768272748565680857e-08
3.378125000000000000e+01,3.147929120032429486e-08
3.379687500000000000e+01,3.579038248509099858e-08
3.381250000000000000e+01,3.801344413007837349e-08
3.382812500000000000e+01,3.716342111848755970e-08
3.384375000000000000e+01,3.445112192893057515e-08
3.385937500000000000e+01,3.139405268284277690e-08
3.387500000000000000e+01,2.856712463358879406e-08
3.389062500000000000e+01,2.694157602712158914e-08
3.390625000000000000e+01,2.702970783719640699e-08
3.392187500000000000e+01,2.799900606178415817e-08
3.393750000000000000e+01,2.980223813766628386e-08
3.395312500000000000e+01,3.247433457157620896e-08
3.396875000000000000e+01,3.437177539065325236e-08
3.398437500000000000e+01,3.352744069967252208e-08
3.400000000000000000e+01,2.981756367866978896e-08
3.401562500000000000e+01,2.543372588424095693e-08
3.403125000000000000e+01,2.272697935884361771e-08
3.404687500000000000e+01,2.219684177838410237e-08
3.406250000000000000e+01,2.351607016981920642e-08
3.407812500000000000e+01,2.587371649350799661e-08
3.409375000000000000e+01,2.855429714465927864e-08
3.410937500000000000e+01,3.172586765578072590e-08
3.412500000000000000e+01,3.447884336935216449e-08
3.414062500000000000e+01,3.486298673381424343e-08
3.415625000000000000e+01,3.347904991617951968e-08
3.417187500000000000e+01,3.369339062722736268e-08
3.418750000000000000e+01,3.649623188767139989e-08
3.420312500000000000e+01,3.923514455101631963e-08
3.421875000000000000e+01,3.987932794188875668e-08
3.423437500000000000e+01,3.905696384016609256e-08
3.425000000000000000e+01,3.816018684920286565e-08
3.426562500000000000e+01,3.640337063766926327e-08
3.428125000000000000e+01,3.312227212599059663e-08
3.429687500000000000e+01,3.080044556570220092e-08
3.431250000000000000e+01,3.097807371581687769e-08
3.432812500000000000e+01,3.154716463565449605e-08
3.434375000000000000e+01,3.100425057103110398e-08
3.435937500000000000e+01,2.988636911303476232e-08
3.437500000000000000e+01,2.937752424759066918e-08
3.439062500000000000e+01,2.949553655307315652e-08
3.440625000000000000e+01,2.860552800617207095e-08
3.442187500000000000e+01,2.604546318446521528e-08
3.443750000000000000e+01,2.359848412904307007e-08
3.445312500000000000e+01,2.269384846159404479e-08
3.446875000000000000e+01,2.323016392488355939e-08
3.448437500000000000e+01,2.575079663898285980e-08
3.450000000000000000e+01,2.987649995216696707e-08
3.451562500000000000e+01,3.380638269080616509e-08
3.453125000000000000e+01,3.587852166994565763e-08
3.454687500000000000e+01,3.532119283671329084e-08
3.456250000000000000e+01,3.272704557742012042e-08
3.457812500000000000e+01,2.951261513531355369e-08
3.459375000000000000e+01,2.698935729557061400e-08
3.460937500000000000e+01,2.597378571268974902e-08
3.462500000000000000e+01,2.602157645873624934e-08
3.464062500000000000e+01,2.585524911755315698e-08
3.465625000000000000e+01,2.530533994521888509e-08
3.467187500000000000e+01,2.550232448952463257e-08
3.468750000000000000e+01,2.693082924127426105e-08
3.470312500000000000e+01,2.834420071558354178e-08
3.471875000000000000e+01,2.888075117319270004e-08
3.473437500000000000e+01,2.963283513955822875e-08
3.475000000000000000e+01,3.186249649361110723e-08
3.476562500000000000e+01,3.440351976689476018e-08
3.478125000000000000e+01,3.507355880996762424e-08
3.479687500000000000e+01,3.348490197462137115e-08
3.481250000000000000e+01,3.092739944052763589e-08
3.482812500000000000e+01,2.843973044839211259e-08
3.484375000000000000e+01,2.619772206920501853e-08
3.485937500000000000e+01,2.436896231046064606e-08
3.487500000000000000e+01,2.329441482109158680e-08
3.489062500000000000e+01,2.287770677341745645e-08
3.490625000000000000e+01,2.266369273369282656e-08
3.492187500000000000e+01,2.261683074341472062e-08
3.493750000000000000e+01,2.302266276494661893e-08
3.495312500000000000e+01,2.327134544985992077e-08
3.496875000000000000e+01,2.238923483631115258e-08
3.498437500000000000e+01,2.098380497534391501e-08
3.500000000000000000e+01,2.082878362850692488e-08
3.501562500000000000e+01,2.209878617980659514e-08
3.503125000000000000e+01,2.333064998111283605e-08
3.504687500000000000e+01,2.393311585856878846e-08
3.506250000000000000e+01,2.458504958395222368e-08
3.507812500000000000e+01,2.584918367315855099e-08
3.509375000000000000e+01,2.717422546688845615e-08
3.510937500000000000e+01,2.746332816675699543e-08
3.512500000000000000e+01,2.635540328494700487e-08
3.514062500000000000e+01,2.470700387075620775e-08
3.515625000000000000e+01,2.321073827309249906e-08
3.517187500000000000e+01,2.168955785504248955e-08
3.518750000000000000e+01,2.129957233305304851e-08
3.520312500000000000e+01,2.338530073190223751e-08
3.521875000000000000e+01,2.616647693747273659e-08
3.523437500000000000e+01,2.786809215379951242e-08
3.525000000000000000e+01,2.882728485231033493e-08
3.526562500000000000e+01,2.974880836734726605e-08
3.528125000000000000e+01,3.104752296328063003e-08
3.529687500000000000e+01,3.350426945318852398e-08
3.531250000000000000e+01,3.628015163777036376e-08
3.532812500000000000e+01,3.700550036594812427e-08
3.534375000000000000e+01,3.532698859135992211e-08
3.535937500000000000e+01,3.304798118063394806e-08
3.537500000000000000e+01,3.139381777468026737e-08
3.539062500000000000e+01,3.097216162113716414e-08
3.540625000000000000e+01,3.205280464117603492e-08
3.542187500000000000e+01,3.346362874147009138e-08
3.543750000000000000e+01,3.429064035843981591e-08
3.545312500000000000e+01,3.527249287490901112e-08
3.546875000000000000e+01,3.736650113720043417e-08
3.548437500000000000e+01,3.989063374525100841e-08
3.550000000000000000e+01,4.108012420711255333e-08
3.551562500000000000e+01,3.977465382183837811e-08
3.553125000000000000e+01,3.679940694504503661e-08
3.554687500000000000e+01,3.486624023073420979e-08
3.556250000000000000e+01,3.542693268902515978e-08
3.557812500000000000e+01,3.654791988023219989e-08
3.559375000000000000e+01,3.587856512512994408e-08
3.560937500000000000e+01,3.336594595649602895e-08
3.562500000000000000e+01,3.097363286245598631e-08
3.564062500000000000e+01,3.072907866871235028e-08
3.565625000000000000e+01,3.246729228820325405e-08
3.567187500000000000e+01,3.443933467507960979e-08
3.568750000000000000e+01,3.561834645109971724e-08
3.570312500000000000e+01,3.583637139855413463e-08
3.571875000000000000e+01,3.482063241940860181e-08
3.573437500000000000e+01,3.296315293080470185e-08
3.575000000000000000e+01,3.190763393317061523e-08
3.576562500000000000e+01,3.202756138393273440e-08
3.578125000000000000e+01,3.164144383242870710e-08
3.579687500000000000e+01,2.998373203521514956e-08
3.581250000000000000e+01,2.774966786792807222e-08
3.582812500000000000e+01,2.582917453037063126e-08
3.584375000000000000e+01,2.547332457631519204e-08
3.585937500000000000e+01,2.667971850130074411e-08
3.587500000000000000e+01,2.779445539212744436e-08
3.589062500000000000e+01,2.833399331411077182e-08
3.590625000000000000e+01,2.870117593787346510e-08
3.592187500000000000e+01,2.907710718233958539e-08
3.593750000000000000e+01,2.943943956800726874e-08
3.595312500000000000e+01,2.907730123674232682e-08
3.596875000000000000e+01,2.732989598741584374e-08
3.598437500000000000e+01,2.501139908995143102e-08
3.600000000000000000e+01,2.388607419912408532e-08
3.601562500000000000e+01,2.458245541133601823e-08
3.603125000000000000e+01,2.563577195311736381e-08
3.604687500000000000e+01,2.631243626050742574e-08
3.606250000000000000e+01,2.798921531832957543e-08
3.607812500000000000e+01,3.052613276742431804e-08
3.609375000000000000e+01,3.187278748063757495e-08
3.610937500000000000e+01,3.123388592388235400e-08
3.612500000000000000e+01,2.944582953422703771e-08
3.614062500000000000e+01,2.800412621257447974e-08
3.615625000000000000e+01,2.778818720029012254e-08
3.617187500000000000e+01,2.827488944365321727e-08
3.618750000000000000e+01,2.942903769187227761e-08
3.620312500000000000e+01,3.198488955965290516e-08
3.621875000000000000e+01,3.519633369251921194e-08
3.623437500000000000e+01,3.770937656826271571e-08
3.625000000000000000e+01,3.924663908028560900e-08
3.626562500000000000e+01,4.020750205843363843e-08
3.628125000000000000e+01,4.088946077655142583e-08
3.629687500000000000e+01,4.087707203444219843e-08
3.631250000000000000e+01,3.908630839392555858e-08
3.632812500000000000e+01,3.539744924792266926e-08
3.634375000000000000e+01,3.203833838854549480e-08
3.635937500000000000e+01,3.163550982158866499e-08
3.637500000000000000e+01,3.367876740494954636e-08
3.639062500000000000e+01,3.561034074205301563e-08
3.640625000000000000e+01,3.599235157950404784e-08
3.642187500000000000e+01,3.525840382228212495e-08
3.643750000000000000e+01,3.400390879551756318e-08
3.645312500000000000e+01,3.261902021730518647e-08
3.646875000000000000e+01,3.166590639263790435e-08
3.648437500000000000e+01,3.049436526746004541e-08
3.650000000000000000e+01,2.865016458886754323e-08
3.651562500000000000e+01,2.685971678372923760e-08
3.653125000000000000e+01,2.509860567015063867e-08
3.654687500000000000e+01,2.337096100406712674e-08
3.656250000000000000e+01,2.252237310793136134e-08
3.657812500000000000e+01,2.222813404354583672e-08
3.659375000000000000e+01,2.152975465242059543e-08
3.660937500000000000e+01,2.066546651220928335e-08
3.662500000000000000e+01,2.041211068254155076e-08
3.664062500000000000e+01,2.046743965050382836e-08
3.665625000000000000e+01,2.029219931793256397e-08
3.667187500000000000e+01,2.053594436141193992e-08
3.668750000000000000e+01,2.150945029072617095e-08
3.670312500000000000e+01,2.285872463075747160e-08
3.671875000000000000e+01,2.452079825451136469e-08
3.673437500000000000e+01,2.583241765392971432e-08
3.675000000000000000e+01,2.585456284685363592e-08
3.676562500000000000e+01,2.478211375681324734e-08
3.678125000000000000e+01,2.434570366618926206e-08
3.679687500000000000e+01,2.545774043034712125e-08
3.681250000000000000e+01,2.666701809138545719e-08
3.682812500000000000e+01,2.745286008731635771e-08
3.684375000000000000e+01,2.870793586562777602e-08
3.685937500000000000e+01,3.003264716290034241e-08
3.687500000000000000e+01,3.040754600064909615e-08
3.689062500000000000e+01,2.988247027146183066e-08
3.690625000000000000e+01,2.899069964079140757e-08
3.692187500000000000e+01,2.819433766806756032e-08
3.693750000000000000e+01,2.770456502483647102e-08
3.695312500000000000e+01,2.732864334262379295e-08
3.696875000000000000e+01,2.644095190511874704e-08
3.698437500000000000e+01,2.449106565419987323e-08
3.700000000000000000e+01,2.270853407839440349e-08
3.701562500000000000e+01,2.305546966677697840e-08
3.703125000000000000e+01,2.428554117975134243e-08
3.704687500000000000e+01,2.432444002847661367e-08
3.706250000000000000e+01,2.367256467658281944e-08
3.707812500000000000e+01,2.384304201941839639e-08
3.709375000000000000e+01,2.526713785584605164e-08
3.710937500000000000e+01,2.704915129479613378e-08
3.712500000000000000e+01,2.796125755848556936e-08
3.714062500000000000e+01,2.813282441822387892e-08
3.715625000000000000e+01,2.865307695351117235e-08
3.717187500000000000e+01,2.912803385912499615e-08
3.718750000000000000e+01,2.842054275992410189e-08
3.720312500000000000e+01,2.667391960719982506e-08
3.721875000000000000e+01,2.480567469276866907e-08
3.723437500000000000e+01,2.359708391481109379e-08
3.725000000000000000e+01,2.293016078517016287e-08
3.726562500000000000e+01,2.161854177998196720e-08
3.728125000000000000e+01,1.907833405301765607e-08
3.729687500000000000e+01,1.645315706869170080e-08
3.731250000000000000e+01,1.586320338157452190e-08
3.732812500000000000e+01,1.798926199367417989e-08
3.734375000000000000e+01,2.107109380495799553e-08
3.735937500000000000e+01,2.318711095385197752e-08
3.737500000000000000e+01,2.358733353938060335e-08
3.739062500000000000e+01,2.250545278461984120e-08
3.740625000000000000e+01,2.112999082378964658e-08
3.742187500000000000e+01,2.089434714210541041e-08
3.743750000000000000e+01,2.118398193359240239e-08
3.745312500000000000e+01,2.062541729229760192e-08
3.746875000000000000e+01,1.938652627036226063e-08
3.748437500000000000e+01,1.805511258976816430e-08
3.750000000000000000e+01,1.716667122974417261e-08
3.751562500000000000e+01,1.777760965224033027e-08
3.753125000000000000e+01,1.974404003812012966e-08
3.754687500000000000e+01,2.159654091964966122e-08
3.756250000000000000e+01,2.259815821525945974e-08
3.757812500000000000e+01,2.320163179845094548e-08
3.759375000000000000e+01,2.418073731710430231e-08
3.760937500000000000e+01,2.527179469001579963e-08
3.762500000000000000e+01,2.534349555310381558e-08
3.764062500000000000e+01,2.387598044389685902e-08
3.765625000000000000e+01,2.124955888820076988e-08
3.767187500000000000e+01,1.832926901007719194e-08
3.768750000000000000e+01,1.639660357518279546e-08
3.770312500000000000e+01,1.601763028614080838e-08
3.771875000000000000e+01,1.627462878079795758e-08
3.773437500000000000e+01,1.627801878248335992e-08
3.775000000000000000e+01,1.632908033411703885e-08
3.776562500000000000e+01,1.753443701797569719e-08
3.778125000000000000e+01,1.992825482378732221e-08
3.779687500000000000e+01,2.202634534615586495e-08
3.781250000000000000e+01,2.266117988198833043e-08
3.782812500000000000e+01,2.169266013378322116e-08
3.784375000000000000e+01,1.943785667584454344e-08
3.785937500000000000e+01,1.682887886671651279e-08
3.787500000000000000e+01,1.523808456671411090e-08
3.789062500000000000e+01,1.508109167271459943e-08
3.790625000000000000e+01,1.609937938519164652e-08
3.792187500000000000e+01,1.774557095404371240e-08
3.793750000000000000e+01,1.920239709624813838e-08
3.795312500000000000e+01,2.059505956725788775e-08
3.796875000000000000e+01,2.234410583863908747e-08
3.798437500000000000e+01,2.397481620860533420e-08
3.800000000000000000e+01,2.519634110338680562e-08
3.801562500000000000e+01,2.677400482584503352e-08
3.803125000000000000e+01,2.935312108330840059e-08
3.804687500000000000e+01,3.194298500542058941e-08
3.806250000000000000e+01,3.290306655009082518e-08
3.807812500000000000e+01,3.185109326814084432e-08
3.809375000000000000e+01,2.943292838090557442e-08
3.810937500000000000e+01,2.614597693022260763e-08
3.812500000000000000e+01,2.274832453867013991e-08
3.814062500000000000e+01,2.006328726259132225e-08
3.815625000000000000e+01,1.778682818883776066e-08
3.817187500000000000e+01,1.563419950801848898e-08
3.818750000000000000e+01,1.449345470790322983e-08
3.820312500000000000e+01,1.500659722489996347e-08
3.821875000000000000e+01,1.645088873310305554e-08
3.823437500000000000e+01,1.816584730292686409e-08
3.825000000000000000e+01,2.024158080106635054e-08
3.826562500000000000e+01,2.242978494028466423e-08
3.828125000000000000e+01,2.415641378062788097e-08
3.829687500000000000e+01,2.542214447776632382e-08
3.831250000000000000e+01,2.654259404147266982e-08
3.832812500000000000e+01,2.761910143815254100e-08
3.834375000000000000e+01,2.849331347892583825e-08
3.835937500000000000e+01,2.879180525806157879e-08
3.837500000000000000e+01,2.899853690706108510e-08
3.839062500000000000e+01,2.967043351959875210e-08
3.840625000000000000e+01,2.939035773211854009e-08
3.842187500000000000e+01,2.739759824186495334e-08
3.843750000000000000e+01,2.590943240353870128e-08
3.845312500000000000e+01,2.673606881354030879e-08
3.846875000000000000e+01,2.815829486108583679e-08
3.848437500000000000e+01,2.832071342716162081e-08
3.850000000000000000e+01,2.767477869457221147e-08
3.851562500000000000e+01,2.675703285207309728e-08
3.853125000000000000e+01,2.482087635359290250e-08
3.854687500000000000e+01,2.196206317371335026e-08
3.856250000000000000e+01,1.941856758403764874e-08
3.857812500000000000e+01,1.782545909176001542e-08
3.859375000000000000e+01,1.702658964502277477e-08
3.860937500000000000e+01,1.687433492078214061e-08
3.862500000000000000e+01,1.717446618141342883e-08
3.864062500000000000e+01,1.724537038337006866e-08
3.865625000000000000e+01,1.681254518661862679e-08
3.867187500000000000e+01,1.662485549076009832e-08
3.868750000000000000e+01,1.672909502808137654e-08
3.870312500000000000e+01,1.609644604724627082e-08
3.871875000000000000e+01,1.480896612689996273e-08
3.873437500000000000e+01,1.424857274094784098e-08
3.875000000000000000e+01,1.477047439079800769e-08
3.876562500000000000e+01,1.562545641185207131e-08
3.878125000000000000e+01,1.669688396988199984e-08
3.879687500000000000e+01,1.796164304108567489e-08
3.881250000000000000e+01,1.918097237119906592e-08
3.882812500000000000e+01,2.050861186788868872e-08
3.884375000000000000e+01,2.223875556082067598e-08
3.885937500000000000e+01,2.418545009821335677e-08
3.887500000000000000e+01,2.606881540605035709e-08
3.889062500000000000e+01,2.721382836461854334e-08
3.890625000000000000e+01,2.650054807154195291e-08
3.892187500000000000e+01,2.410518761804468040e-08
3.893750000000000000e+01,2.142806392467619782e-08
3.895312500000000000e+01,1.960466249995430900e-08
3.896875000000000000e+01,1.889746860808528771e-08
3.898437500000000000e+01,1.867163403732663681e-08
3.900000000000000000e+01,1.841312230096126174e-08
3.901562500000000000e+01,1.797533107046896903e-08
3.903125000000000000e+01,1.735536313712737694e-08
3.904687500000000000e+01,1.703917191130186941e-08
3.906250000000000000e+01,1.724891080826413898e-08
3.907812500000000000e+01,1.789694482904001537e-08
3.909375000000000000e+01,1.947034926848861625e-08
3.910937500000000000e+01,2.182590560326777970e-08
3.912500000000000000e+01,2.347196154644844726e-08
3.914062500000000000e+01,2.365161877255293947e-08
3.915625000000000000e+01,2.312833836954551839e-08
3.917187500000000000e+01,2.262211921118242702e-08
3.918750000000000000e+01,2.186244925548265493e-08
3.920312500000000000e+01,2.042489772115350774e-08
3.921875000000000000e+01,1.878286581070154701e-08
3.923437500000000000e+01,1.814894402973360395e-08
3.925000000000000000e+01,1.877814244590633051e-08
3.926562500000000000e+01,1.969173294412965336e-08
3.928125000000000000e+01,2.064073336872555874e-08
3.929687500000000000e+01,2.137562888429529592e-08
3.931250000000000000e+01,2.118721164337377891e-08
3.932812500000000000e+01,2.134454166175153711e-08
3.934375000000000000e+01,2.317599639610351019e-08
3.935937500000000000e+01,2.447591440552526815e-08
3.937500000000000000e+01,2.332856894656677766e-08
3.939062500000000000e+01,2.051929368365021862e-08
3.940625000000000000e+01,1.779315192906699076e-08
3.942187500000000000e+01,1.685651630084833625e-08
3.943750000000000000e+01,1.796107506826776379e-08
3.945312500000000000e+01,1.882787538028317889e-08
3.946875000000000000e+01,1.825998838707089803e-08
3.948437500000000000e+01,1.768831501857966154e-08
3.950000000000000000e+01,1.781353572410180218e-08
3.951562500000000000e+01,1.772016951196125197e-08
3.953125000000000000e+01,1.814123523654974198e-08
3.954687500000000000e+01,2.030478535896306681e-08
3.956250000000000000e+01,2.270354827095253631e-08
3.957812500000000000e+01,2.305062990300680671e-08
3.959375000000000000e+01,2.126448282642502523e-08
3.960937500000000000e+01,1.921026751191079420e-08
3.962500000000000000e+01,1.857416702648611316e-08
3.964062500000000000e+01,2.027796687297581983e-08
3.965625000000000000e+01,2.360380861359635052e-08
3.967187500000000000e+01,2.625418257230449425e-08
3.968750000000000000e+01,2.638619447173779243e-08
3.970312500000000000e+01,2.408268803820640158e-08
3.971875000000000000e+01,2.179370806514276224e-08
3.973437500000000000e+01,2.196311600014393616e-08
3.975000000000000000e+01,2.372408592465474066e-08
3.976562500000000000e+01,2.438536850874037713e-08
3.978125000000000000e+01,2.290385524396114031e-08
3.979687500000000000e+01,2.110403832487580476e-08
3.981250000000000000e+01,2.090386511620340093e-08
3.982812500000000000e+01,2.092413411456656855e-08
3.984375000000000000e+01,1.990623302398055610e-08
3.985937500000000000e+01,1.886516810808003538e-08
3.987500000000000000e+01,1.866622212230497437e-08
3.989062500000000000e+01,1.906238236905565804e-08
3.990625000000000000e+01,1.932466318110314610e-08
3.992187500000000000e+01,1.910348585486048276e-08
3.993750000000000000e+01,1.885720431216201205e-08
3.995312500000000000e+01,1.914540832676335907e-08
3.996875000000000000e+01,2.014757060378563667e-08
3.998437500000000000e+01,2.163035243916053242e-08
4.000000000000000000e+01,2.299123126284923732e-08
4.001562500000000000e+01,2.366043615493321981e-08
4.003125000000000000e+01,2.355949497054118508e-08
4.004687500000000000e+01,2.274589637722287448e-08
4.006250000000000000e+01,2.125759561943932107e-08
4.007812500000000000e+01,1.952644616270672643e-08
4.009375000000000000e+01,1.812804833069974876e-08
4.010937500000000000e+01,1.748595873598835233e-08
4.012500000000000000e+01,1.730368490922596006e-08
4.014062500000000000e+01,1.673029436567863473e-08
4.015625000000000000e+01,1.558463848145409368e-08
4.017187500000000000e+01,1.437538889220939088e-08
4.018750000000000000e+01,1.376960184764729636e-08
4.020312500000000000e+01,1.385572036927278168e-08
4.021875000000000000e+01,1.411662086213626394e-08
4.023437500000000000e+01,1.456964690762753570e-08
4.025000000000000000e+01,1.545594116640746146e-08
4.026562500000000000e+01,1.626875786520753163e-08
4.028125000000000000e+01,1.626152347132370514e-08
4.029687500000000000e+01,1.558397091178933686e-08
4.031250000000000000e+01,1.516611721216398133e-08
4.032812500000000000e+01,1.522575786690846497e-08
4.034375000000000000e+01,1.522292312701205641e-08
4.035937500000000000e+01,1.509225857687437608e-08
4.037500000000000000e+01,1.495030668835822534e-08
4.039062500000000000e+01,1.472816574213113703e-08
4.040625000000000000e+01,1.472717686841445599e-08
4.042187500000000000e+01,1.533184461277741062e-08
4.043750000000000000e+01,1.616233867267922013e-08
4.045312500000000000e+01,1.639688729044102473e-08
4.046875000000000000e+01,1.583500228725223182e-08
4.048437500000000000e+01,1.516896556469577329e-08
4.050000000000000000e+01,1.504223111530732053e-08
4.051562500000000000e+01,1.540804264914684849e-08
4.053125000000000000e+01,1.583956952061970517e-08
4.054687500000000000e+01,1.574469431446250510e-08
4.056250000000000000e+01,1.456789601734966676e-08
4.057812500000000000e+01,1.237696972640245953e-08
4.059375000000000000e+01,1.006206932751795967e-08
4.060937500000000000e+01,8.602045894646379151e-09
4.062500000000000000e+01,8.089511943043626857e-09
4.064062500000000000e+01,8.420181320310386145e-09
4.065625000000000000e+01,9.640878077690627156e-09
4.067187500000000000e+01,1.089220383112517986e-08
4.068750000000000000e+01,1.175066868023300792e-08
4.070312500000000000e+01,1.317376697994354480e-08
4.071875000000000000e+01,1.548831968101352202e-08
4.073437500000000000e+01,1.734490783073080319e-08
4.075000000000000000e+01,1.776277099171037783e-08
4.076562500000000000e+01,1.725660286919930562e-08
4.078125000000000000e+01,1.696372868854451477e-08
4.079687500000000000e+01,1.703152240205954063e-08
4.081250000000000000e+01,1.661434718442874906e-08
4.082812500000000000e+01,1.585107833575904528e-08
4.084375000000000000e+01,1.603032552716590649e-08
4.085937500000000000e+01,1.721563981045984221e-08
4.087500000000000000e+01,1.814100807733060351e-08
4.089062500000000000e+01,1.790783656050135628e-08
4.090625000000000000e+01,1.671320033432741788e-08
4.092187500000000000e+01,1.564626805646597178e-08
4.093750000000000000e+01,1.517829086194414019e-08
4.095312500000000000e+01,1.451872477628255715e-08
4.096875000000000000e+01,1.344240069566775160e-08
4.098437500000000000e+01,1.310699746933593695e-08
4.100000000000000000e+01,1.390531769079087727e-08
4.101562500000000000e+01,1.476679440830039162e-08
4.103125000000000000e+01,1.536727577746851643e-08
4.104687500000000000e+01,1.607220587135068655e-08
4.106250000000000000e+01,1.630428742706052941e-08
4.107812500000000000e+01,1.518276627503274533e-08
4.109375000000000000e+01,1.340485688744352632e-08
4.110937500000000000e+01,1.303555392804299620e-08
4.112500000000000000e+01,1.461718472234637237e-08
4.114062500000000000e+01,1.640475289130026287e-08
4.115625000000000000e+01,1.684654384032483524e-08
4.117187500000000000e+01,1.593441354165512496e-08
4.118750000000000000e+01,1.511714526956943872e-08
4.120312500000000000e+01,1.559396483783862859e-08
4.121875000000000000e+01,1.685185796883673343e-08
4.123437500000000000e+01,1.779523361244357893e-08
4.125000000000000000e+01,1.837618513482441266e-08
4.126562500000000000e+01,1.917199204828609451e-08
4.128125000000000000e+01,1.947216308861009814e-08
4.129687500000000000e+01,1.830246092972297545e-08
4.131250000000000000e+01,1.650759598182242306e-08
4.132812500000000000e+01,1.583271543661922831e-08
4.134375000000000000e+01,1.633662495479111749e-08
4.135937500000000000e+01,1.659629335039953673e-08
4.137500000000000000e+01,1.584599171617277469e-08
4.139062500000000000e+01,1.459448435198859801e-08
4.140625000000000000e+01,1.400308231433785192e-08
4.142187500000000000e+01,1.431355080223604860e-08
4.143750000000000000e+01,1.469553383977341803e-08
4.145312500000000000e+01,1.472257021500780671e-08
4.146875000000000000e+01,1.479917595559563336e-08
4.148437500000000000e+01,1.556949709277069617e-08
4.150000000000000000e+01,1.677729322128479590e-08
4.151562500000000000e+01,1.728853967210072724e-08
4.153125000000000000e+01,1.662065813219938403e-08
4.154687500000000000e+01,1.556518558987647763e-08
4.156250000000000000e+01,1.486127933471110699e-08
4.157812500000000000e+01,1.443268385371805467e-08
4.159375000000000000e+01,1.468692339192646062e-08
4.160937500000000000e+01,1.574125958556157416e-08
4.162500000000000000e+01,1.629503106277625667e-08
4.164062500000000000e+01,1.557498637085492421e-08
4.165625000000000000e+01,1.429564397169805681e-08
4.167187500000000000e+01,1.353671212802653675e-08
4.168750000000000000e+01,1.349678333574511340e-08
4.170312500000000000e+01,1.368267857964935610e-08
4.171875000000000000e+01,1.379984514311981997e-08
4.173437500000000000e+01,1.381329095786972714e-08
4.175000000000000000e+01,1.353444941173364958e-08
4.176562500000000000e+01,1.289175917946408480e-08
4.178125000000000000e+01,1.240676503152232225e-08
4.179687500000000000e+01,1.259822356276826630e-08
4.181250000000000000e+01,1.326618016438470046e-08
4.182812500000000000e+01,1.390883423113848369e-08
4.184375000000000000e+01,1.438887427674901869e-08
4.185937500000000000e+01,1.477211962889592674e-08
4.187500000000000000e+01,1.474498723100268294e-08
4.189062500000000000e+01,1.443979196078725206e-08
4.190625000000000000e+01,1.474117608184638590e-08
4.192187500000000000e+01,1.524979881494592245e-08
4.193750000000000000e+01,1.504847220412045642e-08
4.195312500000000000e+01,1.483394904835842053e-08
4.196875000000000000e+01,1.561457183394173882e-08
4.198437500000000000e+01,1.718999200332629624e-08
4.200000000000000000e+01,1.876801853432768174e-08
4.201562500000000000e+01,1.976951341908526836e-08
4.203125000000000000e+01,2.025566616391979020e-08
4.204687500000000000e+01,2.034855502815718126e-08
4.206250000000000000e+01,1.967917582019424503e-08
4.207812500000000000e+01,1.817689875910385840e-08
4.209375000000000000e+01,1.637366785087476243e-08
4.210937500000000000e+01,1.457050668617033276e-08
4.212500000000000000e+01,1.272073692142278414e-08
4.214062500000000000e+01,1.090510555937845841e-08
4.215625000000000000e+01,9.541581617370378592e-09
4.217187500000000000e+01,9.143201808115976236e-09
4.218750000000000000e+01,9.373411137838039712e-09
4.220312500000000000e+01,9.440413023987564231e-09
4.221875000000000000e+01,9.289400100550308193e-09
4.223437500000000000e+01,9.783531320844085818e-09
4.225000000000000000e+01,1.141399782882428284e-08
4.226562500000000000e+01,1.328235048691498736e-08
4.228125000000000000e+01,1.446067531496285718e-08
4.229687500000000000e+01,1.499451030749516692e-08
4.231250000000000000e+01,1.561533183302616311e-08
4.232812500000000000e+01,1.686507115935019933e-08
4.234375000000000000e+01,1.810527594744059411e-08
4.235937500000000000e+01,1.838678722843282425e-08
4.237500000000000000e+01,1.799544867972554090e-08
4.239062500000000000e+01,1.779778074088109513e-08
4.240625000000000000e+01,1.756917710479660057e-08
4.242187500000000000e+01,1.659564198255441037e-08
4.243750000000000000e+01,1.494203429657316450e-08
4.245312500000000000e+01,1.316267747764598318e-08
4.246875000000000000e+01,1.194023337576740613e-08
4.248437500000000000e+01,1.156798603353982821e-08
4.250000000000000000e+01,1.146672962981788664e-08
4.251562500000000000e+01,1.110132250711631241e-08
4.253125000000000000e+01,1.064677614648295204e-08
4.254687500000000000e+01,1.068701625850748086e-08
4.256250000000000000e+01,1.149126648920921124e-08
4.257812500000000000e+01,1.268356719346077558e-08
4.259375000000000000e+01,1.335904986517479631e-08
4.260937500000000000e+01,1.276402035371305334e-08
4.262500000000000000e+01,1.166994918999315603e-08
4.264062500000000000e+01,1.188164407153274548e-08
4.265625000000000000e+01,1.320185018467330932e-08
4.267187500000000000e+01,1.425732864177379097e-08
4.268750000000000000e+01,1.452425845312005286e-08
4.270312500000000000e+01,1.399324983955216561e-08
4.271875000000000000e+01,1.350277484293095625e-08
4.273437500000000000e+01,1.441710488764468908e-08
4.275000000000000000e+01,1.624578695927227059e-08
4.276562500000000000e+01,1.752021570019660593e-08
4.278125000000000000e+01,1.767834104191793081e-08
4.279687500000000000e+01,1.709255668346559814e-08
4.281250000000000000e+01,1.660431200577235204e-08
4.282812500000000000e+01,1.625890972347203359e-08
4.284375000000000000e+01,1.538213379175684873e-08
4.285937500000000000e+01,1.388389703677950303e-08
4.287500000000000000e+01,1.217648301124022590e-08
4.289062500000000000e+01,1.080799247242860358e-08
4.290625000000000000e+01,1.026969917276445005e-08
4.292187500000000000e+01,1.008816782594638897e-08
4.293750000000000000e+01,9.583184149712859623e-09
4.295312500000000000e+01,9.900942842921183133e-09
4.296875000000000000e+01,1.236024738380628907e-08
4.298437500000000000e+01,1.518371893008041659e-08
4.300000000000000000e+01,1.629181345799350832e-08
4.301562500000000000e+01,1.549925602712598618e-08
4.303125000000000000e+01,1.401268542687716782e-08
4.304687500000000000e+01,1.297015191482393696e-08
4.306250000000000000e+01,1.294472922498588456e-08
4.307812500000000000e+01,1.389143217663900394e-08
4.309375000000000000e+01,1.500308863906493837e-08
4.310937500000000000e+01,1.595080723355316189e-08
4.312500000000000000e+01,1.680389348099932740e-08
4.314062500000000000e+01,1.696773633635885993e-08
4.315625000000000000e+01,1.610912110772675638e-08
4.317187500000000000e+01,1.479509926400387049e-08
4.318750000000000000e+01,1.368040615783510804e-08
4.320312500000000000e+01,1.324608510459880884e-08
4.321875000000000000e+01,1.407679926807534787e-08
4.323437500000000000e+01,1.584230582670787730e-08
4.325000000000000000e+01,1.737951733024332869e-08
4.326562500000000000e+01,1.797399524367595803e-08
4.328125000000000000e+01,1.761551596927882136e-08
4.329687500000000000e+01,1.670088412227944101e-08
4.331250000000000000e+01,1.583773471473543422e-08
4.332812500000000000e+01,1.569638760634764327e-08
4.334375000000000000e+01,1.627835382772280490e-08
4.335937500000000000e+01,1.651520663374031900e-08
4.337500000000000000e+01,1.557291642344296001e-08
4.339062500000000000e+01,1.430757974330319938e-08
4.340625000000000000e+01,1.418049175441081555e-08
4.342187500000000000e+01,1.500943404478531031e-08
4.343750000000000000e+01,1.568805796937661555e-08
4.345312500000000000e+01,1.590814823504800999e-08
4.346875000000000000e+01,1.585072914413310866e-08
4.348437500000000000e+01,1.561221950521455313e-08
4.350000000000000000e+01,1.528837325467654336e-08
4.351562500000000000e+01,1.472043414423759752e-08
4.353125000000000000e+01,1.372673833699117658e-08
4.354687500000000000e+01,1.280182541034794014e-08
4.356250000000000000e+01,1.259463007483801693e-08
4.357812500000000000e+01,1.278161249548826954e-08
4.359375000000000000e+01,1.269201804073982593e-08
4.360937500000000000e+01,1.231044490145823034e-08
4.362500000000000000e+01,1.203856436086241543e-08
4.364062500000000000e+01,1.220616691764527340e-08
4.365625000000000000e+01,1.310346560923914038e-08
4.367187500000000000e+01,1.448243275762351330e-08
4.368750000000000000e+01,1.543140833325886494e-08
4.370312500000000000e+01,1.546879136178404138e-08
4.371875000000000000e+01,1.482339898879645693e-08
4.373437500000000000e+01,1.393922306695489050e-08
4.375000000000000000e+01,1.322848035731008904e-08
4.376562500000000000e+01,1.285140062826994039e-08
4.378125000000000000e+01,1.252997908901029046e-08
4.379687500000000000e+01,1.192647025619062854e-08
4.381250000000000000e+01,1.115134327777412543e-08
4.382812500000000000e+01,1.078103449738460889e-08
4.384375000000000000e+01,1.123919885703736673e-08
4.385937500000000000e+01,1.224965614288202240e-08
4.387500000000000000e+01,1.344552288182139103e-08
4.389062500000000000e+01,1.459125635755599504e-08
4.390625000000000000e+01,1.506376763938156649e-08
4.392187500000000000e+01,1.438462871897050742e-08
4.393750000000000000e+01,1.327240662413030792e-08
4.395312500000000000e+01,1.342851589935821393e-08
4.396875000000000000e+01,1.509127264329819359e-08
4.398437500000000000e+01,1.669873697792695837e-08
4.400000000000000000e+01,1.739419681202592892e-08
4.401562500000000000e+01,1.766904562648187189e-08
4.403125000000000000e+01,1.844634014298996883e-08
4.404687500000000000e+01,1.981572508566650874e-08
4.406250000000000000e+01,2.089160638725065496e-08
4.407812500000000000e+01,2.107511886695302773e-08
4.409375000000000000e+01,2.068248713263267645e-08
4.410937500000000000e+01,2.014445143408124733e-08
4.412500000000000000e+01,1.936682076066953364e-08
4.414062500000000000e+01,1.814741288890470673e-08
4.415625000000000000e+01,1.671698539106428421e-08
4.417187500000000000e+01,1.576446429621384761e-08
4.418750000000000000e+01,1.560129829197564926e-08
4.420312500000000000e+01,1.567735556957585326e-08
4.421875000000000000e+01,1.530253407188293669e-08
4.423437500000000000e+01,1.439094397483357577e-08
4.425000000000000000e+01,1.335036534915057345e-08
4.426562500000000000e+01,1.231555330489975385e-08
4.428125000000000000e+01,1.123963316952734346e-08
4.429687500000000000e+01,1.079088578351120051e-08
4.431250000000000000e+01,1.156445062149977563e-08
4.432812500000000000e+01,1.285645376970733920e-08
4.434375000000000000e+01,1.376051892718223897e-08
4.435937500000000000e+01,1.419922303105887200e-08
4.437500000000000000e+01,1.469017018157872499e-08
4.439062500000000000e+01,1.525645740188202580e-08
4.440625000000000000e+01,1.590067894920831269e-08
4.442187500000000000e+01,1.754488397860708312e-08
4.443750000000000000e+01,2.005765402497591017e-08
4.445312500000000000e+01,2.187161378615799426e-08
4.446875000000000000e+01,2.210066973553496387e-08
4.448437500000000000e+01,2.068580955285376856e-08
4.450000000000000000e+01,1.809148874251927877e-08
4.451562500000000000e+01,1.560955179399264535e-08
4.453125000000000000e+01,1.434750462881385038e-08
4.454687500000000000e+01,1.415544569568060991e-08
4.456250000000000000e+01,1.403623390736448250e-08
4.457812500000000000e+01,1.332912032606181585e-08
4.459375000000000000e+01,1.261937254387695683e-08
4.460937500000000000e+01,1.257554414474346311e-08
4.462500000000000000e+01,1.281312605548259608e-08
4.464062500000000000e+01,1.299706414833102277e-08
4.465625000000000000e+01,1.344455080479929996e-08
4.467187500000000000e+01,1.465092772108268654e-08
4.468750000000000000e+01,1.644786413595676117e-08
4.470312500000000000e+01,1.780499277428684645e-08
4.471875000000000000e+01,1.794586680656491355e-08
4.473437500000000000e+01,1.729556252062632363e-08
4.475000000000000000e+01,1.697940868185022364e-08
4.476562500000000000e+01,1.684482694149554094e-08
4.478125000000000000e+01,1.589399952685249101e-08
4.479687500000000000e+01,1.468818935783230906e-08
4.481250000000000000e+01,1.475674653482877352e-08
4.482812500000000000e+01,1.592140080695386866e-08
4.484375000000000000e+01,1.662063131195174771e-08
4.485937500000000000e+01,1.610657961534714998e-08
4.487500000000000000e+01,1.470933688821918230e-08
4.489062500000000000e+01,1.317669918430378751e-08
4.490625000000000000e+01,1.216074448014261300e-08
4.492187500000000000e+01,1.170884365789176440e-08
4.493750000000000000e+01,1.155840709823986792e-08
4.495312500000000000e+01,1.144294190874803714e-08
4.496875000000000000e+01,1.112604210776021810e-08
4.498437500000000000e+01,1.062394243222586268e-08
4.500000000000000000e+01,1.005962611412032743e-08
4.501562500000000000e+01,9.619482668976503434e-09
4.503125000000000000e+01,9.848575463260240115e-09
4.504687500000000000e+01,1.092358917131612143e-08
4.506250000000000000e+01,1.219752438988763764e-08
4.507812500000000000e+01,1.338198201835144976e-08
4.509375000000000000e+01,1.444541255666906722e-08
4.510937500000000000e+01,1.508899436378735480e-08
4.512500000000000000e+01,1.530958103708759060e-08
4.514062500000000000e+01,1.552052402882954816e-08
4.515625000000000000e+01,1.591143713983768141e-08
4.517187500000000000e+01,1.612642940623068784e-08
4.518750000000000000e+01,1.585504094155576412e-08
4.520312500000000000e+01,1.550166838896212734e-08
4.521875000000000000e+01,1.553168292896966124e-08
4.523437500000000000e+01,1.557462506705110336e-08
4.525000000000000000e+01,1.507156670984667207e-08
4.526562500000000000e+01,1.410480384404697378e-08
4.528125000000000000e+01,1.328123827389979623e-08
4.529687500000000000e+01,1.282683686308026799e-08
4.531250000000000000e+01,1.240680893816351627e-08
4.532812500000000000e+01,1.196296040353762477e-08
4.534375000000000000e+01,1.176234181336912249e-08
4.535937500000000000e+01,1.201767495184701185e-08
4.537500000000000000e+01,1.254919843282559302e-08
4.539062500000000000e+01,1.303116409597911844e-08
4.540625000000000000e+01,1.341561343189645500e-08
4.542187500000000000e+01,1.369389783596900818e-08
4.543750000000000000e+01,1.376105266355477148e-08
4.545312500000000000e+01,1.367189465026985967e-08
4.546875000000000000e+01,1.372235700861634839e-08
4.548437500000000000e+01,1.397632873832030599e-08
4.550000000000000000e+01,1.438266131368509778e-08
4.551562500000000000e+01,1.529202099479952438e-08
4.553125000000000000e+01,1.680615460578637130e-08
4.554687500000000000e+01,1.807659008140269718e-08
4.556250000000000000e+01,1.858269552122448068e-08
4.557812500000000000e+01,1.905868037275219697e-08
4.559375000000000000e+01,1.986096846264141981e-08
4.560937500000000000e+01,2.017406447961632574e-08
4.562500000000000000e+01,1.950469884565183817e-08
4.564062500000000000e+01,1.824423614679105484e-08
4.565625000000000000e+01,1.699919335587638055e-08
4.567187500000000000e+01,1.610999160152845173e-08
4.568750000000000000e+01,1.573395274186160599e-08
4.570312500000000000e+01,1.519474222200766491e-08
4.571875000000000000e+01,1.373528343381007241e-08
4.573437500000000000e+01,1.209285746523480693e-08
4.575000000000000000e+01,1.142048295648153908e-08
4.576562500000000000e+01,1.178491925614838308e-08
4.578125000000000000e+01,1.288160175879181694e-08
4.579687500000000000e+01,1.408468178475941183e-08
4.581250000000000000e+01,1.477920314843505097e-08
4.582812500000000000e+01,1.519453848574227643e-08
4.584375000000000000e+01,1.582008203017974591e-08
4.585937500000000000e+01,1.633472602143861800e-08
4.587500000000000000e+01,1.597468106862056435e-08
4.589062500000000000e+01,1.508978928936034516e-08
4.590625000000000000e+01,1.480007792061202750e-08
4.592187500000000000e+01,1.474705224247048813e-08
4.593750000000000000e+01,1.407054683378682759e-08
4.595312500000000000e+01,1.301124874680329821e-08
4.596875000000000000e+01,1.197535974688725423e-08
4.598437500000000000e+01,1.112089465154727223e-08
4.600000000000000000e+01,1.079572515018321762e-08
4.601562500000000000e+01,1.106707378532975113e-08
4.603125000000000000e+01,1.161275264643917198e-08
4.604687500000000000e+01,1.227572677473695364e-08
4.606250000000000000e+01,1.294465867452738316e-08
4.607812500000000000e+01,1.332751024707747711e-08
4.609375000000000000e+01,1.334029468416208066e-08
4.610937500000000000e+01,1.358813759694497202e-08
4.612500000000000000e+01,1.477689312091177232e-08
4.614062500000000000e+01,1.626390443845168124e-08
4.615625000000000000e+01,1.679779053158382406e-08
4.617187500000000000e+01,1.633645482855230032e-08
4.618750000000000000e+01,1.593662501402590139e-08
4.620312500000000000e+01,1.624327970121989627e-08
4.621875000000000000e+01,1.710843345633484701e-08
4.623437500000000000e+01,1.828391597831458657e-08
4.625000000000000000e+01,1.943773128018536865e-08
4.626562500000000000e+01,1.988759809564430354e-08
4.628125000000000000e+01,1.910810669050238239e-08
4.629687500000000000e+01,1.762638568957108286e-08
4.631250000000000000e+01,1.649218126747517520e-08
4.632812500000000000e+01,1.578273952691796041e-08
4.634375000000000000e+01,1.501784700407523110e-08
4.635937500000000000e+01,1.433828886620825107e-08
4.637500000000000000e+01,1.383833150603432825e-08
4.639062500000000000e+01,1.339002146048465540e-08
4.640625000000000000e+01,1.325839138638432524e-08
4.642187500000000000e+01,1.330982669458641631e-08
4.643750000000000000e+01,1.312259933751999683e-08
4.645312500000000000e+01,1.291788529061646985e-08
4.646875000000000000e+01,1.340873962409322274e-08
4.648437500000000000e+01,1.501047862371400797e-08
4.650000000000000000e+01,1.699925816083910438e-08
4.651562500000000000e+01,1.798645686022014794e-08
4.653125000000000000e+01,1.740233095147424897e-08
4.654687500000000000e+01,1.599919172967560716e-08
4.656250000000000000e+01,1.506673813408168361e-08
4.657812500000000000e+01,1.522773679069234330e-08
4.659375000000000000e+01,1.556116822674208765e-08
4.660937500000000000e+01,1.495949755121041084e-08
4.662500000000000000e+01,1.381608418202536675e-08
4.664062500000000000e+01,1.317359425991530638e-08
4.665625000000000000e+01,1.313816532396093220e-08
4.667187500000000000e+01,1.353861270220166888e-08
4.668750000000000000e+01,1.438858207067472159e-08
4.670312500000000000e+01,1.520807143470987743e-08
4.671875000000000000e+01,1.544952739908278005e-08
4.673437500000000000e+01,1.510036271427359475e-08
4.675000000000000000e+01,1.421914622508050669e-08
4.676562500000000000e+01,1.299427361393574003e-08
4.678125000000000000e+01,1.249220680440212953e-08
4.679687500000000000e+01,1.310902080038201365e-08
4.681250000000000000e+01,1.371109814660303410e-08
4.682812500000000000e+01,1.374492833859235828e-08
4.684375000000000000e+01,1.357668323535443525e-08
4.685937500000000000e+01,1.360904523594304653e-08
4.687500000000000000e+01,1.400231300804021616e-08
4.689062500000000000e+01,1.471955624024847574e-08
4.690625000000000000e+01,1.558212557173577498e-08
4.692187500000000000e+01,1.635865078952417011e-08
4.693750000000000000e+01,1.692688949001130390e-08
4.695312500000000000e+01,1.731643692158009959e-08
4.696875000000000000e+01,1.722529476039540462e-08
4.698437500000000000e+01,1.617996407654320933e-08
4.700000000000000000e+01,1.475094400915549927e-08
4.701562500000000000e+01,1.433407938384689476e-08
4.703125000000000000e+01,1.515449494438506427e-08
4.704687500000000000e+01,1.613535191175915978e-08
4.706250000000000000e+01,1.637663648521272043e-08
4.707812500000000000e+01,1.569827324975142686e-08
4.709375000000000000e+01,1.489626784291712707e-08
4.710937500000000000e+01,1.517098228055564730e-08
4.712500000000000000e+01,1.658705648741603984e-08
4.714062500000000000e+01,1.838374842409474578e-08
4.715625000000000000e+01,2.007800014812250390e-08
4.717187500000000000e+01,2.125174543865731206e-08
4.718750000000000000e+01,2.139293860798397573e-08
4.720312500000000000e+01,2.051620199376869103e-08
4.721875000000000000e+01,1.925191600566403219e-08
4.723437500000000000e+01,1.813484401966349251e-08
4.725000000000000000e+01,1.750567470546254716e-08
4.726562500000000000e+01,1.738069536002284484e-08
4.728125000000000000e+01,1.710964225483294662e-08
4.729687500000000000e+01,1.644558870847597423e-08
4.731250000000000000e+01,1.625230488347637752e-08
4.732812500000000000e+01,1.704209754559993697e-08
4.734375000000000000e+01,1.794019575647851747e-08
4.735937500000000000e+01,1.819101207419630870e-08
4.737500000000000000e+01,1.809334568012295705e-08
4.739062500000000000e+01,1.819042785552620937e-08
4.740625000000000000e+01,1.829534860749076696e-08
4.742187500000000000e+01,1.762017381631559571e-08
4.743750000000000000e+01,1.598543282833426739e-08
4.745312500000000000e+01,1.425490409415499138e-08
4.746875000000000000e+01,1.295422594470653191e-08
4.748437500000000000e+01,1.171802424509064971e-08
4.750000000000000000e+01,1.067332065100444491e-08
4.751562500000000000e+01,1.037007025668759605e-08
4.753125000000000000e+01,1.071616216064009805e-08
4.754687500000000000e+01,1.099765882936604568e-08
4.756250000000000000e+01,1.067080591776282955e-08
4.757812500000000000e+01,1.052557577095968041e-08
4.759375000000000000e+01,1.202663486644157224e-08
4.760937500000000000e+01,1.446942288291396857e-08
4.762500000000000000e+01,1.603061477302738331e-08
4.764062500000000000e+01,1.591114601787887322e-08
4.765625000000000000e+01,1.441085774573739863e-08
4.767187500000000000e+01,1.248524604063204603e-08
4.768750000000000000e+01,1.140123825827550163e-08
4.770312500000000000e+01,1.186405904329471450e-08
4.771875000000000000e+01,1.301127168974336946e-08
4.773437500000000000e+01,1.379949983520035385e-08
4.775000000000000000e+01,1.399733876079708513e-08
4.776562500000000000e+01,1.356434804057014350e-08
4.778125000000000000e+01,1.249648243829953913e-08
4.779687500000000000e+01,1.122979301383217260e-08
4.781250000000000000e+01,1.041279699696840471e-08
4.782812500000000000e+01,1.041935759305653380e-08
4.784375000000000000e+01,1.124398036651845023e-08
4.785937500000000000e+01,1.238613613389494775e-08
4.787500000000000000e+01,1.311220649052536394e-08
4.789062500000000000e+01,1.305561877203787953e-08
4.790625000000000000e+01,1.255233712865669832e-08
4.792187500000000000e+01,1.217711461062480137e-08
4.793750000000000000e+01,1.208069240569516366e-08
4.795312500000000000e+01,1.217855037779024193e-08
4.796875000000000000e+01,1.212256076074493574e-08
4.798437500000000000e+01,1.148945717291468189e-08
4.800000000000000000e+01,1.049193199769433206e-08
4.801562500000000000e+01,9.513596070437951577e-09
4.803125000000000000e+01,8.644926739157840596e-09
4.804687500000000000e+01,8.408034770259359088e-09
4.806250000000000000e+01,9.154675248946398346e-09
4.807812500000000000e+01,1.023017946459023160e-08
4.809375000000000000e+01,1.100360288121350202e-08
4.810937500000000000e+01,1.137511174789845104e-08
4.812500000000000000e+01,1.134540923311909553e-08
4.814062500000000000e+01,1.067110974040011021e-08
4.815625000000000000e+01,9.509924160480572184e-09
4.817187500000000000e+01,8.959505799128272522e-09
4.818750000000000000e+01,9.539726545640044558e-09
4.820312500000000000e+01,1.026575695591851387e-08
4.821875000000000000e+01,1.058889199741327392e-08
4.823437500000000000e+01,1.126567665280245988e-08
4.825000000000000000e+01,1.286319681764439672e-08
4.826562500000000000e+01,1.449720444659238368e-08
4.828125000000000000e+01,1.531905012570445306e-08
4.829687500000000000e+01,1.547878175971725949e-08
4.831250000000000000e+01,1.530334410234523268e-08
4.832812500000000000e+01,1.483175916331859243e-08
4.834375000000000000e+01,1.433937791053494076e-08
4.835937500000000000e+01,1.408119001861716033e-08
4.837500000000000000e+01,1.401723172562296846e-08
4.839062500000000000e+01,1.405275059040837766e-08
4.840625000000000000e+01,1.390084692496390296e-08
4.842187500000000000e+01,1.341186744474748205e-08
4.843750000000000000e+01,1.276508786675799384e-08
4.845312500000000000e+01,1.201018537893639913e-08
4.846875000000000000e+01,1.126310839380681387e-08
4.848437500000000000e+01,1.085378867648370973e-08
4.850000000000000000e+01,1.096306850118166287e-08
4.851562500000000000e+01,1.153203465647131576e-08
4.853125000000000000e+01,1.220943875466743649e-08
4.854687500000000000e+01,1.273075595950334978e-08
4.856250000000000000e+01,1.309587077852567706e-08
4.857812500000000000e+01,1.319363878584106796e-08
4.859375000000000000e+01,1.280832483210532199e-08
4.860937500000000000e+01,1.198011624860838135e-08
4.862500000000000000e+01,1.123847101200951672e-08
4.864062500000000000e+01,1.130693505392376423e-08
4.865625000000000000e+01,1.236370191921790206e-08
4.867187500000000000e+01,1.359827273042414098e-08
4.868750000000000000e+01,1.403006643161390025e-08
4.870312500000000000e+01,1.346439243455293562e-08
4.871875000000000000e+01,1.260866901770001338e-08
4.873437500000000000e+01,1.215186987388331579e-08
4.875000000000000000e+01,1.198834090689421525e-08
4.876562500000000000e+01,1.187048925849485475e-08
4.878125000000000000e+01,1.180921790129676612e-08
4.879687500000000000e+01,1.181526539237331251e-08
4.881250000000000000e+01,1.164993857895733623e-08
4.882812500000000000e+01,1.099733550341465638e-08
4.884375000000000000e+01,9.939441296649177942e-09
4.885937500000000000e+01,8.992912564197204537e-09
4.887500000000000000e+01,8.759862625178790117e-09
4.889062500000000000e+01,9.513900041374058427e-09
4.890625000000000000e+01,1.084952365904437535e-08
4.892187500000000000e+01,1.199041946426063416e-08
4.893750000000000000e+01,1.254239090860859233e-08
4.895312500000000000e+01,1.258371368864089455e-08
4.896875000000000000e+01,1.227336418505109808e-08
4.898437500000000000e+01,1.163680010306509233e-08
4.900000000000000000e+01,1.086553563784875273e-08
4.901562500000000000e+01,1.054642744037973765e-08
4.903125000000000000e+01,1.087493340648343673e-08
4.904687500000000000e+01,1.139674361928547154e-08
4.906250000000000000e+01,1.176923731155796201e-08
4.907812500000000000e+01,1.168932590840829189e-08
4.909375000000000000e+01,1.095988864512019715e-08
4.910937500000000000e+01,9.983228957182194340e-09
4.912500000000000000e+01,9.360865316236243835e-09
4.914062500000000000e+01,9.164944714616389208e-09
4.915625000000000000e+01,9.212625684036146372e-09
4.917187500000000000e+01,9.368559014172323095e-09
4.918750000000000000e+01,9.737738364879830485e-09
4.920312500000000000e+01,1.070470149009539531e-08
4.921875000000000000e+01,1.188880562757600366e-08
4.923437500000000000e+01,1.218644795948679093e-08
4.925000000000000000e+01,1.113904977309004353e-08
4.926562500000000000e+01,9.408728530893521224e-09
4.928125000000000000e+01,8.240057802592383936e-09
4.929687500000000000e+01,8.281242978412900008e-09
4.931250000000000000e+01,9.142084664103940399e-09
4.932812500000000000e+01,1.021891663448152041e-08
4.934375000000000000e+01,1.094783185669609323e-08
4.935937500000000000e+01,1.085523962919192400e-08
4.937500000000000000e+01,9.993319066541136177e-09
4.939062500000000000e+01,9.179786521462095919e-09
4.940625000000000000e+01,9.188440926941991414e-09
4.942187500000000000e+01,9.858267834174615289e-09
4.943750000000000000e+01,1.069188802584067707e-08
4.945312500000000000e+01,1.125973097970575219e-08
4.946875000000000000e+01,1.121491266606379054e-08
4.948437500000000000e+01,1.091941803854908247e-08
4.950000000000000000e+01,1.118696069076820964e-08
4.951562500000000000e+01,1.170409962832826296e-08
4.953125000000000000e+01,1.145986114116295088e-08
4.954687500000000000e+01,1.070408390032371353e-08
4.956250000000000000e+01,1.083155241896315383e-08
4.957812500000000000e+01,1.187173332376039389e-08
4.959375000000000000e+01,1.261031048541309653e-08
4.960937500000000000e+01,1.248083586365180125e-08
4.962500000000000000e+01,1.154140868894845855e-08
4.964062500000000000e+01,1.023531171121085868e-08
4.965625000000000000e+01,9.302671364731336569e-09
4.967187500000000000e+01,9.356824897844643051e-09
4.968750000000000000e+01,1.021602392697454139e-08
4.970312500000000000e+01,1.095440038213837001e-08
4.971875000000000000e+01,1.103683184502344321e-08
4.973437500000000000e+01,1.081729139533748771e-08
4.975000000000000000e+01,1.064577448014354669e-08
4.976562500000000000e+01,1.025758930997418490e-08
4.978125000000000000e+01,9.687243976781196721e-09
4.979687500000000000e+01,9.534957015996731921e-09
4.981250000000000000e+01,1.008276768600683581e-08
4.982812500000000000e+01,1.088739093142198984e-08
4.984375000000000000e+01,1.127932707961377116e-08
4.985937500000000000e+01,1.121385712541332716e-08
4.987500000000000000e+01,1.111205195372311978e-08
4.989062500000000000e+01,1.089518187939849050e-08
4.990625000000000000e+01,1.033244632971450587e-08
4.992187500000000000e+01,9.959182970804713693e-09
4.993750000000000000e+01,1.008558345127249546e-08
4.995312500000000000e+01,1.023362076871236060e-08
4.996875000000000000e+01,1.051115871234240651e-08
4.998437500000000000e+01,1.117701748885885691e-08
5.000000000000000000e+01,1.188223387949038947e-08
5.001562500000000000e+01,1.244132332658275182e-08
5.003125000000000000e+01,1.282399339342351784e-08
5.004687500000000000e+01,1.276481892571211094e-08
5.006250000000000000e+01,1.213340751413774525e-08
5.007812500000000000e+01,1.132868693456277692e-08
5.009375000000000000e+01,1.116457656246728197e-08
5.010937500000000000e+01,1.214595044465034004e-08
5.012500000000000000e+01,1.362223143618668726e-08
5.014062500000000000e+01,1.445916219398265749e-08
5.015625000000000000e+01,1.419246000203210816e-08
5.017187500000000000e+01,1.310017305489755898e-08
5.018750000000000000e+01,1.193668235371628437e-08
5.020312500000000000e+01,1.120010242523415929e-08
5.021875000000000000e+01,1.045900002584247847e-08
5.023437500000000000e+01,9.495611562204598843e-09
5.025000000000000000e+01,8.688684488760204917e-09
5.026562500000000000e+01,8.165739412341127545e-09
5.028125000000000000e+01,7.854696435557527300e-09
5.029687500000000000e+01,7.676415261326494362e-09
5.031250000000000000e+01,7.553261530920752962e-09
5.032812500000000000e+01,7.608090494815258485e-09
5.034375000000000000e+01,7.911779368343360343e-09
5.035937500000000000e+01,8.334010758320923780e-09
5.037500000000000000e+01,8.867592232101717653e-09
5.039062500000000000e+01,9.400676820215492283e-09
5.040625000000000000e+01,9.501980286549364944e-09
5.042187500000000000e+01,9.139735035457715043e-09
5.043750000000000000e+01,9.005664513161486092e-09
5.045312500000000000e+01,9.534494746047586368e-09
5.046875000000000000e+01,1.041264446502803074e-08
5.048437500000000000e+01,1.125521980150467408e-08
5.050000000000000000e+01,1.190575599471267064e-08
5.051562500000000000e+01,1.229408686160997901e-08
5.053125000000000000e+01,1.225945888115330169e-08
5.054687500000000000e+01,1.171074762755562990e-08
5.056250000000000000e+01,1.075826195641160538e-08
5.057812500000000000e+01,9.600273464623784202e-09
5.059375000000000000e+01,8.503237652908324608e-09
5.060937500000000000e+01,7.762815896569156550e-09
5.062500000000000000e+01,7.654374272680319236e-09
5.064062500000000000e+01,7.966637952329400858e-09
5.065625000000000000e+01,8.239435601015839084e-09
5.067187500000000000e+01,8.628962226322745174e-09
5.068750000000000000e+01,9.504872290834716789e-09
5.070312500000000000e+01,1.087013606199051428e-08
5.071875000000000000e+01,1.218217732899860616e-08
5.073437500000000000e+01,1.260430449656675976e-08
5.075000000000000000e+01,1.191205251679302003e-08
5.076562500000000000e+01,1.082312911369270796e-08
5.078125000000000000e+01,1.028088315401182715e-08
5.079687500000000000e+01,1.058496676937250739e-08
5.081250000000000000e+01,1.129577963979290468e-08
5.082812500000000000e+01,1.188846498902554465e-08
5.084375000000000000e+01,1.238824864219966582e-08
5.085937500000000000e+01,1.285750391455639925e-08
5.087500000000000000e+01,1.275716527401444309e-08
5.089062500000000000e+01,1.176836370779078739e-08
5.090625000000000000e+01,1.045395313807941876e-08
5.092187500000000000e+01,9.694001899369487792e-09
5.093750000000000000e+01,9.762802508640455094e-09
5.095312500000000000e+01,1.015594648009247704e-08
5.096875000000000000e+01,1.033128836831859801e-08
5.098437500000000000e+01,1.004148370036315616e-08
5.100000000000000000e+01,9.190110489956702607e-09
5.101562500000000000e+01,7.949365332382780507e-09
5.103125000000000000e+01,6.834571325687031312e-09
5.104687500000000000e+01,6.258238460019798006e-09
5.106250000000000000e+01,6.114321456694019577e-09
5.107812500000000000e+01,6.150520902096793099e-09
5.109375000000000000e+01,6.415921040539065322e-09
5.110937500000000000e+01,7.318238329459006463e-09
5.112500000000000000e+01,8.942059076332000822e-09
5.114062500000000000e+01,1.068971130733276163e-08
5.115625000000000000e+01,1.192588620596423411e-08
5.117187500000000000e+01,1.233974278705293337e-08
5.118750000000000000e+01,1.225337616813727387e-08
5.120312500000000000e+01,1.221699648300227388e-08
5.121875000000000000e+01,1.203328064557098077e-08
5.123437500000000000e+01,1.149247123950789729e-08
5.125000000000000000e+01,1.123758762821975993e-08
5.126562500000000000e+01,1.164741365888768048e-08
5.128125000000000000e+01,1.200044627806899507e-08
5.129687500000000000e+01,1.161596613303162510e-08
5.131250000000000000e+01,1.053986685943597035e-08
5.132812500000000000e+01,9.402011815722558604e-09
5.134375000000000000e+01,9.069088452807114420e-09
5.135937500000000000e+01,9.385237142061431514e-09
5.137500000000000000e+01,9.231583409341296819e-09
5.139062500000000000e+01,8.334234659417710914e-09
5.140625000000000000e+01,7.436834561115877294e-09
5.142187500000000000e+01,7.105737517091683037e-09
5.143750000000000000e+01,7.169890429582297773e-09
5.145312500000000000e+01,7.267071016096813248e-09
5.146875000000000000e+01,7.299761275560900029e-09
5.148437500000000000e+01,7.504893653254351918e-09
5.150000000000000000e+01,7.961035213953703719e-09
5.151562500000000000e+01,8.393449786227526079e-09
5.153125000000000000e+01,8.591853558462832481e-09
5.154687500000000000e+01,8.460434155319196088e-09
5.156250000000000000e+01,8.053464287798151403e-09
5.157812500000000000e+01,7.727463175241269031e-09
5.159375000000000000e+01,7.990673847318326426e-09
5.160937500000000000e+01,8.901525622302440588e-09
5.162500000000000000e+01,9.879043363935652474e-09
5.164062500000000000e+01,1.056265127649668334e-08
5.165625000000000000e+01,1.094944059670259914e-08
5.167187500000000000e+01,1.095588550681371223e-08
5.168750000000000000e+01,1.063518950761965176e-08
5.170312500000000000e+01,1.018735807397356158e-08
5.171875000000000000e+01,9.547064065789747098e-09
5.173437500000000000e+01,8.747201104063842485e-09
5.175000000000000000e+01,8.302582627924225425e-09
5.176562500000000000e+01,8.441790837330598086e-09
5.178125000000000000e+01,8.600186101680294011e-09
5.179687500000000000e+01,8.309158516894599269e-09
5.181250000000000000e+01,7.675195365440131283e-09
5.182812500000000000e+01,7.158044889998834392e-09
5.184375000000000000e+01,7.280788719331327176e-09
5.185937500000000000e+01,8.094432699848061984e-09
5.187500000000000000e+01,8.979319358383222977e-09
5.189062500000000000e+01,9.613076227766379512e-09
5.190625000000000000e+01,1.030285367550448978e-08
5.192187500000000000e+01,1.095135167966528950e-08
5.193750000000000000e+01,1.099420921046138751e-08
5.195312500000000000e+01,1.057528820855467670e-08
5.196875000000000000e+01,1.050712739776543474e-08
5.198437500000000000e+01,1.085086567003827502e-08
5.200000000000000000e+01,1.085574234717319909e-08
5.201562500000000000e+01,1.035526606627782954e-08
5.203125000000000000e+01,9.848455529381825458e-09
5.204687500000000000e+01,9.500379565837325829e-09
5.206250000000000000e+01,9.238199883082456385e-09
5.207812500000000000e+01,9.303498909689152849e-09
5.209375000000000000e+01,9.567982260487388068e-09
5.210937500000000000e+01,9.516841429961088130e-09
5.212500000000000000e+01,9.248434394137703830e-09
5.214062500000000000e+01,9.267483898426689173e-09
5.215625000000000000e+01,9.555892809444477163e-09
5.217187500000000000e+01,9.627971862494484122e-09
5.218750000000000000e+01,9.237849357193083717e-09
5.220312500000000000e+01,8.723330711303986506e-09
5.221875000000000000e+01,8.609925071096130555e-09
5.223437500000000000e+01,8.917094195677273192e-09
5.225000000000000000e+01,9.275277163039920196e-09
5.226562500000000000e+01,9.619828732703096157e-09
5.228125000000000000e+01,1.024569075563006364e-08
5.229687500000000000e+01,1.098348506077707622e-08
5.231250000000000000e+01,1.126122984718024588e-08
5.232812500000000000e+01,1.098370972934785633e-08
5.234375000000000000e+01,1.049649239280447161e-08
5.235937500000000000e+01,1.011853123622033049e-08
5.237500000000000000e+01,9.894287485545111224e-09
5.239062500000000000e+01,9.489807277102034980e-09
5.240625000000000000e+01,8.611071333673210542e-09
5.242187500000000000e+01,7.651176041459566167e-09
5.243750000000000000e+01,7.468482496473736712e-09
5.245312500000000000e+01,7.919050746824041794e-09
5.246875000000000000e+01,8.179189832267180079e-09
5.248437500000000000e+01,8.231125181494123026e-09
5.250000000000000000e+01,8.363793883550567355e-09
5.251562500000000000e+01,8.369809703731989505e-09
5.253125000000000000e+01,8.194691094522804443e-09
5.254687500000000000e+01,8.256139931097187964e-09
5.256250000000000000e+01,8.696250400192174896e-09
5.257812500000000000e+01,9.262390064566061550e-09
5.259375000000000000e+01,9.653604482601426717e-09
5.260937500000000000e+01,9.669881076401513247e-09
5.262500000000000000e+01,9.266591026470297269e-09
5.264062500000000000e+01,8.647306872216096589e-09
5.265625000000000000e+01,8.314945175025883130e-09
5.267187500000000000e+01,8.397515999388238454e-09
5.268750000000000000e+01,8.487752133717838903e-09
5.270312500000000000e+01,8.404672195646741551e-09
5.271875000000000000e+01,8.220507460562372424e-09
5.273437500000000000e+01,8.122745342968708433e-09
5.275000000000000000e+01,8.297390075492016591e-09
5.276562500000000000e+01,8.639860368196849432e-09
5.278125000000000000e+01,9.097091296098610567e-09
5.279687500000000000e+01,9.815204089690174125e-09
5.281250000000000000e+01,1.077026651890444403e-08
5.282812500000000000e+01,1.157415321358038244e-08
5.284375000000000000e+01,1.163096248247706680e-08
5.285937500000000000e+01,1.081385956867773904e-08
5.287500000000000000e+01,9.797892741969877037e-09
5.289062500000000000e+01,9.322673101029381792e-09
5.290625000000000000e+01,9.449875646502013148e-09
5.292187500000000000e+01,9.866524232204524001e-09
5.293750000000000000e+01,1.029294352251190080e-08
5.295312500000000000e+01,1.060856260324184202e-08
5.296875000000000000e+01,1.080465061346994402e-08
5.298437500000000000e+01,1.087660188691705918e-08
5.300000000000000000e+01,1.098825557481117338e-08
5.301562500000000000e+01,1.125022216350223325e-08
5.303125000000000000e+01,1.139569331274715246e-08
5.304687500000000000e+01,1.114891885893713815e-08
5.306250000000000000e+01,1.052286097317485668e-08
5.307812500000000000e+01,9.714317937334888522e-09
5.309375000000000000e+01,9.098981555858611765e-09
5.310937500000000000e+01,9.025222164183401521e-09
5.312500000000000000e+01,9.395118095629225964e-09
5.314062500000000000e+01,1.005427934668012958e-08
5.315625000000000000e+01,1.076203309566340106e-08
5.317187500000000000e+01,1.090588420701328192e-08
5.318750000000000000e+01,1.030006877326397909e-08
5.320312500000000000e+01,9.457604998233028924e-09
5.321875000000000000e+01,8.825597763175298790e-09
5.323437500000000000e+01,8.439419704076331281e-09
5.325000000000000000e+01,8.195846569554858342e-09
5.326562500000000000e+01,8.077685845235070305e-09
5.328125000000000000e+01,8.156614011919579212e-09
5.329687500000000000e+01,8.517626670572744339e-09
5.331250000000000000e+01,9.018009437737526145e-09
5.332812500000000000e+01,9.254557194139658911e-09
5.334375000000000000e+01,9.144814704965546017e-09
5.335937500000000000e+01,9.066227006030270231e-09
5.337500000000000000e+01,9.224780041514921981e-09
5.339062500000000000e+01,9.517228222695455454e-09
5.340625000000000000e+01,9.858866361710973686e-09
5.342187500000000000e+01,1.009205972722476668e-08
5.343750000000000000e+01,1.009705658159258525e-08
5.345312500000000000e+01,1.017455713285155369e-08
5.346875000000000000e+01,1.072472386361343468e-08
5.348437500000000000e+01,1.136311907452384678e-08
5.350000000000000000e+01,1.138789598248855407e-08
5.351562500000000000e+01,1.089462275906407373e-08
5.353125000000000000e+01,1.043141820084285919e-08
5.354687500000000000e+01,9.972779499589101560e-09
5.356250000000000000e+01,9.235465238816342645e-09
5.357812500000000000e+01,8.418028736983856199e-09
5.359375000000000000e+01,8.036490878226620325e-09
5.360937500000000000e+01,8.118802366623172602e-09
5.362500000000000000e+01,8.060771469943866493e-09
5.364062500000000000e+01,7.681839398818020769e-09
5.365625000000000000e+01,7.476383764671715078e-09
5.367187500000000000e+01,7.783147204854249752e-09
5.368750000000000000e+01,8.408488177992598445e-09
5.370312500000000000e+01,9.069124780740396546e-09
5.371875000000000000e+01,9.707362139607828179e-09
5.373437500000000000e+01,1.023579572316256017e-08
5.375000000000000000e+01,1.026496377164905251e-08
5.376562500000000000e+01,9.736004448632352041e-09
5.378125000000000000e+01,9.291367213759418135e-09
5.379687500000000000e+01,9.264877770047662306e-09
5.381250000000000000e+01,9.220083944082631438e-09
5.382812500000000000e+01,8.770282960254202514e-09
5.384375000000000000e+01,7.987019293550142073e-09
5.385937500000000000e+01,7.419565064676237052e-09
5.387500000000000000e+01,7.442713320461849822e-09
5.389062500000000000e+01,7.673411306530058931e-09
5.390625000000000000e+01,7.856998926166242492e-09
5.392187500000000000e+01,8.147208421569808504e-09
5.393750000000000000e+01,8.531938648090287490e-09
5.395312500000000000e+01,8.801494602600254860e-09
5.396875000000000000e+01,8.754265508361960971e-09
5.398437500000000000e+01,8.459438994800202867e-09
5.400000000000000000e+01,8.210575003559024048e-09
5.401562500000000000e+01,8.074202005595650104e-09
5.403125000000000000e+01,7.890803220131807053e-09
5.404687500000000000e+01,7.555417893101536725e-09
5.406250000000000000e+01,7.104333232250695713e-09
5.407812500000000000e+01,6.822575759101308342e-09
5.409375000000000000e+01,6.936647181857590277e-09
5.410937500000000000e+01,7.283249620627497986e-09
5.412500000000000000e+01,7.650687701246278149e-09
5.414062500000000000e+01,7.948498237737628373e-09
5.415625000000000000e+01,8.009649788167943463e-09
5.417187500000000000e+01,7.739191056238119262e-09
5.418750000000000000e+01,7.488416222516505719e-09
5.420312500000000000e+01,7.628233539394391175e-09
5.421875000000000000e+01,7.819525104048766898e-09
5.423437500000000000e+01,7.633746086715377648e-09
5.425000000000000000e+01,7.307617038491127941e-09
5.426562500000000000e+01,7.322943403199324292e-09
5.428125000000000000e+01,7.502518797790193497e-09
5.429687500000000000e+01,7.466136864198558788e-09
5.431250000000000000e+01,7.283168541279121387e-09
5.432812500000000000e+01,7.104552826983394553e-09
5.434375000000000000e+01,7.017091680548560384e-09
5.435937500000000000e+01,6.919099129093991840e-09
5.437500000000000000e+01,6.657645975659540901e-09
5.439062500000000000e+01,6.392329266108061291e-09
5.440625000000000000e+01,6.112557601623765772e-09
5.442187500000000000e+01,5.595815647776181250e-09
5.443750000000000000e+01,5.270493461872735430e-09
5.445312500000000000e+01,5.684427780303808570e-09
5.446875000000000000e+01,6.331243759957220231e-09
5.448437500000000000e+01,6.651854622528772448e-09
5.450000000000000000e+01,6.748959925671418993e-09
5.451562500000000000e+01,6.912099604462786252e-09
5.453125000000000000e+01,7.027973739075483589e-09
5.454687500000000000e+01,6.867561663921548062e-09
5.456250000000000000e+01,6.585210986312229805e-09
5.457812500000000000e+01,6.343227767135722124e-09
5.459375000000000000e+01,6.114865542983054809e-09
5.460937500000000000e+01,6.112312703969949117e-09
5.462500000000000000e+01,6.425977268204768894e-09
5.464062500000000000e+01,6.769888167851544763e-09
5.465625000000000000e+01,6.962227425878660883e-09
5.467187500000000000e+01,7.118060955928930383e-09
5.468750000000000000e+01,7.491306013477327154e-09
5.470312500000000000e+01,8.033979788644257281e-09
5.471875000000000000e+01,8.324812105738303870e-09
5.473437500000000000e+01,8.165382872207047688e-09
5.475000000000000000e+01,7.745474030883924474e-09
5.476562500000000000e+01,7.240620759986363760e-09
5.478125000000000000e+01,6.660781742863509158e-09
5.479687500000000000e+01,6.135944580947627562e-09
5.481250000000000000e+01,5.983420224386065797e-09
5.482812500000000000e+01,6.157965880108026308e-09
5.484375000000000000e+01,6.231984000465270745e-09
5.485937500000000000e+01,5.991892229519833941e-09
5.487500000000000000e+01,5.544433990096846556e-09
5.489062500000000000e+01,5.122831066247870060e-09
5.490625000000000000e+01,5.009013204857549947e-09
5.492187500000000000e+01,5.502870339128720639e-09
5.493750000000000000e+01,6.501630878951575257e-09
5.495312500000000000e+01,7.392591378869495930e-09
5.496875000000000000e+01,7.694358012546886539e-09
5.498437500000000000e+01,7.432390259111342636e-09
5.500000000000000000e+01,6.965602383048369286e-09
5.501562500000000000e+01,6.516672173101160445e-09
5.503125000000000000e+01,6.081931852287822835e-09
5.504687500000000000e+01,5.736293991867325945e-09
5.506250000000000000e+01,5.526289870629436873e-09
5.507812500000000000e+01,5.370846492483487155e-09
5.509375000000000000e+01,5.414715977928442760e-09
5.510937500000000000e+01,5.834262996400606074e-09
5.512500000000000000e+01,6.364458625051414381e-09
5.514062500000000000e+01,6.645579215266136302e-09
5.515625000000000000e+01,6.613287422769239913e-09
5.517187500000000000e+01,6.404229042733599677e-09
5.518750000000000000e+01,6.113996146756048887e-09
5.520312500000000000e+01,5.863987139717097418e-09
5.521875000000000000e+01,5.868395408549224618e-09
5.523437500000000000e+01,6.138560485216713396e-09
5.525000000000000000e+01,6.553548875116426530e-09
5.526562500000000000e+01,6.971267883575182684e-09
5.528125000000000000e+01,7.131157697996901189e-09
5.529687500000000000e+01,6.875439763180038537e-09
5.531250000000000000e+01,6.372657654604827068e-09
5.532812500000000000e+01,6.011666135939582083e-09
5.534375000000000000e+01,6.049255492325497342e-09
5.535937500000000000e+01,6.337579037857961429e-09
5.537500000000000000e+01,6.564278997448585071e-09
5.539062500000000000e+01,6.578682856975902328e-09
5.540625000000000000e+01,6.454520604400479206e-09
5.542187500000000000e+01,6.314522927241735901e-09
5.543750000000000000e+01,6.150770450263138961e-09
5.545312500000000000e+01,5.965844155696726939e-09
5.546875000000000000e+01,5.939952046749531929e-09
5.548437500000000000e+01,6.178890572664621523e-09
5.550000000000000000e+01,6.554537998939602198e-09
5.551562500000000000e+01,6.816888163175194502e-09
5.553125000000000000e+01,6.675332678446848346e-09
5.554687500000000000e+01,6.115531305747927814e-09
5.556250000000000000e+01,5.476654412852345093e-09
5.557812500000000000e+01,5.068859101265869576e-09
5.559375000000000000e+01,4.959197802488102330e-09
5.560937500000000000e+01,5.084125631833866110e-09
5.562500000000000000e+01,5.329623430754366203e-09
5.564062500000000000e+01,5.553310259200205318e-09
5.565625000000000000e+01,5.613183438088712618e-09
5.567187500000000000e+01,5.440526502697360859e-09
5.568750000000000000e+01,5.154991897605326588e-09
5.570312500000000000e+01,4.985659028776970397e-09
5.571875000000000000e+01,4.971164038945519079e-09
5.573437500000000000e+01,5.132920421304383903e-09
5.575000000000000000e+01,5.557254100299120585e-09
5.576562500000000000e+01,6.031522403632064676e-09
5.578125000000000000e+01,6.322161002670576101e-09
5.579687500000000000e+01,6.465088495838801333e-09
5.581250000000000000e+01,6.600363779296824545e-09
5.582812500000000000e+01,6.742733365767395655e-09
5.584375000000000000e+01,6.795690893116690988e-09
5.585937500000000000e+01,6.786471160042950354e-09
5.587500000000000000e+01,6.795384673496491290e-09
5.589062500000000000e+01,6.755450690445288535e-09
5.590625000000000000e+01,6.542375924837757878e-09
5.592187500000000000e+01,6.257049706450994991e-09
5.593750000000000000e+01,6.140467089552513545e-09
5.595312500000000000e+01,6.169285193756136772e-09
5.596875000000000000e+01,6.254211314678635597e-09
5.598437500000000000e+01,6.446345728395886667e-09
5.600000000000000000e+01,6.591728541843630131e-09
5.601562500000000000e+01,6.518577878270432454e-09
5.603125000000000000e+01,6.423537852102643555e-09
5.604687500000000000e+01,6.471277411667904915e-09
5.606250000000000000e+01,6.389019980885407760e-09
5.607812500000000000e+01,6.105000327216304318e-09
5.609375000000000000e+01,6.004170384119768487e-09
5.610937500000000000e+01,6.353089062131019896e-09
5.612500000000000000e+01,7.104320496694558855e-09
5.614062500000000000e+01,7.891816546454160319e-09
5.615625000000000000e+01,8.314638730344129129e-09
5.617187500000000000e+01,8.276211266885468925e-09
5.618750000000000000e+01,7.871982822263300255e-09
5.620312500000000000e+01,7.222455789915762365e-09
5.621875000000000000e+01,6.470275768190925488e-09
5.623437500000000000e+01,5.877754827040178717e-09
5.625000000000000000e+01,5.654013359173573441e-09
5.626562500000000000e+01,5.716902650460585326e-09
5.628125000000000000e+01,5.899170500045983139e-09
5.629687500000000000e+01,5.999480299438295291e-09
5.631250000000000000e+01,5.832778964257680296e-09
5.632812500000000000e+01,5.406674519021342948e-09
5.634375000000000000e+01,4.865081257392364553e-09
5.635937500000000000e+01,4.468165553348627004e-09
5.637500000000000000e+01,4.497957797226004908e-09
5.639062500000000000e+01,4.909957196679905684e-09
5.640625000000000000e+01,5.376978579593971839e-09
5.642187500000000000e+01,5.578505651159712452e-09
5.643750000000000000e+01,5.460234379658610509e-09
5.645312500000000000e+01,5.346804742717228553e-09
5.646875000000000000e+01,5.556130532444354285e-09
5.648437500000000000e+01,5.897224853506531450e-09
5.650000000000000000e+01,6.010319152090850084e-09
5.651562500000000000e+01,5.888070704645092837e-09
5.653125000000000000e+01,5.669255149077827236e-09
5.654687500000000000e+01,5.383677519060776821e-09
5.656250000000000000e+01,5.295543698841482305e-09
5.657812500000000000e+01,5.998017775832087084e-09
5.659375000000000000e+01,7.673037608242125919e-09
5.660937500000000000e+01,9.892266947358410359e-09
5.662500000000000000e+01,1.216204380742314765e-08
5.664062500000000000e+01,1.414375694248593291e-08
5.665625000000000000e+01,1.567178303380064127e-08
5.667187500000000000e+01,1.686360509876487659e-08
5.668750000000000000e+01,1.797094902366910772e-08
5.670312500000000000e+01,1.882059795889786635e-08
5.671875000000000000e+01,1.904449823588958502e-08
5.673437500000000000e+01,1.850116937873177273e-08
5.675000000000000000e+01,1.694999483728961426e-08
5.676562500000000000e+01,1.430013732313155965e-08
5.678125000000000000e+01,1.132210761712642382e-08
5.679687500000000000e+01,9.171261732658937422e-09
5.681250000000000000e+01,8.065162929141283866e-09
5.682812500000000000e+01,7.440049758888146765e-09
5.684375000000000000e+01,7.154190922776602174e-09
5.685937500000000000e+01,7.353525951589513048e-09
5.687500000000000000e+01,7.710646393840973770e-09
5.689062500000000000e+01,7.705047866841615357e-09
5.690625000000000000e+01,7.213211229676624133e-09
5.692187500000000000e+01,6.506613788427528271e-09
5.693750000000000000e+01,6.034895948412776751e-09
5.695312500000000000e+01,6.097209708369385094e-09
5.696875000000000000e+01,6.508026830690801749e-09
5.698437500000000000e+01,6.733111156469223731e-09
5.700000000000000000e+01,6.481584942344563158e-09
5.701562500000000000e+01,6.074591243900482861e-09
5.703125000000000000e+01,5.917290506767297042e-09
5.704687500000000000e+01,5.897964100195276905e-09
5.706250000000000000e+01,5.933815696306388304e-09
5.707812500000000000e+01,6.075137525515320503e-09
5.709375000000000000e+01,6.039619445924619370e-09
5.710937500000000000e+01,5.584641139432326596e-09
5.712500000000000000e+01,4.978359238071998833e-09
5.714062500000000000e+01,4.716045250782881989e-09
5.715625000000000000e+01,4.737246803773571244e-09
5.717187500000000000e+01,4.702794501396979674e-09
5.718750000000000000e+01,4.689350555887248643e-09
5.720312500000000000e+01,4.706439255735362142e-09
5.721875000000000000e+01,4.566775798184749796e-09
5.723437500000000000e+01,4.323180694770568067e-09
5.725000000000000000e+01,4.130798982305405978e-09
5.726562500000000000e+01,4.105662537165911106e-09
5.728125000000000000e+01,4.285169421393628003e-09
5.729687500000000000e+01,4.499250704297297544e-09
5.731250000000000000e+01,4.567886697787221772e-09
5.732812500000000000e+01,4.563398331172910660e-09
5.734375000000000000e+01,4.674569763909270139e-09
5.735937500000000000e+01,4.886911155835576401e-09
5.737500000000000000e+01,5.115091062134315953e-09
5.739062500000000000e+01,5.339617627224085471e-09
5.740625000000000000e+01,5.472906736486839685e-09
5.742187500000000000e+01,5.384050607150341140e-09
5.743750000000000000e+01,4.981744553927087942e-09
5.745312500000000000e+01,4.344375485780477057e-09
5.746875000000000000e+01,3.829544645537596162e-09
5.748437500000000000e+01,3.823692008408322642e-09
5.750000000000000000e+01,4.182198562378703527e-09
5.751562500000000000e+01,4.523978647004541093e-09
5.753125000000000000e+01,4.798284727895704093e-09
5.754687500000000000e+01,5.068085387422467533e-09
5.756250000000000000e+01,5.303620762049342870e-09
5.757812500000000000e+01,5.448749836212721655e-09
5.759375000000000000e+01,5.459773567218290900e-09
5.760937500000000000e+01,5.467560989849424749e-09
5.762500000000000000e+01,5.736991275170452611e-09
5.764062500000000000e+01,6.119002360144476019e-09
5.765625000000000000e+01,6.090174207918633470e-09
5.767187500000000000e+01,5.528289764699181120e-09
5.768750000000000000e+01,4.891233152559778694e-09
5.770312500000000000e+01,4.537578919798412886e-09
5.771875000000000000e+01,4.364584143716332730e-09
5.773437500000000000e+01,4.251201830257049318e-09
5.775000000000000000e+01,4.157453974490842184e-09
5.776562500000000000e+01,4.063345772463725619e-09
5.778125000000000000e+01,4.047059863454896513e-09
5.779687500000000000e+01,4.124662226339410541e-09
5.781250000000000000e+01,4.179644449999857751e-09
5.782812500000000000e+01,4.173241677845578308e-09
5.784375000000000000e+01,4.195208413493917210e-09
5.785937500000000000e+01,4.292259049605082810e-09
5.787500000000000000e+01,4.378074007833755254e-09
5.789062500000000000e+01,4.375179800067166777e-09
5.790625000000000000e+01,4.376346580466709110e-09
5.792187500000000000e+01,4.491804622886311961e-09
5.793750000000000000e+01,4.604216556516337565e-09
5.795312500000000000e+01,4.538675605357043465e-09
5.796875000000000000e+01,4.359586709707161791e-09
5.798437500000000000e+01,4.248100458709839599e-09
5.800000000000000000e+01,4.192287825329318733e-09
5.801562500000000000e+01,4.064750025536459360e-09
5.803125000000000000e+01,3.862187932193727611e-09
5.804687500000000000e+01,3.743239681285413662e-09
5.806250000000000000e+01,3.899675872682587183e-09
5.807812500000000000e+01,4.270834573778140535e-09
5.809375000000000000e+01,4.545721165907499864e-09
5.810937500000000000e+01,4.582378469106479976e-09
5.812500000000000000e+01,4.490931987917244721e-09
5.814062500000000000e+01,4.366367636838422973e-09
5.815625000000000000e+01,4.198359165995522485e-09
5.817187500000000000e+01,3.978381682433953832e-09
5.818750000000000000e+01,3.746508739978926222e-09
5.820312500000000000e+01,3.578571134490618632e-09
5.821875000000000000e+01,3.546609240128134355e-09
5.823437500000000000e+01,3.580887904066962295e-09
5.825000000000000000e+01,3.578697497844372791e-09
5.826562500000000000e+01,3.630235126254293838e-09
5.828125000000000000e+01,3.733575164612887450e-09
5.829687500000000000e+01,3.649761504430377790e-09
5.831250000000000000e+01,3.336665284132431677e-09
5.832812500000000000e+01,3.054471886732479460e-09
5.834375000000000000e+01,2.968579395862430080e-09
5.835937500000000000e+01,3.010005176374850840e-09
5.837500000000000000e+01,3.170585356681739245e-09
5.839062500000000000e+01,3.452518688722027193e-09
5.840625000000000000e+01,3.710141611120266117e-09
5.842187500000000000e+01,3.800880453133999931e-09
5.843750000000000000e+01,3.735668520366824212e-09
5.845312500000000000e+01,3.684912233094756938e-09
5.846875000000000000e+01,3.802851840481289540e-09
5.848437500000000000e+01,4.012921633606820410e-09
5.850000000000000000e+01,4.133858582757996263e-09
5.851562500000000000e+01,4.104664580225200233e-09
5.853125000000000000e+01,3.936106787230146777e-09
5.854687500000000000e+01,3.640970886884235342e-09
5.856250000000000000e+01,3.284990360549199740e-09
5.857812500000000000e+01,2.971859212140321676e-09
5.859375000000000000e+01,2.729121774355231664e-09
5.860937500000000000e+01,2.496115243461778731e-09
5.862500000000000000e+01,2.236940763771144956e-09
5.864062500000000000e+01,1.998151230703707849e-09
5.865625000000000000e+01,1.829921149101990992e-09
5.867187500000000000e+01,1.739954055929761497e-09
5.868750000000000000e+01,1.842303322224329034e-09
5.870312500000000000e+01,2.137475871864477459e-09
5.871875000000000000e+01,2.356796865145235506e-09
5.873437500000000000e+01,2.382183776938355596e-09
5.875000000000000000e+01,2.331731064862769351e-09
5.876562500000000000e+01,2.304313458517183610e-09
5.878125000000000000e+01,2.291347098099378275e-09
5.879687500000000000e+01,2.312986712135143328e-09
5.881250000000000000e+01,2.433702232277430668e-09
5.882812500000000000e+01,2.687179607847078759e-09
5.884375000000000000e+01,3.000624302627109134e-09
5.885937500000000000e+01,3.183184188713340838e-09
5.887500000000000000e+01,3.121797132081743475e-09
5.889062500000000000e+01,2.917523872157735520e-09
5.890625000000000000e+01,2.741907871966019222e-09
5.892187500000000000e+01,2.619444035068903822e-09
5.893750000000000000e+01,2.512915859673316398e-09
5.895312500000000000e+01,2.482308972251462424e-09
5.896875000000000000e+01,2.610486546319291001e-09
5.898437500000000000e+01,2.908197672237931470e-09
5.900000000000000000e+01,3.248631254778913323e-09
5.901562500000000000e+01,3.446579445410140769e-09
5.903125000000000000e+01,3.510305689985376357e-09
5.904687500000000000e+01,3.612503551178186826e-09
5.906250000000000000e+01,3.710264633476600114e-09
5.907812500000000000e+01,3.598174051902216634e-09
5.909375000000000000e+01,3.254917718901006951e-09
5.910937500000000000e+01,2.809816305049414222e-09
5.912500000000000000e+01,2.384849834710135936e-09
5.914062500000000000e+01,2.064690391460921018e-09
5.915625000000000000e+01,1.946869153521427868e-09
5.917187500000000000e+01,2.101207498528066898e-09
5.918750000000000000e+01,2.449393150486443130e-09
5.920312500000000000e+01,2.853673116577359448e-09
5.921875000000000000e+01,3.187630389177304323e-09
5.923437500000000000e+01,3.356456839898857105e-09
5.925000000000000000e+01,3.363703643196708917e-09
5.926562500000000000e+01,3.265692907802541823e-09
5.928125000000000000e+01,3.090262871211151858e-09
5.929687500000000000e+01,2.913114076528215913e-09
5.931250000000000000e+01,2.817903540879630078e-09
5.932812500000000000e+01,2.722469876685982241e-09
5.934375000000000000e+01,2.495179930100647572e-09
5.935937500000000000e+01,2.153069474625428350e-09
5.937500000000000000e+01,1.840796173005027629e-09
5.939062500000000000e+01,1.685164164029926464e-09
5.940625000000000000e+01,1.650230256103371666e-09
5.942187500000000000e+01,1.620809904391024464e-09
5.943750000000000000e+01,1.577187703460955426e-09
5.945312500000000000e+01,1.553322473794757865e-09
5.946875000000000000e+01,1.541323605680992817e-09
5.948437500000000000e+01,1.532273942519528348e-09
5.950000000000000000e+01,1.508209735465488305e-09
5.951562500000000000e+01,1.388291746189486329e-09
5.953125000000000000e+01,1.201729888083786141e-09
5.954687500000000000e+01,1.149373415256152136e-09
5.956250000000000000e+01,1.243084944200132288e-09
5.957812500000000000e+01,1.317008152849955276e-09
5.959375000000000000e+01,1.325017577771910246e-09
5.960937500000000000e+01,1.299156920389204835e-09
5.962500000000000000e+01,1.272391242955590909e-09
5.964062500000000000e+01,1.245595766065205323e-09
5.965625000000000000e+01,1.190297417885881657e-09
5.967187500000000000e+01,1.102348047686318154e-09
5.968750000000000000e+01,1.012163883792561550e-09
5.970312500000000000e+01,9.495113358500552723e-10
5.971875000000000000e+01,9.320724052717821115e-10
5.973437500000000000e+01,9.570239707037249129e-10
5.975000000000000000e+01,9.809223653205042072e-10
5.976562500000000000e+01,9.617220719279009431e-10
5.978125000000000000e+01,9.070032947415238085e-10
5.979687500000000000e+01,8.633855109727344246e-10
5.981250000000000000e+01,8.549077038962239531e-10
5.982812500000000000e+01,8.511043601355392010e-10
5.984375000000000000e+01,8.321423995420745942e-10
5.985937500000000000e+01,7.974022725800284809e-10
5.987500000000000000e+01,7.482315095973976669e-10
5.989062500000000000e+01,6.995312268521530760e-10
5.990625000000000000e+01,6.740249687220788770e-10
5.992187500000000000e+01,6.941438154457598565e-10
5.993750000000000000e+01,7.438810790087821024e-10
5.995312500000000000e+01,7.655818418263836537e-10
5.996875000000000000e+01,7.277606084756177028e-10
5.998437500000000000e+01,6.625036295208625335e-10
6.000000000000000000e+01,6.215587229194873992e-10
6.001562500000000000e+01,5.930113447574355897e-10
6.003125000000000000e+01,5.424389470819790620e-10
6.004687500000000000e+01,4.832271044449658649e-10
6.006250000000000000e+01,4.403177931665548812e-10
6.007812500000000000e+01,4.289181811105106647e-10
6.009375000000000000e+01,4.648822288647797664e-10
6.010937500000000000e+01,5.450598363414119850e-10
6.012500000000000000e+01,6.357718015171724133e-10
6.014062500000000000e+01,6.891784219575495809e-10
6.015625000000000000e+01,6.831733666691403854e-10
6.017187500000000000e+01,6.451624677049764456e-10
6.018750000000000000e+01,6.090150146643988204e-10
6.020312500000000000e+01,5.804856645863766601e-10
6.021875000000000000e+01,5.666267288977026813e-10
6.023437500000000000e+01,5.987159463488303884e-10
6.025000000000000000e+01,7.310475957333398796e-10
6.026562500000000000e+01,9.570309746519499571e-10
6.028125000000000000e+01,1.157784434863217532e-09
6.029687500000000000e+01,1.232036343943181611e-09
6.031250000000000000e+01,1.181672833063045369e-09
6.032812500000000000e+01,1.071060702138913947e-09
6.034375000000000000e+01,9.674622202851989002e-10
6.035937500000000000e+01,9.209018270127274617e-10
6.037500000000000000e+01,9.623757360042188375e-10
6.039062500000000000e+01,1.092951305319349988e-09
6.040625000000000000e+01,1.278486000170826408e-09
6.042187500000000000e+01,1.458592676352810103e-09
6.043750000000000000e+01,1.562388489835995224e-09
6.045312500000000000e+01,1.574537232338600364e-09
6.046875000000000000e+01,1.571480577537219378e-09
6.048437500000000000e+01,1.587500042015149822e-09
6.050000000000000000e+01,1.560224914171370054e-09
6.051562500000000000e+01,1.528083814242334505e-09
6.053125000000000000e+01,1.620059867784252725e-09
6.054687500000000000e+01,1.796728511128806273e-09
6.056250000000000000e+01,1.933134623714958115e-09
6.057812500000000000e+01,1.980010499299271960e-09
6.059375000000000000e+01,1.904210264343133213e-09
6.060937500000000000e+01,1.725413411232232173e-09
6.062500000000000000e+01,1.624467319646617409e-09
6.064062500000000000e+01,1.718754064618831139e-09
6.065625000000000000e+01,1.861395964920427830e-09
6.067187500000000000e+01,1.946965508084059041e-09
6.068750000000000000e+01,1.964409273505322703e-09
6.070312500000000000e+01,1.935359419053533869e-09
6.071875000000000000e+01,1.958563155406599802e-09
6.073437500000000000e+01,2.096960313404689153e-09
6.075000000000000000e+01,2.324788979867470154e-09
6.076562500000000000e+01,2.596560044625549885e-09
6.078125000000000000e+01,2.824763426312412546e-09
6.079687500000000000e+01,2.962133955458339046e-09
6.081250000000000000e+01,3.049332392467298565e-09
6.082812500000000000e+01,3.111985846145726753e-09
6.084375000000000000e+01,3.113318451583681620e-09
6.085937500000000000e+01,3.041472504673937537e-09
6.087500000000000000e+01,2.986904642686276158e-09
6.089062500000000000e+01,3.021688662079237545e-09
6.090625000000000000e+01,3.103256346424124236e-09
6.092187500000000000e+01,3.181740291850082979e-09
6.093750000000000000e+01,3.179257877058648836e-09
6.095312500000000000e+01,3.024476222487683238e-09
6.096875000000000000e+01,2.851990020036743650e-09
6.098437500000000000e+01,2.887090797824938559e-09
6.100000000000000000e+01,3.047846467573499761e-09
6.101562500000000000e+01,3.141627292060674577e-09
6.103125000000000000e+01,3.167228739029131294e-09
6.104687500000000000e+01,3.170534374782509773e-09
6.106250000000000000e+01,3.158874103520224608e-09
6.107812500000000000e+01,3.172445014156057775e-09
6.109375000000000000e+01,3.253797358208336615e-09
6.110937500000000000e+01,3.349902181566031957e-09
6.112500000000000000e+01,3.374300325740867542e-09
6.114062500000000000e+01,3.278010537089092552e-09
6.115625000000000000e+01,3.056638806968916769e-09
6.117187500000000000e+01,2.771133788979611351e-09
6.118750000000000000e+01,2.516405067404052217e-09
6.120312500000000000e+01,2.395463673918517029e-09
6.121875000000000000e+01,2.425267836770384280e-09
6.123437500000000000e+01,2.477229197397867936e-09
6.125000000000000000e+01,2.497957876386611205e-09
6.126562500000000000e+01,2.513046323900669303e-09
6.128125000000000000e+01,2.461618958765739348e-09
6.129687500000000000e+01,2.313455042185904822e-09
6.131250000000000000e+01,2.187386508648110803e-09
6.132812500000000000e+01,2.199214645938999932e-09
6.134375000000000000e+01,2.362454943539590139e-09
6.135937500000000000e+01,2.649741742647669368e-09
6.137500000000000000e+01,2.953133790690320111e-09
6.139062500000000000e+01,3.115996291467483557e-09
6.140625000000000000e+01,3.137238530408516464e-09
6.142187500000000000e+01,3.154466910997801765e-09
6.143750000000000000e+01,3.150541767218540655e-09
6.145312500000000000e+01,3.046763339459857597e-09
6.146875000000000000e+01,2.970041770940863393e-09
6.148437500000000000e+01,3.018831313250504911e-09
6.150000000000000000e+01,3.055806245152730359e-09
6.151562500000000000e+01,3.032977605499875570e-09
6.153125000000000000e+01,3.089180548079158866e-09
6.154687500000000000e+01,3.210305769762182914e-09
6.156250000000000000e+01,3.209894682288372551e-09
6.157812500000000000e+01,3.073033364948592879e-09
6.159375000000000000e+01,3.048044946800841839e-09
6.160937500000000000e+01,3.225388389064332405e-09
6.162500000000000000e+01,3.372624001118355959e-09
6.164062500000000000e+01,3.361881695991799665e-09
6.165625000000000000e+01,3.287110299036528485e-09
6.167187500000000000e+01,3.290265331693817464e-09
6.168750000000000000e+01,3.379084241962413362e-09
6.170312500000000000e+01,3.447175751658813908e-09
6.171875000000000000e+01,3.394681117266078876e-09
6.173437500000000000e+01,3.173005275386282726e-09
6.175000000000000000e+01,2.826089328600777901e-09
6.176562500000000000e+01,2.452913096480813558e-09
6.178125000000000000e+01,2.134701992569312374e-09
6.179687500000000000e+01,1.931395854396775655e-09
6.181250000000000000e+01,1.877186075274104285e-09
6.182812500000000000e+01,1.945700421394412915e-09
6.184375000000000000e+01,2.136698116225265266e-09
6.185937500000000000e+01,2.466104778253531580e-09
6.187500000000000000e+01,2.844736369226060043e-09
6.189062500000000000e+01,3.100206807347674364e-09
6.190625000000000000e+01,3.097797573089705626e-09
6.192187500000000000e+01,2.882197506737895905e-09
6.193750000000000000e+01,2.621927756952014197e-09
6.195312500000000000e+01,2.498634993306394539e-09
6.196875000000000000e+01,2.689261588065792124e-09
6.198437500000000000e+01,3.149992268985521064e-09
6.200000000000000000e+01,3.624898961302488605e-09
6.201562500000000000e+01,3.941322506320200612e-09
6.203125000000000000e+01,4.057507838833726080e-09
6.204687500000000000e+01,3.992147130653355583e-09
6.206250000000000000e+01,3.898545881118729720e-09
6.207812500000000000e+01,3.976989915233829554e-09
6.209375000000000000e+01,4.150900774243294810e-09
6.210937500000000000e+01,4.150301988885945295e-09
6.212500000000000000e+01,3.892161494017086579e-09
6.214062500000000000e+01,3.585906858835176823e-09
6.215625000000000000e+01,3.381830434048597610e-09
6.217187500000000000e+01,3.205550389006118340e-09
6.218750000000000000e+01,3.109178375141762326e-09
6.220312500000000000e+01,3.123421627973089838e-09
6.221875000000000000e+01,3.050555024785856925e-09
6.223437500000000000e+01,2.839228549981861873e-09
6.225000000000000000e+01,2.677352717291645426e-09
6.226562500000000000e+01,2.656476245865003895e-09
6.228125000000000000e+01,2.690488912658808075e-09
6.229687500000000000e+01,2.776134761719607283e-09
6.231250000000000000e+01,2.954182249562609351e-09
6.232812500000000000e+01,3.100852760341671905e-09
6.234375000000000000e+01,3.062027408793226477e-09
6.235937500000000000e+01,2.893933060330080362e-09
6.237500000000000000e+01,2.781587011420345032e-09
6.239062500000000000e+01,2.872261592613333646e-09
6.240625000000000000e+01,3.117164544749915072e-09
6.242187500000000000e+01,3.244065412047541647e-09
6.243750000000000000e+01,3.180683456128687952e-09
6.245312500000000000e+01,3.077264091466473768e-09
6.246875000000000000e+01,2.980296161599303662e-09
6.248437500000000000e+01,2.851512564197332844e-09
6.250000000000000000e+01,2.680436726514152964e-09
6.251562500000000000e+01,2.583607809832244359e-09
6.253125000000000000e+01,2.738204270487365833e-09
6.254687500000000000e+01,3.024364370192928623e-09
6.256250000000000000e+01,3.181662086936241666e-09
6.257812500000000000e+01,3.094840407301446504e-09
6.259375000000000000e+01,2.784811664561833223e-09
6.260937500000000000e+01,2.428438182974433226e-09
6.262500000000000000e+01,2.289761987608782702e-09
6.264062500000000000e+01,2.390596466133345248e-09
6.265625000000000000e+01,2.530300612412657408e-09
6.267187500000000000e+01,2.630922468409663269e-09
6.268750000000000000e+01,2.718550785498192238e-09
6.270312500000000000e+01,2.851314542996703006e-09
6.271875000000000000e+01,3.062759668900463819e-09
6.273437500000000000e+01,3.226383579603848318e-09
6.275000000000000000e+01,3.186824481053663971e-09
6.276562500000000000e+01,2.947603838286826833e-09
6.278125000000000000e+01,2.640144689067169347e-09
6.279687500000000000e+01,2.390170564022713571e-09
6.281250000000000000e+01,2.225764702769709047e-09
6.282812500000000000e+01,2.098047476988632179e-09
6.284375000000000000e+01,1.984102612528435584e-09
6.285937500000000000e+01,1.978658665210825196e-09
6.287500000000000000e+01,2.149733762411796428e-09
6.289062500000000000e+01,2.409094501896890362e-09
6.290625000000000000e+01,2.741078364463308949e-09
6.292187500000000000e+01,3.157999868917444013e-09
6.293750000000000000e+01,3.543400572173649333e-09
6.295312500000000000e+01,3.806157530684228474e-09
6.296875000000000000e+01,3.936584120588865139e-09
6.298437500000000000e+01,3.949663364461725228e-09
6.300000000000000000e+01,3.906085731771292206e-09
6.301562500000000000e+01,3.860363319911166591e-09
6.303125000000000000e+01,3.798319329229684626e-09
6.304687500000000000e+01,3.705870716650706870e-09
6.306250000000000000e+01,3.590512590143823961e-09
6.307812500000000000e+01,3.463075124789502898e-09
6.309375000000000000e+01,3.309677910937827275e-09
6.310937500000000000e+01,3.132394316412184317e-09
6.312500000000000000e+01,3.091294865530490410e-09
6.314062500000000000e+01,3.276922082567553373e-09
6.315625000000000000e+01,3.458517787440401309e-09
6.317187500000000000e+01,3.434333342712959737e-09
6.318750000000000000e+01,3.220871531137212306e-09
6.320312500000000000e+01,2.930199985553646779e-09
6.321875000000000000e+01,2.686377488208093702e-09
6.323437500000000000e+01,2.558808384183298855e-09
6.325000000000000000e+01,2.516113564031258560e-09
6.326562500000000000e+01,2.459990364334451072e-09
6.328125000000000000e+01,2.314747211041258547e-09
6.329687500000000000e+01,2.123821880916829943e-09
6.331250000000000000e+01,2.027761323456701880e-09
6.332812500000000000e+01,2.080128847622224638e-09
6.334375000000000000e+01,2.191025821858789424e-09
6.335937500000000000e+01,2.280493693954201621e-09
6.337500000000000000e+01,2.374177385005943705e-09
6.339062500000000000e+01,2.503493751110583818e-09
6.340625000000000000e+01,2.576466118746149267e-09
6.342187500000000000e+01,2.550980422930438719e-09
6.343750000000000000e+01,2.530781127010011426e-09
6.345312500000000000e+01,2.601613851408550507e-09
6.346875000000000000e+01,2.790362266970595193e-09
6.348437500000000000e+01,3.040324337275743518e-09
6.350000000000000000e+01,3.210418640213225557e-09
6.351562500000000000e+01,3.242807536688873861e-09
6.353125000000000000e+01,3.209787155759589389e-09
6.354687500000000000e+01,3.231849194461650998e-09
6.356250000000000000e+01,3.356054197051978653e-09
6.357812500000000000e+01,3.439902722702117200e-09
6.359375000000000000e+01,3.350889742841816503e-09
6.360937500000000000e+01,3.240429327092737521e-09
6.362500000000000000e+01,3.255394567399095745e-09
6.364062500000000000e+01,3.223355039681509980e-09
6.365625000000000000e+01,3.006766931156859776e-09
6.367187500000000000e+01,2.704840635286289251e-09
6.368750000000000000e+01,2.503124639909602732e-09
6.370312500000000000e+01,2.476541726930757364e-09
6.371875000000000000e+01,2.529154571931460927e-09
6.373437500000000000e+01,2.575651671664942610e-09
6.375000000000000000e+01,2.593553141322869351e-09
6.376562500000000000e+01,2.580061409220796438e-09
6.378125000000000000e+01,2.607889750729287199e-09
6.379687500000000000e+01,2.755745134790942985e-09
6.381250000000000000e+01,2.940157276075510850e-09
6.382812500000000000e+01,3.041324291681751534e-09
6.384375000000000000e+01,3.162694985295635324e-09
6.385937500000000000e+01,3.415082567197930877e-09
6.387500000000000000e+01,3.635997721539519226e-09
6.389062500000000000e+01,3.715042912946873493e-09
6.390625000000000000e+01,3.689683785514885839e-09
6.392187500000000000e+01,3.498380284832071580e-09
6.393750000000000000e+01,3.121944617108139748e-09
6.395312500000000000e+01,2.738816427223898607e-09
6.396875000000000000e+01,2.516104944160591209e-09
6.398437500000000000e+01,2.459513204929057296e-09
6.400000000000000000e+01,2.444960096430163755e-09
6.401562500000000000e+01,2.366762449284493484e-09
6.403125000000000000e+01,2.259979007476005414e-09
6.404687500000000000e+01,2.209314109446322109e-09
6.406250000000000000e+01,2.222384772224254218e-09
6.407812500000000000e+01,2.269902237813430603e-09
6.409375000000000000e+01,2.346396020872817549e-09
6.410937500000000000e+01,2.447377818412715769e-09
6.412500000000000000e+01,2.540217484079089905e-09
6.414062500000000000e+01,2.635974445540547018e-09
6.415625000000000000e+01,2.791374984271520879e-09
6.417187500000000000e+01,2.983103445228268048e-09
6.418750000000000000e+01,3.156127889262258134e-09
6.420312500000000000e+01,3.259650507610159411e-09
6.421875000000000000e+01,3.245081179005618485e-09
6.423437500000000000e+01,3.192502013435749627e-09
6.425000000000000000e+01,3.205830636987054010e-09
6.426562500000000000e+01,3.256714820229258052e-09
6.428125000000000000e+01,3.362223732220737030e-09
6.429687500000000000e+01,3.571776954844202627e-09
6.431250000000000000e+01,3.807011459665737099e-09
6.432812500000000000e+01,3.925948138245036303e-09
6.434375000000000000e+01,3.808538737220583738e-09
6.435937500000000000e+01,3.481744963315190365e-09
6.437500000000000000e+01,3.109830552009781681e-09
6.439062500000000000e+01,2.823423617179071078e-09
6.440625000000000000e+01,2.690673336233096175e-09
6.442187500000000000e+01,2.704449328251361088e-09
6.443750000000000000e+01,2.831070467559578604e-09
6.445312500000000000e+01,3.055367922808254817e-09
6.446875000000000000e+01,3.224628656627770020e-09
6.448437500000000000e+01,3.159466036625823770e-09
6.450000000000000000e+01,2.971171773038524331e-09
6.451562500000000000e+01,2.938273448884294542e-09
6.453125000000000000e+01,2.996740660551320197e-09
6.454687500000000000e+01,2.899128553322168322e-09
6.456250000000000000e+01,2.701475825229648886e-09
6.457812500000000000e+01,2.657228528507220857e-09
6.459375000000000000e+01,2.790436697514604654e-09
6.460937500000000000e+01,2.906720645131304114e-09
6.462500000000000000e+01,2.916977039531951885e-09
6.464062500000000000e+01,2.906803440378208020e-09
6.465625000000000000e+01,2.944800219671987063e-09
6.467187500000000000e+01,2.986487646821341535e-09
6.468750000000000000e+01,3.001384171187856584e-09
6.470312500000000000e+01,3.022070753649683320e-09
6.471875000000000000e+01,3.119345387760519671e-09
6.473437500000000000e+01,3.266583660951287351e-09
6.475000000000000000e+01,3.284186471372703952e-09
6.476562500000000000e+01,3.076329400384351208e-09
6.478125000000000000e+01,2.784828215990466684e-09
6.479687500000000000e+01,2.601337114471754297e-09
6.481250000000000000e+01,2.530916822884807775e-09
6.482812500000000000e+01,2.512440669408945897e-09
6.484375000000000000e+01,2.541210797233865021e-09
6.485937500000000000e+01,2.569760072037965539e-09
6.487500000000000000e+01,2.527378213966090846e-09
6.489062500000000000e+01,2.421721668653082766e-09
6.490625000000000000e+01,2.396486662877331500e-09
6.492187500000000000e+01,2.647782555472872726e-09
6.493750000000000000e+01,3.083781269124190625e-09
6.495312500000000000e+01,3.423158200228718583e-09
6.496875000000000000e+01,3.554054602745562135e-09
6.498437500000000000e+01,3.502671352648985403e-09
6.500000000000000000e+01,3.284458963486419011e-09
6.501562500000000000e+01,2.941502760792914363e-09
6.503125000000000000e+01,2.599651824470776436e-09
6.504687500000000000e+01,2.394182095936449955e-09
6.506250000000000000e+01,2.380340628349003525e-09
6.507812500000000000e+01,2.548880533563856461e-09
6.509375000000000000e+01,2.788553262935757772e-09
6.510937500000000000e+01,2.936942685078059650e-09
6.512500000000000000e+01,2.958107895100701862e-09
6.514062500000000000e+01,2.923576142071264514e-09
6.515625000000000000e+01,2.830528610991760972e-09
6.517187500000000000e+01,2.628682584087979093e-09
6.518750000000000000e+01,2.444697020311137790e-09
6.520312500000000000e+01,2.474757305842380193e-09
6.521875000000000000e+01,2.654843459084003363e-09
6.523437500000000000e+01,2.838506313190910275e-09
6.525000000000000000e+01,2.984900420824834843e-09
6.526562500000000000e+01,3.020142992300926286e-09
6.528125000000000000e+01,2.885181041837297841e-09
6.529687500000000000e+01,2.710050350845718011e-09
6.531250000000000000e+01,2.616275262143963190e-09
6.532812500000000000e+01,2.510471948015143846e-09
6.534375000000000000e+01,2.322543553549262870e-09
6.535937500000000000e+01,2.144148800042395399e-09
6.537500000000000000e+01,2.122848938816365546e-09
6.539062500000000000e+01,2.296755206847910610e-09
6.540625000000000000e+01,2.500536774797671557e-09
6.542187500000000000e+01,2.597332202488017465e-09
6.543750000000000000e+01,2.699799286890418040e-09
6.545312500000000000e+01,2.921919096738447421e-09
6.546875000000000000e+01,3.148795735333449170e-09
6.548437500000000000e+01,3.321361264469693212e-09
6.550000000000000000e+01,3.500464296022305831e-09
6.551562500000000000e+01,3.639748352816340151e-09
6.553125000000000000e+01,3.629723799223581937e-09
6.554687500000000000e+01,3.464010643588772585e-09
6.556250000000000000e+01,3.202844881572447080e-09
6.557812500000000000e+01,2.885905016607388779e-09
6.559375000000000000e+01,2.609533296068284818e-09
6.560937500000000000e+01,2.511375845179864702e-09
6.562500000000000000e+01,2.542715238699440856e-09
6.564062500000000000e+01,2.534369060538582422e-09
6.565625000000000000e+01,2.453953084654264747e-09
6.567187500000000000e+01,2.395563930997989562e-09
6.568750000000000000e+01,2.363454974793766167e-09
6.570312500000000000e+01,2.226261093686271896e-09
6.571875000000000000e+01,1.962824197812125215e-09
6.573437500000000000e+01,1.801721141920132050e-09
6.575000000000000000e+01,1.909938567994623195e-09
6.576562500000000000e+01,2.087860175830400743e-09
6.578125000000000000e+01,2.176826248528986525e-09
6.579687500000000000e+01,2.274227799199093575e-09
6.581250000000000000e+01,2.519164897368078511e-09
6.582812500000000000e+01,2.851321011414739187e-09
6.584375000000000000e+01,3.062282400057957481e-09
6.585937500000000000e+01,3.008768542086698600e-09
6.587500000000000000e+01,2.800117487497504675e-09
6.589062500000000000e+01,2.702199103880027311e-09
6.590625000000000000e+01,2.719480216765876367e-09
6.592187500000000000e+01,2.659451586918514200e-09
6.593750000000000000e+01,2.513176233288636187e-09
6.595312500000000000e+01,2.370721026985169130e-09
6.596875000000000000e+01,2.296011617423112356e-09
6.598437500000000000e+01,2.447172197726646511e-09
6.600000000000000000e+01,2.902288163523707505e-09
6.601562500000000000e+01,3.417661670417598988e-09
6.603125000000000000e+01,3.668826102579634326e-09
6.604687500000000000e+01,3.556934468782986016e-09
6.606250000000000000e+01,3.292515775343163340e-09
6.607812500000000000e+01,3.176865513021213563e-09
6.609375000000000000e+01,3.233664037121023090e-09
6.610937500000000000e+01,3.230988783713803312e-09
6.612500000000000000e+01,3.048682546368774561e-09
6.614062500000000000e+01,2.825811063388351770e-09
6.615625000000000000e+01,2.805106280515060570e-09
6.617187500000000000e+01,3.028507035354345609e-09
6.618750000000000000e+01,3.287733799392428551e-09
6.620312500000000000e+01,3.376187862204320198e-09
6.621875000000000000e+01,3.244921832328706243e-09
6.623437500000000000e+01,2.924713569342536486e-09
6.625000000000000000e+01,2.470893245742915533e-09
6.626562500000000000e+01,2.117389308924523231e-09
6.628125000000000000e+01,2.107803182707060845e-09
6.629687500000000000e+01,2.280732945531931345e-09
6.631250000000000000e+01,2.456258857043013196e-09
6.632812500000000000e+01,2.624857945100843882e-09
6.634375000000000000e+01,2.717840480997494064e-09
6.635937500000000000e+01,2.671767922824297780e-09
6.637500000000000000e+01,2.574763097538866843e-09
6.639062500000000000e+01,2.627713007764035870e-09
6.640625000000000000e+01,2.884715006787818051e-09
6.642187500000000000e+01,3.135233278887652872e-09
6.643750000000000000e+01,3.199627791936565804e-09
6.645312500000000000e+01,3.117646822358550195e-09
6.646875000000000000e+01,3.083922156386682292e-09
6.648437500000000000e+01,3.154680760475418523e-09
6.650000000000000000e+01,3.138280801632576069e-09
6.651562500000000000e+01,3.003169171976361033e-09
6.653125000000000000e+01,2.993696614141032106e-09
6.654687500000000000e+01,3.235707435958177107e-09
6.656250000000000000e+01,3.582225096985346911e-09
6.657812500000000000e+01,3.834548142750927416e-09
6.659375000000000000e+01,3.889312039554897910e-09
6.660937500000000000e+01,3.783652091287243025e-09
6.662500000000000000e+01,3.620576069014472607e-09
6.664062500000000000e+01,3.492739771724125727e-09
6.665625000000000000e+01,3.456524134739328389e-09
6.667187500000000000e+01,3.544422113430778884e-09
6.668750000000000000e+01,3.690048582245760180e-09
6.670312500000000000e+01,3.650722062505278673e-09
6.671875000000000000e+01,3.351132998103510511e-09
6.673437500000000000e+01,3.110783072684632991e-09
6.675000000000000000e+01,3.178288808696049094e-09
6.676562500000000000e+01,3.367159666291255240e-09
6.678125000000000000e+01,3.540619116715657385e-09
6.679687500000000000e+01,3.690390883838751149e-09
6.681250000000000000e+01,3.669277974024318697e-09
6.682812500000000000e+01,3.355698140044549352e-09
6.684375000000000000e+01,2.875643311713913544e-09
6.685937500000000000e+01,2.493024678659428813e-09
6.687500000000000000e+01,2.365755297253681017e-09
6.689062500000000000e+01,2.424478976323311106e-09
6.690625000000000000e+01,2.476565717970147808e-09
6.692187500000000000e+01,2.392305056498512931e-09
6.693750000000000000e+01,2.208658779612823272e-09
6.695312500000000000e+01,2.066902194947567010e-09
6.696875000000000000e+01,2.043619090580648840e-09
6.698437500000000000e+01,2.034155673374383923e-09
6.700000000000000000e+01,1.923963818573861318e-09
6.701562500000000000e+01,1.822127531880417850e-09
6.703125000000000000e+01,1.931677271820384781e-09
6.704687500000000000e+01,2.243921986605071491e-09
6.706250000000000000e+01,2.583970653064062610e-09
6.707812500000000000e+01,2.849350968444398627e-09
6.709375000000000000e+01,3.091420004361896314e-09
6.710937500000000000e+01,3.329808983444894275e-09
6.712500000000000000e+01,3.434765822532345318e-09
6.714062500000000000e+01,3.340071117299093226e-09
6.715625000000000000e+01,3.145184024304262244e-09
6.717187500000000000e+01,2.952669056856151448e-09
6.718750000000000000e+01,2.784452460459580343e-09
6.720312500000000000e+01,2.660182558619275125e-09
6.721875000000000000e+01,2.581170960264335311e-09
6.723437500000000000e+01,2.518175611969142916e-09
6.725000000000000000e+01,2.514987132832560948e-09
6.726562500000000000e+01,2.617347855324786597e-09
6.728125000000000000e+01,2.708852647129946137e-09
6.729687500000000000e+01,2.651607782726423015e-09
6.731250000000000000e+01,2.497435275025090202e-09
6.732812500000000000e+01,2.409163787669669788e-09
6.734375000000000000e+01,2.488173074216787603e-09
6.735937500000000000e+01,2.691910353314574516e-09
6.737500000000000000e+01,2.875908456405126425e-09
6.739062500000000000e+01,2.935121956417625666e-09
6.740625000000000000e+01,2.816428288395364733e-09
6.742187500000000000e+01,2.571436958733905843e-09
6.743750000000000000e+01,2.400682184934294293e-09
6.745312500000000000e+01,2.382449328470836998e-09
6.746875000000000000e+01,2.384301900056210555e-09
6.748437500000000000e+01,2.342711622171446972e-09
6.750000000000000000e+01,2.319516684459926217e-09
6.751562500000000000e+01,2.429341069583133457e-09
6.753125000000000000e+01,2.703295808355166355e-09
6.754687500000000000e+01,3.018063918075771417e-09
6.756250000000000000e+01,3.243771799983645825e-09
6.757812500000000000e+01,3.348343008113824725e-09
6.759375000000000000e+01,3.385093134275856673e-09
6.760937500000000000e+01,3.363646794021422126e-09
6.762500000000000000e+01,3.207052166667216885e-09
6.764062500000000000e+01,2.939861425199350382e-09
6.765625000000000000e+01,2.703145672584262845e-09
6.767187500000000000e+01,2.529371861408792329e-09
6.768750000000000000e+01,2.505546314574952954e-09
6.770312500000000000e+01,2.799513596688454272e-09
6.771875000000000000e+01,3.306856892955716398e-09
6.773437500000000000e+01,3.908404778306389531e-09
6.775000000000000000e+01,4.445468654559536932e-09
6.776562500000000000e+01,4.607521669561312230e-09
6.778125000000000000e+01,4.338574759599246657e-09
6.779687500000000000e+01,3.937927476971169630e-09
6.781250000000000000e+01,3.616741575365734339e-09
6.782812500000000000e+01,3.336945914272028784e-09
6.784375000000000000e+01,3.144210438650256863e-09
6.785937500000000000e+01,3.159431433795272649e-09
6.787500000000000000e+01,3.255527489131683708e-09
6.789062500000000000e+01,3.232585852567139957e-09
6.790625000000000000e+01,3.110433477016010640e-09
6.792187500000000000e+01,3.039255448889248954e-09
6.793750000000000000e+01,3.048704207738279307e-09
6.795312500000000000e+01,3.051070083861347172e-09
6.796875000000000000e+01,3.052702518995574922e-09
6.798437500000000000e+01,3.116180237104482101e-09
6.800000000000000000e+01,3.198936320570513772e-09
6.801562500000000000e+01,3.248843750631315904e-09
6.803125000000000000e+01,3.314755142455955589e-09
6.804687500000000000e+01,3.397820408079246628e-09
6.806250000000000000e+01,3.427879024703938881e-09
6.807812500000000000e+01,3.421206194630918756e-09
6.809375000000000000e+01,3.445043574886812564e-09
6.810937500000000000e+01,3.487741665727184472e-09
6.812500000000000000e+01,3.470889611625298973e-09
6.814062500000000000e+01,3.355394525358859618e-09
6.815625000000000000e+01,3.240631857462103401e-09
6.817187500000000000e+01,3.260160484514878867e-09
6.818750000000000000e+01,3.383125787142922861e-09
6.820312500000000000e+01,3.508966571818142939e-09
6.821875000000000000e+01,3.671174937633426272e-09
6.823437500000000000e+01,3.892407639886459985e-09
6.825000000000000000e+01,3.992113605290331308e-09
6.826562500000000000e+01,3.847657616305682834e-09
6.828125000000000000e+01,3.535910040758184460e-09
6.829687500000000000e+01,3.156926924467102154e-09
6.831250000000000000e+01,2.833694343918244403e-09
6.832812500000000000e+01,2.737804866060476002e-09
6.834375000000000000e+01,2.874893234141581142e-09
6.835937500000000000e+01,3.029443742514461917e-09
6.837500000000000000e+01,3.038783749306910825e-09
6.839062500000000000e+01,3.013240440287847815e-09
6.840625000000000000e+01,3.156891926444874465e-09
6.842187500000000000e+01,3.342451009411324430e-09
6.843750000000000000e+01,3.321493816108403420e-09
6.845312500000000000e+01,3.139497467624192384e-09
6.846875000000000000e+01,2.951864441958020167e-09
6.848437500000000000e+01,2.720165218633810646e-09
6.850000000000000000e+01,2.400224980571469374e-09
6.851562500000000000e+01,2.112890611192008372e-09
6.853125000000000000e+01,1.965999011660086937e-09
6.854687500000000000e+01,1.972213431409670792e-09
6.856250000000000000e+01,2.124622957381640838e-09
6.857812500000000000e+01,2.373688840098462722e-09
6.859375000000000000e+01,2.626518396441167136e-09
6.860937500000000000e+01,2.747261567284567929e-09
6.862500000000000000e+01,2.665248192401934467e-09
6.864062500000000000e+01,2.599623018238672715e-09
6.865625000000000000e+01,2.769078998630590716e-09
6.867187500000000000e+01,2.962522798588708161e-09
6.868750000000000000e+01,2.975043307047220147e-09
6.870312500000000000e+01,2.861893072094426848e-09
6.871875000000000000e+01,2.724006196249867106e-09
6.873437500000000000e+01,2.615063561545808247e-09
6.875000000000000000e+01,2.512501141507367374e-09
6.876562500000000000e+01,2.373541885962113701e-09
6.878125000000000000e+01,2.309955440587356662e-09
6.879687500000000000e+01,2.382370965301664882e-09
6.881250000000000000e+01,2.415750870786975504e-09
6.882812500000000000e+01,2.388969861216764968e-09
6.884375000000000000e+01,2.500927310031172071e-09
6.885937500000000000e+01,2.793016401682819576e-09
6.887500000000000000e+01,3.142771768873926483e-09
6.889062500000000000e+01,3.429771152268066571e-09
6.890625000000000000e+01,3.576953206548236689e-09
6.892187500000000000e+01,3.608341573977185027e-09
6.893750000000000000e+01,3.583354509420985636e-09
6.895312500000000000e+01,3.529329283630648272e-09
6.896875000000000000e+01,3.491651463288467200e-09
6.898437500000000000e+01,3.501066424258556954e-09
6.900000000000000000e+01,3.519989618651361342e-09
6.901562500000000000e+01,3.540141776782705624e-09
6.903125000000000000e+01,3.549960829914743102e-09
6.904687500000000000e+01,3.418179165721044841e-09
6.906250000000000000e+01,3.146129614725701339e-09
6.907812500000000000e+01,3.035236696681440860e-09
6.909375000000000000e+01,3.178872487068514852e-09
6.910937500000000000e+01,3.287846301815669338e-09
6.912500000000000000e+01,3.276953644184582252e-09
6.914062500000000000e+01,3.264902546165307056e-09
6.915625000000000000e+01,3.192278834390903429e-09
6.917187500000000000e+01,2.970114498390656819e-09
6.918750000000000000e+01,2.763799751173270740e-09
6.920312500000000000e+01,2.725896512673309425e-09
6.921875000000000000e+01,2.733690042053006104e-09
6.923437500000000000e+01,2.658163620684069936e-09
6.925000000000000000e+01,2.527426992938190886e-09
6.926562500000000000e+01,2.492321819563287280e-09
6.928125000000000000e+01,2.697719175541609960e-09
6.929687500000000000e+01,3.087910946926255401e-09
6.931250000000000000e+01,3.505929936241386682e-09
6.932812500000000000e+01,3.872210181037925746e-09
6.934375000000000000e+01,4.142731708732070043e-09
6.935937500000000000e+01,4.266011854284773659e-09
6.937500000000000000e+01,4.284763752092705691e-09
6.939062500000000000e+01,4.292198874079250969e-09
6.940625000000000000e+01,4.328494028631996061e-09
6.942187500000000000e+01,4.452281341239911920e-09
6.943750000000000000e+01,4.623519708922442078e-09
6.945312500000000000e+01,4.674356713583523019e-09
6.946875000000000000e+01,4.534492754822886664e-09
6.948437500000000000e+01,4.266855753104493808e-09
6.950000000000000000e+01,3.982444488130713363e-09
6.951562500000000000e+01,3.854815711084831087e-09
6.953125000000000000e+01,3.983164700214986282e-09
6.954687500000000000e+01,4.145784286941372724e-09
6.956250000000000000e+01,4.138405421005143816e-09
6.957812500000000000e+01,3.994219279899323831e-09
6.959375000000000000e+01,3.789235977659540762e-09
6.960937500000000000e+01,3.681273670402716250e-09
6.962500000000000000e+01,3.793624798935494917e-09
6.964062500000000000e+01,3.938458619876841615e-09
6.965625000000000000e+01,3.905042832139261927e-09
6.967187500000000000e+01,3.746504044571187466e-09
6.968750000000000000e+01,3.672385595002629498e-09
6.970312500000000000e+01,3.808872751254773792e-09
6.971875000000000000e+01,3.998832195781451060e-09
6.973437500000000000e+01,4.006610474852729827e-09
6.975000000000000000e+01,3.764985005041110280e-09
6.976562500000000000e+01,3.309279952080399727e-09
6.978125000000000000e+01,2.822877997158920242e-09
6.979687500000000000e+01,2.648660137105084614e-09
6.981250000000000000e+01,2.743655025859238495e-09
6.982812500000000000e+01,2.731429820678615636e-09
6.984375000000000000e+01,2.612776191092782034e-09
6.985937500000000000e+01,2.685642412492266261e-09
6.987500000000000000e+01,2.912057060721416582e-09
6.989062500000000000e+01,3.070435598603534500e-09
6.990625000000000000e+01,3.135191684649092785e-09
6.992187500000000000e+01,3.091440522078709085e-09
6.993750000000000000e+01,2.942367717313547142e-09
6.995312500000000000e+01,2.896487749577246497e-09
6.996875000000000000e+01,3.187624616969714097e-09
6.998437500000000000e+01,3.684533088901195408e-09
7.000000000000000000e+01,4.029388425197444077e-09
7.001562500000000000e+01,4.045661653039524766e-09
7.003125000000000000e+01,3.813834019554589680e-09
7.004687500000000000e+01,3.505759626236872814e-09
7.006250000000000000e+01,3.243584343917747803e-09
7.007812500000000000e+01,3.086815544870845884e-09
7.009375000000000000e+01,3.039986885728500906e-09
7.010937500000000000e+01,3.055024982631301562e-09
7.012500000000000000e+01,3.116573352892468162e-09
7.014062500000000000e+01,3.251751638557420101e-09
7.015625000000000000e+01,3.422856673840459956e-09
7.017187500000000000e+01,3.471645718741784319e-09
7.018750000000000000e+01,3.282382193150030773e-09
7.020312500000000000e+01,2.989520859934041793e-09
7.021875000000000000e+01,2.818720879336358943e-09
7.023437500000000000e+01,2.761728263088106597e-09
7.025000000000000000e+01,2.747037124510716848e-09
7.026562500000000000e+01,2.837232870538951904e-09
7.028125000000000000e+01,3.012938801086402235e-09
7.029687500000000000e+01,3.134023382415119298e-09
7.031250000000000000e+01,3.147633128484299786e-09
7.032812500000000000e+01,3.118656562524466764e-09
7.034375000000000000e+01,3.125467996219265282e-09
7.035937500000000000e+01,3.202040446383565924e-09
7.037500000000000000e+01,3.272922804498885599e-09
7.039062500000000000e+01,3.256818110296857737e-09
7.040625000000000000e+01,3.265375492050048156e-09
7.042187500000000000e+01,3.453077260761258068e-09
7.043750000000000000e+01,3.757426426721103139e-09
7.045312500000000000e+01,4.000895313387542942e-09
7.046875000000000000e+01,4.058366409947602089e-09
7.048437500000000000e+01,3.960932809213414720e-09
7.050000000000000000e+01,3.883918466826888407e-09
7.051562500000000000e+01,3.874666401165506076e-09
7.053125000000000000e+01,3.786993543822792888e-09
7.054687500000000000e+01,3.591461020590548143e-09
7.056250000000000000e+01,3.515700498423274558e-09
7.057812500000000000e+01,3.666902174681801086e-09
7.059375000000000000e+01,3.823629894193343813e-09
7.060937500000000000e+01,3.857421061271434783e-09
7.062500000000000000e+01,3.822229901775063330e-09
7.064062500000000000e+01,3.826010482561138298e-09
7.065625000000000000e+01,3.978845690714941507e-09
7.067187500000000000e+01,4.221995258349894286e-09
7.068750000000000000e+01,4.394269920399384328e-09
7.070312500000000000e+01,4.414755004276392061e-09
7.071875000000000000e+01,4.295571812449805278e-09
7.073437500000000000e+01,4.131758433053831340e-09
7.075000000000000000e+01,3.947890173827322750e-09
7.076562500000000000e+01,3.666883941102910343e-09
7.078125000000000000e+01,3.382949067768414752e-09
7.079687500000000000e+01,3.300456734371598363e-09
7.081250000000000000e+01,3.420983696330151432e-09
7.082812500000000000e+01,3.604780783008888705e-09
7.084375000000000000e+01,3.688838381070776279e-09
7.085937500000000000e+01,3.610242045767559135e-09
7.087500000000000000e+01,3.526729665176935936e-09
7.089062500000000000e+01,3.488402014046025060e-09
7.090625000000000000e+01,3.329332122348095326e-09
7.092187500000000000e+01,3.029491540111625422e-09
7.093750000000000000e+01,2.810416030527413870e-09
7.095312500000000000e+01,2.825097041733459278e-09
7.096875000000000000e+01,2.928378513477300571e-09
7.098437500000000000e+01,3.019625780622513447e-09
7.100000000000000000e+01,3.099060311765363676e-09
7.101562500000000000e+01,3.101012095923985717e-09
7.103125000000000000e+01,3.101525482752857355e-09
7.104687500000000000e+01,3.269107003400822777e-09
7.106250000000000000e+01,3.486359264000316121e-09
7.107812500000000000e+01,3.536502190134687311e-09
7.109375000000000000e+01,3.431821745009451844e-09
7.110937500000000000e+01,3.338895817489190145e-09
7.112500000000000000e+01,3.343693823115620566e-09
7.114062500000000000e+01,3.366624282451210098e-09
7.115625000000000000e+01,3.252550214002291274e-09
7.117187500000000000e+01,2.925216322219314936e-09
7.118750000000000000e+01,2.508645039266860980e-09
7.120312500000000000e+01,2.239438884666262576e-09
7.121875000000000000e+01,2.241787439985470718e-09
7.123437500000000000e+01,2.449210915403466965e-09
7.125000000000000000e+01,2.720038186196636416e-09
7.126562500000000000e+01,2.923838532052505147e-09
7.128125000000000000e+01,3.013962874144277405e-09
7.129687500000000000e+01,3.134633204324222048e-09
7.131250000000000000e+01,3.498053392664585262e-09
7.132812500000000000e+01,4.045497167227626574e-09
7.134375000000000000e+01,4.504081731380005346e-09
7.135937500000000000e+01,4.684799651516106346e-09
7.137500000000000000e+01,4.609034684670341891e-09
7.139062500000000000e+01,4.434156293637358552e-09
7.140625000000000000e+01,4.257298084787044648e-09
7.142187500000000000e+01,4.068316550164770661e-09
7.143750000000000000e+01,3.826430120429413554e-09
7.145312500000000000e+01,3.529691075608208089e-09
7.146875000000000000e+01,3.271787458430501082e-09
7.148437500000000000e+01,3.123636006466404354e-09
7.150000000000000000e+01,3.014734224338501279e-09
7.151562500000000000e+01,2.841860063857221991e-09
7.153125000000000000e+01,2.593200049151902590e-09
7.154687500000000000e+01,2.375557374827059286e-09
7.156250000000000000e+01,2.313716375711356541e-09
7.157812500000000000e+01,2.329079880267659794e-09
7.159375000000000000e+01,2.284227326596150928e-09
7.160937500000000000e+01,2.308619496872292049e-09
7.162500000000000000e+01,2.522958064066707940e-09
7.164062500000000000e+01,2.682261556277832952e-09
7.165625000000000000e+01,2.616871699476661444e-09
7.167187500000000000e+01,2.554000054068780753e-09
7.168750000000000000e+01,2.810213740678896567e-09
7.170312500000000000e+01,3.276785954005754635e-09
7.171875000000000000e+01,3.603769166488829726e-09
7.173437500000000000e+01,3.668156052961145561e-09
7.175000000000000000e+01,3.643032171050635526e-09
7.176562500000000000e+01,3.639892390787030948e-09
7.178125000000000000e+01,3.558001013819552871e-09
7.179687500000000000e+01,3.369303700467533523e-09
7.181250000000000000e+01,3.163733343688332779e-09
7.182812500000000000e+01,3.055781971211710260e-09
7.184375000000000000e+01,3.127840019005495961e-09
7.185937500000000000e+01,3.308214668658653032e-09
7.187500000000000000e+01,3.438293502469538209e-09
7.189062500000000000e+01,3.369074450582498107e-09
7.190625000000000000e+01,3.013823583884015052e-09
7.192187500000000000e+01,2.567491620285006291e-09
7.193750000000000000e+01,2.524159375244811862e-09
7.195312500000000000e+01,2.910575446748342146e-09
7.196875000000000000e+01,3.275537230832110514e-09
7.198437500000000000e+01,3.463580206583100990e-09
7.200000000000000000e+01,3.552059544709053049e-09
7.201562500000000000e+01,3.572855826221463198e-09
7.203125000000000000e+01,3.500716262008612253e-09
7.204687500000000000e+01,3.386811630307089804e-09
7.206250000000000000e+01,3.283299516874749473e-09
7.207812500000000000e+01,3.132418475593442278e-09
7.209375000000000000e+01,2.857102955581911241e-09
7.210937500000000000e+01,2.486520238886119461e-09
7.212500000000000000e+01,2.185281002916953617e-09
7.214062500000000000e+01,2.108117201310540597e-09
7.215625000000000000e+01,2.246695505270231056e-09
7.217187500000000000e+01,2.432907548611907048e-09
7.218750000000000000e+01,2.508562912715461284e-09
7.220312500000000000e+01,2.476014047770944769e-09
7.221875000000000000e+01,2.397847786766470155e-09
7.223437500000000000e+01,2.290939448594876339e-09
7.225000000000000000e+01,2.272402071624624133e-09
7.226562500000000000e+01,2.501338702676183606e-09
7.228125000000000000e+01,2.824875363541586075e-09
7.229687500000000000e+01,2.958676994017390823e-09
7.231250000000000000e+01,2.813920982969507634e-09
7.232812500000000000e+01,2.567709547948769799e-09
7.234375000000000000e+01,2.471259308100623774e-09
7.235937500000000000e+01,2.519031050596135481e-09
7.237500000000000000e+01,2.528440549970200588e-09
7.239062500000000000e+01,2.380656092934593707e-09
7.240625000000000000e+01,2.135423629975139804e-09
7.242187500000000000e+01,2.007645645659605946e-09
7.243750000000000000e+01,2.057282140816862954e-09
7.245312500000000000e+01,2.113817747700020742e-09
7.246875000000000000e+01,2.187560977000648542e-09
7.248437500000000000e+01,2.404555792745861901e-09
7.250000000000000000e+01,2.663782978241534906e-09
7.251562500000000000e+01,2.821497787411093123e-09
7.253125000000000000e+01,2.856990382867534206e-09
7.254687500000000000e+01,2.835608690276003751e-09
7.256250000000000000e+01,2.818559910321520603e-09
7.257812500000000000e+01,2.772837940261216644e-09
7.259375000000000000e+01,2.692880564423282072e-09
7.260937500000000000e+01,2.652198529925671483e-09
7.262500000000000000e+01,2.638426695491754550e-09
7.264062500000000000e+01,2.593486853887124496e-09
7.265625000000000000e+01,2.547699199520810502e-09
7.267187500000000000e+01,2.523981083915672488e-09
7.268750000000000000e+01,2.483759940177428436e-09
7.270312500000000000e+01,2.474508429127568270e-09
7.271875000000000000e+01,2.601058456558267193e-09
7.273437500000000000e+01,2.799893462449704527e-09
7.275000000000000000e+01,2.895853815811062812e-09
7.276562500000000000e+01,2.829540990434541341e-09
7.278125000000000000e+01,2.683546426113678754e-09
7.279687500000000000e+01,2.556304820276162849e-09
7.281250000000000000e+01,2.469670342536536607e-09
7.282812500000000000e+01,2.378398878285056430e-09
7.284375000000000000e+01,2.281547552052117526e-09
7.285937500000000000e+01,2.243576510717923066e-09
7.287500000000000000e+01,2.297119604492512516e-09
7.289062500000000000e+01,2.438996627453482748e-09
7.290625000000000000e+01,2.605054211427739538e-09
7.292187500000000000e+01,2.724864820505455748e-09
7.293750000000000000e+01,2.785736522774801090e-09
7.295312500000000000e+01,2.773109000091829294e-09
7.296875000000000000e+01,2.674527889578150064e-09
7.298437500000000000e+01,2.468815857299839625e-09
7.300000000000000000e+01,2.160773371532608607e-09
7.301562500000000000e+01,1.874523268162678152e-09
7.303125000000000000e+01,1.782798296349732981e-09
7.304687500000000000e+01,1.892022628448919903e-09
7.306250000000000000e+01,2.052827565049404233e-09
7.307812500000000000e+01,2.188277783267017091e-09
7.309375000000000000e+01,2.308164678399946679e-09
7.310937500000000000e+01,2.368841397590647757e-09
7.312500000000000000e+01,2.321152680760364208e-09
7.314062500000000000e+01,2.269487459979630310e-09
7.315625000000000000e+01,2.297714596923760525e-09
7.317187500000000000e+01,2.290231209903401097e-09
7.318750000000000000e+01,2.250881905160580669e-09
7.320312500000000000e+01,2.388747516381303777e-09
7.321875000000000000e+01,2.686271753152626240e-09
7.323437500000000000e+01,2.889121919763517664e-09
7.325000000000000000e+01,2.896710621446094817e-09
7.326562500000000000e+01,2.825651423938564834e-09
7.328125000000000000e+01,2.833745963532977169e-09
7.329687500000000000e+01,2.935105795402607616e-09
7.331250000000000000e+01,3.035661297436680440e-09
7.332812500000000000e+01,3.095446016855743544e-09
7.334375000000000000e+01,3.079223088931072498e-09
7.335937500000000000e+01,2.905805002704157210e-09
7.337500000000000000e+01,2.567963723205759886e-09
7.339062500000000000e+01,2.169512070505483254e-09
7.340625000000000000e+01,1.829583072947445559e-09
7.342187500000000000e+01,1.609146582004258042e-09
7.343750000000000000e+01,1.521489893367795979e-09
7.345312500000000000e+01,1.541889361198987938e-09
7.346875000000000000e+01,1.558884421327373152e-09
7.348437500000000000e+01,1.497336812101356163e-09
7.350000000000000000e+01,1.460981673053688243e-09
7.351562500000000000e+01,1.533335783632888556e-09
7.353125000000000000e+01,1.616877148812743971e-09
7.354687500000000000e+01,1.637003970430194031e-09
7.356250000000000000e+01,1.679409654469170188e-09
7.357812500000000000e+01,1.857809429660248553e-09
7.359375000000000000e+01,2.159621684850560716e-09
7.360937500000000000e+01,2.518341013347621821e-09
7.362500000000000000e+01,2.805912812781846231e-09
7.364062500000000000e+01,2.878423164982754534e-09
7.365625000000000000e+01,2.736859759449245946e-09
7.367187500000000000e+01,2.509837016471619377e-09
7.368750000000000000e+01,2.308726165704693699e-09
7.370312500000000000e+01,2.244192313591400706e-09
7.371875000000000000e+01,2.332363500044741245e-09
7.373437500000000000e+01,2.401250824811070717e-09
7.375000000000000000e+01,2.349953147745786738e-09
7.376562500000000000e+01,2.200330000458796130e-09
7.378125000000000000e+01,2.014141524700647374e-09
7.379687500000000000e+01,1.923884937451326936e-09
7.381250000000000000e+01,2.048101378742359079e-09
7.382812500000000000e+01,2.263832526743073458e-09
7.384375000000000000e+01,2.360546784908109881e-09
7.385937500000000000e+01,2.349829799989141889e-09
7.387500000000000000e+01,2.367735411963761887e-09
7.389062500000000000e+01,2.424187042872012165e-09
7.390625000000000000e+01,2.486307731480932356e-09
7.392187500000000000e+01,2.547497013068959042e-09
7.393750000000000000e+01,2.558963388029170254e-09
7.395312500000000000e+01,2.454803538359819849e-09
7.396875000000000000e+01,2.225132414992041129e-09
7.398437500000000000e+01,1.964881631619433487e-09
7.400000000000000000e+01,1.833925251786113550e-09
7.401562500000000000e+01,1.874627228731772924e-09
7.403125000000000000e+01,1.918912525031562651e-09
7.404687500000000000e+01,1.879636792023789914e-09
7.406250000000000000e+01,1.888914886169269830e-09
7.407812500000000000e+01,1.964586498586031375e-09
7.409375000000000000e+01,1.971358955831917981e-09
7.410937500000000000e+01,1.908999451509237096e-09
7.412500000000000000e+01,1.832032958047401993e-09
7.414062500000000000e+01,1.729949217915351876e-09
7.415625000000000000e+01,1.601051608956975193e-09
7.417187500000000000e+01,1.479222696614028205e-09
7.418750000000000000e+01,1.410898522202379529e-09
7.420312500000000000e+01,1.431624330855484789e-09
7.421875000000000000e+01,1.572374920510937694e-09
7.423437500000000000e+01,1.853088692294008841e-09
7.425000000000000000e+01,2.208072687001171663e-09
7.426562500000000000e+01,2.500513754406471399e-09
7.428125000000000000e+01,2.606317856482751657e-09
7.429687500000000000e+01,2.506748795807630573e-09
7.431250000000000000e+01,2.341414492613146302e-09
7.432812500000000000e+01,2.281151184476789994e-09
7.434375000000000000e+01,2.300065605530674893e-09
7.435937500000000000e+01,2.246395053569700510e-09
7.437500000000000000e+01,2.063817376465983666e-09
7.439062500000000000e+01,1.823035590329121873e-09
7.440625000000000000e+01,1.637279538947116306e-09
7.442187500000000000e+01,1.565208700360206153e-09
7.443750000000000000e+01,1.594089505345943673e-09
7.445312500000000000e+01,1.687324289770465862e-09
7.446875000000000000e+01,1.810350156953570678e-09
7.448437500000000000e+01,1.950708854555426140e-09
7.450000000000000000e+01,2.113139520502264416e-09
7.451562500000000000e+01,2.320780229589958623e-09
7.453125000000000000e+01,2.542783871496710376e-09
7.454687500000000000e+01,2.682347919052235671e-09
7.456250000000000000e+01,2.756236893546219227e-09
7.457812500000000000e+01,2.880786459556160406e-09
7.459375000000000000e+01,3.012276321107625869e-09
7.460937500000000000e+01,3.033497798363990646e-09
7.462500000000000000e+01,2.981624442271671038e-09
7.464062500000000000e+01,2.911190201996600396e-09
7.465625000000000000e+01,2.795871388197388541e-09
7.467187500000000000e+01,2.627647106097606579e-09
7.468750000000000000e+01,2.400530013708607227e-09
7.470312500000000000e+01,2.112295159707521946e-09
7.471875000000000000e+01,1.874482194338245460e-09
7.473437500000000000e+01,1.830044519535506130e-09
7.475000000000000000e+01,1.902842679626376955e-09
7.476562500000000000e+01,1.931854562099784490e-09
7.478125000000000000e+01,1.886005786387389018e-09
7.479687500000000000e+01,1.833124511385517811e-09
7.481250000000000000e+01,1.800040776416179075e-09
7.482812500000000000e+01,1.741938492371956515e-09
7.484375000000000000e+01,1.650447931794366822e-09
7.485937500000000000e+01,1.601870665530041347e-09
7.487500000000000000e+01,1.654333224080239481e-09
7.489062500000000000e+01,1.748447380362557820e-09
7.490625000000000000e+01,1.835476490018174432e-09
7.492187500000000000e+01,1.929262734358103190e-09
7.493750000000000000e+01,2.018162741106838996e-09
7.495312500000000000e+01,2.064878624206632446e-09
7.496875000000000000e+01,2.066830469809207288e-09
7.498437500000000000e+01,2.042976514600852884e-09
7.500000000000000000e+01,1.983801770734697622e-09
7.501562500000000000e+01,1.930281547278099903e-09
7.503125000000000000e+01,1.972264879072426747e-09
7.504687500000000000e+01,2.077390596490849810e-09
7.506250000000000000e+01,2.141178313121985560e-09
7.507812500000000000e+01,2.143259230880463020e-09
7.509375000000000000e+01,2.135255959339968313e-09
7.510937500000000000e+01,2.138690359120896987e-09
7.512500000000000000e+01,2.134627560162211346e-09
7.514062500000000000e+01,2.168391800611767840e-09
7.515625000000000000e+01,2.306103132352648293e-09
7.517187500000000000e+01,2.508782400459774731e-09
7.518750000000000000e+01,2.715870156113739984e-09
7.520312500000000000e+01,2.955914604908621069e-09
7.521875000000000000e+01,3.258647360624442716e-09
7.523437500000000000e+01,3.482442812322836202e-09
7.525000000000000000e+01,3.428228368418061991e-09
7.526562500000000000e+01,3.147481605890892945e-09
7.528125000000000000e+01,2.920583740599151705e-09
7.529687500000000000e+01,2.808743447703196777e-09
7.531250000000000000e+01,2.592869682672876347e-09
7.532812500000000000e+01,2.207780256596742304e-09
7.534375000000000000e+01,1.823470804829862885e-09
7.535937500000000000e+01,1.594254194461481975e-09
7.537500000000000000e+01,1.520326476727119799e-09
7.539062500000000000e+01,1.586490344425140033e-09
7.540625000000000000e+01,1.751256007590210103e-09
7.542187500000000000e+01,1.887790262464104118e-09
7.543750000000000000e+01,1.939492105660706025e-09
7.545312500000000000e+01,1.959581592995292776e-09
7.546875000000000000e+01,1.990060829355981812e-09
7.548437500000000000e+01,2.012428022769551359e-09
7.550000000000000000e+01,2.007454241165254703e-09
7.551562500000000000e+01,2.021398648126412806e-09
7.553125000000000000e+01,2.151629197154169575e-09
7.554687500000000000e+01,2.378747454474321981e-09
7.556250000000000000e+01,2.531680526972934381e-09
7.557812500000000000e+01,2.491739413577147086e-09
7.559375000000000000e+01,2.331139873121551657e-09
7.560937500000000000e+01,2.255462367835582248e-09
7.562500000000000000e+01,2.325393437626165754e-09
7.564062500000000000e+01,2.370465697403262776e-09
7.565625000000000000e+01,2.309813530946709159e-09
7.567187500000000000e+01,2.246174598934889288e-09
7.568750000000000000e+01,2.233329330097416537e-09
7.570312500000000000e+01,2.226005735722526108e-09
7.571875000000000000e+01,2.250785436299151127e-09
7.573437500000000000e+01,2.331847391352763442e-09
7.575000000000000000e+01,2.357775772785226388e-09
7.576562500000000000e+01,2.232212748292066976e-09
7.578125000000000000e+01,2.017103871813476516e-09
7.579687500000000000e+01,1.853728469763155212e-09
7.581250000000000000e+01,1.837308567817744698e-09
7.582812500000000000e+01,1.966168392181676983e-09
7.584375000000000000e+01,2.175262933614280297e-09
7.585937500000000000e+01,2.426880607190650442e-09
7.587500000000000000e+01,2.721186802119050203e-09
7.589062500000000000e+01,3.009972138091637787e-09
7.590625000000000000e+01,3.181353257158754977e-09
7.592187500000000000e+01,3.144762805019407508e-09
7.593750000000000000e+01,2.913594067593100667e-09
7.595312500000000000e+01,2.610109371736656268e-09
7.596875000000000000e+01,2.364507730195074579e-09
7.598437500000000000e+01,2.236337108771638757e-09
7.600000000000000000e+01,2.266343340385490818e-09
7.601562500000000000e+01,2.470111826270839375e-09
7.603125000000000000e+01,2.692001948011922694e-09
7.604687500000000000e+01,2.730343517704005391e-09
7.606250000000000000e+01,2.594090078727872761e-09
7.607812500000000000e+01,2.404336417934483035e-09
7.609375000000000000e+01,2.173248088160971208e-09
7.610937500000000000e+01,1.877565733922846115e-09
7.612500000000000000e+01,1.580350044601930415e-09
7.614062500000000000e+01,1.380556622122919208e-09
7.615625000000000000e+01,1.317958832583929040e-09
7.617187500000000000e+01,1.340054688934451314e-09
7.618750000000000000e+01,1.405574909009724073e-09
7.620312500000000000e+01,1.576394637839536344e-09
7.621875000000000000e+01,1.860784613522699310e-09
7.623437500000000000e+01,2.119903919192309188e-09
7.625000000000000000e+01,2.276200364456178306e-09
7.626562500000000000e+01,2.390404448737337031e-09
7.628125000000000000e+01,2.499894366872436685e-09
7.629687500000000000e+01,2.581033717300067339e-09
7.631250000000000000e+01,2.643019385381816530e-09
7.632812500000000000e+01,2.704522891827602556e-09
7.634375000000000000e+01,2.792061072703005367e-09
7.635937500000000000e+01,2.886364163053324099e-09
7.637500000000000000e+01,2.874145576353072145e-09
7.639062500000000000e+01,2.751388131557003816e-09
7.640625000000000000e+01,2.672297109350717104e-09
7.642187500000000000e+01,2.683456276947082874e-09
7.643750000000000000e+01,2.660704326823789174e-09
7.645312500000000000e+01,2.553929106396774839e-09
7.646875000000000000e+01,2.466121357041096800e-09
7.648437500000000000e+01,2.503609672949192305e-09
7.650000000000000000e+01,2.652163489903165798e-09
7.651562500000000000e+01,2.834839222543979440e-09
7.653125000000000000e+01,2.988975061675993310e-09
7.654687500000000000e+01,3.052190155908311677e-09
7.656250000000000000e+01,3.022356350399114613e-09
7.657812500000000000e+01,2.961391477912111578e-09
7.659375000000000000e+01,2.842519864082882046e-09
7.660937500000000000e+01,2.611903815643908597e-09
7.662500000000000000e+01,2.318898672735775794e-09
7.664062500000000000e+01,2.051051556704085807e-09
7.665625000000000000e+01,1.856559127869539360e-09
7.667187500000000000e+01,1.753966131300817014e-09
7.668750000000000000e+01,1.756184358018686345e-09
7.670312500000000000e+01,1.807745836000252277e-09
7.671875000000000000e+01,1.819589192674439974e-09
7.673437500000000000e+01,1.795891115477964803e-09
7.675000000000000000e+01,1.787556106922500813e-09
7.676562500000000000e+01,1.790314097936036780e-09
7.678125000000000000e+01,1.764729324933209257e-09
7.679687500000000000e+01,1.679770836204100119e-09
7.681250000000000000e+01,1.562913981042074154e-09
7.682812500000000000e+01,1.492993646323732414e-09
7.684375000000000000e+01,1.481206126555300248e-09
7.685937500000000000e+01,1.488973163536516920e-09
7.687500000000000000e+01,1.532680469866082302e-09
7.689062500000000000e+01,1.589098478401277915e-09
7.690625000000000000e+01,1.571922015393558129e-09
7.692187500000000000e+01,1.560889994091395918e-09
7.693750000000000000e+01,1.718258120039383020e-09
7.695312500000000000e+01,1.936786427996269022e-09
7.696875000000000000e+01,2.071585855338621811e-09
7.698437500000000000e+01,2.118923541303934441e-09
7.700000000000000000e+01,2.050051423089806709e-09
7.701562500000000000e+01,1.831524724186128057e-09
7.703125000000000000e+01,1.570921939759750300e-09
7.704687500000000000e+01,1.435384179819179837e-09
7.706250000000000000e+01,1.452240020883969486e-09
7.707812500000000000e+01,1.551786803430101163e-09
7.709375000000000000e+01,1.691718682785543264e-09
7.710937500000000000e+01,1.875262257912128441e-09
7.712500000000000000e+01,2.140168537096326982e-09
7.714062500000000000e+01,2.410380903079528881e-09
7.715625000000000000e+01,2.521071563293509546e-09
7.717187500000000000e+01,2.468160601781599874e-09
7.718750000000000000e+01,2.422537039533804149e-09
7.720312500000000000e+01,2.425850299145773834e-09
7.721875000000000000e+01,2.337734467068142494e-09
7.723437500000000000e+01,2.142684818181675296e-09
7.725000000000000000e+01,1.996052937556625325e-09
7.726562500000000000e+01,1.970028089607557022e-09
7.728125000000000000e+01,1.984495174482122107e-09
7.729687500000000000e+01,1.968358384649333071e-09
7.731250000000000000e+01,1.942271590125750896e-09
7.732812500000000000e+01,1.962039296187742688e-09
7.734375000000000000e+01,1.968898975777940389e-09
7.735937500000000000e+01,1.885177852320089040e-09
7.737500000000000000e+01,1.772433482584039279e-09
7.739062500000000000e+01,1.681932450235622353e-09
7.740625000000000000e+01,1.571950287285859714e-09
7.742187500000000000e+01,1.498106063678161510e-09
7.743750000000000000e+01,1.545199466956894877e-09
7.745312500000000000e+01,1.613228650157025148e-09
7.746875000000000000e+01,1.615330423416210904e-09
7.748437500000000000e+01,1.641409046148002413e-09
7.750000000000000000e+01,1.735078857927586096e-09
7.751562500000000000e+01,1.817344470830170778e-09
7.753125000000000000e+01,1.878696702947820569e-09
7.754687500000000000e+01,1.944020536604064175e-09
7.756250000000000000e+01,1.974642389427222315e-09
7.757812500000000000e+01,1.964064025067538035e-09
7.759375000000000000e+01,1.961526555082306545e-09
7.760937500000000000e+01,1.967675470630842941e-09
7.762500000000000000e+01,1.967676517711432967e-09
7.764062500000000000e+01,1.975720249964496534e-09
7.765625000000000000e+01,2.034867327019259131e-09
7.767187500000000000e+01,2.129212689622751172e-09
7.768750000000000000e+01,2.120479869621701915e-09
7.770312500000000000e+01,1.953273336521655694e-09
7.771875000000000000e+01,1.719840277122052879e-09
7.773437500000000000e+01,1.490774246776533321e-09
7.775000000000000000e+01,1.312990657455352425e-09
7.776562500000000000e+01,1.301123029478864638e-09
7.778125000000000000e+01,1.460364141958148834e-09
7.779687500000000000e+01,1.657965694197678819e-09
7.781250000000000000e+01,1.803491180767750816e-09
7.782812500000000000e+01,1.856205843697722560e-09
7.784375000000000000e+01,1.814034704747372176e-09
7.785937500000000000e+01,1.741098349337975930e-09
7.787500000000000000e+01,1.720005796227236302e-09
7.789062500000000000e+01,1.767655777713063458e-09
7.790625000000000000e+01,1.839216048853426513e-09
7.792187500000000000e+01,1.895769031935677473e-09
7.793750000000000000e+01,1.946351506945072185e-09
7.795312500000000000e+01,1.964343893421767042e-09
7.796875000000000000e+01,1.910726616907628620e-09
7.798437500000000000e+01,1.890306921181899844e-09
7.800000000000000000e+01,1.977511037990456322e-09
7.801562500000000000e+01,2.040165615848299780e-09
7.803125000000000000e+01,2.003359359621004496e-09
7.804687500000000000e+01,1.936583635478599782e-09
7.806250000000000000e+01,1.899237523809806405e-09
7.807812500000000000e+01,1.872547701666148344e-09
7.809375000000000000e+01,1.782326020885477241e-09
7.810937500000000000e+01,1.605583955697585493e-09
7.812500000000000000e+01,1.431261429654186225e-09
7.814062500000000000e+01,1.367281823849360770e-09
7.815625000000000000e+01,1.377546522847006850e-09
7.817187500000000000e+01,1.352612633735351063e-09
7.818750000000000000e+01,1.292252380249340788e-09
7.820312500000000000e+01,1.257276652253095637e-09
7.821875000000000000e+01,1.271566787402533922e-09
7.823437500000000000e+01,1.353573787212449766e-09
7.825000000000000000e+01,1.456961834104147378e-09
7.826562500000000000e+01,1.461350319407278255e-09
7.828125000000000000e+01,1.359280044001278236e-09
7.829687500000000000e+01,1.281870914939755073e-09
7.831250000000000000e+01,1.308043011510451787e-09
7.832812500000000000e+01,1.419435321133593384e-09
7.834375000000000000e+01,1.549190569485958699e-09
7.835937500000000000e+01,1.602876268489983736e-09
7.837500000000000000e+01,1.578050586069248365e-09
7.839062500000000000e+01,1.582720346163101220e-09
7.840625000000000000e+01,1.658084723225937244e-09
7.842187500000000000e+01,1.731184172967751961e-09
7.843750000000000000e+01,1.771854764420805929e-09
7.845312500000000000e+01,1.769172457954244827e-09
7.846875000000000000e+01,1.668992377993581500e-09
7.848437500000000000e+01,1.483283183284194240e-09
7.850000000000000000e+01,1.322611105698673665e-09
7.851562500000000000e+01,1.255996472700407828e-09
7.853125000000000000e+01,1.263499791617153530e-09
7.854687500000000000e+01,1.340724224580316475e-09
7.856250000000000000e+01,1.448364188398099813e-09
7.857812500000000000e+01,1.492570805641207575e-09
7.859375000000000000e+01,1.428697446874902601e-09
7.860937500000000000e+01,1.321903340343123767e-09
7.862500000000000000e+01,1.290946947130525999e-09
7.864062500000000000e+01,1.355515150870677278e-09
7.865625000000000000e+01,1.444141295406473677e-09
7.867187500000000000e+01,1.497510173699658414e-09
7.868750000000000000e+01,1.501950502099236456e-09
7.870312500000000000e+01,1.467730990091923467e-09
7.871875000000000000e+01,1.402167555172069175e-09
7.873437500000000000e+01,1.345466200215394663e-09
7.875000000000000000e+01,1.367952603445207063e-09
7.876562500000000000e+01,1.475423331870732033e-09
7.878125000000000000e+01,1.614346746457251313e-09
7.879687500000000000e+01,1.705415268732260421e-09
7.881250000000000000e+01,1.664935131825581470e-09
7.882812500000000000e+01,1.518868933690979918e-09
7.884375000000000000e+01,1.396671707792041185e-09
7.885937500000000000e+01,1.363681772059327569e-09
7.887500000000000000e+01,1.409796360650958830e-09
7.889062500000000000e+01,1.536001913115971892e-09
7.890625000000000000e+01,1.683049103592813099e-09
7.892187500000000000e+01,1.724439073991640165e-09
7.893750000000000000e+01,1.591424869599076571e-09
7.895312500000000000e+01,1.368038121255233410e-09
7.896875000000000000e+01,1.249229130927661642e-09
7.898437500000000000e+01,1.318782474309259141e-09
7.900000000000000000e+01,1.467900967471395563e-09
7.901562500000000000e+01,1.576481809278327843e-09
7.903125000000000000e+01,1.599945951733324086e-09
7.904687500000000000e+01,1.578784946390154987e-09
7.906250000000000000e+01,1.569944337655361679e-09
7.907812500000000000e+01,1.581979204082555604e-09
7.909375000000000000e+01,1.585560988373513022e-09
7.910937500000000000e+01,1.550116200001898015e-09
7.912500000000000000e+01,1.495064785146846603e-09
7.914062500000000000e+01,1.454479969455833648e-09
7.915625000000000000e+01,1.397405953161757465e-09
7.917187500000000000e+01,1.303394348491048777e-09
7.918750000000000000e+01,1.250501967842857575e-09
7.920312500000000000e+01,1.292913265353822580e-09
7.921875000000000000e+01,1.343161182771050736e-09
7.923437500000000000e+01,1.327229987323485006e-09
7.925000000000000000e+01,1.293113629197375829e-09
7.926562500000000000e+01,1.311091816561882420e-09
7.928125000000000000e+01,1.387746479256748570e-09
7.929687500000000000e+01,1.489112424120188354e-09
7.931250000000000000e+01,1.572289651297350122e-09
7.932812500000000000e+01,1.608723698759025950e-09
7.934375000000000000e+01,1.583565004129784409e-09
7.935937500000000000e+01,1.532527479547062598e-09
7.937500000000000000e+01,1.508985319874665195e-09
7.939062500000000000e+01,1.473175084290678148e-09
7.940625000000000000e+01,1.410760309666038579e-09
7.942187500000000000e+01,1.414483661817610518e-09
7.943750000000000000e+01,1.476716268741514775e-09
7.945312500000000000e+01,1.484188888973983405e-09
7.946875000000000000e+01,1.404587985056896817e-09
7.948437500000000000e+01,1.291584289434655224e-09
7.950000000000000000e+01,1.209642612337278661e-09
7.951562500000000000e+01,1.217738620581871134e-09
7.953125000000000000e+01,1.317965939687419259e-09
7.954687500000000000e+01,1.422582998740240310e-09
7.956250000000000000e+01,1.465316563855164003e-09
7.957812500000000000e+01,1.475662127257720728e-09
7.959375000000000000e+01,1.496010887073946316e-09
7.960937500000000000e+01,1.504740507107814391e-09
7.962500000000000000e+01,1.485599228250090316e-09
7.964062500000000000e+01,1.465354887077258820e-09
7.965625000000000000e+01,1.452246811311407264e-09
7.967187500000000000e+01,1.417320287106721229e-09
7.968750000000000000e+01,1.354933678143359664e-09
7.970312500000000000e+01,1.303756199290800657e-09
7.971875000000000000e+01,1.319371938700844732e-09
7.973437500000000000e+01,1.401016677291757201e-09
7.975000000000000000e+01,1.470080812830908853e-09
7.976562500000000000e+01,1.465912822439427701e-09
7.978125000000000000e+01,1.380946616987621736e-09
7.979687500000000000e+01,1.293777070763733409e-09
7.981250000000000000e+01,1.336105173266654362e-09
7.982812500000000000e+01,1.460594398875971330e-09
7.984375000000000000e+01,1.525282424164693038e-09
7.985937500000000000e+01,1.511667219816931939e-09
7.987500000000000000e+01,1.471297169669994313e-09
7.989062500000000000e+01,1.423038540488968990e-09
7.990625000000000000e+01,1.371378595077974926e-09
7.992187500000000000e+01,1.346445471658003220e-09
7.993750000000000000e+01,1.387909551172648334e-09
7.995312500000000000e+01,1.490360365128765017e-09
7.996875000000000000e+01,1.576858561930725026e-09
7.998437500000000000e+01,1.588397760660967938e-09
8.000000000000000000e+01,1.528101492950854283e-09
8.001562500000000000e+01,1.437657335659421555e-09
8.003125000000000000e+01,1.370158614811607842e-09
8.004687500000000000e+01,1.339273412870641145e-09
8.006250000000000000e+01,1.315409006873619222e-09
8.007812500000000000e+01,1.279298709573170213e-09
8.009375000000000000e+01,1.271751452965066258e-09
8.010937500000000000e+01,1.342706797352284218e-09
8.012500000000000000e+01,1.414849184851572488e-09
8.014062500000000000e+01,1.368313230145193688e-09
8.015625000000000000e+01,1.193620003023629957e-09
8.017187500000000000e+01,1.025836017266695712e-09
8.018750000000000000e+01,1.056025148521102422e-09
8.020312500000000000e+01,1.225673748629374467e-09
8.021875000000000000e+01,1.346829773061818757e-09
8.023437500000000000e+01,1.372448631365131991e-09
8.025000000000000000e+01,1.360025997025295018e-09
8.026562500000000000e+01,1.393902683426053120e-09
8.028125000000000000e+01,1.465447307488859935e-09
8.029687500000000000e+01,1.471222279988362846e-09
8.031250000000000000e+01,1.401741268044754962e-09
8.032812500000000000e+01,1.354933984380192184e-09
8.034375000000000000e+01,1.368251750184627793e-09
8.035937500000000000e+01,1.390664137944626856e-09
8.037500000000000000e+01,1.403762390293758116e-09
8.039062500000000000e+01,1.408496785916297014e-09
8.040625000000000000e+01,1.371996093940985781e-09
8.042187500000000000e+01,1.297462534836517891e-09
8.043750000000000000e+01,1.225846631081045591e-09
8.045312500000000000e+01,1.163685797572382527e-09
8.046875000000000000e+01,1.130576449501856060e-09
8.048437500000000000e+01,1.183810702469729580e-09
8.050000000000000000e+01,1.293312606428013256e-09
8.051562500000000000e+01,1.386891621901755369e-09
8.053125000000000000e+01,1.443036478904689254e-09
8.054687500000000000e+01,1.462107684656813679e-09
8.056250000000000000e+01,1.467694664757429827e-09
8.057812500000000000e+01,1.475252545830476217e-09
8.059375000000000000e+01,1.490952777942976851e-09
8.060937500000000000e+01,1.488875579158911678e-09
8.062500000000000000e+01,1.409386755720859107e-09
8.064062500000000000e+01,1.306735913452404712e-09
8.065625000000000000e+01,1.332635659161762840e-09
8.067187500000000000e+01,1.452742986148963436e-09
8.068750000000000000e+01,1.500512434106468348e-09
8.070312500000000000e+01,1.446084760876512363e-09
8.071875000000000000e+01,1.364114793507292733e-09
8.073437500000000000e+01,1.278345873900839883e-09
8.075000000000000000e+01,1.193077983736847019e-09
8.076562500000000000e+01,1.204679685753141499e-09
8.078125000000000000e+01,1.354226533110397871e-09
8.079687500000000000e+01,1.506096638161203269e-09
8.081250000000000000e+01,1.560104851788805077e-09
8.082812500000000000e+01,1.556638516230627219e-09
8.084375000000000000e+01,1.574441881344417987e-09
8.085937500000000000e+01,1.576186545935104240e-09
8.087500000000000000e+01,1.490305584190364586e-09
8.089062500000000000e+01,1.373242129099479572e-09
8.090625000000000000e+01,1.346435847189687241e-09
8.092187500000000000e+01,1.429172491633737819e-09
8.093750000000000000e+01,1.515883290821161546e-09
8.095312500000000000e+01,1.507628475730730550e-09
8.096875000000000000e+01,1.403798605956629148e-09
8.098437500000000000e+01,1.289613679357683822e-09
8.100000000000000000e+01,1.242419009567152176e-09
8.101562500000000000e+01,1.247039013386390162e-09
8.103125000000000000e+01,1.245598898682350688e-09
8.104687500000000000e+01,1.227030204852310039e-09
8.106250000000000000e+01,1.226350805603243152e-09
8.107812500000000000e+01,1.275143843930346558e-09
8.109375000000000000e+01,1.339227337770334738e-09
8.110937500000000000e+01,1.353526385675984719e-09
8.112500000000000000e+01,1.314402392260923697e-09
8.114062500000000000e+01,1.284564720907135160e-09
8.115625000000000000e+01,1.307961703147224146e-09
8.117187500000000000e+01,1.340039156230042506e-09
8.118750000000000000e+01,1.340784899001791841e-09
8.120312500000000000e+01,1.357504946300321844e-09
8.121875000000000000e+01,1.448079112322453492e-09
8.123437500000000000e+01,1.557912842695390862e-09
8.125000000000000000e+01,1.582364412360807903e-09
8.126562500000000000e+01,1.513775677923441971e-09
8.128125000000000000e+01,1.439827372653704644e-09
8.129687500000000000e+01,1.438632208218203480e-09
8.131250000000000000e+01,1.491350560089481955e-09
8.132812500000000000e+01,1.515804878286671243e-09
8.134375000000000000e+01,1.502023474523991700e-09
8.135937500000000000e+01,1.510976636415536284e-09
8.137500000000000000e+01,1.528911944035157019e-09
8.139062500000000000e+01,1.497309693899654011e-09
8.140625000000000000e+01,1.427644435068529899e-09
8.142187500000000000e+01,1.372809826311564638e-09
8.143750000000000000e+01,1.380970213215573997e-09
8.145312500000000000e+01,1.444701171802371574e-09
8.146875000000000000e+01,1.480197659121358243e-09
8.148437500000000000e+01,1.435737716241508456e-09
8.150000000000000000e+01,1.354964403296338315e-09
8.151562500000000000e+01,1.335178053944045275e-09
8.153125000000000000e+01,1.386959741592493922e-09
8.154687500000000000e+01,1.409997887387220168e-09
8.156250000000000000e+01,1.376991305053362807e-09
8.157812500000000000e+01,1.335612398958543670e-09
8.159375000000000000e+01,1.292893097209857367e-09
8.160937500000000000e+01,1.259435553722163630e-09
8.162500000000000000e+01,1.282380416571424125e-09
8.164062500000000000e+01,1.358594785214576312e-09
8.165625000000000000e+01,1.433746994935976521e-09
8.167187500000000000e+01,1.469986732533553837e-09
8.168750000000000000e+01,1.449110911586209291e-09
8.170312500000000000e+01,1.386681601773084914e-09
8.171875000000000000e+01,1.353156473712871214e-09
8.173437500000000000e+01,1.383128550694732363e-09
8.175000000000000000e+01,1.408900879179141276e-09
8.176562500000000000e+01,1.383505741661510298e-09
8.178125000000000000e+01,1.334067524006788276e-09
8.179687500000000000e+01,1.288640778326519083e-09
8.181250000000000000e+01,1.285970601639379372e-09
8.182812500000000000e+01,1.366272047897320645e-09
8.184375000000000000e+01,1.508473223863305005e-09
8.185937500000000000e+01,1.632034323561617630e-09
8.187500000000000000e+01,1.639999439406500506e-09
8.189062500000000000e+01,1.512784779529900246e-09
8.190625000000000000e+01,1.363722040416710546e-09
8.192187500000000000e+01,1.324334362074521103e-09
8.193750000000000000e+01,1.366345945078188598e-09
8.195312500000000000e+01,1.403151568727902121e-09
8.196875000000000000e+01,1.442331691991452217e-09
8.198437500000000000e+01,1.489656117778396244e-09
8.200000000000000000e+01,1.473516253191281765e-09
8.201562500000000000e+01,1.374726656631504112e-09
8.203125000000000000e+01,1.295938097712966983e-09
8.204687500000000000e+01,1.316107353450875197e-09
8.206250000000000000e+01,1.361288382478766627e-09
8.207812500000000000e+01,1.353246805229417913e-09
8.209375000000000000e+01,1.300669023180661238e-09
8.210937500000000000e+01,1.255127163905789845e-09
8.212500000000000000e+01,1.257326774000661436e-09
8.214062500000000000e+01,1.289792073013390297e-09
8.215625000000000000e+01,1.340362211557288926e-09
8.217187500000000000e+01,1.404295450113473047e-09
8.218750000000000000e+01,1.410876651293631027e-09
8.220312500000000000e+01,1.313675018747761981e-09
8.221875000000000000e+01,1.192799762490793256e-09
8.223437500000000000e+01,1.200367792451658636e-09
8.225000000000000000e+01,1.375834261155433122e-09
8.226562500000000000e+01,1.580718432259824690e-09
8.228125000000000000e+01,1.669704144842657107e-09
8.229687500000000000e+01,1.608258514949551174e-09
8.231250000000000000e+01,1.477388362320739309e-09
8.232812500000000000e+01,1.392396737268220750e-09
8.234375000000000000e+01,1.374538145219609835e-09
8.235937500000000000e+01,1.376600675569498746e-09
8.237500000000000000e+01,1.383581592821605035e-09
8.239062500000000000e+01,1.391773765703323513e-09
8.240625000000000000e+01,1.394319082624558921e-09
8.242187500000000000e+01,1.386170863002734783e-09
8.243750000000000000e+01,1.375047786504739017e-09
8.245312500000000000e+01,1.390238474586273497e-09
8.246875000000000000e+01,1.410627600665867549e-09
8.248437500000000000e+01,1.379172421714186164e-09
8.250000000000000000e+01,1.315538879416859550e-09
8.251562500000000000e+01,1.302221563472143352e-09
8.253125000000000000e+01,1.332407578449511491e-09
8.254687500000000000e+01,1.316524691709948512e-09
8.256250000000000000e+01,1.250843885688021363e-09
8.257812500000000000e+01,1.220492148257461170e-09
8.259375000000000000e+01,1.255945231152021718e-09
8.260937500000000000e+01,1.308738018386701717e-09
8.262500000000000000e+01,1.344711174791523772e-09
8.264062500000000000e+01,1.359064989051451475e-09
8.265625000000000000e+01,1.353399006387264929e-09
8.267187500000000000e+01,1.321969429899162424e-09
8.268750000000000000e+01,1.245956232666941824e-09
8.270312500000000000e+01,1.150666314474868464e-09
8.271875000000000000e+01,1.134251509735452950e-09
8.273437500000000000e+01,1.212690637957040525e-09
8.275000000000000000e+01,1.269492324408056571e-09
8.276562500000000000e+01,1.240409736300572167e-09
8.278125000000000000e+01,1.182203224673240193e-09
8.279687500000000000e+01,1.180766440233478252e-09
8.281250000000000000e+01,1.234437464399186572e-09
8.282812500000000000e+01,1.286734749804180527e-09
8.284375000000000000e+01,1.311857446680175825e-09
8.285937500000000000e+01,1.319000705176145663e-09
8.287500000000000000e+01,1.324517825269522143e-09
8.289062500000000000e+01,1.339791086810040501e-09
8.290625000000000000e+01,1.356661300626366542e-09
8.292187500000000000e+01,1.343805588423885031e-09
8.293750000000000000e+01,1.284779000199734210e-09
8.295312500000000000e+01,1.230127501099414024e-09
8.296875000000000000e+01,1.242911170977974648e-09
8.298437500000000000e+01,1.267197903375291961e-09
8.300000000000000000e+01,1.231719119886321572e-09
8.301562500000000000e+01,1.190290718570371271e-09
8.303125000000000000e+01,1.222371757673753228e-09
8.304687500000000000e+01,1.284432461355604555e-09
8.306250000000000000e+01,1.300829797787432775e-09
8.307812500000000000e+01,1.301466404069890684e-09
8.309375000000000000e+01,1.324365663255715010e-09
8.310937500000000000e+01,1.308219247247608444e-09
8.312500000000000000e+01,1.231814559576695238e-09
8.314062500000000000e+01,1.174409857837944760e-09
8.315625000000000000e+01,1.166280102142787037e-09
8.317187500000000000e+01,1.173027923231050056e-09
8.318750000000000000e+01,1.206030969946385048e-09
8.320312500000000000e+01,1.257937022960582254e-09
8.321875000000000000e+01,1.258774224425627589e-09
8.323437500000000000e+01,1.218152772564060042e-09
8.325000000000000000e+01,1.248409892059150495e-09
8.326562500000000000e+01,1.322409112367080257e-09
8.328125000000000000e+01,1.313664085376011998e-09
8.329687500000000000e+01,1.237516427297322492e-09
8.331250000000000000e+01,1.173015648223999599e-09
8.332812500000000000e+01,1.141912467468331721e-09
8.334375000000000000e+01,1.189681088666571066e-09
8.335937500000000000e+01,1.303666361470871911e-09
8.337500000000000000e+01,1.361952281054837942e-09
8.339062500000000000e+01,1.310827355001839252e-09
8.340625000000000000e+01,1.210624364320605139e-09
8.342187500000000000e+01,1.138401770738259052e-09
8.343750000000000000e+01,1.109674706567214362e-09
8.345312500000000000e+01,1.136990074811336690e-09
8.346875000000000000e+01,1.244019437086381816e-09
8.348437500000000000e+01,1.360649307416955737e-09
8.350000000000000000e+01,1.404694774745946269e-09
8.351562500000000000e+01,1.408611134998215925e-09
8.353125000000000000e+01,1.422505270364578515e-09
8.354687500000000000e+01,1.408083856473704224e-09
8.356250000000000000e+01,1.350114832366975889e-09
8.357812500000000000e+01,1.306202205468894669e-09
8.359375000000000000e+01,1.286945850080028595e-09
8.360937500000000000e+01,1.252026138451833501e-09
8.362500000000000000e+01,1.200349024719461691e-09
8.364062500000000000e+01,1.136626552490609153e-09
8.365625000000000000e+01,1.056845900635942515e-09
8.367187500000000000e+01,1.018576871445871517e-09
8.368750000000000000e+01,1.097124507287671114e-09
8.370312500000000000e+01,1.248073801476235515e-09
8.371875000000000000e+01,1.356374226618398145e-09
8.373437500000000000e+01,1.377646974419458343e-09
8.375000000000000000e+01,1.356416048896530039e-09
8.376562500000000000e+01,1.354242069163824406e-09
8.378125000000000000e+01,1.372128904281470263e-09
8.379687500000000000e+01,1.362184620215094100e-09
8.381250000000000000e+01,1.313106782154510145e-09
8.382812500000000000e+01,1.297915151445853711e-09
8.384375000000000000e+01,1.368069559457954662e-09
8.385937500000000000e+01,1.448188127261915627e-09
8.387500000000000000e+01,1.460194405677774401e-09
8.389062500000000000e+01,1.409421635903891298e-09
8.390625000000000000e+01,1.344752936685294553e-09
8.392187500000000000e+01,1.297374404834857853e-09
8.393750000000000000e+01,1.253517634725681825e-09
8.395312500000000000e+01,1.217405979158913569e-09
8.396875000000000000e+01,1.235727854624461336e-09
8.398437500000000000e+01,1.281195455324328005e-09
8.400000000000000000e+01,1.263977152999308236e-09
8.401562500000000000e+01,1.171872512558524457e-09
8.403125000000000000e+01,1.088300441159256148e-09
8.404687500000000000e+01,1.098766311798808491e-09
8.406250000000000000e+01,1.197012517307248390e-09
8.407812500000000000e+01,1.293017647991745497e-09
8.409375000000000000e+01,1.309996303492356426e-09
8.410937500000000000e+01,1.284838027295184324e-09
8.412500000000000000e+01,1.317543006564432039e-09
8.414062500000000000e+01,1.398237766082610050e-09
8.415625000000000000e+01,1.438291855106948762e-09
8.417187500000000000e+01,1.406636654013146752e-09
8.418750000000000000e+01,1.325848603039331744e-09
8.420312500000000000e+01,1.224537129295822000e-09
8.421875000000000000e+01,1.133418529694053672e-09
8.423437500000000000e+01,1.086460597727832852e-09
8.425000000000000000e+01,1.126026820424992565e-09
8.426562500000000000e+01,1.254766969125522385e-09
8.428125000000000000e+01,1.387400967749260129e-09
8.429687500000000000e+01,1.417901270599472789e-09
8.431250000000000000e+01,1.330944524116600421e-09
8.432812500000000000e+01,1.233539981209662286e-09
8.434375000000000000e+01,1.225673172505247826e-09
8.435937500000000000e+01,1.262719090311540246e-09
8.437500000000000000e+01,1.260312216653354140e-09
8.439062500000000000e+01,1.225169041771418535e-09
8.440625000000000000e+01,1.222552236989591896e-09
8.442187500000000000e+01,1.258291310194540522e-09
8.443750000000000000e+01,1.275171512105392991e-09
8.445312500000000000e+01,1.247914403253877937e-09
8.446875000000000000e+01,1.213592152684025112e-09
8.448437500000000000e+01,1.219020557029271621e-09
8.450000000000000000e+01,1.259932922253235430e-09
8.451562500000000000e+01,1.284840644639992137e-09
8.453125000000000000e+01,1.237875725754909586e-09
8.454687500000000000e+01,1.123946027858196261e-09
8.456250000000000000e+01,1.056531915495621622e-09
8.457812500000000000e+01,1.113187306611366495e-09
8.459375000000000000e+01,1.193773800622717360e-09
8.460937500000000000e+01,1.202869762847257587e-09
8.462500000000000000e+01,1.159353246933173425e-09
8.464062500000000000e+01,1.137380637691961584e-09
8.465625000000000000e+01,1.189751163661639420e-09
8.467187500000000000e+01,1.306647056402405364e-09
8.468750000000000000e+01,1.436476967311637710e-09
8.470312500000000000e+01,1.523312898318669047e-09
8.471875000000000000e+01,1.526455608086301323e-09
8.473437500000000000e+01,1.453809993649377062e-09
8.475000000000000000e+01,1.361513940989625816e-09
8.476562500000000000e+01,1.306043113135237621e-09
8.478125000000000000e+01,1.270839673602714337e-09
8.479687500000000000e+01,1.189300439924407183e-09
8.481250000000000000e+01,1.085743183294313705e-09
8.482812500000000000e+01,1.062530295282505362e-09
8.484375000000000000e+01,1.120843407185665121e-09
8.485937500000000000e+01,1.175747169417556081e-09
8.487500000000000000e+01,1.183280702206186738e-09
8.489062500000000000e+01,1.153072104178672723e-09
8.490625000000000000e+01,1.146745071634877353e-09
8.492187500000000000e+01,1.222537829160467565e-09
8.493750000000000000e+01,1.328994553613142060e-09
8.495312500000000000e+01,1.352971937169373355e-09
8.496875000000000000e+01,1.270473681005313247e-09
8.498437500000000000e+01,1.165499748560775921e-09
8.500000000000000000e+01,1.108094632484854069e-09
8.501562500000000000e+01,1.099774365052248164e-09
8.503125000000000000e+01,1.118794675672046675e-09
8.504687500000000000e+01,1.141394345818538172e-09
8.506250000000000000e+01,1.133755304317486343e-09
8.507812500000000000e+01,1.098887610531291511e-09
8.509375000000000000e+01,1.094025247431569385e-09
8.510937500000000000e+01,1.125142553217445024e-09
8.512500000000000000e+01,1.144625916161715517e-09
8.514062500000000000e+01,1.168063957160103935e-09
8.515625000000000000e+01,1.227493849564119714e-09
8.517187500000000000e+01,1.282897442698860130e-09
8.518750000000000000e+01,1.306479156825508492e-09
8.520312500000000000e+01,1.304601797483272978e-09
8.521875000000000000e+01,1.266908988761362763e-09
8.523437500000000000e+01,1.236728622924236476e-09
8.525000000000000000e+01,1.273355254301141045e-09
8.526562500000000000e+01,1.315529644234746549e-09
8.528125000000000000e+01,1.295817006259480271e-09
8.529687500000000000e+01,1.241571379446720633e-09
8.531250000000000000e+01,1.209731703503213543e-09
8.532812500000000000e+01,1.211034929782426833e-09
8.534375000000000000e+01,1.217660390223921919e-09
8.535937500000000000e+01,1.235534885337682339e-09
8.537500000000000000e+01,1.276694961891052580e-09
8.539062500000000000e+01,1.308825729368789974e-09
8.540625000000000000e+01,1.329647402414972258e-09
8.542187500000000000e+01,1.348230639500288367e-09
8.543750000000000000e+01,1.332383389873190430e-09
8.545312500000000000e+01,1.281135661556373705e-09
8.546875000000000000e+01,1.259960767282091693e-09
8.548437500000000000e+01,1.306864318843461695e-09
8.550000000000000000e+01,1.372378898393914309e-09
8.551562500000000000e+01,1.406192248027047861e-09
8.553125000000000000e+01,1.397047231039965086e-09
8.554687500000000000e+01,1.345006242260845182e-09
8.556250000000000000e+01,1.259661932182667923e-09
8.557812500000000000e+01,1.173047486135684097e-09
8.559375000000000000e+01,1.125354300847089374e-09
8.560937500000000000e+01,1.113033351308214743e-09
8.562500000000000000e+01,1.120081254241553578e-09
8.564062500000000000e+01,1.160053640214396553e-09
8.565625000000000000e+01,1.200972516232915780e-09
8.567187500000000000e+01,1.189706636626116959e-09
8.568750000000000000e+01,1.156054217577404020e-09
8.570312500000000000e+01,1.168951632128434981e-09
8.571875000000000000e+01,1.221948630832964675e-09
8.573437500000000000e+01,1.260833052182579965e-09
8.575000000000000000e+01,1.263529646547342096e-09
8.576562500000000000e+01,1.244523529457459441e-09
8.578125000000000000e+01,1.221605547547666025e-09
8.579687500000000000e+01,1.217812576325137706e-09
8.581250000000000000e+01,1.243658650714629257e-09
8.582812500000000000e+01,1.261302189469173192e-09
8.584375000000000000e+01,1.245701825556792757e-09
8.585937500000000000e+01,1.207071154078359214e-09
8.587500000000000000e+01,1.152519182010804036e-09
8.589062500000000000e+01,1.103794642286374529e-09
8.590625000000000000e+01,1.069966612616340403e-09
8.592187500000000000e+01,1.016007463309285085e-09
8.593750000000000000e+01,9.331417839884953565e-10
8.595312500000000000e+01,8.731474090154100916e-10
8.596875000000000000e+01,8.925693369733007539e-10
8.598437500000000000e+01,9.646994962200185211e-10
8.600000000000000000e+01,1.025704383389503828e-09
8.601562500000000000e+01,1.089153006401003821e-09
8.603125000000000000e+01,1.182469178972773221e-09
8.604687500000000000e+01,1.245291911194170641e-09
8.606250000000000000e+01,1.231892818469883084e-09
8.607812500000000000e+01,1.177587640116486362e-09
8.609375000000000000e+01,1.127923600734827633e-09
8.610937500000000000e+01,1.084966836658649217e-09
8.612500000000000000e+01,1.035277798171592207e-09
8.614062500000000000e+01,9.935028676988055562e-10
8.615625000000000000e+01,9.855005413536689596e-10
8.617187500000000000e+01,1.018412111554561773e-09
8.618750000000000000e+01,1.088491937664013609e-09
8.620312500000000000e+01,1.163279245489258706e-09
8.621875000000000000e+01,1.185175087427334170e-09
8.623437500000000000e+01,1.149690396896361381e-09
8.625000000000000000e+01,1.117149186663062754e-09
8.626562500000000000e+01,1.120737699204116272e-09
8.628125000000000000e+01,1.157747393410787660e-09
8.629687500000000000e+01,1.216783131160105605e-09
8.631250000000000000e+01,1.248574368948532868e-09
8.632812500000000000e+01,1.220065432848311051e-09
8.634375000000000000e+01,1.163247539190408858e-09
8.635937500000000000e+01,1.122929287543528673e-09
8.637500000000000000e+01,1.131069429189266269e-09
8.639062500000000000e+01,1.208570441036025716e-09
8.640625000000000000e+01,1.293707220381486698e-09
8.642187500000000000e+01,1.286870016172663233e-09
8.643750000000000000e+01,1.196066218806137978e-09
8.645312500000000000e+01,1.128780978441213215e-09
8.646875000000000000e+01,1.152520580681036168e-09
8.648437500000000000e+01,1.236945629068979193e-09
8.650000000000000000e+01,1.303301802987734178e-09
8.651562500000000000e+01,1.303150211480881492e-09
8.653125000000000000e+01,1.252199932054335287e-09
8.654687500000000000e+01,1.188006953614348083e-09
8.656250000000000000e+01,1.159397594310707383e-09
8.657812500000000000e+01,1.211991862523028133e-09
8.659375000000000000e+01,1.293011202210679721e-09
8.660937500000000000e+01,1.315465349959529748e-09
8.662500000000000000e+01,1.275222334806123575e-09
8.664062500000000000e+01,1.224125713813988468e-09
8.665625000000000000e+01,1.199501887494853723e-09
8.667187500000000000e+01,1.195753992447751015e-09
8.668750000000000000e+01,1.192454721451496304e-09
8.670312500000000000e+01,1.171359580275292911e-09
8.671875000000000000e+01,1.108193996531355940e-09
8.673437500000000000e+01,1.025412416550797781e-09
8.675000000000000000e+01,1.015729521072935247e-09
8.676562500000000000e+01,1.090622736597957420e-09
8.678125000000000000e+01,1.148067760085895775e-09
8.679687500000000000e+01,1.129346572360801650e-09
8.681250000000000000e+01,1.063379693453241002e-09
8.682812500000000000e+01,1.011699824883346520e-09
8.684375000000000000e+01,1.028722185765257928e-09
8.685937500000000000e+01,1.128631296902726070e-09
8.687500000000000000e+01,1.227355499107859448e-09
8.689062500000000000e+01,1.235480469977786460e-09
8.690625000000000000e+01,1.188813814164324748e-09
8.692187500000000000e+01,1.189167028743020833e-09
8.693750000000000000e+01,1.225566392048174868e-09
8.695312500000000000e+01,1.238819818605546464e-09
8.696875000000000000e+01,1.251483981718919623e-09
8.698437500000000000e+01,1.279315676267399672e-09
8.700000000000000000e+01,1.292988800910191629e-09
8.701562500000000000e+01,1.283398466335118954e-09
8.703125000000000000e+01,1.256525188744326471e-09
8.704687500000000000e+01,1.207150832856445413e-09
8.706250000000000000e+01,1.150843739930547684e-09
8.707812500000000000e+01,1.116630743744817743e-09
8.709375000000000000e+01,1.107772967634378206e-09
8.710937500000000000e+01,1.130942134212484893e-09
8.712500000000000000e+01,1.172525987955451897e-09
8.714062500000000000e+01,1.186738844774888899e-09
8.715625000000000000e+01,1.157464267196624570e-09
8.717187500000000000e+01,1.113326223222633458e-09
8.718750000000000000e+01,1.091930447861525853e-09
8.720312500000000000e+01,1.085192911515491445e-09
8.721875000000000000e+01,1.075506483089941218e-09
8.723437500000000000e+01,1.110266121897031012e-09
8.725000000000000000e+01,1.196454211642742726e-09
8.726562500000000000e+01,1.250688626964129948e-09
8.728125000000000000e+01,1.221231322298086224e-09
8.729687500000000000e+01,1.131795678965347340e-09
8.731250000000000000e+01,1.056944076349553781e-09
8.732812500000000000e+01,1.029484386595900067e-09
8.734375000000000000e+01,1.022407755995843997e-09
8.735937500000000000e+01,1.029941138054739179e-09
8.737500000000000000e+01,1.041458171943666358e-09
8.739062500000000000e+01,1.033623770520278238e-09
8.740625000000000000e+01,1.031546906407938729e-09
8.742187500000000000e+01,1.076450882375649206e-09
8.743750000000000000e+01,1.141037231312851321e-09
8.745312500000000000e+01,1.157742416682031947e-09
8.746875000000000000e+01,1.097524975422625480e-09
8.748437500000000000e+01,1.011294831244647644e-09
8.750000000000000000e+01,9.756132153061158210e-10
8.751562500000000000e+01,9.772121917987636072e-10
8.753125000000000000e+01,1.003740942924376638e-09
8.754687500000000000e+01,1.114640997730675585e-09
8.756250000000000000e+01,1.263695478562490393e-09
8.757812500000000000e+01,1.328597056221162969e-09
8.759375000000000000e+01,1.277433717964180123e-09
8.760937500000000000e+01,1.170974097612590286e-09
8.762500000000000000e+01,1.079751452012015682e-09
8.764062500000000000e+01,1.029553197624266364e-09
8.765625000000000000e+01,1.000142682631088201e-09
8.767187500000000000e+01,9.690822501116766424e-10
8.768750000000000000e+01,9.481360210010929049e-10
8.770312500000000000e+01,9.467559626201028006e-10
8.771875000000000000e+01,9.464555828570160898e-10
8.773437500000000000e+01,9.354901641751880745e-10
8.775000000000000000e+01,9.323076169046769187e-10
8.776562500000000000e+01,9.651382373267888918e-10
8.778125000000000000e+01,1.017470596858427578e-09
8.779687500000000000e+01,1.037897320799456990e-09
8.781250000000000000e+01,1.039708503407156176e-09
8.782812500000000000e+01,1.082181869232351097e-09
8.784375000000000000e+01,1.152660370948381207e-09
8.785937500000000000e+01,1.217867095602973347e-09
8.787500000000000000e+01,1.274371823525834671e-09
8.789062500000000000e+01,1.286215360510593301e-09
8.790625000000000000e+01,1.227295007566613715e-09
8.792187500000000000e+01,1.164141494827250789e-09
8.793750000000000000e+01,1.164534293557565461e-09
8.795312500000000000e+01,1.173119435451393333e-09
8.796875000000000000e+01,1.113981331167404800e-09
8.798437500000000000e+01,1.031322070891756566e-09
8.800000000000000000e+01,1.048829292315630838e-09
8.801562500000000000e+01,1.140865571437309989e-09
8.803125000000000000e+01,1.162008490028966517e-09
8.804687500000000000e+01,1.091722924448059530e-09
8.806250000000000000e+01,1.039480441660024836e-09
8.807812500000000000e+01,1.049240506048852675e-09
8.809375000000000000e+01,1.049840915308565053e-09
8.810937500000000000e+01,9.986751207178803621e-10
8.812500000000000000e+01,9.310316030666038238e-10
8.814062500000000000e+01,9.269767764048412047e-10
8.815625000000000000e+01,1.010924699180542885e-09
8.817187500000000000e+01,1.094849580831748499e-09
8.818750000000000000e+01,1.118413087307022713e-09
8.820312500000000000e+01,1.136320281843445891e-09
8.821875000000000000e+01,1.185591094950567950e-09
8.823437500000000000e+01,1.192807185779608537e-09
8.825000000000000000e+01,1.125013916162910055e-09
8.826562500000000000e+01,1.065647840020370801e-09
8.828125000000000000e+01,1.096526842639087611e-09
8.829687500000000000e+01,1.188663737613421000e-09
8.831250000000000000e+01,1.289043546749988370e-09
8.832812500000000000e+01,1.353981902541334483e-09
8.834375000000000000e+01,1.330449378884868118e-09
8.835937500000000000e+01,1.240171496451923049e-09
8.837500000000000000e+01,1.158401364070232895e-09
8.839062500000000000e+01,1.090638074747630376e-09
8.840625000000000000e+01,1.033022780373994197e-09
8.842187500000000000e+01,1.052505656055671781e-09
8.843750000000000000e+01,1.142402167867547875e-09
8.845312500000000000e+01,1.201071646610851170e-09
8.846875000000000000e+01,1.189227873655038633e-09
8.848437500000000000e+01,1.120895246978916437e-09
8.850000000000000000e+01,1.011832893828971762e-09
8.851562500000000000e+01,9.268049294937682409e-10
8.853125000000000000e+01,9.302051987293365900e-10
8.854687500000000000e+01,9.882193141328137012e-10
8.856250000000000000e+01,1.035093524936059225e-09
8.857812500000000000e+01,1.042438978018297946e-09
8.859375000000000000e+01,1.035411096286216907e-09
8.860937500000000000e+01,1.036847145020748577e-09
8.862500000000000000e+01,1.009497673208784805e-09
8.864062500000000000e+01,9.602367216711809645e-10
8.865625000000000000e+01,9.601708387029276772e-10
8.867187500000000000e+01,1.009291494661935913e-09
8.868750000000000000e+01,1.070812271037485004e-09
8.870312500000000000e+01,1.144300792674740904e-09
8.871875000000000000e+01,1.204884461008261093e-09
8.873437500000000000e+01,1.208471652364547246e-09
8.875000000000000000e+01,1.148883251779746161e-09
8.876562500000000000e+01,1.077496924692407826e-09
8.878125000000000000e+01,1.071383748854328415e-09
8.879687500000000000e+01,1.131145091509077511e-09
8.881250000000000000e+01,1.170857906235189623e-09
8.882812500000000000e+01,1.134092740851318119e-09
8.884375000000000000e+01,1.051568723753727840e-09
8.885937500000000000e+01,1.004593251571888778e-09
8.887500000000000000e+01,1.019553795064585549e-09
8.889062500000000000e+01,1.035446880972296769e-09
8.890625000000000000e+01,9.927780539691853864e-10
8.892187500000000000e+01,9.072688989903169488e-10
8.893750000000000000e+01,8.471069553584185641e-10
8.895312500000000000e+01,8.603904090893417985e-10
8.896875000000000000e+01,9.585793535009830186e-10
8.898437500000000000e+01,1.107837333531240724e-09
8.900000000000000000e+01,1.238411212804825404e-09
8.901562500000000000e+01,1.300037100924012542e-09
8.903125000000000000e+01,1.290296077322103778e-09
8.904687500000000000e+01,1.245511939534772666e-09
8.906250000000000000e+01,1.212865035597727410e-09
8.907812500000000000e+01,1.193101085636318736e-09
8.909375000000000000e+01,1.142131290522402837e-09
8.910937500000000000e+01,1.076088539840394946e-09
8.912500000000000000e+01,1.069776197679301188e-09
8.914062500000000000e+01,1.126160200632574202e-09
8.915625000000000000e+01,1.163808026065877772e-09
8.917187500000000000e+01,1.112533929707721743e-09
8.918750000000000000e+01,9.814148320389965232e-10
8.920312500000000000e+01,8.939641648465437548e-10
8.921875000000000000e+01,9.664095541120277731e-10
8.923437500000000000e+01,1.116999650997812113e-09
8.925000000000000000e+01,1.228873496226262248e-09
8.926562500000000000e+01,1.280515369260408397e-09
8.928125000000000000e+01,1.294066941643061809e-09
8.929687500000000000e+01,1.281008776882570975e-09
8.931250000000000000e+01,1.242704410019655113e-09
8.932812500000000000e+01,1.195558413391705731e-09
8.934375000000000000e+01,1.159729187180429974e-09
8.935937500000000000e+01,1.123808983287356453e-09
8.937500000000000000e+01,1.078697917469699428e-09
8.939062500000000000e+01,1.048459854684354280e-09
8.940625000000000000e+01,1.048035864013187505e-09
8.942187500000000000e+01,1.089576649545456439e-09
8.943750000000000000e+01,1.156920836818214609e-09
8.945312500000000000e+01,1.189969736054309659e-09
8.946875000000000000e+01,1.169954138678979031e-09
8.948437500000000000e+01,1.135730762098790727e-09
8.950000000000000000e+01,1.110157355516264849e-09
8.951562500000000000e+01,1.073318693008763524e-09
8.953125000000000000e+01,1.028365060509285956e-09
8.954687500000000000e+01,1.008042902441443699e-09
8.956250000000000000e+01,1.001448890631305389e-09
8.957812500000000000e+01,9.799242030814173105e-10
8.959375000000000000e+01,9.589860837239314721e-10
8.960937500000000000e+01,9.689420724187498172e-10
8.962500000000000000e+01,9.917643243146081007e-10
8.964062500000000000e+01,9.848951560461148552e-10
8.965625000000000000e+01,9.527197583596555160e-10
8.967187500000000000e+01,9.449626809267057000e-10
8.968750000000000000e+01,9.741274025739000934e-10
8.970312500000000000e+01,1.016845847044215437e-09
8.971875000000000000e+01,1.060893393434218414e-09
8.973437500000000000e+01,1.079394971562758566e-09
8.975000000000000000e+01,1.074514796884949404e-09
8.976562500000000000e+01,1.085675039898654606e-09
8.978125000000000000e+01,1.105879367001634885e-09
8.979687500000000000e+01,1.103013743120755181e-09
8.981250000000000000e+01,1.075661827831553748e-09
8.982812500000000000e+01,1.038574673033739058e-09
8.984375000000000000e+01,1.016334163834035355e-09
8.985937500000000000e+01,1.047061098509105008e-09
8.987500000000000000e+01,1.132068210025952056e-09
8.989062500000000000e+01,1.203453156568826312e-09
8.990625000000000000e+01,1.189355307687360078e-09
8.992187500000000000e+01,1.094261813710716823e-09
8.993750000000000000e+01,1.007264450190338877e-09
8.995312500000000000e+01,9.899426586843322772e-10
8.996875000000000000e+01,1.006145986351364643e-09
8.998437500000000000e+01,1.034852682553369182e-09
9.000000000000000000e+01,1.080516236482981382e-09
9.001562500000000000e+01,1.107839427984582623e-09
9.003125000000000000e+01,1.082163338186444458e-09
9.004687500000000000e+01,1.016009087286786554e-09
9.006250000000000000e+01,9.484011780804974409e-10
9.007812500000000000e+01,9.177648232369917348e-10
9.009375000000000000e+01,9.570979375705612956e-10
9.010937500000000000e+01,1.039069687279397046e-09
9.012500000000000000e+01,1.097316363179458118e-09
9.014062500000000000e+01,1.110189566980677871e-09
9.015625000000000000e+01,1.086653482385787781e-09
9.017187500000000000e+01,1.043458640266245010e-09
9.018750000000000000e+01,1.026415278070204922e-09
9.020312500000000000e+01,1.061187523671802056e-09
9.021875000000000000e+01,1.100545360430482884e-09
9.023437500000000000e+01,1.105754802892037984e-09
9.025000000000000000e+01,1.104897595336694065e-09
9.026562500000000000e+01,1.125235036260733727e-09
9.028125000000000000e+01,1.151185792309039416e-09
9.029687500000000000e+01,1.183928857719384835e-09
9.031250000000000000e+01,1.248227440600109723e-09
9.032812500000000000e+01,1.337231338377640445e-09
9.034375000000000000e+01,1.390806392090544652e-09
9.035937500000000000e+01,1.351662210379524098e-09
9.037500000000000000e+01,1.249833747768957994e-09
9.039062500000000000e+01,1.182716826158034088e-09
9.040625000000000000e+01,1.188668546706168811e-09
9.042187500000000000e+01,1.207868073199040133e-09
9.043750000000000000e+01,1.170680469930550907e-09
9.045312500000000000e+01,1.089105274612845268e-09
9.046875000000000000e+01,1.027315380789037475e-09
9.048437500000000000e+01,9.858489361992604874e-10
9.050000000000000000e+01,9.581986922844185103e-10
9.051562500000000000e+01,9.907657800439103669e-10
9.053125000000000000e+01,1.056588412916504545e-09
9.054687500000000000e+01,1.099647279298971983e-09
9.056250000000000000e+01,1.131093616098303269e-09
9.057812500000000000e+01,1.156830737159039515e-09
9.059375000000000000e+01,1.150147148866108804e-09
9.060937500000000000e+01,1.101737971916837645e-09
9.062500000000000000e+01,1.043316488496461459e-09
9.064062500000000000e+01,1.019679725750486756e-09
9.065625000000000000e+01,1.013060838714957582e-09
9.067187500000000000e+01,9.830111748743527769e-10
9.068750000000000000e+01,9.578573436101853007e-10
9.070312500000000000e+01,9.773091285156325186e-10
9.071875000000000000e+01,1.026574207465499827e-09
9.073437500000000000e+01,1.069980646954732156e-09
9.075000000000000000e+01,1.090874521932977629e-09
9.076562500000000000e+01,1.086673052040845104e-09
9.078125000000000000e+01,1.057932199946819694e-09
9.079687500000000000e+01,1.018429778238609896e-09
9.081250000000000000e+01,9.973368204067636785e-10
9.082812500000000000e+01,1.031251827930297963e-09
9.084375000000000000e+01,1.103355314120793572e-09
9.085937500000000000e+01,1.132294317933114123e-09
9.087500000000000000e+01,1.089157441517087667e-09
9.089062500000000000e+01,1.028253754932609098e-09
9.090625000000000000e+01,1.005677100092849670e-09
9.092187500000000000e+01,1.025562750102479789e-09
9.093750000000000000e+01,1.031673664215994602e-09
9.095312500000000000e+01,9.663514542104803481e-10
9.096875000000000000e+01,8.557950662154146488e-10
9.098437500000000000e+01,7.982027332275667841e-10
9.100000000000000000e+01,8.517586073548125496e-10
9.101562500000000000e+01,9.682075302804548297e-10
9.103125000000000000e+01,1.064836000711909047e-09
9.104687500000000000e+01,1.090609451240763320e-09
9.106250000000000000e+01,1.050650167544293100e-09
9.107812500000000000e+01,1.003620123982821308e-09
9.109375000000000000e+01,1.009668473431627735e-09
9.110937500000000000e+01,1.069376254105534084e-09
9.112500000000000000e+01,1.156817302256017361e-09
9.114062500000000000e+01,1.218163959407002202e-09
9.115625000000000000e+01,1.170311394932356038e-09
9.117187500000000000e+01,1.024800881029232928e-09
9.118750000000000000e+01,9.237712033978693341e-10
9.120312500000000000e+01,9.215370027543897195e-10
9.121875000000000000e+01,9.271627349093194100e-10
9.123437500000000000e+01,9.403272210647268475e-10
9.125000000000000000e+01,1.003240685763687255e-09
9.126562500000000000e+01,1.070715683306420808e-09
9.128125000000000000e+01,1.111528835956674567e-09
9.129687500000000000e+01,1.121236206646834809e-09
9.131250000000000000e+01,1.079139549452076306e-09
9.132812500000000000e+01,1.016188538871370673e-09
9.134375000000000000e+01,9.914517894286459150e-10
9.135937500000000000e+01,9.981144558603433928e-10
9.137500000000000000e+01,9.776640299746827676e-10
9.139062500000000000e+01,8.832755020956719943e-10
9.140625000000000000e+01,7.394397963227235270e-10
9.142187500000000000e+01,6.641150033560810596e-10
9.143750000000000000e+01,7.183222243990254120e-10
9.145312500000000000e+01,8.102421869902765831e-10
9.146875000000000000e+01,8.622955833136710246e-10
9.148437500000000000e+01,8.668033544911696684e-10
9.150000000000000000e+01,8.553724498166301568e-10
9.151562500000000000e+01,8.558191845273987700e-10
9.153125000000000000e+01,8.708576698668555519e-10
9.154687500000000000e+01,8.980398217864180842e-10
9.156250000000000000e+01,9.392668861406021215e-10
9.157812500000000000e+01,9.774720509068370390e-10
9.159375000000000000e+01,9.764635675360826282e-10
9.160937500000000000e+01,9.302456459721915835e-10
9.162500000000000000e+01,8.998490076150962097e-10
9.164062500000000000e+01,9.334053657253287436e-10
9.165625000000000000e+01,1.003827540736124403e-09
9.167187500000000000e+01,1.096924291215243769e-09
9.168750000000000000e+01,1.197386146029516052e-09
9.170312500000000000e+01,1.246707873942778468e-09
9.171875000000000000e+01,1.219006178587629071e-09
9.173437500000000000e+01,1.144535777482832608e-09
9.175000000000000000e+01,1.065452952244112657e-09
9.176562500000000000e+01,1.037143283023395937e-09
9.178125000000000000e+01,1.076158138259162336e-09
9.179687500000000000e+01,1.102933929419164286e-09
9.181250000000000000e+01,1.043561688060592484e-09
9.182812500000000000e+01,9.247307540543011803e-10
9.184375000000000000e+01,8.515329140013806363e-10
9.185937500000000000e+01,8.836839695765199189e-10
9.187500000000000000e+01,9.821526239533675170e-10
9.189062500000000000e+01,1.083449776752376903e-09
9.190625000000000000e+01,1.125511937851165644e-09
9.192187500000000000e+01,1.082433417415819202e-09
9.193750000000000000e+01,1.008487756260744153e-09
9.195312500000000000e+01,9.861662548601550702e-10
9.196875000000000000e+01,1.014981671059020250e-09
9.198437500000000000e+01,1.031552146840212539e-09
9.200000000000000000e+01,1.009295054777588726e-09
9.201562500000000000e+01,9.944217688336577489e-10
9.203125000000000000e+01,1.036373587515723789e-09
9.204687500000000000e+01,1.095986531246461205e-09
9.206250000000000000e+01,1.102231587689707377e-09
9.207812500000000000e+01,1.043284732456436408e-09
9.209375000000000000e+01,9.844524024208383479e-10
9.210937500000000000e+01,9.745453445840654175e-10
9.212500000000000000e+01,9.667272378834664343e-10
9.214062500000000000e+01,9.321944814809065842e-10
9.215625000000000000e+01,9.089196212746986243e-10
9.217187500000000000e+01,9.150322438946006679e-10
9.218750000000000000e+01,9.308556091624429399e-10
9.220312500000000000e+01,9.298640119271913530e-10
9.221875000000000000e+01,9.039945929316804710e-10
9.223437500000000000e+01,8.773134146785812463e-10
9.225000000000000000e+01,9.057819844037960293e-10
9.226562500000000000e+01,1.018090116120899981e-09
9.228125000000000000e+01,1.137495794096882589e-09
9.229687500000000000e+01,1.167469494608419963e-09
9.231250000000000000e+01,1.097419073778945588e-09
9.232812500000000000e+01,1.002230954465602422e-09
9.234375000000000000e+01,9.664700182227484384e-10
9.235937500000000000e+01,9.785015957908391083e-10
9.237500000000000000e+01,9.605044520905942710e-10
9.239062500000000000e+01,9.126491477650876298e-10
9.240625000000000000e+01,8.900144821618612551e-10
9.242187500000000000e+01,8.990623526344201382e-10
9.243750000000000000e+01,9.035967675956226843e-10
9.245312500000000000e+01,8.947492598887154099e-10
9.246875000000000000e+01,9.239093255574511381e-10
9.248437500000000000e+01,1.010568816698844466e-09
9.250000000000000000e+01,1.091280243793079726e-09
9.251562500000000000e+01,1.127722572119170536e-09
9.253125000000000000e+01,1.141596371468541540e-09
9.254687500000000000e+01,1.145406565442391886e-09
9.256250000000000000e+01,1.128604306537392156e-09
9.257812500000000000e+01,1.087336800769584548e-09
9.259375000000000000e+01,1.025425952391483371e-09
9.260937500000000000e+01,9.747232973854083715e-10
9.262500000000000000e+01,9.612884232138687078e-10
9.264062500000000000e+01,9.612694498158306779e-10
9.265625000000000000e+01,9.673847949174345344e-10
9.267187500000000000e+01,9.882034517956141261e-10
9.268750000000000000e+01,9.885119197982456892e-10
9.270312500000000000e+01,9.540684204843553880e-10
9.271875000000000000e+01,9.616979130001554342e-10
9.273437500000000000e+01,1.053174145427095427e-09
9.275000000000000000e+01,1.145049613812232677e-09
9.276562500000000000e+01,1.162020767271592935e-09
9.278125000000000000e+01,1.119063552429020372e-09
9.279687500000000000e+01,1.072596237549734273e-09
9.281250000000000000e+01,1.035218474989685056e-09
9.282812500000000000e+01,9.897627803951864470e-10
9.284375000000000000e+01,9.580156501081191497e-10
9.285937500000000000e+01,9.691596551391787266e-10
9.287500000000000000e+01,9.997811508958061937e-10
9.289062500000000000e+01,1.011273232395658031e-09
9.290625000000000000e+01,9.903091171309044766e-10
9.292187500000000000e+01,9.542873037581902551e-10
9.293750000000000000e+01,9.480083528195859538e-10
9.295312500000000000e+01,1.014424969370254279e-09
9.296875000000000000e+01,1.122067128140747242e-09
9.298437500000000000e+01,1.207331822690676721e-09
9.300000000000000000e+01,1.257496807915415424e-09
9.301562500000000000e+01,1.275911552646772478e-09
9.303125000000000000e+01,1.261359708050602709e-09
9.304687500000000000e+01,1.247674990315405201e-09
9.306250000000000000e+01,1.251222560551946579e-09
9.307812500000000000e+01,1.218487392925615769e-09
9.309375000000000000e+01,1.117618758471186771e-09
9.310937500000000000e+01,1.000029154762070357e-09
9.312500000000000000e+01,9.346285362999123638e-10
9.314062500000000000e+01,9.261258845621322088e-10
9.315625000000000000e+01,9.342621743845473374e-10
9.317187500000000000e+01,9.407720315751727382e-10
9.318750000000000000e+01,9.634070387061355970e-10
9.320312500000000000e+01,9.935475845805793549e-10
9.321875000000000000e+01,9.930166000226191518e-10
9.323437500000000000e+01,9.654896096322388728e-10
9.325000000000000000e+01,9.294810345871872837e-10
9.326562500000000000e+01,8.732315525130999883e-10
9.328125000000000000e+01,8.237157396388114528e-10
9.329687500000000000e+01,8.275734366259458817e-10
9.331250000000000000e+01,8.569970501182856161e-10
9.332812500000000000e+01,8.848991016137120573e-10
9.334375000000000000e+01,8.942459294912398280e-10
9.335937500000000000e+01,8.641055054448611055e-10
9.337500000000000000e+01,8.368565824704887491e-10
9.339062500000000000e+01,8.609155590754375149e-10
9.340625000000000000e+01,9.196543200875080940e-10
9.342187500000000000e+01,9.782998825649738651e-10
9.343750000000000000e+01,1.013983984006089261e-09
9.345312500000000000e+01,1.024543776278312329e-09
9.346875000000000000e+01,1.011087517890655716e-09
9.348437500000000000e+01,9.732755712725514955e-10
9.350000000000000000e+01,9.298191862093189160e-10
9.351562500000000000e+01,9.129938704765106691e-10
9.353125000000000000e+01,9.305680551803250049e-10
9.354687500000000000e+01,9.526323403870797145e-10
9.356250000000000000e+01,9.545096115261351658e-10
9.357812500000000000e+01,9.413285077035837434e-10
9.359375000000000000e+01,9.336758087410662360e-10
9.360937500000000000e+01,9.475972897771832267e-10
9.362500000000000000e+01,9.747379940200312168e-10
9.364062500000000000e+01,9.937541490594330730e-10
9.365625000000000000e+01,9.956482693824657457e-10
9.367187500000000000e+01,9.733087430399770464e-10
9.368750000000000000e+01,9.283945260834581560e-10
9.370312500000000000e+01,8.847026275804508888e-10
9.371875000000000000e+01,8.737652437600474594e-10
9.373437500000000000e+01,9.055185895401344362e-10
9.375000000000000000e+01,9.505338736434742732e-10
9.376562500000000000e+01,9.804585000201340735e-10
9.378125000000000000e+01,9.999063225892830006e-10
9.379687500000000000e+01,1.030450730087834213e-09
9.381250000000000000e+01,1.097390068318167045e-09
9.382812500000000000e+01,1.195420329122105994e-09
9.384375000000000000e+01,1.269676377464238859e-09
9.385937500000000000e+01,1.267080908613917490e-09
9.387500000000000000e+01,1.187382241236103903e-09
9.389062500000000000e+01,1.092440070097179355e-09
9.390625000000000000e+01,1.028465821166258342e-09
9.392187500000000000e+01,9.555652345739482287e-10
9.393750000000000000e+01,8.464267742471385130e-10
9.395312500000000000e+01,7.748644864536507845e-10
9.396875000000000000e+01,7.967400681632066578e-10
9.398437500000000000e+01,8.462193456097347624e-10
9.400000000000000000e+01,8.691949353582719158e-10
9.401562500000000000e+01,8.762821733084178890e-10
9.403125000000000000e+01,8.831613952984088062e-10
9.404687500000000000e+01,8.752298960068867727e-10
9.406250000000000000e+01,8.440696264638728483e-10
9.407812500000000000e+01,8.143585405192775996e-10
9.409375000000000000e+01,8.362452800426666449e-10
9.410937500000000000e+01,9.124143654653618466e-10
9.412500000000000000e+01,9.674177608421789526e-10
9.414062500000000000e+01,9.624780540783719981e-10
9.415625000000000000e+01,9.325306865418962350e-10
9.417187500000000000e+01,9.104515608668782667e-10
9.418750000000000000e+01,9.011100904265640048e-10
9.420312500000000000e+01,9.179841289735569147e-10
9.421875000000000000e+01,9.474155838149071259e-10
9.423437500000000000e+01,9.521451546259328914e-10
9.425000000000000000e+01,9.521110235663368170e-10
9.426562500000000000e+01,9.847476137107401268e-10
9.428125000000000000e+01,1.013699550153321841e-09
9.429687500000000000e+01,1.000656903989405220e-09
9.431250000000000000e+01,9.664060619450618580e-10
9.432812500000000000e+01,9.256700705291062557e-10
9.434375000000000000e+01,8.856532069350292372e-10
9.435937500000000000e+01,8.546134972404606337e-10
9.437500000000000000e+01,8.079877038577149947e-10
9.439062500000000000e+01,7.598179425351959706e-10
9.440625000000000000e+01,7.668322087395427506e-10
9.442187500000000000e+01,8.128870682692582084e-10
9.443750000000000000e+01,8.440163751555963227e-10
9.445312500000000000e+01,8.588081902057735404e-10
9.446875000000000000e+01,8.674590377432842863e-10
9.448437500000000000e+01,8.489479469915905560e-10
9.450000000000000000e+01,8.012069639606655427e-10
9.451562500000000000e+01,7.674236712596272603e-10
9.453125000000000000e+01,7.893329860846448827e-10
9.454687500000000000e+01,8.488637658728084367e-10
9.456250000000000000e+01,8.866299121078498439e-10
9.457812500000000000e+01,8.787372182319783996e-10
9.459375000000000000e+01,8.719751330244067636e-10
9.460937500000000000e+01,9.207558392097782415e-10
9.462500000000000000e+01,1.001733084311790078e-09
9.464062500000000000e+01,1.064047087946320151e-09
9.465625000000000000e+01,1.091918662634081714e-09
9.467187500000000000e+01,1.086899393881631891e-09
9.468750000000000000e+01,1.046270509541910007e-09
9.470312500000000000e+01,9.636433198844653028e-10
9.471875000000000000e+01,8.496585553461881298e-10
9.473437500000000000e+01,7.583959469112951214e-10
9.475000000000000000e+01,7.604824193089993417e-10
9.476562500000000000e+01,8.378431914363229475e-10
9.478125000000000000e+01,8.984358831186799805e-10
9.479687500000000000e+01,8.968379692540788511e-10
9.481250000000000000e+01,8.661807418724043692e-10
9.482812500000000000e+01,8.673949714089168358e-10
9.484375000000000000e+01,9.103333519750817218e-10
9.485937500000000000e+01,9.547855102818520991e-10
9.487500000000000000e+01,9.672441132557677626e-10
9.489062500000000000e+01,9.417808629467967426e-10
9.490625000000000000e+01,8.937830758630326231e-10
9.492187500000000000e+01,8.544617302852555272e-10
9.493750000000000000e+01,8.596621124949833132e-10
9.495312500000000000e+01,9.112123544539970468e-10
9.496875000000000000e+01,9.756504037168489803e-10
9.498437500000000000e+01,1.024943372976107437e-09
9.500000000000000000e+01,1.039852847890835188e-09
9.501562500000000000e+01,1.008795982241301034e-09
9.503125000000000000e+01,9.529557059914276435e-10
9.504687500000000000e+01,9.177663036921864097e-10
9.506250000000000000e+01,9.099183067025354945e-10
9.507812500000000000e+01,9.066343089218444866e-10
9.509375000000000000e+01,9.331304881974975242e-10
9.510937500000000000e+01,1.011074691037300525e-09
9.512500000000000000e+01,1.091642564176440698e-09
9.514062500000000000e+01,1.118668524959102712e-09
9.515625000000000000e+01,1.083856125142915121e-09
9.517187500000000000e+01,1.006918435552311422e-09
9.518750000000000000e+01,9.172767990121441794e-10
9.520312500000000000e+01,8.520587904780123104e-10
9.521875000000000000e+01,8.222575873270379485e-10
9.523437500000000000e+01,8.334553007312904088e-10
9.525000000000000000e+01,8.941993926424728714e-10
9.526562500000000000e+01,9.610776186121475800e-10
9.528125000000000000e+01,9.884568517356918415e-10
9.529687500000000000e+01,9.728484124088129705e-10
9.531250000000000000e+01,9.486089170233368423e-10
9.532812500000000000e+01,9.661470800565626496e-10
9.534375000000000000e+01,1.006372568437671078e-09
9.535937500000000000e+01,1.005285731208783796e-09
9.537500000000000000e+01,9.625944720766157729e-10
9.539062500000000000e+01,9.276087453288222413e-10
9.540625000000000000e+01,9.277268776793278536e-10
9.542187500000000000e+01,9.599155307345794718e-10
9.543750000000000000e+01,9.987553783749462679e-10
9.545312500000000000e+01,9.994014025653169467e-10
9.546875000000000000e+01,9.532252750336006645e-10
9.548437500000000000e+01,9.042284351735910342e-10
9.550000000000000000e+01,8.851367587479496949e-10
9.551562500000000000e+01,9.004912639698596739e-10
9.553125000000000000e+01,9.464224788134162456e-10
9.554687500000000000e+01,9.934922018926437602e-10
9.556250000000000000e+01,1.006036779295214097e-09
9.557812500000000000e+01,9.757996347067574506e-10
9.559375000000000000e+01,9.145951093315135308e-10
9.560937500000000000e+01,8.545498002276326076e-10
9.562500000000000000e+01,8.350104289161888222e-10
9.564062500000000000e+01,8.344155504769796664e-10
9.565625000000000000e+01,8.059748198382698795e-10
9.567187500000000000e+01,7.826073874850673673e-10
9.568750000000000000e+01,8.261036965789197581e-10
9.570312500000000000e+01,9.006453180432623066e-10
9.571875000000000000e+01,9.286574872458051250e-10
9.573437500000000000e+01,8.880142126954272265e-10
9.575000000000000000e+01,8.223585841574423535e-10
9.576562500000000000e+01,7.997148394296583207e-10
9.578125000000000000e+01,8.389221033838229862e-10
9.579687500000000000e+01,8.829719201644052218e-10
9.581250000000000000e+01,8.756835045011345277e-10
9.582812500000000000e+01,8.439344341719207671e-10
9.584375000000000000e+01,8.710163415617934990e-10
9.585937500000000000e+01,9.484463379405665668e-10
9.587500000000000000e+01,9.860887631900814977e-10
9.589062500000000000e+01,9.454575906774360829e-10
9.590625000000000000e+01,8.625312114897554176e-10
9.592187500000000000e+01,7.907774550956305247e-10
9.593750000000000000e+01,7.518093820606021774e-10
9.595312500000000000e+01,7.538531709966200769e-10
9.596875000000000000e+01,7.937276646719395986e-10
9.598437500000000000e+01,8.502134327542080516e-10
9.600000000000000000e+01,8.903247988881339738e-10
9.601562500000000000e+01,8.893915253683358100e-10
9.603125000000000000e+01,8.576430983353730534e-10
9.604687500000000000e+01,8.376971609961895108e-10
9.606250000000000000e+01,8.458977805032309185e-10
9.607812500000000000e+01,8.417814243767553928e-10
9.609375000000000000e+01,8.201763980770253591e-10
9.610937500000000000e+01,8.368185882725833583e-10
9.612500000000000000e+01,9.013145497201216464e-10
9.614062500000000000e+01,9.538703586774199738e-10
9.615625000000000000e+01,9.499891683296032256e-10
9.617187500000000000e+01,8.984807489079876032e-10
9.618750000000000000e+01,8.434261239212193321e-10
9.620312500000000000e+01,8.207975135379633261e-10
9.621875000000000000e+01,8.354033049952237236e-10
9.623437500000000000e+01,8.740299104775459903e-10
9.625000000000000000e+01,9.206860118452280457e-10
9.626562500000000000e+01,9.621844444177582487e-10
9.628125000000000000e+01,9.836644398100303433e-10
9.629687500000000000e+01,9.742541031269717258e-10
9.631250000000000000e+01,9.477434941111944672e-10
9.632812500000000000e+01,9.254099891449856586e-10
9.634375000000000000e+01,8.978527943816966556e-10
9.635937500000000000e+01,8.642526795887241811e-10
9.637500000000000000e+01,8.552066242881264482e-10
9.639062500000000000e+01,8.581961604465323088e-10
9.640625000000000000e+01,8.455083982310633164e-10
9.642187500000000000e+01,8.397924543596487055e-10
9.643750000000000000e+01,8.556204372533316635e-10
9.645312500000000000e+01,8.532414496019880786e-10
9.646875000000000000e+01,8.076077808821439739e-10
9.648437500000000000e+01,7.616977722661959723e-10
9.650000000000000000e+01,7.609160501737623953e-10
9.651562500000000000e+01,7.917410697686115344e-10
9.653125000000000000e+01,8.189612382211545811e-10
9.654687500000000000e+01,8.326987808249002543e-10
9.656250000000000000e+01,8.643706746370808055e-10
9.657812500000000000e+01,9.267552516615182486e-10
9.659375000000000000e+01,9.634569209652428788e-10
9.660937500000000000e+01,9.229267837585365092e-10
9.662500000000000000e+01,8.334551099824470897e-10
9.664062500000000000e+01,7.814954309441118473e-10
9.665625000000000000e+01,8.071146564500637155e-10
9.667187500000000000e+01,8.593137065061290793e-10
9.668750000000000000e+01,8.716419589980408236e-10
9.670312500000000000e+01,8.227135521843336100e-10
9.671875000000000000e+01,7.619327112713221625e-10
9.673437500000000000e+01,7.500901345440321179e-10
9.675000000000000000e+01,7.719708656693873282e-10
9.676562500000000000e+01,7.853904771076876961e-10
9.678125000000000000e+01,7.753565618615764598e-10
9.679687500000000000e+01,7.770530464272080596e-10
9.681250000000000000e+01,8.491674237937777075e-10
9.682812500000000000e+01,9.697305989791558354e-10
9.684375000000000000e+01,1.068385675044474746e-09
9.685937500000000000e+01,1.096274976547863493e-09
9.687500000000000000e+01,1.044561923583655398e-09
9.689062500000000000e+01,9.632465018585706933e-10
9.690625000000000000e+01,9.178326406954999706e-10
9.692187500000000000e+01,9.044439486314268322e-10
9.693750000000000000e+01,8.886136729304709610e-10
9.695312500000000000e+01,8.584607936581914261e-10
9.696875000000000000e+01,8.094865630202505972e-10
9.698437500000000000e+01,7.599878687104742309e-10
9.700000000000000000e+01,7.472606457493583657e-10
9.701562500000000000e+01,7.793620205934395214e-10
9.703125000000000000e+01,8.167739004469017645e-10
9.704687500000000000e+01,8.412189249015082094e-10
9.706250000000000000e+01,8.753389820248417772e-10
9.707812500000000000e+01,9.203019719097126079e-10
9.709375000000000000e+01,9.568939541783525335e-10
9.710937500000000000e+01,9.889571032680975124e-10
9.712500000000000000e+01,1.008916402031532585e-09
9.714062500000000000e+01,9.798888489042580995e-10
9.715625000000000000e+01,9.062798774589092028e-10
9.717187500000000000e+01,8.539226828368151149e-10
9.718750000000000000e+01,8.737796393222586690e-10
9.720312500000000000e+01,9.522538961591327166e-10
9.721875000000000000e+01,1.023025280079125820e-09
9.723437500000000000e+01,1.009994679613115744e-09
9.725000000000000000e+01,9.105365239758894691e-10
9.726562500000000000e+01,8.064652887067683722e-10
9.728125000000000000e+01,7.657807001010212234e-10
9.729687500000000000e+01,7.917954994337085423e-10
9.731250000000000000e+01,8.422947289834280856e-10
9.732812500000000000e+01,8.651179797543012026e-10
9.734375000000000000e+01,8.500936538994899149e-10
9.735937500000000000e+01,8.283345407783000620e-10
9.737500000000000000e+01,8.299574402023436464e-10
9.739062500000000000e+01,8.438201543657367822e-10
9.740625000000000000e+01,8.428697154913804164e-10
9.742187500000000000e+01,8.195923362118231332e-10
9.743750000000000000e+01,7.898424812733598897e-10
9.745312500000000000e+01,7.732760321369067936e-10
9.746875000000000000e+01,7.708936066420774315e-10
9.748437500000000000e+01,7.919208514360941659e-10
9.750000000000000000e+01,8.464657432074502322e-10
9.751562500000000000e+01,9.183250248644965848e-10
9.753125000000000000e+01,9.773879535718287929e-10
9.754687500000000000e+01,9.829096129440859231e-10
9.756250000000000000e+01,9.189901083614037224e-10
9.757812500000000000e+01,8.187712663109101546e-10
9.759375000000000000e+01,7.311758183070833110e-10
9.760937500000000000e+01,6.947737601768357775e-10
9.762500000000000000e+01,7.127525304610254382e-10
9.764062500000000000e+01,7.691757475700648387e-10
9.765625000000000000e+01,8.523568165028245487e-10
9.767187500000000000e+01,9.222941496686235948e-10
9.768750000000000000e+01,9.368707463716883826e-10
9.770312500000000000e+01,9.006346099612855509e-10
9.771875000000000000e+01,8.581832137021010713e-10
9.773437500000000000e+01,8.470459185293666610e-10
9.775000000000000000e+01,8.568294820409022984e-10
9.776562500000000000e+01,8.560756135589267923e-10
9.778125000000000000e+01,8.397741619232751699e-10
9.779687500000000000e+01,8.352928564996263563e-10
9.781250000000000000e+01,8.610362398003769754e-10
9.782812500000000000e+01,8.907637704304101714e-10
9.784375000000000000e+01,8.999712212782831475e-10
9.785937500000000000e+01,8.865414127536535458e-10
9.787500000000000000e+01,8.466180012297000389e-10
9.789062500000000000e+01,7.870298400658078334e-10
9.790625000000000000e+01,7.437817560980319613e-10
9.792187500000000000e+01,7.561496924719891259e-10
9.793750000000000000e+01,8.041124873524274574e-10
9.795312500000000000e+01,8.396834916434132577e-10
9.796875000000000000e+01,8.562759034484594155e-10
9.798437500000000000e+01,8.681028778908106599e-10
9.800000000000000000e+01,8.874643897845141436e-10
9.801562500000000000e+01,9.225121277388507469e-10
9.803125000000000000e+01,9.565147195153583674e-10
9.804687500000000000e+01,9.638303059205837629e-10
9.806250000000000000e+01,9.427383393054518447e-10
9.807812500000000000e+01,9.096383630965612817e-10
9.809375000000000000e+01,8.774135290089282118e-10
9.810937500000000000e+01,8.493059436326911956e-10
9.812500000000000000e+01,8.401156473089018277e-10
9.814062500000000000e+01,8.609629613113197524e-10
9.815625000000000000e+01,8.743883151033583447e-10
9.817187500000000000e+01,8.371359644283899508e-10
9.818750000000000000e+01,7.580167173387779930e-10
9.820312500000000000e+01,6.865831714007591040e-10
9.821875000000000000e+01,6.481963687147068664e-10
9.823437500000000000e+01,6.252944014220099911e-10
9.825000000000000000e+01,6.317377331977501247e-10
9.826562500000000000e+01,6.849692145446187521e-10
9.828125000000000000e+01,7.431894886130753635e-10
9.829687500000000000e+01,7.871471481719928201e-10
9.831250000000000000e+01,8.352810592438851634e-10
9.832812500000000000e+01,8.788911297143221327e-10
9.834375000000000000e+01,9.041124705695037549e-10
9.835937500000000000e+01,9.285627213140884502e-10
9.837500000000000000e+01,9.561983246292741415e-10
9.839062500000000000e+01,9.561568646334234635e-10
9.840625000000000000e+01,9.267245983783418765e-10
9.842187500000000000e+01,9.165649909833045273e-10
9.843750000000000000e+01,9.238329922268078306e-10
9.845312500000000000e+01,8.727372514250239314e-10
9.846875000000000000e+01,7.452218000550138098e-10
9.848437500000000000e+01,6.338433479702238754e-10
9.850000000000000000e+01,6.251933445540328108e-10
9.851562500000000000e+01,6.738307301850969480e-10
9.853125000000000000e+01,7.209120938197275938e-10
9.854687500000000000e+01,7.604770202269355591e-10
9.856250000000000000e+01,8.078998321743250343e-10
9.857812500000000000e+01,8.660264171424125842e-10
9.859375000000000000e+01,8.987339076862718117e-10
9.860937500000000000e+01,8.835100122877275527e-10
9.862500000000000000e+01,8.536145447271282051e-10
9.864062500000000000e+01,8.566370909705621497e-10
9.865625000000000000e+01,8.905720717000456606e-10
9.867187500000000000e+01,9.012661646422351916e-10
9.868750000000000000e+01,8.696078958219020523e-10
9.870312500000000000e+01,8.341813107265463899e-10
9.871875000000000000e+01,8.140833271429816419e-10
9.873437500000000000e+01,8.042194154202942120e-10
9.875000000000000000e+01,8.041097358720741712e-10
9.876562500000000000e+01,8.055706339348801360e-10
9.878125000000000000e+01,7.917979251211337308e-10
9.879687500000000000e+01,7.704910593057159416e-10
9.881250000000000000e+01,7.584440676139621133e-10
9.882812500000000000e+01,7.490874176736531993e-10
9.884375000000000000e+01,7.561428030491468666e-10
9.885937500000000000e+01,7.920285507692228141e-10
9.887500000000000000e+01,8.173332273140196727e-10
9.889062500000000000e+01,7.971028131348656024e-10
9.890625000000000000e+01,7.626983649398695723e-10
9.892187500000000000e+01,7.769417056872407327e-10
9.893750000000000000e+01,8.170269049582252968e-10
9.895312500000000000e+01,8.204873800738380075e-10
9.896875000000000000e+01,8.015575955024028373e-10
9.898437500000000000e+01,8.115413600676994918e-10
9.900000000000000000e+01,8.579023591553203530e-10
9.901562500000000000e+01,9.116177094756734074e-10
9.903125000000000000e+01,9.456820568771637078e-10
9.904687500000000000e+01,9.504909532098571880e-10
9.906250000000000000e+01,9.370980380570474078e-10
9.907812500000000000e+01,9.174028699958376488e-10
9.909375000000000000e+01,8.766157862199861022e-10
9.910937500000000000e+01,7.990565511026983091e-10
9.912500000000000000e+01,7.160505668867819763e-10
9.914062500000000000e+01,6.805384305270839791e-10
9.915625000000000000e+01,6.959926942432986947e-10
9.917187500000000000e+01,7.189710935168243893e-10
9.918750000000000000e+01,7.292042823910779167e-10
9.920312500000000000e+01,7.291921504853616708e-10
9.921875000000000000e+01,7.024345767808465846e-10
9.923437500000000000e+01,6.541465799330260043e-10
9.925000000000000000e+01,6.341050974481477943e-10
9.926562500000000000e+01,6.550957207637304856e-10
9.928125000000000000e+01,6.923820066190692331e-10
9.929687500000000000e+01,7.376522957787878780e-10
9.931250000000000000e+01,7.677593244999699771e-10
9.932812500000000000e+01,7.532039347045575525e-10
9.934375000000000000e+01,7.188249313569623379e-10
9.935937500000000000e+01,7.304014998945487853e-10
9.937500000000000000e+01,7.896818524019642472e-10
9.939062500000000000e+01,8.436700235331251038e-10
9.940625000000000000e+01,8.725980812685385384e-10
9.942187500000000000e+01,8.789406068180899156e-10
9.943750000000000000e+01,8.506347595647703341e-10
9.945312500000000000e+01,8.029671506974224345e-10
9.946875000000000000e+01,7.906310987772555466e-10
9.948437500000000000e+01,8.031500668201933011e-10
9.950000000000000000e+01,7.874234369333415922e-10
9.951562500000000000e+01,7.610857931744437059e-10
9.953125000000000000e+01,7.730251202625631973e-10
9.954687500000000000e+01,8.306305394440258349e-10
9.956250000000000000e+01,9.015588374887290216e-10
9.957812500000000000e+01,9.306055057942271733e-10
9.959375000000000000e+01,9.068111544413273537e-10
9.960937500000000000e+01,8.909136871898987921e-10
9.962500000000000000e+01,9.161203180112218697e-10
9.964062500000000000e+01,9.504730927627425479e-10
9.965625000000000000e+01,9.669446437449447935e-10
9.967187500000000000e+01,9.624798797367984212e-10
9.968750000000000000e+01,9.466291684047045284e-10
9.970312500000000000e+01,9.239025648154181982e-10
9.971875000000000000e+01,8.902281568539124340e-10
9.973437500000000000e+01,8.545021275440195662e-10
9.975000000000000000e+01,8.209151927917834449e-10
9.976562500000000000e+01,7.778253232794588975e-10
9.978125000000000000e+01,7.398506225264158226e-10
9.979687500000000000e+01,7.285510976984288521e-10
9.981250000000000000e+01,7.234898143049376610e-10
9.982812500000000000e+01,7.143389869359799966e-10
9.984375000000000000e+01,7.286483443240965883e-10
9.985937500000000000e+01,7.737578810204959169e-10
9.987500000000000000e+01,8.189201704736263859e-10
9.989062500000000000e+01,8.337286047672510878e-10
9.990625000000000000e+01,8.117466719510412019e-10
9.992187500000000000e+01,7.632487041163218625e-10
9.993750000000000000e+01,7.056236572541862173e-10
9.995312500000000000e+01,6.636126782877468781e-10
9.996875000000000000e+01,6.498045275246114415e-10
9.998437500000000000e+01,6.584052056301184240e-10
1.000000000000000000e+02,6.789198532064987694e-10
1.000156250000000000e+02,7.001004802306655795e-10
1.000312500000000000e+02,7.144000097433616079e-10
1.000468750000000000e+02,7.095530711777392616e-10
1.000625000000000000e+02,6.815471481791854375e-10
1.000781250000000000e+02,6.614028392249144435e-10
1.000937500000000000e+02,6.740042311525877508e-10
1.001093750000000000e+02,7.113475447043995143e-10
1.001250000000000000e+02,7.479529120405581262e-10
1.001406250000000000e+02,7.582243313404067351e-10
1.001562500000000000e+02,7.509348553592550120e-10
1.001718750000000000e+02,7.656883176045252006e-10
1.001875000000000000e+02,8.132768597062543917e-10
1.002031250000000000e+02,8.459481368999755764e-10
1.002187500000000000e+02,8.182997455583006518e-10
1.002343750000000000e+02,7.309759798931465387e-10
1.002500000000000000e+02,6.380542454071511941e-10
1.002656250000000000e+02,6.269023991951463531e-10
1.002812500000000000e+02,7.107999595311542292e-10
1.002968750000000000e+02,8.156180513506649867e-10
1.003125000000000000e+02,8.820189965205577201e-10
1.003281250000000000e+02,8.889701531534965574e-10
1.003437500000000000e+02,8.523927599155639685e-10
1.003593750000000000e+02,8.201331255908067250e-10
1.003750000000000000e+02,8.329680208517355090e-10
1.003906250000000000e+02,8.820467294150080284e-10
1.004062500000000000e+02,9.259217941263534234e-10
1.004218750000000000e+02,9.369865421857567134e-10
1.004375000000000000e+02,9.112640217316630462e-10
1.004531250000000000e+02,8.654223162383018565e-10
1.004687500000000000e+02,8.298309661641996109e-10
1.004843750000000000e+02,8.035277773197320020e-10
1.005000000000000000e+02,7.638917285514846237e-10
1.005156250000000000e+02,7.333008033526715773e-10
1.005312500000000000e+02,7.595509436152749422e-10
1.005468750000000000e+02,8.182331226331362488e-10
1.005625000000000000e+02,8.452990327762187145e-10
1.005781250000000000e+02,8.279118800221640849e-10
1.005937500000000000e+02,7.881623658128224992e-10
1.006093750000000000e+02,7.576525470900598246e-10
1.006250000000000000e+02,7.749173808230539741e-10
1.006406250000000000e+02,8.242504153231025480e-10
1.006562500000000000e+02,8.415183477252048187e-10
1.006718750000000000e+02,8.064847421669250481e-10
1.006875000000000000e+02,7.682650321257029687e-10
1.007031250000000000e+02,7.728355497911970923e-10
1.007187500000000000e+02,7.971050942161650150e-10
1.007343750000000000e+02,8.075565493346360647e-10
1.007500000000000000e+02,8.042732949831694086e-10
1.007656250000000000e+02,7.865360341142799941e-10
1.007812500000000000e+02,7.579042127567513174e-10
1.007968750000000000e+02,7.525240861137248712e-10
1.008125000000000000e+02,7.887212123086765526e-10
1.008281250000000000e+02,8.375365415683088796e-10
1.008437500000000000e+02,8.571702446383771128e-10
1.008593750000000000e+02,8.283787314074933236e-10
1.008750000000000000e+02,7.997791220767688751e-10
1.008906250000000000e+02,8.392841344582657020e-10
1.009062500000000000e+02,9.042695162515426007e-10
1.009218750000000000e+02,9.251902801020727366e-10
1.009375000000000000e+02,9.066384335694063730e-10
1.009531250000000000e+02,8.814929734153699353e-10
1.009687500000000000e+02,8.699971613656721502e-10
1.009843750000000000e+02,8.753628226270660828e-10
1.010000000000000000e+02,8.799838893852109906e-10
1.010156250000000000e+02,8.747167305211766908e-10
1.010312500000000000e+02,8.738884397245155077e-10
1.010468750000000000e+02,8.758842923354127945e-10
1.010625000000000000e+02,8.529741861470530434e-10
1.010781250000000000e+02,7.946345526061195577e-10
1.010937500000000000e+02,7.379786508950730672e-10
1.011093750000000000e+02,7.351080121829390296e-10
1.011250000000000000e+02,7.830199431977288662e-10
1.011406250000000000e+02,8.381947499374690149e-10
1.011562500000000000e+02,8.647424897443985868e-10
1.011718750000000000e+02,8.434517038280450939e-10
1.011875000000000000e+02,7.858963075283002133e-10
1.012031250000000000e+02,7.347714961668897087e-10
1.012187500000000000e+02,7.206837749048492083e-10
1.012343750000000000e+02,7.324288454406444339e-10
1.012500000000000000e+02,7.499294545871097640e-10
1.012656250000000000e+02,7.684883252557422052e-10
1.012812500000000000e+02,7.789050084171176780e-10
1.012968750000000000e+02,7.644723027227002003e-10
1.013125000000000000e+02,7.475235426609788925e-10
1.013281250000000000e+02,7.650842583900227659e-10
1.013437500000000000e+02,7.941037889692693738e-10
1.013593750000000000e+02,8.088196817633562564e-10
1.013750000000000000e+02,8.307414377742387151e-10
1.013906250000000000e+02,8.737806213050347119e-10
1.014062500000000000e+02,9.174500519409755709e-10
1.014218750000000000e+02,9.418657607576613638e-10
1.014375000000000000e+02,9.300730751984292788e-10
1.014531250000000000e+02,8.775520153141855465e-10
1.014687500000000000e+02,8.039689405359820168e-10
1.014843750000000000e+02,7.342596318514641083e-10
1.015000000000000000e+02,6.999402948215769716e-10
1.015156250000000000e+02,7.150786270986380212e-10
1.015312500000000000e+02,7.436590420759014178e-10
1.015468750000000000e+02,7.504422535058083014e-10
1.015625000000000000e+02,7.424052007124989934e-10
1.015781250000000000e+02,7.423564525564625990e-10
1.015937500000000000e+02,7.510582015594915029e-10
1.016093750000000000e+02,7.429162912341295591e-10
1.016250000000000000e+02,7.040447370886206867e-10
1.016406250000000000e+02,6.672047340629095539e-10
1.016562500000000000e+02,6.781162645286112133e-10
1.016718750000000000e+02,7.317859213968425660e-10
1.016875000000000000e+02,7.937373018603205729e-10
1.017031250000000000e+02,8.288865793455578442e-10
1.017187500000000000e+02,8.075140961005677120e-10
1.017343750000000000e+02,7.333614002601986266e-10
1.017500000000000000e+02,6.443303858360636491e-10
1.017656250000000000e+02,5.681631801386593874e-10
1.017812500000000000e+02,5.225154092930291989e-10
1.017968750000000000e+02,5.411252745376172201e-10
1.018125000000000000e+02,6.016085642180182643e-10
1.018281250000000000e+02,6.593690965779786124e-10
1.018437500000000000e+02,7.176924641398878280e-10
1.018593750000000000e+02,7.688121154894073728e-10
1.018750000000000000e+02,7.867486253911305675e-10
1.018906250000000000e+02,7.662132993408507906e-10
1.019062500000000000e+02,7.214163533052902207e-10
1.019218750000000000e+02,6.748987296530541307e-10
1.019375000000000000e+02,6.492797305875611670e-10
1.019531250000000000e+02,6.644353394167104439e-10
1.019687500000000000e+02,7.178075125084545704e-10
1.019843750000000000e+02,7.680032488640456210e-10
1.020000000000000000e+02,7.753578965409113667e-10
1.020156250000000000e+02,7.468732825561869861e-10
1.020312500000000000e+02,7.304100935246229504e-10
1.020468750000000000e+02,7.473608400338142242e-10
1.020625000000000000e+02,7.716155997350815664e-10
1.020781250000000000e+02,7.855582834744648510e-10
1.020937500000000000e+02,7.872333863364094000e-10
1.021093750000000000e+02,7.781758664594157240e-10
1.021250000000000000e+02,7.746040398883845893e-10
1.021406250000000000e+02,7.850028636641129490e-10
1.021562500000000000e+02,7.896335958691255767e-10
1.021718750000000000e+02,7.631603050564176399e-10
1.021875000000000000e+02,7.030607740756413704e-10
1.022031250000000000e+02,6.502953698705972823e-10
1.022187500000000000e+02,6.647342382953621232e-10
1.022343750000000000e+02,7.319455760507539625e-10
1.022500000000000000e+02,7.666520502813174743e-10
1.022656250000000000e+02,7.327959234400535177e-10
1.022812500000000000e+02,6.765087533824274360e-10
1.022968750000000000e+02,6.463720462678486997e-10
1.023125000000000000e+02,6.334720642041582437e-10
1.023281250000000000e+02,6.318300817003358445e-10
1.023437500000000000e+02,6.546185606927290791e-10
1.023593750000000000e+02,6.886200191710205098e-10
1.023750000000000000e+02,7.138712827126901718e-10
1.023906250000000000e+02,7.283470309355741293e-10
1.024062500000000000e+02,7.422434147877899426e-10
1.024218750000000000e+02,7.611707022633623887e-10
1.024375000000000000e+02,7.638968875823329665e-10
1.024531250000000000e+02,7.280737805274646783e-10
1.024687500000000000e+02,6.698952480034739308e-10
1.024843750000000000e+02,6.239803323672042513e-10
1.025000000000000000e+02,6.015112541453506125e-10
1.025156250000000000e+02,5.918543657146424670e-10
1.025312500000000000e+02,5.840491875068854658e-10
1.025468750000000000e+02,5.824781559676843635e-10
1.025625000000000000e+02,5.964500807089973766e-10
1.025781250000000000e+02,6.280689747785821211e-10
1.025937500000000000e+02,6.758239962606795644e-10
1.026093750000000000e+02,7.151731747582957584e-10
1.026250000000000000e+02,7.101598802135574986e-10
1.026406250000000000e+02,6.504410747827733870e-10
1.026562500000000000e+02,5.927183848504456817e-10
1.026718750000000000e+02,6.452951933518283952e-10
1.026875000000000000e+02,7.555145016307158507e-10
1.027031250000000000e+02,7.874138788167093340e-10
1.027187500000000000e+02,7.348019208023839690e-10
1.027343750000000000e+02,6.864149765682362595e-10
1.027500000000000000e+02,6.907977405068086976e-10
1.027656250000000000e+02,7.211611348895938352e-10
1.027812500000000000e+02,7.465472899540382223e-10
1.027968750000000000e+02,7.585560536327325050e-10
1.028125000000000000e+02,7.559465363106090873e-10
1.028281250000000000e+02,7.394599051094500975e-10
1.028437500000000000e+02,7.151037512994267074e-10
1.028593750000000000e+02,6.899919379411068932e-10
1.028750000000000000e+02,6.744014261066482426e-10
1.028906250000000000e+02,6.759844432832676266e-10
1.029062500000000000e+02,6.862914096464729217e-10
1.029218750000000000e+02,6.780422379998947717e-10
1.029375000000000000e+02,6.498812843882566855e-10
1.029531250000000000e+02,6.593604102941725701e-10
1.029687500000000000e+02,7.341924948765413023e-10
1.029843750000000000e+02,8.114755015070463411e-10
1.030000000000000000e+02,8.321946984977699523e-10
1.030156250000000000e+02,8.095813443425022602e-10
1.030312500000000000e+02,8.028242023244314117e-10
1.030468750000000000e+02,8.089069147897227891e-10
1.030625000000000000e+02,7.641755407504849709e-10
1.030781250000000000e+02,6.570201169212236154e-10
1.030937500000000000e+02,5.607183191467211829e-10
1.031093750000000000e+02,5.689219514476669230e-10
1.031250000000000000e+02,6.442670654338832640e-10
1.031406250000000000e+02,6.973137007456035279e-10
1.031562500000000000e+02,7.085078186592290194e-10
1.031718750000000000e+02,6.867099604629762223e-10
1.031875000000000000e+02,6.631641429482754476e-10
1.032031250000000000e+02,6.931064313488271948e-10
1.032187500000000000e+02,7.528185139969386559e-10
1.032343750000000000e+02,7.647141593748977102e-10
1.032500000000000000e+02,7.217535717013210906e-10
1.032656250000000000e+02,6.757009114422880123e-10
1.032812500000000000e+02,6.596633136696762921e-10
1.032968750000000000e+02,6.691914135589603193e-10
1.033125000000000000e+02,6.880153091545956290e-10
1.033281250000000000e+02,6.932921362886766599e-10
1.033437500000000000e+02,6.680789381188006901e-10
1.033593750000000000e+02,6.330136143214787810e-10
1.033750000000000000e+02,6.425226747019725068e-10
1.033906250000000000e+02,7.027911728435436297e-10
1.034062500000000000e+02,7.458098279970517330e-10
1.034218750000000000e+02,7.281590684803916556e-10
1.034375000000000000e+02,6.810411661935142731e-10
1.034531250000000000e+02,6.607313199796567742e-10
1.034687500000000000e+02,6.619610942288161801e-10
1.034843750000000000e+02,6.457690495389516964e-10
1.035000000000000000e+02,6.043354277065356810e-10
1.035156250000000000e+02,5.562351229202744122e-10
1.035312500000000000e+02,5.531751597138877329e-10
1.035468750000000000e+02,6.154795201576749561e-10
1.035625000000000000e+02,6.742890963386288214e-10
1.035781250000000000e+02,6.894521970271363607e-10
1.035937500000000000e+02,6.880305217240203704e-10
1.036093750000000000e+02,6.973185108536319954e-10
1.036250000000000000e+02,7.085461004445116579e-10
1.036406250000000000e+02,7.114586865519613074e-10
1.036562500000000000e+02,7.127564901675781123e-10
1.036718750000000000e+02,7.108145694605180136e-10
1.036875000000000000e+02,7.044389246992017341e-10
1.037031250000000000e+02,7.039515581394074021e-10
1.037187500000000000e+02,7.091658557948049543e-10
1.037343750000000000e+02,7.081601564320004257e-10
1.037500000000000000e+02,6.872770381849115601e-10
1.037656250000000000e+02,6.546700999339162362e-10
1.037812500000000000e+02,6.434163478544622481e-10
1.037968750000000000e+02,6.628131246909686037e-10
1.038125000000000000e+02,7.006670712130692580e-10
1.038281250000000000e+02,7.467160411176071597e-10
1.038437500000000000e+02,7.732640481669256013e-10
1.038593750000000000e+02,7.483385175767558320e-10
1.038750000000000000e+02,6.900032474150242907e-10
1.038906250000000000e+02,6.657514477843893349e-10
1.039062500000000000e+02,6.898547640424126889e-10
1.039218750000000000e+02,7.126216206460172487e-10
1.039375000000000000e+02,7.058463962485322162e-10
1.039531250000000000e+02,6.854217056434463683e-10
1.039687500000000000e+02,6.764555351765917100e-10
1.039843750000000000e+02,6.926141883507178723e-10
1.040000000000000000e+02,7.320212584181768791e-10
1.040156250000000000e+02,7.602722393521404112e-10
1.040312500000000000e+02,7.590290569436828879e-10
1.040468750000000000e+02,7.575807656465705645e-10
1.040625000000000000e+02,7.753019761108235428e-10
1.040781250000000000e+02,8.059287251737591459e-10
1.040937500000000000e+02,8.436776616393329508e-10
1.041093750000000000e+02,8.639218531166784307e-10
1.041250000000000000e+02,8.414087553952695265e-10
1.041406250000000000e+02,7.850706140406226996e-10
1.041562500000000000e+02,7.237358887257997325e-10
1.041718750000000000e+02,6.747482175003665878e-10
1.041875000000000000e+02,6.395955925104140024e-10
1.042031250000000000e+02,6.354799659307112730e-10
1.042187500000000000e+02,6.771429066162353500e-10
1.042343750000000000e+02,7.308800137351212410e-10
1.042500000000000000e+02,7.605204143661772645e-10
1.042656250000000000e+02,7.515444588447848755e-10
1.042812500000000000e+02,7.066368178428498108e-10
1.042968750000000000e+02,6.639369249966852149e-10
1.043125000000000000e+02,6.525981450493223073e-10
1.043281250000000000e+02,6.435316872727850353e-10
1.043437500000000000e+02,6.154538907898001540e-10
1.043593750000000000e+02,6.065108627001466614e-10
1.043750000000000000e+02,6.462746764279909709e-10
1.043906250000000000e+02,7.032836562160131157e-10
1.044062500000000000e+02,7.594148927963823239e-10
1.044218750000000000e+02,8.185361467547624844e-10
1.044375000000000000e+02,8.465562717949621294e-10
1.044531250000000000e+02,8.131598657574424943e-10
1.044687500000000000e+02,7.486797527926731759e-10
1.044843750000000000e+02,7.098728677604262914e-10
1.045000000000000000e+02,7.160446777002087716e-10
1.045156250000000000e+02,7.493653115598082383e-10
1.045312500000000000e+02,7.756488963621945640e-10
1.045468750000000000e+02,7.640686722925667390e-10
1.045625000000000000e+02,7.258152360670399872e-10
1.045781250000000000e+02,6.952451314260356687e-10
1.045937500000000000e+02,6.784510867557904671e-10
1.046093750000000000e+02,6.694135600111831767e-10
1.046250000000000000e+02,6.776197869058199506e-10
1.046406250000000000e+02,6.995401738232433476e-10
1.046562500000000000e+02,7.044495186037387864e-10
1.046718750000000000e+02,6.845844577479473699e-10
1.046875000000000000e+02,6.667109529530931643e-10
1.047031250000000000e+02,6.494354437703873948e-10
1.047187500000000000e+02,6.000541401179453543e-10
1.047343750000000000e+02,5.290442050843143973e-10
1.047500000000000000e+02,5.180183664615658886e-10
1.047656250000000000e+02,5.922789372168332444e-10
1.047812500000000000e+02,6.726740741559377383e-10
1.047968750000000000e+02,7.263824217273329834e-10
1.048125000000000000e+02,7.668669634825077850e-10
1.048281250000000000e+02,7.839881703913908616e-10
1.048437500000000000e+02,7.612567036198283854e-10
1.048593750000000000e+02,7.205542604140227272e-10
1.048750000000000000e+02,6.979958937911534792e-10
1.048906250000000000e+02,6.908753360406917468e-10
1.049062500000000000e+02,6.807107910613775950e-10
1.049218750000000000e+02,6.790566226274933776e-10
1.049375000000000000e+02,6.843447878846240050e-10
1.049531250000000000e+02,6.553773662442968928e-10
1.049687500000000000e+02,5.986506397281128184e-10
1.049843750000000000e+02,5.952880593653136846e-10
1.050000000000000000e+02,6.670270472968186449e-10
1.050156250000000000e+02,7.405957548108842999e-10
1.050312500000000000e+02,7.599382432835381934e-10
1.050468750000000000e+02,7.211158455233660520e-10
1.050625000000000000e+02,6.683450895673429936e-10
1.050781250000000000e+02,6.458048467246820791e-10
1.050937500000000000e+02,6.432317721440210111e-10
1.051093750000000000e+02,6.352063126178714637e-10
1.051250000000000000e+02,6.271780695143685534e-10
1.051406250000000000e+02,6.421522588555316578e-10
1.051562500000000000e+02,6.842630660152049465e-10
1.051718750000000000e+02,7.306453981772564797e-10
1.051875000000000000e+02,7.630294271408730066e-10
1.052031250000000000e+02,7.686172049137713194e-10
1.052187500000000000e+02,7.440479655094464386e-10
1.052343750000000000e+02,7.123422144570542443e-10
1.052500000000000000e+02,6.964914302299578665e-10
1.052656250000000000e+02,6.870939178108120605e-10
1.052812500000000000e+02,6.594689114341725729e-10
1.052968750000000000e+02,6.230345790637189178e-10
1.053125000000000000e+02,6.212770689817045034e-10
1.053281250000000000e+02,6.587677947680076754e-10
1.053437500000000000e+02,6.935493509822660672e-10
1.053593750000000000e+02,7.073528043955483422e-10
1.053750000000000000e+02,7.121922197614660952e-10
1.053906250000000000e+02,7.075250470011273200e-10
1.054062500000000000e+02,6.901222738099444474e-10
1.054218750000000000e+02,6.886030689436365980e-10
1.054375000000000000e+02,7.149953228789893516e-10
1.054531250000000000e+02,7.327422011076860090e-10
1.054687500000000000e+02,7.219897637872781484e-10
1.054843750000000000e+02,6.945789799518238635e-10
1.055000000000000000e+02,6.622737863449210603e-10
1.055156250000000000e+02,6.383130296356006724e-10
1.055312500000000000e+02,6.379767257873751239e-10
1.055468750000000000e+02,6.459871128549250746e-10
1.055625000000000000e+02,6.398696323650943391e-10
1.055781250000000000e+02,6.451680968403307094e-10
1.055937500000000000e+02,6.986924782015880403e-10
1.056093750000000000e+02,7.701032167515478222e-10
1.056250000000000000e+02,7.946820577826870142e-10
1.056406250000000000e+02,7.452745108273296937e-10
1.056562500000000000e+02,6.638355844479419689e-10
1.056718750000000000e+02,6.416163106936992066e-10
1.056875000000000000e+02,6.928638075520999480e-10
1.057031250000000000e+02,7.369545745588651317e-10
1.057187500000000000e+02,7.375902891549548536e-10
1.057343750000000000e+02,7.171846660051860516e-10
1.057500000000000000e+02,7.014559106754945628e-10
1.057656250000000000e+02,6.955374481587171249e-10
1.057812500000000000e+02,6.989612274447067729e-10
1.057968750000000000e+02,7.064059953890679053e-10
1.058125000000000000e+02,7.057413286225326408e-10
1.058281250000000000e+02,7.045246673536060116e-10
1.058437500000000000e+02,7.157966285567062440e-10
1.058593750000000000e+02,7.291256824085387356e-10
1.058750000000000000e+02,7.376905840578357853e-10
1.058906250000000000e+02,7.572696385311045185e-10
1.059062500000000000e+02,7.916927694507967585e-10
1.059218750000000000e+02,8.147437755272213321e-10
1.059375000000000000e+02,8.041087580381087242e-10
1.059531250000000000e+02,7.487677665261603910e-10
1.059687500000000000e+02,6.534846406934750267e-10
1.059843750000000000e+02,5.690541149934671789e-10
1.060000000000000000e+02,5.488471193629198790e-10
1.060156250000000000e+02,5.661246590909690200e-10
1.060312500000000000e+02,5.786333692046766104e-10
1.060468750000000000e+02,5.879951662206461373e-10
1.060625000000000000e+02,5.953132703249488801e-10
1.060781250000000000e+02,5.936949479849808627e-10
1.060937500000000000e+02,6.115602150318063682e-10
1.061093750000000000e+02,6.632491024840463156e-10
1.061250000000000000e+02,6.972475002979497076e-10
1.061406250000000000e+02,6.890512391799402297e-10
1.061562500000000000e+02,6.820530768424222730e-10
1.061718750000000000e+02,6.928468534605737544e-10
1.061875000000000000e+02,6.886176629682266461e-10
1.062031250000000000e+02,6.695613444221275983e-10
1.062187500000000000e+02,6.562919856378038846e-10
1.062343750000000000e+02,6.392340155459849804e-10
1.062500000000000000e+02,6.259886685316209226e-10
1.062656250000000000e+02,6.487295868363328995e-10
1.062812500000000000e+02,6.882953972009513704e-10
1.062968750000000000e+02,7.123032362543957710e-10
1.063125000000000000e+02,7.161232078742277517e-10
1.063281250000000000e+02,6.962063110282182993e-10
1.063437500000000000e+02,6.759071162265691233e-10
1.063593750000000000e+02,6.934239553557217944e-10
1.063750000000000000e+02,7.323498135711954825e-10
1.063906250000000000e+02,7.521634521835300451e-10
1.064062500000000000e+02,7.437127132159760489e-10
1.064218750000000000e+02,7.368642856279868751e-10
1.064375000000000000e+02,7.556757189323127787e-10
1.064531250000000000e+02,7.818832701745411899e-10
1.064687500000000000e+02,7.992439490403383892e-10
1.064843750000000000e+02,7.956129691829774771e-10
1.065000000000000000e+02,7.542338357898246319e-10
1.065156250000000000e+02,6.955591540119987099e-10
1.065312500000000000e+02,6.537912178382879904e-10
1.065468750000000000e+02,6.326064152672116031e-10
1.065625000000000000e+02,6.305357909636725876e-10
1.065781250000000000e+02,6.433310695032467130e-10
1.065937500000000000e+02,6.556475284826461099e-10
1.066093750000000000e+02,6.571240863492319789e-10
1.066250000000000000e+02,6.444485720163598856e-10
1.066406250000000000e+02,6.245736396740023585e-10
1.066562500000000000e+02,6.141518038934948362e-10
1.066718750000000000e+02,6.145446581435319845e-10
1.066875000000000000e+02,6.085865426166134604e-10
1.067031250000000000e+02,5.898035214301705003e-10
1.067187500000000000e+02,5.664061501411183819e-10
1.067343750000000000e+02,5.332235922392544447e-10
1.067500000000000000e+02,5.027865167106770909e-10
1.067656250000000000e+02,5.313542315196413736e-10
1.067812500000000000e+02,6.168328120885566369e-10
1.067968750000000000e+02,6.956593296560754323e-10
1.068125000000000000e+02,7.259257052634973403e-10
1.068281250000000000e+02,7.044551439576184751e-10
1.068437500000000000e+02,6.650931511155095079e-10
1.068593750000000000e+02,6.471300949744097481e-10
1.068750000000000000e+02,6.484805648014295579e-10
1.068906250000000000e+02,6.469358151585201803e-10
1.069062500000000000e+02,6.347939642370927886e-10
1.069218750000000000e+02,6.078349995953596850e-10
1.069375000000000000e+02,5.847764951322607210e-10
1.069531250000000000e+02,5.956596811090904965e-10
1.069687500000000000e+02,6.263097842300074031e-10
1.069843750000000000e+02,6.461578638597642734e-10
1.070000000000000000e+02,6.547930067266570346e-10
1.070156250000000000e+02,6.692591870096241432e-10
1.070312500000000000e+02,6.914701977739277798e-10
1.070468750000000000e+02,7.087545236191569560e-10
1.070625000000000000e+02,7.094781254213367870e-10
1.070781250000000000e+02,6.878082829754105555e-10
1.070937500000000000e+02,6.558899092653922808e-10
1.071093750000000000e+02,6.443093307430887435e-10
1.071250000000000000e+02,6.741942838422077937e-10
1.071406250000000000e+02,7.293799167584575127e-10
1.071562500000000000e+02,7.687776391370209119e-10
1.071718750000000000e+02,7.711611575879953592e-10
1.071875000000000000e+02,7.466020197073402829e-10
1.072031250000000000e+02,7.213676716917019400e-10
1.072187500000000000e+02,7.168962965063678741e-10
1.072343750000000000e+02,7.224979737895815563e-10
1.072500000000000000e+02,7.187151648677036745e-10
1.072656250000000000e+02,7.070234519156797488e-10
1.072812500000000000e+02,6.952992756353294536e-10
1.072968750000000000e+02,6.838683376356453415e-10
1.073125000000000000e+02,6.592034366036979195e-10
1.073281250000000000e+02,6.186676088553856199e-10
1.073437500000000000e+02,6.007627548968057764e-10
1.073593750000000000e+02,6.281109840213117032e-10
1.073750000000000000e+02,6.623441356963908722e-10
1.073906250000000000e+02,6.773962033244049531e-10
1.074062500000000000e+02,6.788707666916045665e-10
1.074218750000000000e+02,6.766441847884760439e-10
1.074375000000000000e+02,6.858493884893664070e-10
1.074531250000000000e+02,6.969075239431806723e-10
1.074687500000000000e+02,6.769216304585991657e-10
1.074843750000000000e+02,6.288224476003419718e-10
1.075000000000000000e+02,5.974423113069207684e-10
1.075156250000000000e+02,6.042115891079188744e-10
1.075312500000000000e+02,6.201478773857503096e-10
1.075468750000000000e+02,6.197245418009567230e-10
1.075625000000000000e+02,6.101964168964559767e-10
1.075781250000000000e+02,6.100278800013924325e-10
1.075937500000000000e+02,6.237638512170999170e-10
1.076093750000000000e+02,6.373819192590995957e-10
1.076250000000000000e+02,6.401186758406602958e-10
1.076406250000000000e+02,6.356680123542624861e-10
1.076562500000000000e+02,6.331846000399068091e-10
1.076718750000000000e+02,6.455583740194821163e-10
1.076875000000000000e+02,6.610624979456575139e-10
1.077031250000000000e+02,6.554829556592376425e-10
1.077187500000000000e+02,6.326307085427117383e-10
1.077343750000000000e+02,6.081037983917479632e-10
1.077500000000000000e+02,5.982783934381081696e-10
1.077656250000000000e+02,6.222569725836173993e-10
1.077812500000000000e+02,6.711363163624524382e-10
1.077968750000000000e+02,7.084511375148647661e-10
1.078125000000000000e+02,7.142025904320440163e-10
1.078281250000000000e+02,7.042762268354053235e-10
1.078437500000000000e+02,6.910410647872633248e-10
1.078593750000000000e+02,6.601804044784848894e-10
1.078750000000000000e+02,6.207026147241348554e-10
1.078906250000000000e+02,6.094388871927931582e-10
1.079062500000000000e+02,6.252958628612087073e-10
1.079218750000000000e+02,6.409809698952078717e-10
1.079375000000000000e+02,6.443989635852491226e-10
1.079531250000000000e+02,6.199936321833326653e-10
1.079687500000000000e+02,5.637718659366398132e-10
1.079843750000000000e+02,5.277903782334857309e-10
1.080000000000000000e+02,5.607992650412382627e-10
1.080156250000000000e+02,6.110445351545471473e-10
1.080312500000000000e+02,6.112812507476636036e-10
1.080468750000000000e+02,5.612639062678989351e-10
1.080625000000000000e+02,5.106087307840438531e-10
1.080781250000000000e+02,4.998318478004180701e-10
1.080937500000000000e+02,5.238672511573957904e-10
1.081093750000000000e+02,5.521883195267611775e-10
1.081250000000000000e+02,5.685565194056795769e-10
1.081406250000000000e+02,5.874114436620024443e-10
1.081562500000000000e+02,6.230569469932977111e-10
1.081718750000000000e+02,6.613174286730221531e-10
1.081875000000000000e+02,6.824175735149686012e-10
1.082031250000000000e+02,6.827948393299038073e-10
1.082187500000000000e+02,6.725497908881266743e-10
1.082343750000000000e+02,6.648038536247842401e-10
1.082500000000000000e+02,6.670949528209821695e-10
1.082656250000000000e+02,6.727593767063259193e-10
1.082812500000000000e+02,6.633982842377743816e-10
1.082968750000000000e+02,6.424984495560690463e-10
1.083125000000000000e+02,6.321896940797136454e-10
1.083281250000000000e+02,6.321876857983128280e-10
1.083437500000000000e+02,6.276133624983547415e-10
1.083593750000000000e+02,6.080943893843885406e-10
1.083750000000000000e+02,5.901531796358805480e-10
1.083906250000000000e+02,6.178960906098722636e-10
1.084062500000000000e+02,6.802107763827725081e-10
1.084218750000000000e+02,7.124242021023163379e-10
1.084375000000000000e+02,6.985504866089476876e-10
1.084531250000000000e+02,6.882782111871144147e-10
1.084687500000000000e+02,7.100970760964815205e-10
1.084843750000000000e+02,7.266044476827404974e-10
1.085000000000000000e+02,7.024740570553149259e-10
1.085156250000000000e+02,6.561267083924713769e-10
1.085312500000000000e+02,6.346187262715193247e-10
1.085468750000000000e+02,6.436422131130531697e-10
1.085625000000000000e+02,6.486475131851797180e-10
1.085781250000000000e+02,6.401689360808474222e-10
1.085937500000000000e+02,6.349512688160512565e-10
1.086093750000000000e+02,6.369958368396267575e-10
1.086250000000000000e+02,6.349104819497549704e-10
1.086406250000000000e+02,6.215960765786769845e-10
1.086562500000000000e+02,6.091675432699271399e-10
1.086718750000000000e+02,6.169632662489419889e-10
1.086875000000000000e+02,6.283473527907854701e-10
1.087031250000000000e+02,6.201792566122535061e-10
1.087187500000000000e+02,6.170318800826907517e-10
1.087343750000000000e+02,6.346307262027455636e-10
1.087500000000000000e+02,6.453115697266629041e-10
1.087656250000000000e+02,6.328650249570634052e-10
1.087812500000000000e+02,6.140879739037078299e-10
1.087968750000000000e+02,6.232838899548254971e-10
1.088125000000000000e+02,6.705268543885412773e-10
1.088281250000000000e+02,7.215563827291229322e-10
1.088437500000000000e+02,7.319159805028218691e-10
1.088593750000000000e+02,6.870241817394276316e-10
1.088750000000000000e+02,6.148749578386113219e-10
1.088906250000000000e+02,5.580262961814250764e-10
1.089062500000000000e+02,5.373033295733445230e-10
1.089218750000000000e+02,5.578741732333612542e-10
1.089375000000000000e+02,6.076554221595693494e-10
1.089531250000000000e+02,6.614920760562230959e-10
1.089687500000000000e+02,6.941911741992664411e-10
1.089843750000000000e+02,6.923675689457576780e-10
1.090000000000000000e+02,6.801874498206463767e-10
1.090156250000000000e+02,6.804970289410916475e-10
1.090312500000000000e+02,6.757855565060966997e-10
1.090468750000000000e+02,6.608592312933193390e-10
1.090625000000000000e+02,6.555446295676758520e-10
1.090781250000000000e+02,6.575880413165567480e-10
1.090937500000000000e+02,6.417591021071607064e-10
1.091093750000000000e+02,6.104001473156921312e-10
1.091250000000000000e+02,5.991915744627109971e-10
1.091406250000000000e+02,6.082643307737289060e-10
1.091562500000000000e+02,6.002809508224684873e-10
1.091718750000000000e+02,5.728536276252745601e-10
1.091875000000000000e+02,5.539174429973628342e-10
1.092031250000000000e+02,5.584691554318483489e-10
1.092187500000000000e+02,5.827292866567540853e-10
1.092343750000000000e+02,6.133806697226462290e-10
1.092500000000000000e+02,6.336366299364422095e-10
1.092656250000000000e+02,6.352431318030808085e-10
1.092812500000000000e+02,6.272737642950909165e-10
1.092968750000000000e+02,6.187805903820065335e-10
1.093125000000000000e+02,6.082660356365310190e-10
1.093281250000000000e+02,6.046993515934474277e-10
1.093437500000000000e+02,6.224532659958280805e-10
1.093593750000000000e+02,6.444851717516403591e-10
1.093750000000000000e+02,6.482257057050276875e-10
1.093906250000000000e+02,6.534307486754976388e-10
1.094062500000000000e+02,6.662967611644473833e-10
1.094218750000000000e+02,6.506490865990107238e-10
1.094375000000000000e+02,6.156491396905503202e-10
1.094531250000000000e+02,6.128052487060393122e-10
1.094687500000000000e+02,6.360873243089992669e-10
1.094843750000000000e+02,6.340682997548215357e-10
1.095000000000000000e+02,5.904861141722500361e-10
1.095156250000000000e+02,5.477588467771775930e-10
1.095312500000000000e+02,5.582179980138063232e-10
1.095468750000000000e+02,5.914624500127308245e-10
1.095625000000000000e+02,5.877971310575400859e-10
1.095781250000000000e+02,5.559265587693296200e-10
1.095937500000000000e+02,5.494123279795416705e-10
1.096093750000000000e+02,5.803099849653277633e-10
1.096250000000000000e+02,6.182209655975714240e-10
1.096406250000000000e+02,6.394172930476587430e-10
1.096562500000000000e+02,6.329167964862211672e-10
1.096718750000000000e+02,6.039628715923014989e-10
1.096875000000000000e+02,5.698883229037443822e-10
1.097031250000000000e+02,5.528095721788872299e-10
1.097187500000000000e+02,5.700101450974706248e-10
1.097343750000000000e+02,6.118085902188499716e-10
1.097500000000000000e+02,6.559846741753693624e-10
1.097656250000000000e+02,6.889730245927022454e-10
1.097812500000000000e+02,7.019191782644750470e-10
1.097968750000000000e+02,7.014727799010770935e-10
1.098125000000000000e+02,7.026546166165063705e-10
1.098281250000000000e+02,6.872569025218800312e-10
1.098437500000000000e+02,6.260151687765478301e-10
1.098593750000000000e+02,5.537539185362245631e-10
1.098750000000000000e+02,5.422317596496380156e-10
1.098906250000000000e+02,5.824794503369224189e-10
1.099062500000000000e+02,6.130523618110923420e-10
1.099218750000000000e+02,6.168275100498639996e-10
1.099375000000000000e+02,6.141007253461908054e-10
1.099531250000000000e+02,6.154911418973487590e-10
1.099687500000000000e+02,6.140041530592301248e-10
1.099843750000000000e+02,5.987930336738746225e-10
1.100000000000000000e+02,5.743566630481663269e-10
1.100156250000000000e+02,5.717632782474584639e-10
1.100312500000000000e+02,5.968743214609345922e-10
1.100468750000000000e+02,6.080649224342756663e-10
1.100625000000000000e+02,5.733692324342876342e-10
1.100781250000000000e+02,5.094743259688593147e-10
1.100937500000000000e+02,4.683329332294327405e-10
1.101093750000000000e+02,4.784693773911352467e-10
1.101250000000000000e+02,5.316483703777369866e-10
1.101406250000000000e+02,5.958235632317588297e-10
1.101562500000000000e+02,6.195776831545739821e-10
1.101718750000000000e+02,5.893867052152093095e-10
1.101875000000000000e+02,5.457839701671918704e-10
1.102031250000000000e+02,5.306250131140392462e-10
1.102187500000000000e+02,5.496005814419473890e-10
1.102343750000000000e+02,5.816736477728542961e-10
1.102500000000000000e+02,6.094130540705212679e-10
1.102656250000000000e+02,6.345532323879556174e-10
1.102812500000000000e+02,6.605276858566903008e-10
1.102968750000000000e+02,6.747324374431886741e-10
1.103125000000000000e+02,6.649890009548041253e-10
1.103281250000000000e+02,6.320647645644242837e-10
1.103437500000000000e+02,6.016402680548140304e-10
1.103593750000000000e+02,6.055074154421106395e-10
1.103750000000000000e+02,6.100699406881099260e-10
1.103906250000000000e+02,5.761984508223357720e-10
1.104062500000000000e+02,5.484581286925177193e-10
1.104218750000000000e+02,5.910117667852632946e-10
1.104375000000000000e+02,6.695554735897971767e-10
1.104531250000000000e+02,7.151459641955649648e-10
1.104687500000000000e+02,7.110203179652081438e-10
1.104843750000000000e+02,6.744028491768918523e-10
1.105000000000000000e+02,6.270235733951004264e-10
1.105156250000000000e+02,5.841757343768404540e-10
1.105312500000000000e+02,5.538690650558552085e-10
1.105468750000000000e+02,5.465580962114452106e-10
1.105625000000000000e+02,5.594794668485883103e-10
1.105781250000000000e+02,5.722283354059770647e-10
1.105937500000000000e+02,5.785855685408196700e-10
1.106093750000000000e+02,5.903206318962926312e-10
1.106250000000000000e+02,6.009403000936408649e-10
1.106406250000000000e+02,5.934035715270352974e-10
1.106562500000000000e+02,5.773648115647653459e-10
1.106718750000000000e+02,5.633589064949578227e-10
1.106875000000000000e+02,5.407465671542129449e-10
1.107031250000000000e+02,5.305436827945426022e-10
1.107187500000000000e+02,5.674387920363076790e-10
1.107343750000000000e+02,6.019080190804602387e-10
1.107500000000000000e+02,5.685465846409049246e-10
1.107656250000000000e+02,5.039918474790318435e-10
1.107812500000000000e+02,4.947015774890154594e-10
1.107968750000000000e+02,5.313303186538550011e-10
1.108125000000000000e+02,5.609219407187274329e-10
1.108281250000000000e+02,5.640541406454684372e-10
1.108437500000000000e+02,5.507134298120577729e-10
1.108593750000000000e+02,5.380735665429450042e-10
1.108750000000000000e+02,5.192896916747716349e-10
1.108906250000000000e+02,4.993404914633466777e-10
1.109062500000000000e+02,5.063859978722747562e-10
1.109218750000000000e+02,5.301105577847644681e-10
1.109375000000000000e+02,5.356873671116555007e-10
1.109531250000000000e+02,5.304405840702052552e-10
1.109687500000000000e+02,5.477041615768672264e-10
1.109843750000000000e+02,5.860717465697341775e-10
1.110000000000000000e+02,6.236445550700875856e-10
1.110156250000000000e+02,6.551358296422290909e-10
1.110312500000000000e+02,6.808388730575725593e-10
1.110468750000000000e+02,6.877787267285946714e-10
1.110625000000000000e+02,6.773228506169211986e-10
1.110781250000000000e+02,6.715989167427488469e-10
1.110937500000000000e+02,6.716363258576061104e-10
1.111093750000000000e+02,6.565266340533669682e-10
1.111250000000000000e+02,6.171183975118623706e-10
1.111406250000000000e+02,5.769693451364836659e-10
1.111562500000000000e+02,5.652537967571984253e-10
1.111718750000000000e+02,5.660543192471874082e-10
1.111875000000000000e+02,5.585192464474236913e-10
1.112031250000000000e+02,5.624796290411403107e-10
1.112187500000000000e+02,5.926566956293042859e-10
1.112343750000000000e+02,6.284489941091509920e-10
1.112500000000000000e+02,6.447476132283003061e-10
1.112656250000000000e+02,6.449913887456204623e-10
1.112812500000000000e+02,6.460378175764959275e-10
1.112968750000000000e+02,6.368656437463454654e-10
1.113125000000000000e+02,6.035611795614091069e-10
1.113281250000000000e+02,5.608889698712311151e-10
1.113437500000000000e+02,5.292702274812739787e-10
1.113593750000000000e+02,5.224310701776357276e-10
1.113750000000000000e+02,5.463244813729529668e-10
1.113906250000000000e+02,5.784603023223472877e-10
1.114062500000000000e+02,5.915154352867605363e-10
1.114218750000000000e+02,5.878491876529462549e-10
1.114375000000000000e+02,5.895418889708854256e-10
1.114531250000000000e+02,6.062801795921622951e-10
1.114687500000000000e+02,6.248522839633258808e-10
1.114843750000000000e+02,6.404703020045853135e-10
1.115000000000000000e+02,6.612329210315540713e-10
1.115156250000000000e+02,6.797632087679866154e-10
1.115312500000000000e+02,6.817053364871251762e-10
1.115468750000000000e+02,6.599117619870074951e-10
1.115625000000000000e+02,6.114625367763311751e-10
1.115781250000000000e+02,5.506705464054103319e-10
1.115937500000000000e+02,5.145257153126420317e-10
1.116093750000000000e+02,5.224245513966876855e-10
1.116250000000000000e+02,5.554737573859078924e-10
1.116406250000000000e+02,5.854568540879535653e-10
1.116562500000000000e+02,6.032293728395568566e-10
1.116718750000000000e+02,6.104437994804787574e-10
1.116875000000000000e+02,6.020871071631943103e-10
1.117031250000000000e+02,5.824550419477453383e-10
1.117187500000000000e+02,5.712269665114777948e-10
1.117343750000000000e+02,5.862222327939092000e-10
1.117500000000000000e+02,6.220893693890568643e-10
1.117656250000000000e+02,6.493917651400516787e-10
1.117812500000000000e+02,6.541710562149337995e-10
1.117968750000000000e+02,6.526094821410828207e-10
1.118125000000000000e+02,6.574039200320075604e-10
1.118281250000000000e+02,6.604594834508834390e-10
1.118437500000000000e+02,6.498845397314358514e-10
1.118593750000000000e+02,6.277316630653912612e-10
1.118750000000000000e+02,6.055990339104641669e-10
1.118906250000000000e+02,5.893712565105849402e-10
1.119062500000000000e+02,5.717110845409114080e-10
1.119218750000000000e+02,5.457440725193427034e-10
1.119375000000000000e+02,5.307977047550194805e-10
1.119531250000000000e+02,5.409562331090945266e-10
1.119687500000000000e+02,5.559752445776469468e-10
1.119843750000000000e+02,5.706004985889554291e-10
1.120000000000000000e+02,6.030539429416923577e-10
1.120156250000000000e+02,6.415300543442814105e-10
1.120312500000000000e+02,6.442318614992590399e-10
1.120468750000000000e+02,5.948957691351750792e-10
1.120625000000000000e+02,5.260532923163952619e-10
1.120781250000000000e+02,4.962209138528408121e-10
1.120937500000000000e+02,5.215430087151098607e-10
1.121093750000000000e+02,5.526891482490800372e-10
1.121250000000000000e+02,5.614505066464144344e-10
1.121406250000000000e+02,5.684408073287976867e-10
1.121562500000000000e+02,5.888561847182798973e-10
1.121718750000000000e+02,6.062667741272569578e-10
1.121875000000000000e+02,6.042301198942076404e-10
1.122031250000000000e+02,5.836990105976288888e-10
1.122187500000000000e+02,5.541698701374423662e-10
1.122343750000000000e+02,5.324460539775179715e-10
1.122500000000000000e+02,5.295094934232154835e-10
1.122656250000000000e+02,5.380962264761415112e-10
1.122812500000000000e+02,5.535819781853490554e-10
1.122968750000000000e+02,5.635340425286380094e-10
1.123125000000000000e+02,5.412355711937650349e-10
1.123281250000000000e+02,5.064954483719282867e-10
1.123437500000000000e+02,5.197281880473427896e-10
1.123593750000000000e+02,5.745895862033435708e-10
1.123750000000000000e+02,6.112873491425147452e-10
1.123906250000000000e+02,6.095727997767930235e-10
1.124062500000000000e+02,5.907155672409074451e-10
1.124218750000000000e+02,5.677167169101566213e-10
1.124375000000000000e+02,5.438749300291910430e-10
1.124531250000000000e+02,5.332399822852993636e-10
1.124687500000000000e+02,5.427736609002379763e-10
1.124843750000000000e+02,5.681548064461852479e-10
1.125000000000000000e+02,5.887507975453020399e-10
1.125156250000000000e+02,5.745140135694980562e-10
1.125312500000000000e+02,5.318789153877948372e-10
1.125468750000000000e+02,5.139178974756951707e-10
1.125625000000000000e+02,5.514934505486499669e-10
1.125781250000000000e+02,6.147351313619983813e-10
1.125937500000000000e+02,6.656882881215873278e-10
1.126093750000000000e+02,6.766325752670135534e-10
1.126250000000000000e+02,6.368753143312879532e-10
1.126406250000000000e+02,5.767896541573381277e-10
1.126562500000000000e+02,5.428944660115674537e-10
1.126718750000000000e+02,5.355398331096069050e-10
1.126875000000000000e+02,5.285115819820848847e-10
1.127031250000000000e+02,5.145531489541103702e-10
1.127187500000000000e+02,5.055258194542942695e-10
1.127343750000000000e+02,5.252791811969835309e-10
1.127500000000000000e+02,5.660537787032414750e-10
1.127656250000000000e+02,5.780567188210900275e-10
1.127812500000000000e+02,5.431968284870956434e-10
1.127968750000000000e+02,5.092659043083299742e-10
1.128125000000000000e+02,5.171109998907757573e-10
1.128281250000000000e+02,5.367753942554444339e-10
1.128437500000000000e+02,5.343907745231996441e-10
1.128593750000000000e+02,5.207921691919546255e-10
1.128750000000000000e+02,5.248381146929711307e-10
1.128906250000000000e+02,5.552018651771659993e-10
1.129062500000000000e+02,5.989009315656792708e-10
1.129218750000000000e+02,6.287848461557562399e-10
1.129375000000000000e+02,6.290198022435662184e-10
1.129531250000000000e+02,6.133249566533831412e-10
1.129687500000000000e+02,5.941397465315328441e-10
1.129843750000000000e+02,5.674522485325180385e-10
1.130000000000000000e+02,5.512780734461533059e-10
1.130156250000000000e+02,5.639232728136220153e-10
1.130312500000000000e+02,5.701986287531953707e-10
1.130468750000000000e+02,5.536524683302390370e-10
1.130625000000000000e+02,5.515674039412033450e-10
1.130781250000000000e+02,5.728614796936498355e-10
1.130937500000000000e+02,5.847040311756390479e-10
1.131093750000000000e+02,5.753522533500402016e-10
1.131250000000000000e+02,5.614785658188188778e-10
1.131406250000000000e+02,5.634761792174768467e-10
1.131562500000000000e+02,5.811827344742466250e-10
1.131718750000000000e+02,5.827568646864783390e-10
1.131875000000000000e+02,5.490519420968426128e-10
1.132031250000000000e+02,5.130895201801297096e-10
1.132187500000000000e+02,5.223345241343586835e-10
1.132343750000000000e+02,5.692561313895152435e-10
1.132500000000000000e+02,6.105229997389023028e-10
1.132656250000000000e+02,6.163558284260272514e-10
1.132812500000000000e+02,5.806872204317685417e-10
1.132968750000000000e+02,5.342551433413744075e-10
1.133125000000000000e+02,5.138621118792833303e-10
1.133281250000000000e+02,5.134875963949146721e-10
1.133437500000000000e+02,5.202680457603885499e-10
1.133593750000000000e+02,5.364670872508142304e-10
1.133750000000000000e+02,5.459944139918001279e-10
1.133906250000000000e+02,5.318185468746645078e-10
1.134062500000000000e+02,5.164295094725696166e-10
1.134218750000000000e+02,5.318348763529412791e-10
1.134375000000000000e+02,5.644221368888856429e-10
1.134531250000000000e+02,5.793011919844972609e-10
1.134687500000000000e+02,5.800528405825454757e-10
1.134843750000000000e+02,5.911576977045604046e-10
1.135000000000000000e+02,6.027978988502931667e-10
1.135156250000000000e+02,5.923514050744018767e-10
1.135312500000000000e+02,5.634031045654615677e-10
1.135468750000000000e+02,5.445962504305431714e-10
1.135625000000000000e+02,5.498931932597975025e-10
1.135781250000000000e+02,5.575365058191260059e-10
1.135937500000000000e+02,5.626750078132119447e-10
1.136093750000000000e+02,5.790079368025805681e-10
1.136250000000000000e+02,5.909399085086926593e-10
1.136406250000000000e+02,5.736018577291509675e-10
1.136562500000000000e+02,5.383602416499089503e-10
1.136718750000000000e+02,5.192331554118866943e-10
1.136875000000000000e+02,5.268865598503385290e-10
1.137031250000000000e+02,5.463993884508761739e-10
1.137187500000000000e+02,5.534787018393460395e-10
1.137343750000000000e+02,5.349513166452735747e-10
1.137500000000000000e+02,5.077500501565879211e-10
1.137656250000000000e+02,4.962274205056069491e-10
1.137812500000000000e+02,5.140681424230857600e-10
1.137968750000000000e+02,5.421162155450628876e-10
1.138125000000000000e+02,5.371415855381381639e-10
1.138281250000000000e+02,5.052992684791832150e-10
1.138437500000000000e+02,4.871180870074324322e-10
1.138593750000000000e+02,4.784465530189457514e-10
1.138750000000000000e+02,4.677034072073595037e-10
1.138906250000000000e+02,4.711987091937956834e-10
1.139062500000000000e+02,4.916722383486617783e-10
1.139218750000000000e+02,5.210862977400050126e-10
1.139375000000000000e+02,5.493566484413845384e-10
1.139531250000000000e+02,5.679426206737715855e-10
1.139687500000000000e+02,5.812131815363781819e-10
1.139843750000000000e+02,5.811766099330759681e-10
1.140000000000000000e+02,5.538554959126006379e-10
1.140156250000000000e+02,5.231055419077342474e-10
1.140312500000000000e+02,5.155674296607524859e-10
1.140468750000000000e+02,5.108937702329121640e-10
1.140625000000000000e+02,5.002598517127766590e-10
1.140781250000000000e+02,5.087727929881378629e-10
1.140937500000000000e+02,5.376342536287517468e-10
1.141093750000000000e+02,5.650453430074696313e-10
1.141250000000000000e+02,5.753381435336482516e-10
1.141406250000000000e+02,5.544602615063396186e-10
1.141562500000000000e+02,5.170275728101778548e-10
1.141718750000000000e+02,5.134952411687845205e-10
1.141875000000000000e+02,5.414072029100725060e-10
1.142031250000000000e+02,5.599848954929902906e-10
1.142187500000000000e+02,5.681215812044543871e-10
1.142343750000000000e+02,5.684883823612668700e-10
1.142500000000000000e+02,5.525250854124842401e-10
1.142656250000000000e+02,5.354208067615042403e-10
1.142812500000000000e+02,5.331312945375867826e-10
1.142968750000000000e+02,5.358200220507644788e-10
1.143125000000000000e+02,5.330775693323863683e-10
1.143281250000000000e+02,5.275825844680948340e-10
1.143437500000000000e+02,5.202165847150468005e-10
1.143593750000000000e+02,5.004449211724609764e-10
1.143750000000000000e+02,4.721512436266878967e-10
1.143906250000000000e+02,4.554572034318101138e-10
1.144062500000000000e+02,4.627053001715658914e-10
1.144218750000000000e+02,4.934416336183411440e-10
1.144375000000000000e+02,5.358754504568508303e-10
1.144531250000000000e+02,5.780413503666251807e-10
1.144687500000000000e+02,6.043750655194230758e-10
1.144843750000000000e+02,5.990955468424223252e-10
1.145000000000000000e+02,5.658594421747913534e-10
1.145156250000000000e+02,5.225855848608578094e-10
1.145312500000000000e+02,4.838392960981634496e-10
1.145468750000000000e+02,4.744384928598390996e-10
1.145625000000000000e+02,5.078915968804476389e-10
1.145781250000000000e+02,5.461444331393843345e-10
1.145937500000000000e+02,5.477307133430142447e-10
1.146093750000000000e+02,5.165365300242225440e-10
1.146250000000000000e+02,4.993546093720354967e-10
1.146406250000000000e+02,5.271821323572645784e-10
1.146562500000000000e+02,5.690666802761890686e-10
1.146718750000000000e+02,5.814179899453496085e-10
1.146875000000000000e+02,5.475870214663711231e-10
1.147031250000000000e+02,4.889768172270483268e-10
1.147187500000000000e+02,4.480847090711986048e-10
1.147343750000000000e+02,4.374641232622705794e-10
1.147500000000000000e+02,4.469171808155724189e-10
1.147656250000000000e+02,4.771039697922265409e-10
1.147812500000000000e+02,5.127008445284564255e-10
1.147968750000000000e+02,5.336973748700717616e-10
1.148125000000000000e+02,5.501733172020476991e-10
1.148281250000000000e+02,5.733675183897981960e-10
1.148437500000000000e+02,5.902312584509141199e-10
1.148593750000000000e+02,5.858640787873770647e-10
1.148750000000000000e+02,5.627727407832562014e-10
1.148906250000000000e+02,5.229536265661216878e-10
1.149062500000000000e+02,4.772239223179577940e-10
1.149218750000000000e+02,4.686504939015216853e-10
1.149375000000000000e+02,5.021009873045685068e-10
1.149531250000000000e+02,5.460109516428527154e-10
1.149687500000000000e+02,5.925178946477500663e-10
1.149843750000000000e+02,6.246310520896935257e-10
1.150000000000000000e+02,6.208576363348599997e-10
1.150156250000000000e+02,5.893152791696782235e-10
1.150312500000000000e+02,5.651813450728077149e-10
1.150468750000000000e+02,5.671243879986078827e-10
1.150625000000000000e+02,5.622681653179184492e-10
1.150781250000000000e+02,5.201910486975136148e-10
1.150937500000000000e+02,4.691483533729475131e-10
1.151093750000000000e+02,4.594573809425519860e-10
1.151250000000000000e+02,4.812398026679318132e-10
1.151406250000000000e+02,5.024744739186316475e-10
1.151562500000000000e+02,5.257167656305865432e-10
1.151718750000000000e+02,5.518396963146985472e-10
1.151875000000000000e+02,5.671356397847049288e-10
1.152031250000000000e+02,5.716148334932303209e-10
1.152187500000000000e+02,5.744542338475058604e-10
1.152343750000000000e+02,5.758657349291113689e-10
1.152500000000000000e+02,5.700415724816192744e-10
1.152656250000000000e+02,5.578286884114334261e-10
1.152812500000000000e+02,5.479228821008203946e-10
1.152968750000000000e+02,5.420381675827582589e-10
1.153125000000000000e+02,5.340633561834365167e-10
1.153281250000000000e+02,5.283297920191609755e-10
1.153437500000000000e+02,5.240541552830845381e-10
1.153593750000000000e+02,5.145388141842795181e-10
1.153750000000000000e+02,5.082505981607896153e-10
1.153906250000000000e+02,5.132975677285639058e-10
1.154062500000000000e+02,5.268728908064146696e-10
1.154218750000000000e+02,5.415171545048997818e-10
1.154375000000000000e+02,5.590675612380581817e-10
1.154531250000000000e+02,5.855773503530175671e-10
1.154687500000000000e+02,6.126059099971206836e-10
1.154843750000000000e+02,6.196860968401227609e-10
1.155000000000000000e+02,5.890385795657384988e-10
1.155156250000000000e+02,5.376625689860672907e-10
1.155312500000000000e+02,5.309855033869701754e-10
1.155468750000000000e+02,5.821142598339007084e-10
1.155625000000000000e+02,6.163953497400150943e-10
1.155781250000000000e+02,5.995042361647302663e-10
1.155937500000000000e+02,5.561245367992495368e-10
1.156093750000000000e+02,5.098082332431268153e-10
1.156250000000000000e+02,4.768343157515994520e-10
1.156406250000000000e+02,4.732507337326849184e-10
1.156562500000000000e+02,4.879405392360507267e-10
1.156718750000000000e+02,5.067514272589359252e-10
1.156875000000000000e+02,5.267439932651433422e-10
1.157031250000000000e+02,5.444097601529323061e-10
1.157187500000000000e+02,5.656811883438938184e-10
1.157343750000000000e+02,5.969703393360853211e-10
1.157500000000000000e+02,6.249181476618216718e-10
1.157656250000000000e+02,6.280403729314561557e-10
1.157812500000000000e+02,6.059463051849618678e-10
1.157968750000000000e+02,5.783216534979871990e-10
1.158125000000000000e+02,5.575028069495450447e-10
1.158281250000000000e+02,5.409657728839962458e-10
1.158437500000000000e+02,5.258776792776267408e-10
1.158593750000000000e+02,5.152555633139457942e-10
1.158750000000000000e+02,5.181463777695090483e-10
1.158906250000000000e+02,5.404820665442448487e-10
1.159062500000000000e+02,5.659056727670630868e-10
1.159218750000000000e+02,5.734596324259483819e-10
1.159375000000000000e+02,5.583472646018349134e-10
1.159531250000000000e+02,5.258585031470172424e-10
1.159687500000000000e+02,4.950046932391364527e-10
1.159843750000000000e+02,4.826304174967891597e-10
1.160000000000000000e+02,4.821180206460752650e-10
1.160156250000000000e+02,4.891411681990228405e-10
1.160312500000000000e+02,5.044868065675186522e-10
1.160468750000000000e+02,5.140843393699704885e-10
1.160625000000000000e+02,5.071344190647518883e-10
1.160781250000000000e+02,4.953835688719029508e-10
1.160937500000000000e+02,4.985152245206816937e-10
1.161093750000000000e+02,5.237318480642218805e-10
1.161250000000000000e+02,5.647257083715469923e-10
1.161406250000000000e+02,5.998258757272059238e-10
1.161562500000000000e+02,5.992713057180994386e-10
1.161718750000000000e+02,5.562055047442650364e-10
1.161875000000000000e+02,4.975273188802925381e-10
1.162031250000000000e+02,4.626459801802717417e-10
1.162187500000000000e+02,4.755462797688652123e-10
1.162343750000000000e+02,5.175567991877510655e-10
1.162500000000000000e+02,5.484400851556155102e-10
1.162656250000000000e+02,5.602135835303500847e-10
1.162812500000000000e+02,5.723217174884221536e-10
1.162968750000000000e+02,5.920980767821776480e-10
1.163125000000000000e+02,6.125377345192235801e-10
1.163281250000000000e+02,6.281933376326038846e-10
1.163437500000000000e+02,6.291442183408142872e-10
1.163593750000000000e+02,6.160206111775305174e-10
1.163750000000000000e+02,6.135575137662805816e-10
1.163906250000000000e+02,6.291084026113216354e-10
1.164062500000000000e+02,6.314311545112220121e-10
1.164218750000000000e+02,6.000384418103345121e-10
1.164375000000000000e+02,5.571957390654991609e-10
1.164531250000000000e+02,5.291937372959157885e-10
1.164687500000000000e+02,5.194874720975661814e-10
1.164843750000000000e+02,5.233472006087142449e-10
1.165000000000000000e+02,5.181299527413292136e-10
1.165156250000000000e+02,4.885433305150782299e-10
1.165312500000000000e+02,4.609647615565226497e-10
1.165468750000000000e+02,4.673594745885627056e-10
1.165625000000000000e+02,4.906079704572805166e-10
1.165781250000000000e+02,4.994570141702032113e-10
1.165937500000000000e+02,4.966740861765009515e-10
1.166093750000000000e+02,4.960743925137265437e-10
1.166250000000000000e+02,4.908926768181041836e-10
1.166406250000000000e+02,4.747729371796416455e-10
1.166562500000000000e+02,4.550195728694691692e-10
1.166718750000000000e+02,4.418559980587378787e-10
1.166875000000000000e+02,4.504708686794658587e-10
1.167031250000000000e+02,4.708043051143408812e-10
1.167187500000000000e+02,4.651705651385680468e-10
1.167343750000000000e+02,4.309520876154744541e-10
1.167500000000000000e+02,4.062899065110219307e-10
1.167656250000000000e+02,4.033280667990310873e-10
1.167812500000000000e+02,4.069163104438288028e-10
1.167968750000000000e+02,4.193473814652597928e-10
1.168125000000000000e+02,4.466810364103211909e-10
1.168281250000000000e+02,4.865292880431970534e-10
1.168437500000000000e+02,5.161435593293989655e-10
1.168593750000000000e+02,5.130408500753109490e-10
1.168750000000000000e+02,4.965581693541441042e-10
1.168906250000000000e+02,5.034792480752329894e-10
1.169062500000000000e+02,5.329705929020118184e-10
1.169218750000000000e+02,5.646450337733396642e-10
1.169375000000000000e+02,5.836000556773220255e-10
1.169531250000000000e+02,5.847924462723424773e-10
1.169687500000000000e+02,5.724499821227880608e-10
1.169843750000000000e+02,5.495475380410696649e-10
1.170000000000000000e+02,5.269707489621650462e-10
1.170156250000000000e+02,5.172907644172812181e-10
1.170312500000000000e+02,5.211774345348302289e-10
1.170468750000000000e+02,5.316813217119526984e-10
1.170625000000000000e+02,5.432766635293184086e-10
1.170781250000000000e+02,5.575688565494540810e-10
1.170937500000000000e+02,5.690028271361987612e-10
1.171093750000000000e+02,5.625993200118724938e-10
1.171250000000000000e+02,5.405701296701946998e-10
1.171406250000000000e+02,5.216981426697539174e-10
1.171562500000000000e+02,5.114147374163590694e-10
1.171718750000000000e+02,5.063780702211558852e-10
1.171875000000000000e+02,5.032420528379941709e-10
1.172031250000000000e+02,4.985234525862213526e-10
1.172187500000000000e+02,4.967901889300929730e-10
1.172343750000000000e+02,4.977209213616656167e-10
1.172500000000000000e+02,5.068523272323555176e-10
1.172656250000000000e+02,5.302242944603239585e-10
1.172812500000000000e+02,5.438210264526469315e-10
1.172968750000000000e+02,5.328505874148712827e-10
1.173125000000000000e+02,5.157532026370079409e-10
1.173281250000000000e+02,5.067364961271447877e-10
1.173437500000000000e+02,5.068381582620565705e-10
1.173593750000000000e+02,5.142431524607777904e-10
1.173750000000000000e+02,5.134320722587955119e-10
1.173906250000000000e+02,4.924804171962066372e-10
1.174062500000000000e+02,4.702323690111925859e-10
1.174218750000000000e+02,4.598429581163436254e-10
1.174375000000000000e+02,4.428259190748480973e-10
1.174531250000000000e+02,4.228864032915290512e-10
1.174687500000000000e+02,4.311468981868954734e-10
1.174843750000000000e+02,4.565276248608731242e-10
1.175000000000000000e+02,4.716784619370985212e-10
1.175156250000000000e+02,4.836493783779349134e-10
1.175312500000000000e+02,5.011607917839921708e-10
1.175468750000000000e+02,5.218166323895373756e-10
1.175625000000000000e+02,5.532695936086837072e-10
1.175781250000000000e+02,5.883714966987274159e-10
1.175937500000000000e+02,5.907775506946672562e-10
1.176093750000000000e+02,5.398094591192044287e-10
1.176250000000000000e+02,4.650588069144705948e-10
1.176406250000000000e+02,4.324356196588529697e-10
1.176562500000000000e+02,4.652799342905890101e-10
1.176718750000000000e+02,5.079679012513347464e-10
1.176875000000000000e+02,5.118850248026843818e-10
1.177031250000000000e+02,4.864852546003682625e-10
1.177187500000000000e+02,4.770734417898716159e-10
1.177343750000000000e+02,4.899176463176240149e-10
1.177500000000000000e+02,4.937838603155409227e-10
1.177656250000000000e+02,4.907356808233196345e-10
1.177812500000000000e+02,5.011035726099829660e-10
1.177968750000000000e+02,5.253441256684067466e-10
1.178125000000000000e+02,5.537956999534351752e-10
1.178281250000000000e+02,5.607117661656491927e-10
1.178437500000000000e+02,5.219432666018405558e-10
1.178593750000000000e+02,4.584712937064713973e-10
1.178750000000000000e+02,4.264901210228157650e-10
1.178906250000000000e+02,4.482299305598807239e-10
1.179062500000000000e+02,4.844618148472629813e-10
1.179218750000000000e+02,5.101877079776341927e-10
1.179375000000000000e+02,5.407177414519856291e-10
1.179531250000000000e+02,5.745635791456499710e-10
1.179687500000000000e+02,5.839640580519080865e-10
1.179843750000000000e+02,5.624165512715519059e-10
1.180000000000000000e+02,5.324987793329562967e-10
1.180156250000000000e+02,5.092071253989893856e-10
1.180312500000000000e+02,4.861151461000883371e-10
1.180468750000000000e+02,4.655593308040590084e-10
1.180625000000000000e+02,4.585434197374778802e-10
1.180781250000000000e+02,4.591076086975868404e-10
1.180937500000000000e+02,4.652875941598106711e-10
1.181093750000000000e+02,4.839931089950327340e-10
1.181250000000000000e+02,5.163359877920861189e-10
1.181406250000000000e+02,5.526522441989626596e-10
1.181562500000000000e+02,5.664279331998785708e-10
1.181718750000000000e+02,5.424711680872226195e-10
1.181875000000000000e+02,4.962511722481594022e-10
1.182031250000000000e+02,4.620951108853340143e-10
1.182187500000000000e+02,4.646681831948640043e-10
1.182343750000000000e+02,4.911303075693283993e-10
1.182500000000000000e+02,5.129730890610676490e-10
1.182656250000000000e+02,5.223736715423359871e-10
1.182812500000000000e+02,5.185052041865667601e-10
1.182968750000000000e+02,5.008111848289047790e-10
1.183125000000000000e+02,4.897582231441799966e-10
1.183281250000000000e+02,4.902415277808903586e-10
1.183437500000000000e+02,4.822111250492599283e-10
1.183593750000000000e+02,4.731662972176477184e-10
1.183750000000000000e+02,4.861452236037962081e-10
1.183906250000000000e+02,5.180454970698939334e-10
1.184062500000000000e+02,5.420250991690075614e-10
1.184218750000000000e+02,5.354436636089312465e-10
1.184375000000000000e+02,4.980727950927620597e-10
1.184531250000000000e+02,4.518956141408375543e-10
1.184687500000000000e+02,4.249595282048940700e-10
1.184843750000000000e+02,4.290740216322609933e-10
1.185000000000000000e+02,4.529425173359492348e-10
1.185156250000000000e+02,4.741808660343049185e-10
1.185312500000000000e+02,4.822422861510098550e-10
1.185468750000000000e+02,4.908148138454947425e-10
1.185625000000000000e+02,5.056198718544133025e-10
1.185781250000000000e+02,5.093323375160030069e-10
1.185937500000000000e+02,4.927351770708757274e-10
1.186093750000000000e+02,4.641903383164136996e-10
1.186250000000000000e+02,4.399336054665165077e-10
1.186406250000000000e+02,4.338050933681441280e-10
1.186562500000000000e+02,4.523987710331232112e-10
1.186718750000000000e+02,4.934765633675470018e-10
1.186875000000000000e+02,5.288286405100400450e-10
1.187031250000000000e+02,5.255028904965110743e-10
1.187187500000000000e+02,4.927787142833046529e-10
1.187343750000000000e+02,4.746465581796710743e-10
1.187500000000000000e+02,4.873457026538634650e-10
1.187656250000000000e+02,5.093434720217657682e-10
1.187812500000000000e+02,5.278015956215490430e-10
1.187968750000000000e+02,5.428075992071512812e-10
1.188125000000000000e+02,5.463496335579212455e-10
1.188281250000000000e+02,5.333190677095054180e-10
1.188437500000000000e+02,5.143408833803036573e-10
1.188593750000000000e+02,4.987440905262825984e-10
1.188750000000000000e+02,4.966679965067863764e-10
1.188906250000000000e+02,5.210541579469874511e-10
1.189062500000000000e+02,5.581583862263532703e-10
1.189218750000000000e+02,5.779171072061183353e-10
1.189375000000000000e+02,5.690647764911869965e-10
1.189531250000000000e+02,5.488739224734445423e-10
1.189687500000000000e+02,5.465713248060206808e-10
1.189843750000000000e+02,5.675498194868435082e-10
1.190000000000000000e+02,5.801600204906775181e-10
1.190156250000000000e+02,5.542688821574606054e-10
1.190312500000000000e+02,5.025397781016569478e-10
1.190468750000000000e+02,4.668431056363272876e-10
1.190625000000000000e+02,4.671512356850280791e-10
1.190781250000000000e+02,4.935969252654855651e-10
1.190937500000000000e+02,5.207066777983278471e-10
1.191093750000000000e+02,5.187719827324299452e-10
1.191250000000000000e+02,4.857977077485094483e-10
1.191406250000000000e+02,4.539368914367041950e-10
1.191562500000000000e+02,4.451205111580399397e-10
1.191718750000000000e+02,4.391781061983275196e-10
1.191875000000000000e+02,4.256096259676862620e-10
1.192031250000000000e+02,4.336726275882736985e-10
1.192187500000000000e+02,4.715452662302604418e-10
1.192343750000000000e+02,5.137191157296006463e-10
1.192500000000000000e+02,5.408045881108846161e-10
1.192656250000000000e+02,5.375698456188729264e-10
1.192812500000000000e+02,5.045723295336405174e-10
1.192968750000000000e+02,4.668664939753355595e-10
1.193125000000000000e+02,4.441388817786246429e-10
1.193281250000000000e+02,4.373381117329715268e-10
1.193437500000000000e+02,4.466591875495238055e-10
1.193593750000000000e+02,4.645985376114512422e-10
1.193750000000000000e+02,4.738051241752472015e-10
1.193906250000000000e+02,4.621916598221247201e-10
1.194062500000000000e+02,4.447878475343203935e-10
1.194218750000000000e+02,4.595582105491912662e-10
1.194375000000000000e+02,5.036708016795221212e-10
1.194531250000000000e+02,5.367189434648728672e-10
1.194687500000000000e+02,5.426404439127169074e-10
1.194843750000000000e+02,5.329995801664195476e-10
1.195000000000000000e+02,5.125840125329069396e-10
1.195156250000000000e+02,4.797328227413430411e-10
1.195312500000000000e+02,4.518048452165191832e-10
1.195468750000000000e+02,4.456443216477132629e-10
1.195625000000000000e+02,4.609465806873510665e-10
1.195781250000000000e+02,4.817798408899439503e-10
1.195937500000000000e+02,4.836553185365795639e-10
1.196093750000000000e+02,4.640982376825004828e-10
1.196250000000000000e+02,4.545677773746797980e-10
1.196406250000000000e+02,4.848558461608522619e-10
1.196562500000000000e+02,5.292993937220635623e-10
1.196718750000000000e+02,5.492109130742805732e-10
1.196875000000000000e+02,5.506309712203604120e-10
1.197031250000000000e+02,5.441435349873929139e-10
1.197187500000000000e+02,5.088729358280659712e-10
1.197343750000000000e+02,4.466046615967116117e-10
1.197500000000000000e+02,4.118373563029205149e-10
1.197656250000000000e+02,4.276822880401755865e-10
1.197812500000000000e+02,4.490860541346214802e-10
1.197968750000000000e+02,4.466857267078306630e-10
1.198125000000000000e+02,4.253856227583179140e-10
1.198281250000000000e+02,4.191567679296322868e-10
1.198437500000000000e+02,4.553447786990987840e-10
1.198593750000000000e+02,5.043344687392682956e-10
1.198750000000000000e+02,5.299884776764425232e-10
1.198906250000000000e+02,5.264623788145973600e-10
1.199062500000000000e+02,5.042133475976987479e-10
1.199218750000000000e+02,4.857711487490354483e-10
1.199375000000000000e+02,4.777497698288891481e-10
1.199531250000000000e+02,4.613273270982461668e-10
1.199687500000000000e+02,4.470886199116560336e-10
1.199843750000000000e+02,4.591788798279047997e-10
1.200000000000000000e+02,4.708552647630646246e-10
1.200156250000000000e+02,4.586479888542410662e-10
1.200312500000000000e+02,4.522761609572041194e-10
1.200468750000000000e+02,4.672376143128759092e-10
1.200625000000000000e+02,4.801588670516044102e-10
1.200781250000000000e+02,4.898977331772464904e-10
1.200937500000000000e+02,5.052589516293565342e-10
1.201093750000000000e+02,5.157864379554767018e-10
1.201250000000000000e+02,5.146360439420413256e-10
1.201406250000000000e+02,5.121095332060035524e-10
1.201562500000000000e+02,5.130277554807923860e-10
1.201718750000000000e+02,5.005567554437829113e-10
1.201875000000000000e+02,4.644729256182112685e-10
1.202031250000000000e+02,4.268728845723181806e-10
1.202187500000000000e+02,4.191856197905882230e-10
1.202343750000000000e+02,4.288232159751790698e-10
1.202500000000000000e+02,4.280044402650388523e-10
1.202656250000000000e+02,4.282917065153014338e-10
1.202812500000000000e+02,4.465662927801466518e-10
1.202968750000000000e+02,4.640582924831413785e-10
1.203125000000000000e+02,4.651439416788301409e-10
1.203281250000000000e+02,4.677813430402258116e-10
1.203437500000000000e+02,4.892999325218788394e-10
1.203593750000000000e+02,5.230610922186692644e-10
1.203750000000000000e+02,5.641715654756626315e-10
1.203906250000000000e+02,6.007451758981520175e-10
1.204062500000000000e+02,6.058905194353592800e-10
1.204218750000000000e+02,5.704930954204976737e-10
1.204375000000000000e+02,5.140919557454725934e-10
1.204531250000000000e+02,4.626315541129249281e-10
1.204687500000000000e+02,4.314557757820984156e-10
1.204843750000000000e+02,4.219549068445327445e-10
1.205000000000000000e+02,4.298218856871978111e-10
1.205156250000000000e+02,4.465661911585946867e-10
1.205312500000000000e+02,4.616861889848193499e-10
1.205468750000000000e+02,4.774636760986614513e-10
1.205625000000000000e+02,4.905541374261899525e-10
1.205781250000000000e+02,4.889961863142959333e-10
1.205937500000000000e+02,4.704606642725761407e-10
1.206093750000000000e+02,4.388753291337881656e-10
1.206250000000000000e+02,4.113930816834227504e-10
1.206406250000000000e+02,4.099849683093767557e-10
1.206562500000000000e+02,4.318061688361292504e-10
1.206718750000000000e+02,4.605669523089172597e-10
1.206875000000000000e+02,4.849932936890822969e-10
1.207031250000000000e+02,4.947029532736636069e-10
1.207187500000000000e+02,4.915653904952578771e-10
1.207343750000000000e+02,4.906047379879329592e-10
1.207500000000000000e+02,4.890670324008873356e-10
1.207656250000000000e+02,4.805421682171933692e-10
1.207812500000000000e+02,4.803841433361852457e-10
1.207968750000000000e+02,4.879267264397417496e-10
1.208125000000000000e+02,4.796061851108213417e-10
1.208281250000000000e+02,4.560759900685629997e-10
1.208437500000000000e+02,4.450133340982447797e-10
1.208593750000000000e+02,4.521015638906690758e-10
1.208750000000000000e+02,4.612156425928973585e-10
1.208906250000000000e+02,4.657948640153602445e-10
1.209062500000000000e+02,4.599504515609303349e-10
1.209218750000000000e+02,4.394445304726888465e-10
1.209375000000000000e+02,4.207167568076771772e-10
1.209531250000000000e+02,4.300559896289225745e-10
1.209687500000000000e+02,4.614370326414710210e-10
1.209843750000000000e+02,4.838941694861833586e-10
1.210000000000000000e+02,4.856414682219556518e-10
1.210156250000000000e+02,4.750788509469575262e-10
1.210312500000000000e+02,4.654429377192878584e-10
1.210468750000000000e+02,4.583322935742300812e-10
1.210625000000000000e+02,4.399543842522549453e-10
1.210781250000000000e+02,4.275646572117190634e-10
1.210937500000000000e+02,4.670767098937637771e-10
1.211093750000000000e+02,5.386987606218960655e-10
1.211250000000000000e+02,5.829509103055620265e-10
1.211406250000000000e+02,5.811158360839529958e-10
1.211562500000000000e+02,5.482271714098061927e-10
1.211718750000000000e+02,5.060414419744665211e-10
1.211875000000000000e+02,4.826804053710030953e-10
1.212031250000000000e+02,4.914359281480485661e-10
1.212187500000000000e+02,5.059384459380019416e-10
1.212343750000000000e+02,4.982826048863009053e-10
1.212500000000000000e+02,4.753502914579238899e-10
1.212656250000000000e+02,4.637676873191765388e-10
1.212812500000000000e+02,4.646343622653216453e-10
1.212968750000000000e+02,4.589650880135411284e-10
1.213125000000000000e+02,4.475460062581189732e-10
1.213281250000000000e+02,4.471487200834593050e-10
1.213437500000000000e+02,4.643489303515182019e-10
1.213593750000000000e+02,4.787913793793733176e-10
1.213750000000000000e+02,4.658311858489508054e-10
1.213906250000000000e+02,4.296554673256781128e-10
1.214062500000000000e+02,4.057523395551806284e-10
1.214218750000000000e+02,4.189796588414964013e-10
1.214375000000000000e+02,4.419174318973362116e-10
1.214531250000000000e+02,4.373669745148777796e-10
1.214687500000000000e+02,4.087437235370716593e-10
1.214843750000000000e+02,3.938452295085621640e-10
1.215000000000000000e+02,4.155513454888470142e-10
1.215156250000000000e+02,4.544178718490267999e-10
1.215312500000000000e+02,4.845301063700887512e-10
1.215468750000000000e+02,4.832800222762286780e-10
1.215625000000000000e+02,4.471431899525708204e-10
1.215781250000000000e+02,4.226073460250871548e-10
1.215937500000000000e+02,4.408836470132997965e-10
1.216093750000000000e+02,4.620214776524472036e-10
1.216250000000000000e+02,4.590241774195608016e-10
1.216406250000000000e+02,4.452994491929559965e-10
1.216562500000000000e+02,4.286741850573522158e-10
1.216718750000000000e+02,4.085818515122238541e-10
1.216875000000000000e+02,4.076181324917968384e-10
1.217031250000000000e+02,4.330074538607929247e-10
1.217187500000000000e+02,4.586314329877831535e-10
1.217343750000000000e+02,4.683948824903294914e-10
1.217500000000000000e+02,4.612239203990678314e-10
1.217656250000000000e+02,4.419104935833348208e-10
1.217812500000000000e+02,4.317703704123149934e-10
1.217968750000000000e+02,4.609043004784644340e-10
1.218125000000000000e+02,5.157161491400864720e-10
1.218281250000000000e+02,5.472617633869758174e-10
1.218437500000000000e+02,5.351904399530491098e-10
1.218593750000000000e+02,4.963709086766460921e-10
1.218750000000000000e+02,4.560979801901856290e-10
1.218906250000000000e+02,4.420585312557121152e-10
1.219062500000000000e+02,4.580465285477607561e-10
1.219218750000000000e+02,4.655163749707232282e-10
1.219375000000000000e+02,4.483148167074860937e-10
1.219531250000000000e+02,4.367387325425912946e-10
1.219687500000000000e+02,4.531182412887677121e-10
1.219843750000000000e+02,4.828674438106420792e-10
1.220000000000000000e+02,5.071061594436840998e-10
1.220156250000000000e+02,5.206798268076576978e-10
1.220312500000000000e+02,5.264826150059358397e-10
1.220468750000000000e+02,5.260040207099258609e-10
1.220625000000000000e+02,5.221466563984898494e-10
1.220781250000000000e+02,5.276750876160770840e-10
1.220937500000000000e+02,5.395000134639140352e-10
1.221093750000000000e+02,5.285319270794052194e-10
1.221250000000000000e+02,4.826990559061627400e-10
1.221406250000000000e+02,4.224893293368574397e-10
1.221562500000000000e+02,3.747085276731097712e-10
1.221718750000000000e+02,3.561173838915430726e-10
1.221875000000000000e+02,3.701223612251761111e-10
1.222031250000000000e+02,3.952328879152212265e-10
1.222187500000000000e+02,4.022474240387842691e-10
1.222343750000000000e+02,3.917125797844725081e-10
1.222500000000000000e+02,3.903257953377957147e-10
1.222656250000000000e+02,4.119074606633075349e-10
1.222812500000000000e+02,4.477145324826135684e-10
1.222968750000000000e+02,4.821378155296185566e-10
1.223125000000000000e+02,5.051903074752997299e-10
1.223281250000000000e+02,5.111107997953610510e-10
1.223437500000000000e+02,4.945112403778432037e-10
1.223593750000000000e+02,4.648782149480899819e-10
1.223750000000000000e+02,4.407041608993754999e-10
1.223906250000000000e+02,4.263871898452485246e-10
1.224062500000000000e+02,4.159628630055645303e-10
1.224218750000000000e+02,3.951410808665759115e-10
1.224375000000000000e+02,3.627823066513830575e-10
1.224531250000000000e+02,3.632154121349679860e-10
1.224687500000000000e+02,4.242457536238314223e-10
1.224843750000000000e+02,5.057056344444825595e-10
1.225000000000000000e+02,5.629488314605896835e-10
1.225156250000000000e+02,5.764794427305366913e-10
1.225312500000000000e+02,5.624534797545555042e-10
1.225468750000000000e+02,5.495249089291724431e-10
1.225625000000000000e+02,5.381586519989612711e-10
1.225781250000000000e+02,5.209565737515368931e-10
1.225937500000000000e+02,5.085142565095147308e-10
1.226093750000000000e+02,5.122803574047845873e-10
1.226250000000000000e+02,5.262316198000789566e-10
1.226406250000000000e+02,5.337169204151412947e-10
1.226562500000000000e+02,5.259638090236471103e-10
1.226718750000000000e+02,5.020286876295791537e-10
1.226875000000000000e+02,4.545074533309703298e-10
1.227031250000000000e+02,3.933838680438769422e-10
1.227187500000000000e+02,3.692111547466921047e-10
1.227343750000000000e+02,3.984944205065675049e-10
1.227500000000000000e+02,4.428675674424823704e-10
1.227656250000000000e+02,4.795699514005952557e-10
1.227812500000000000e+02,4.981643905262269502e-10
1.227968750000000000e+02,4.997584410089495382e-10
1.228125000000000000e+02,4.956417255347164194e-10
1.228281250000000000e+02,4.871634983711778523e-10
1.228437500000000000e+02,4.809922774464440597e-10
1.228593750000000000e+02,4.971805153091759720e-10
1.228750000000000000e+02,5.238797739536696560e-10
1.228906250000000000e+02,5.227066821927968091e-10
1.229062500000000000e+02,4.910644996806962329e-10
1.229218750000000000e+02,4.649673617689084459e-10
1.229375000000000000e+02,4.586200935971374294e-10
1.229531250000000000e+02,4.498404734441536760e-10
1.229687500000000000e+02,4.306920303482469509e-10
1.229843750000000000e+02,4.245543860423859581e-10
1.230000000000000000e+02,4.482267009583843252e-10
1.230156250000000000e+02,4.779005932077424287e-10
1.230312500000000000e+02,4.792168321336084427e-10
1.230468750000000000e+02,4.476528602342145068e-10
1.230625000000000000e+02,4.071968886249680014e-10
1.230781250000000000e+02,3.811744816310171947e-10
1.230937500000000000e+02,3.769412874265744237e-10
1.231093750000000000e+02,3.919854923939494362e-10
1.231250000000000000e+02,4.146100143054532419e-10
1.231406250000000000e+02,4.361550172791469695e-10
1.231562500000000000e+02,4.589562771268580994e-10
1.231718750000000000e+02,4.774309029753474172e-10
1.231875000000000000e+02,4.680422577012967232e-10
1.232031250000000000e+02,4.273191298497202361e-10
1.232187500000000000e+02,3.960986630199042578e-10
1.232343750000000000e+02,3.974619376839276809e-10
1.232500000000000000e+02,3.994575265959571773e-10
1.232656250000000000e+02,3.912342892533716675e-10
1.232812500000000000e+02,3.976303532897987901e-10
1.232968750000000000e+02,4.280902727533458705e-10
1.233125000000000000e+02,4.650072848920417455e-10
1.233281250000000000e+02,4.932049696386108133e-10
1.233437500000000000e+02,5.151692283896463066e-10
1.233593750000000000e+02,5.306982469941796110e-10
1.233750000000000000e+02,5.288677187910064980e-10
1.233906250000000000e+02,5.070148134782908699e-10
1.234062500000000000e+02,4.822465319467655542e-10
1.234218750000000000e+02,4.721854401631192456e-10
1.234375000000000000e+02,4.653396102629251352e-10
1.234531250000000000e+02,4.485421087041375335e-10
1.234687500000000000e+02,4.328531508089746056e-10
1.234843750000000000e+02,4.201409833218361901e-10
1.235000000000000000e+02,4.080828521498545920e-10
1.235156250000000000e+02,4.126494747989104854e-10
1.235312500000000000e+02,4.297870669122916774e-10
1.235468750000000000e+02,4.298434767705507960e-10
1.235625000000000000e+02,4.045333068272278458e-10
1.235781250000000000e+02,3.928370909093931867e-10
1.235937500000000000e+02,4.323743714342866739e-10
1.236093750000000000e+02,4.887767741827247174e-10
1.236250000000000000e+02,5.194050464898831025e-10
1.236406250000000000e+02,5.268155706752894286e-10
1.236562500000000000e+02,5.251015644726466329e-10
1.236718750000000000e+02,5.109686638297722772e-10
1.236875000000000000e+02,4.893393151357778062e-10
1.237031250000000000e+02,4.824479322438092048e-10
1.237187500000000000e+02,4.917114106888568086e-10
1.237343750000000000e+02,5.032846179366700792e-10
1.237500000000000000e+02,5.163609916629126479e-10
1.237656250000000000e+02,5.234223315391121937e-10
1.237812500000000000e+02,5.097344750306050998e-10
1.237968750000000000e+02,4.860893288445459754e-10
1.238125000000000000e+02,4.818644387068133936e-10
1.238281250000000000e+02,4.925511153461377844e-10
1.238437500000000000e+02,4.856393715657693294e-10
1.238593750000000000e+02,4.579390233217858039e-10
1.238750000000000000e+02,4.350612382115184048e-10
1.238906250000000000e+02,4.383185125079172905e-10
1.239062500000000000e+02,4.580040705305623873e-10
1.239218750000000000e+02,4.542064418949462808e-10
1.239375000000000000e+02,4.118754970755943903e-10
1.239531250000000000e+02,3.685754085658245945e-10
1.239687500000000000e+02,3.727179127368952606e-10
1.239843750000000000e+02,4.202380863670092663e-10
1.240000000000000000e+02,4.686263595735530133e-10
1.240156250000000000e+02,4.863217032968995121e-10
1.240312500000000000e+02,4.687076926818245725e-10
1.240468750000000000e+02,4.381607497811797561e-10
1.240625000000000000e+02,4.283657524091865194e-10
1.240781250000000000e+02,4.422695701599290242e-10
1.240937500000000000e+02,4.517537613746198215e-10
1.241093750000000000e+02,4.434086008762801827e-10
1.241250000000000000e+02,4.300033613664166448e-10
1.241406250000000000e+02,4.295165174383005752e-10
1.241562500000000000e+02,4.358173223819400939e-10
1.241718750000000000e+02,4.360137076117018494e-10
1.241875000000000000e+02,4.367268555942437612e-10
1.242031250000000000e+02,4.408326272752299917e-10
1.242187500000000000e+02,4.380780905039821449e-10
1.242343750000000000e+02,4.233252218234444195e-10
1.242500000000000000e+02,4.107426437458821246e-10
1.242656250000000000e+02,4.162460454101777680e-10
1.242812500000000000e+02,4.201061579390406430e-10
1.242968750000000000e+02,4.045372957384614356e-10
1.243125000000000000e+02,3.894775956310965403e-10
1.243281250000000000e+02,3.924051651170592004e-10
1.243437500000000000e+02,4.095919069767456524e-10
1.243593750000000000e+02,4.403642029710349733e-10
1.243750000000000000e+02,4.751676180791325246e-10
1.243906250000000000e+02,4.901409231995921901e-10
1.244062500000000000e+02,4.786913874016398045e-10
1.244218750000000000e+02,4.741360426692719435e-10
1.244375000000000000e+02,4.987964260769867504e-10
1.244531250000000000e+02,5.134289706568931964e-10
1.244687500000000000e+02,4.953313099369839629e-10
1.244843750000000000e+02,4.814088979346393597e-10
1.245000000000000000e+02,4.924452546610023055e-10
1.245156250000000000e+02,5.010288403772267001e-10
1.245312500000000000e+02,4.924197444854795378e-10
1.245468750000000000e+02,4.692487464569917960e-10
1.245625000000000000e+02,4.412729579492353894e-10
1.245781250000000000e+02,4.308575683554188724e-10
1.245937500000000000e+02,4.370252973074726057e-10
1.246093750000000000e+02,4.408683292667399079e-10
1.246250000000000000e+02,4.387363620070357224e-10
1.246406250000000000e+02,4.291006954542877901e-10
1.246562500000000000e+02,4.161263494159875994e-10
1.246718750000000000e+02,4.149214753243963049e-10
1.246875000000000000e+02,4.266096650779659551e-10
1.247031250000000000e+02,4.307363201757950076e-10
1.247187500000000000e+02,4.046047369492291710e-10
1.247343750000000000e+02,3.419994708367400022e-10
1.247500000000000000e+02,2.803771574257872903e-10
1.247656250000000000e+02,2.943730121493920699e-10
1.247812500000000000e+02,3.660563048727499532e-10
1.247968750000000000e+02,4.235510895293255941e-10
1.248125000000000000e+02,4.490379402522186466e-10
1.248281250000000000e+02,4.550949517833165662e-10
1.248437500000000000e+02,4.465265837522289565e-10
1.248593750000000000e+02,4.195984211403449592e-10
1.248750000000000000e+02,3.900265382373899802e-10
1.248906250000000000e+02,3.935729311456037272e-10
1.249062500000000000e+02,4.309839604131965223e-10
1.249218750000000000e+02,4.646828698572507088e-10
1.249375000000000000e+02,4.830149726626562196e-10
1.249531250000000000e+02,4.949820802752400497e-10
1.249687500000000000e+02,5.027094354520492209e-10
1.249843750000000000e+02,5.098401403015634496e-10
1.250000000000000000e+02,5.110726734822610935e-10
1.250156250000000000e+02,4.932971345548720879e-10
1.250312500000000000e+02,4.681516054614842667e-10
1.250468750000000000e+02,4.651525212257813705e-10
1.250625000000000000e+02,4.787418408259447741e-10
1.250781250000000000e+02,4.747286273958873365e-10
1.250937500000000000e+02,4.508776826439410730e-10
1.251093750000000000e+02,4.358815683769949299e-10
1.251250000000000000e+02,4.342535270864969326e-10
1.251406250000000000e+02,4.265588409093128498e-10
1.251562500000000000e+02,4.135057417883389954e-10
1.251718750000000000e+02,4.173455535639663879e-10
1.251875000000000000e+02,4.430506864185949359e-10
1.252031250000000000e+02,4.598768112719623742e-10
1.252187500000000000e+02,4.532813888501416575e-10
1.252343750000000000e+02,4.437896780383063801e-10
1.252500000000000000e+02,4.403495123966711146e-10
1.252656250000000000e+02,4.325900546984346495e-10
1.252812500000000000e+02,4.194575848118666749e-10
1.252968750000000000e+02,4.050149649726497084e-10
1.253125000000000000e+02,3.841782834047479353e-10
1.253281250000000000e+02,3.563071243487892380e-10
1.253437500000000000e+02,3.465892301113972631e-10
1.253593750000000000e+02,3.782186397591273874e-10
1.253750000000000000e+02,4.281204670282934111e-10
1.253906250000000000e+02,4.646599209032905155e-10
1.254062500000000000e+02,4.782076277490037752e-10
1.254218750000000000e+02,4.761750401416525442e-10
1.254375000000000000e+02,4.710316770445346606e-10
1.254531250000000000e+02,4.665412000281683886e-10
1.254687500000000000e+02,4.647264782710954726e-10
1.254843750000000000e+02,4.662738881904936509e-10
1.255000000000000000e+02,4.598496282577588741e-10
1.255156250000000000e+02,4.456697673710424607e-10
1.255312500000000000e+02,4.462100785808255040e-10
1.255468750000000000e+02,4.642257572109969292e-10
1.255625000000000000e+02,4.769426904197928151e-10
1.255781250000000000e+02,4.723532840371835634e-10
1.255937500000000000e+02,4.578902582484663817e-10
1.256093750000000000e+02,4.440278704256795399e-10
1.256250000000000000e+02,4.244176983859319414e-10
1.256406250000000000e+02,4.014309865176398214e-10
1.256562500000000000e+02,4.101873585448607619e-10
1.256718750000000000e+02,4.578882021332491719e-10
1.256875000000000000e+02,5.054056389862922592e-10
1.257031250000000000e+02,5.228301046166637163e-10
1.257187500000000000e+02,5.043461467288194869e-10
1.257343750000000000e+02,4.722342150554680346e-10
1.257500000000000000e+02,4.634118702792905667e-10
1.257656250000000000e+02,4.746938560581473792e-10
1.257812500000000000e+02,4.758305540927247201e-10
1.257968750000000000e+02,4.690430419057092181e-10
1.258125000000000000e+02,4.666300740284365560e-10
1.258281250000000000e+02,4.585349642906873084e-10
1.258437500000000000e+02,4.442180490074528941e-10
1.258593750000000000e+02,4.381126898151847823e-10
1.258750000000000000e+02,4.424464925060868044e-10
1.258906250000000000e+02,4.517529703693129948e-10
1.259062500000000000e+02,4.627499917355213294e-10
1.259218750000000000e+02,4.769485525020272189e-10
1.259375000000000000e+02,4.932063903311173416e-10
1.259531250000000000e+02,4.905053277747457805e-10
1.259687500000000000e+02,4.566604222673394500e-10
1.259843750000000000e+02,4.107740698786149714e-10
1.260000000000000000e+02,3.781720448118659985e-10
1.260156250000000000e+02,3.619484394185546420e-10
1.260312500000000000e+02,3.502526185445439619e-10
1.260468750000000000e+02,3.456505929560917181e-10
1.260625000000000000e+02,3.549415099936840336e-10
1.260781250000000000e+02,3.700527676644271714e-10
1.260937500000000000e+02,3.809238027614655321e-10
1.261093750000000000e+02,3.900193048838926580e-10
1.261250000000000000e+02,4.037965298620024320e-10
1.261406250000000000e+02,4.208343964764281287e-10
1.261562500000000000e+02,4.370898550731199874e-10
1.261718750000000000e+02,4.495319646198274942e-10
1.261875000000000000e+02,4.573314854032757874e-10
1.262031250000000000e+02,4.634214577573860029e-10
1.262187500000000000e+02,4.632276056640766157e-10
1.262343750000000000e+02,4.493612537270786327e-10
1.262500000000000000e+02,4.343114336692375225e-10
1.262656250000000000e+02,4.312663938462598235e-10
1.262812500000000000e+02,4.302479598346274144e-10
1.262968750000000000e+02,4.272946926773106586e-10
1.263125000000000000e+02,4.312150248978783516e-10
1.263281250000000000e+02,4.384113013625519017e-10
1.263437500000000000e+02,4.403356822392403078e-10
1.263593750000000000e+02,4.307326916202723467e-10
1.263750000000000000e+02,4.104216284642507753e-10
1.263906250000000000e+02,3.984686579232662890e-10
1.264062500000000000e+02,4.059184737719851473e-10
1.264218750000000000e+02,4.167248211027288471e-10
1.264375000000000000e+02,4.152469777976840697e-10
1.264531250000000000e+02,4.026984864091229440e-10
1.264687500000000000e+02,3.930182468962533852e-10
1.264843750000000000e+02,3.998391420197555754e-10
1.265000000000000000e+02,4.130602245645936714e-10
1.265156250000000000e+02,4.069016272216514210e-10
1.265312500000000000e+02,3.863259943472199186e-10
1.265468750000000000e+02,3.945669093456268272e-10
1.265625000000000000e+02,4.375446071477256159e-10
1.265781250000000000e+02,4.639036923415810358e-10
1.265937500000000000e+02,4.456806165821313540e-10
1.266093750000000000e+02,4.040498961109437463e-10
1.266250000000000000e+02,3.764098043190224293e-10
1.266406250000000000e+02,3.799959699197289132e-10
1.266562500000000000e+02,3.981595842504152985e-10
1.266718750000000000e+02,3.972213940376097468e-10
1.266875000000000000e+02,3.752369760102032734e-10
1.267031250000000000e+02,3.756600081399633311e-10
1.267187500000000000e+02,4.058976077341130584e-10
1.267343750000000000e+02,4.292543640704526817e-10
1.267500000000000000e+02,4.390708835646301659e-10
1.267656250000000000e+02,4.464921566984146003e-10
1.267812500000000000e+02,4.497371801233287939e-10
1.267968750000000000e+02,4.428799225042444612e-10
1.268125000000000000e+02,4.240830850493889782e-10
1.268281250000000000e+02,3.979950471451891314e-10
1.268437500000000000e+02,3.782000830863580949e-10
1.268593750000000000e+02,3.699700299356422409e-10
1.268750000000000000e+02,3.665316758537518162e-10
1.268906250000000000e+02,3.690650628172866060e-10
1.269062500000000000e+02,3.812699469476984238e-10
1.269218750000000000e+02,3.999443191053438641e-10
1.269375000000000000e+02,4.155440936683942447e-10
1.269531250000000000e+02,4.123392970886552495e-10
1.269687500000000000e+02,3.857016752735204406e-10
1.269843750000000000e+02,3.503207053601332664e-10
1.270000000000000000e+02,3.203443138806963587e-10
1.270156250000000000e+02,3.091662159154638121e-10
1.270312500000000000e+02,3.302230508416695738e-10
1.270468750000000000e+02,3.604059862820666200e-10
1.270625000000000000e+02,3.713159313142819750e-10
1.270781250000000000e+02,3.703282849523908583e-10
1.270937500000000000e+02,3.793291318508179378e-10
1.271093750000000000e+02,4.078316684349310317e-10
1.271250000000000000e+02,4.467242157098753832e-10
1.271406250000000000e+02,4.707651358738628181e-10
1.271562500000000000e+02,4.563046214681545151e-10
1.271718750000000000e+02,4.098841615085727697e-10
1.271875000000000000e+02,3.682031195630698851e-10
1.272031250000000000e+02,3.526226952606736959e-10
1.272187500000000000e+02,3.579919199588298698e-10
1.272343750000000000e+02,3.748712274929314392e-10
1.272500000000000000e+02,3.876850061098564164e-10
1.272656250000000000e+02,3.992222840205078162e-10
1.272812500000000000e+02,4.204755999070974048e-10
1.272968750000000000e+02,4.330740437629036881e-10
1.273125000000000000e+02,4.206008910669280147e-10
1.273281250000000000e+02,3.969447066415745088e-10
1.273437500000000000e+02,3.879112838225491818e-10
1.273593750000000000e+02,4.031483540489635265e-10
1.273750000000000000e+02,4.243711412306870859e-10
1.273906250000000000e+02,4.304414902551009332e-10
1.274062500000000000e+02,4.294314786186234845e-10
1.274218750000000000e+02,4.356944376086057021e-10
1.274375000000000000e+02,4.414565695868472890e-10
1.274531250000000000e+02,4.388313239038946798e-10
1.274687500000000000e+02,4.268018866073136069e-10
1.274843750000000000e+02,4.072706549281843889e-10
1.275000000000000000e+02,3.914464217137775609e-10
1.275156250000000000e+02,3.809659410168890442e-10
1.275312500000000000e+02,3.652645940758261893e-10
1.275468750000000000e+02,3.465865640468212104e-10
1.275625000000000000e+02,3.348191574510244537e-10
1.275781250000000000e+02,3.422088672202073685e-10
1.275937500000000000e+02,3.751908671701626214e-10
1.276093750000000000e+02,4.159785160914953173e-10
1.276250000000000000e+02,4.454544544136309896e-10
1.276406250000000000e+02,4.551956793266306527e-10
1.276562500000000000e+02,4.449707073445106861e-10
1.276718750000000000e+02,4.271896654501682919e-10
1.276875000000000000e+02,4.138494759393351997e-10
1.277031250000000000e+02,4.036566112099062508e-10
1.277187500000000000e+02,3.934728430489435586e-10
1.277343750000000000e+02,3.860171746521080546e-10
1.277500000000000000e+02,3.810360989618321937e-10
1.277656250000000000e+02,3.798488460205807237e-10
1.277812500000000000e+02,3.869540635963145732e-10
1.277968750000000000e+02,3.998100721002574727e-10
1.278125000000000000e+02,4.102531720361673357e-10
1.278281250000000000e+02,4.163502394617704276e-10
1.278437500000000000e+02,4.187424528344641317e-10
1.278593750000000000e+02,4.094815654523244435e-10
1.278750000000000000e+02,3.938927224134124404e-10
1.278906250000000000e+02,3.942285189069275728e-10
1.279062500000000000e+02,4.133744958159005121e-10
1.279218750000000000e+02,4.382142021842053810e-10
1.279375000000000000e+02,4.569987096072697578e-10
1.279531250000000000e+02,4.536365827918419588e-10
1.279687500000000000e+02,4.226829888433218278e-10
1.279843750000000000e+02,3.835493216989886060e-10
1.280000000000000000e+02,2.587027651839626505e-10
