0.000000000000000000e+00,6.008532725504659016e-07
1.562500000000000000e-02,9.284761469407273467e-07
3.125000000000000000e-02,1.074174960385560539e-06
4.687500000000000000e-02,1.181298359975438165e-06
6.250000000000000000e-02,1.246140481363970280e-06
7.812500000000000000e-02,1.286939686910906730e-06
9.375000000000000000e-02,1.290309681558156621e-06
1.093750000000000000e-01,1.254318566923272699e-06
1.250000000000000000e-01,1.200844216247110525e-06
1.406250000000000000e-01,1.154838637492122558e-06
1.562500000000000000e-01,1.148108386405159149e-06
1.718750000000000000e-01,1.193419582736891951e-06
1.875000000000000000e-01,1.251018905868991045e-06
2.031250000000000000e-01,1.287559692268369542e-06
2.187500000000000000e-01,1.318118793394033390e-06
2.343750000000000000e-01,1.347142115164867102e-06
2.500000000000000000e-01,1.352029031779684824e-06
2.656250000000000000e-01,1.339899861900193687e-06
2.812500000000000000e-01,1.335941378915148114e-06
2.968750000000000000e-01,1.328233640759050257e-06
3.125000000000000000e-01,1.303918052926194284e-06
3.281250000000000000e-01,1.295056540531076529e-06
3.437500000000000000e-01,1.315738932152461846e-06
3.593750000000000000e-01,1.321284727983676228e-06
3.750000000000000000e-01,1.274723272781507940e-06
3.906250000000000000e-01,1.212120834857391298e-06
4.062500000000000000e-01,1.189559901314234748e-06
4.218750000000000000e-01,1.202901923073705676e-06
4.375000000000000000e-01,1.228081367248414440e-06
4.531250000000000000e-01,1.225413593736327246e-06
4.687500000000000000e-01,1.173892127191533656e-06
4.843750000000000000e-01,1.142034433954128091e-06
5.000000000000000000e-01,1.182107597066657688e-06
5.156250000000000000e-01,1.265867727725395157e-06
5.312500000000000000e-01,1.358155987539942934e-06
5.468750000000000000e-01,1.413720802166350051e-06
5.625000000000000000e-01,1.408245667510767093e-06
5.781250000000000000e-01,1.374271015252317893e-06
5.937500000000000000e-01,1.351776373077634458e-06
6.093750000000000000e-01,1.329020748311301323e-06
6.250000000000000000e-01,1.286779269005009969e-06
6.406250000000000000e-01,1.263477910852550703e-06
6.562500000000000000e-01,1.282874173461402400e-06
6.718750000000000000e-01,1.286486370128735232e-06
6.875000000000000000e-01,1.237242287675926116e-06
7.031250000000000000e-01,1.169725149045379219e-06
7.187500000000000000e-01,1.113286758126609221e-06
7.343750000000000000e-01,1.085144281530763768e-06
7.500000000000000000e-01,1.103804002791623899e-06
7.656250000000000000e-01,1.134448222887460883e-06
7.812500000000000000e-01,1.148011405123032841e-06
7.968750000000000000e-01,1.183799092224170116e-06
8.125000000000000000e-01,1.259988076927568579e-06
8.281250000000000000e-01,1.306571018997877253e-06
8.437500000000000000e-01,1.289838256856983666e-06
8.593750000000000000e-01,1.288619983497803168e-06
8.750000000000000000e-01,1.356852870140770535e-06
8.906250000000000000e-01,1.437464623986953575e-06
9.062500000000000000e-01,1.467972760872586914e-06
9.218750000000000000e-01,1.430956863119686443e-06
9.375000000000000000e-01,1.341567638260709247e-06
9.531250000000000000e-01,1.249840589300884783e-06
9.687500000000000000e-01,1.218727414416238976e-06
9.843750000000000000e-01,1.257791901462818593e-06
1.000000000000000000e+00,1.274527547985263338e-06
1.015625000000000000e+00,1.195868516438243615e-06
1.031250000000000000e+00,1.086797045548001615e-06
1.046875000000000000e+00,1.068545088257950218e-06
1.062500000000000000e+00,1.147957286987076417e-06
1.078125000000000000e+00,1.214776913722500471e-06
1.093750000000000000e+00,1.192217827962348618e-06
1.109375000000000000e+00,1.142323232279455491e-06
1.125000000000000000e+00,1.201281972421744561e-06
1.140625000000000000e+00,1.330582159569655482e-06
1.156250000000000000e+00,1.355358779068846255e-06
1.171875000000000000e+00,1.229841381885452390e-06
1.187500000000000000e+00,1.095073318288143129e-06
1.203125000000000000e+00,1.086159356083594555e-06
1.218750000000000000e+00,1.173083654972295395e-06
1.234375000000000000e+00,1.296198780705053279e-06
1.250000000000000000e+00,1.408709593954212181e-06
1.265625000000000000e+00,1.478385702170697592e-06
1.281250000000000000e+00,1.524098804066080268e-06
1.296875000000000000e+00,1.545196137538604649e-06
1.312500000000000000e+00,1.505763537128409372e-06
1.328125000000000000e+00,1.424984130645715813e-06
1.343750000000000000e+00,1.349452339289891274e-06
1.359375000000000000e+00,1.282222915429075117e-06
1.375000000000000000e+00,1.235504525139914248e-06
1.390625000000000000e+00,1.240039811894604522e-06
1.406250000000000000e+00,1.248331853203589670e-06
1.421875000000000000e+00,1.180552048661772321e-06
1.437500000000000000e+00,1.061003869753072897e-06
1.453125000000000000e+00,1.015640546216588630e-06
1.468750000000000000e+00,1.093698965228316842e-06
1.484375000000000000e+00,1.196743337009702858e-06
1.500000000000000000e+00,1.257984606851228856e-06
1.515625000000000000e+00,1.272094966565512461e-06
1.531250000000000000e+00,1.241435719628229897e-06
1.546875000000000000e+00,1.200384381791325248e-06
1.562500000000000000e+00,1.174781795439906655e-06
1.578125000000000000e+00,1.138017172262354037e-06
1.593750000000000000e+00,1.099692409121038175e-06
1.609375000000000000e+00,1.120577744320335011e-06
1.625000000000000000e+00,1.194545895420052001e-06
1.640625000000000000e+00,1.262342216626691730e-06
1.656250000000000000e+00,1.272906874510519751e-06
1.671875000000000000e+00,1.219434497414402838e-06
1.687500000000000000e+00,1.166904880769977851e-06
1.703125000000000000e+00,1.159040437661605449e-06
1.718750000000000000e+00,1.168654821888645602e-06
1.734375000000000000e+00,1.173527773227954058e-06
1.750000000000000000e+00,1.162192062647267501e-06
1.765625000000000000e+00,1.124409482865162491e-06
1.781250000000000000e+00,1.090102681640173987e-06
1.796875000000000000e+00,1.097936007918272830e-06
1.812500000000000000e+00,1.137261118332293235e-06
1.828125000000000000e+00,1.168802535675823363e-06
1.843750000000000000e+00,1.180372217106166126e-06
1.859375000000000000e+00,1.196615099511551718e-06
1.875000000000000000e+00,1.231724952730754896e-06
1.890625000000000000e+00,1.280067261550799020e-06
1.906250000000000000e+00,1.331443090752089132e-06
1.921875000000000000e+00,1.346815775741696048e-06
1.937500000000000000e+00,1.305073300920734057e-06
1.953125000000000000e+00,1.263026163736084501e-06
1.968750000000000000e+00,1.264882921529282873e-06
1.984375000000000000e+00,1.255152914729739579e-06
2.000000000000000000e+00,1.202236107353025449e-06
2.015625000000000000e+00,1.175558705663805996e-06
2.031250000000000000e+00,1.219392085823762737e-06
2.046875000000000000e+00,1.304032958079762811e-06
2.062500000000000000e+00,1.384960602283675247e-06
2.078125000000000000e+00,1.411290785171329006e-06
2.093750000000000000e+00,1.378787346014653122e-06
2.109375000000000000e+00,1.339454244641711403e-06
2.125000000000000000e+00,1.326603229707832076e-06
2.140625000000000000e+00,1.339478442289543589e-06
2.156250000000000000e+00,1.367764600978659297e-06
2.171875000000000000e+00,1.394418363546399096e-06
2.187500000000000000e+00,1.418736748122732923e-06
2.203125000000000000e+00,1.473585418197832384e-06
2.218750000000000000e+00,1.562187002309468694e-06
2.234375000000000000e+00,1.625125236425423751e-06
2.250000000000000000e+00,1.619659486742397618e-06
2.265625000000000000e+00,1.539485642883270125e-06
2.281250000000000000e+00,1.382699994754088331e-06
2.296875000000000000e+00,1.187741338133140559e-06
2.312500000000000000e+00,1.032015331516633614e-06
2.328125000000000000e+00,9.709723107062633047e-07
2.343750000000000000e+00,9.858851830432714115e-07
2.359375000000000000e+00,1.001931380454468754e-06
2.375000000000000000e+00,1.006088285639999835e-06
2.390625000000000000e+00,1.030274912423667620e-06
2.406250000000000000e+00,1.030731361443986804e-06
2.421875000000000000e+00,9.461194160509268536e-07
2.437500000000000000e+00,8.115569684691843166e-07
2.453125000000000000e+00,7.198423974699356051e-07
2.468750000000000000e+00,7.112622082962447904e-07
2.484375000000000000e+00,7.453069950913157102e-07
2.500000000000000000e+00,7.766824028752949644e-07
2.515625000000000000e+00,8.080531169601407641e-07
2.531250000000000000e+00,8.265277982975917743e-07
2.546875000000000000e+00,7.964599132561094924e-07
2.562500000000000000e+00,7.420062233513894696e-07
2.578125000000000000e+00,7.161106457204131504e-07
2.593750000000000000e+00,7.073664792667163283e-07
2.609375000000000000e+00,6.774252071637060867e-07
2.625000000000000000e+00,6.335265492271359190e-07
2.640625000000000000e+00,6.189899609688874509e-07
2.656250000000000000e+00,6.745901110003882453e-07
2.671875000000000000e+00,7.738376291929827206e-07
2.687500000000000000e+00,8.415584451045648909e-07
2.703125000000000000e+00,8.454840116822748904e-07
2.718750000000000000e+00,8.211932988040759981e-07
2.734375000000000000e+00,8.295406845307146821e-07
2.750000000000000000e+00,8.658274708583779466e-07
2.765625000000000000e+00,8.595403377230641540e-07
2.781250000000000000e+00,7.819459967352619386e-07
2.796875000000000000e+00,6.789078039059701419e-07
2.812500000000000000e+00,6.502932945097662052e-07
2.828125000000000000e+00,7.133590663091560970e-07
2.843750000000000000e+00,7.558804805997038368e-07
2.859375000000000000e+00,7.206503282156427925e-07
2.875000000000000000e+00,6.362656801969712304e-07
2.890625000000000000e+00,5.541993705919640800e-07
2.906250000000000000e+00,5.183571228471131837e-07
2.921875000000000000e+00,5.488880833508629849e-07
2.937500000000000000e+00,6.277987224066825074e-07
2.953125000000000000e+00,7.207740729621319291e-07
2.968750000000000000e+00,8.165973786056787022e-07
2.984375000000000000e+00,9.198700318161126423e-07
3.000000000000000000e+00,9.929270936006170614e-07
3.015625000000000000e+00,9.700592190193331215e-07
3.031250000000000000e+00,8.573757167877941523e-07
3.046875000000000000e+00,7.522759697407743043e-07
3.062500000000000000e+00,7.161355349176355305e-07
3.078125000000000000e+00,7.036132449054804445e-07
3.093750000000000000e+00,6.832634186085872990e-07
3.109375000000000000e+00,6.797927905422162137e-07
3.125000000000000000e+00,6.828012442342535384e-07
3.140625000000000000e+00,6.622469139719867343e-07
3.156250000000000000e+00,6.416203483997037727e-07
3.171875000000000000e+00,6.369589278174982644e-07
3.187500000000000000e+00,6.380432804504058004e-07
3.203125000000000000e+00,6.831499779114475748e-07
3.218750000000000000e+00,7.968826237717525881e-07
3.234375000000000000e+00,9.105402016083058570e-07
3.250000000000000000e+00,9.403322772553471922e-07
3.265625000000000000e+00,8.742403576955282899e-07
3.281250000000000000e+00,7.663341367972849308e-07
3.296875000000000000e+00,6.563341911194225506e-07
3.312500000000000000e+00,5.408316151613278951e-07
3.328125000000000000e+00,4.377138459054659830e-07
3.343750000000000000e+00,3.962097826192516816e-07
3.359375000000000000e+00,4.195623440591422349e-07
3.375000000000000000e+00,4.739690877194649929e-07
3.390625000000000000e+00,5.336759159691343909e-07
3.406250000000000000e+00,5.776517757586224749e-07
3.421875000000000000e+00,6.123631535542194953e-07
3.437500000000000000e+00,6.624176961118657671e-07
3.453125000000000000e+00,7.204449827909896784e-07
3.468750000000000000e+00,7.536411493905018322e-07
3.484375000000000000e+00,7.588578954225516975e-07
3.500000000000000000e+00,7.568977728015310512e-07
3.515625000000000000e+00,7.397853309417347605e-07
3.531250000000000000e+00,6.885162786861366288e-07
3.546875000000000000e+00,6.365250739131269982e-07
3.562500000000000000e+00,6.432507743509269095e-07
3.578125000000000000e+00,6.932640374945782846e-07
3.593750000000000000e+00,7.254037799800263521e-07
3.609375000000000000e+00,7.190629611316235489e-07
3.625000000000000000e+00,6.929422307097332997e-07
3.640625000000000000e+00,6.610384409387047830e-07
3.656250000000000000e+00,6.236612656212908817e-07
3.671875000000000000e+00,5.814716606667865244e-07
3.687500000000000000e+00,5.261276002643372672e-07
3.703125000000000000e+00,4.579562609387472312e-07
3.718750000000000000e+00,4.005768507150482861e-07
3.734375000000000000e+00,3.731155128168310022e-07
3.750000000000000000e+00,3.769387067928286655e-07
3.765625000000000000e+00,4.076946288682168436e-07
3.781250000000000000e+00,4.503873776205717663e-07
3.796875000000000000e+00,4.764856674089242720e-07
3.812500000000000000e+00,4.862022932647505825e-07
3.828125000000000000e+00,5.315087232181083363e-07
3.843750000000000000e+00,6.202336030778003298e-07
3.859375000000000000e+00,6.875122501266625038e-07
3.875000000000000000e+00,7.136131567306419472e-07
3.890625000000000000e+00,7.378169035441797720e-07
3.906250000000000000e+00,7.644695298945191506e-07
3.921875000000000000e+00,7.615489796642241149e-07
3.937500000000000000e+00,7.209040907914388564e-07
3.953125000000000000e+00,6.694625267890588543e-07
3.968750000000000000e+00,6.499960371520913775e-07
3.984375000000000000e+00,6.577557145327858930e-07
4.000000000000000000e+00,6.482272564962957420e-07
4.015625000000000000e+00,6.184736734346945439e-07
4.031250000000000000e+00,6.020754925510364974e-07
4.046875000000000000e+00,6.029572963125894415e-07
4.062500000000000000e+00,6.014395711182696717e-07
4.078125000000000000e+00,6.093408575807260144e-07
4.093750000000000000e+00,6.490809937080975624e-07
4.109375000000000000e+00,6.954781256905838501e-07
4.125000000000000000e+00,7.114997522570590797e-07
4.140625000000000000e+00,6.983438018694227966e-07
4.156250000000000000e+00,6.786467109812359828e-07
4.171875000000000000e+00,6.592919781306135373e-07
4.187500000000000000e+00,6.261111947834292197e-07
4.203125000000000000e+00,5.927294067957368473e-07
4.218750000000000000e+00,6.115119863207438012e-07
4.234375000000000000e+00,6.741746344495878658e-07
4.250000000000000000e+00,7.101782609484212146e-07
4.265625000000000000e+00,6.877783494885046811e-07
4.281250000000000000e+00,6.196075471879634102e-07
4.296875000000000000e+00,5.251260688319457769e-07
4.312500000000000000e+00,4.308762465031302572e-07
4.328125000000000000e+00,3.696426217742889090e-07
4.343750000000000000e+00,3.511603778003915216e-07
4.359375000000000000e+00,3.536235221252831382e-07
4.375000000000000000e+00,3.640852321175965374e-07
4.390625000000000000e+00,3.846256011919002916e-07
4.406250000000000000e+00,4.030194628147417473e-07
4.421875000000000000e+00,4.120457093512934541e-07
4.437500000000000000e+00,4.275122675387013203e-07
4.453125000000000000e+00,4.557805191199222884e-07
4.468750000000000000e+00,4.811565623185927268e-07
4.484375000000000000e+00,4.953545770994296293e-07
4.500000000000000000e+00,5.138621853905842647e-07
4.515625000000000000e+00,5.521768332251304633e-07
4.531250000000000000e+00,6.019822515152189148e-07
4.546875000000000000e+00,6.516722720935474249e-07
4.562500000000000000e+00,6.850910906450440566e-07
4.578125000000000000e+00,6.771812237739886597e-07
4.593750000000000000e+00,6.358887981864164329e-07
4.609375000000000000e+00,6.197821187413400854e-07
4.625000000000000000e+00,6.478578593128353086e-07
4.640625000000000000e+00,6.530309831532693254e-07
4.656250000000000000e+00,6.076395075949165206e-07
4.671875000000000000e+00,5.601509615887941366e-07
4.687500000000000000e+00,5.407914281248853788e-07
4.703125000000000000e+00,5.402917333448494691e-07
4.718750000000000000e+00,5.533736736401706345e-07
4.734375000000000000e+00,5.779322390339250029e-07
4.750000000000000000e+00,6.149509538460429777e-07
4.765625000000000000e+00,6.499399272324100731e-07
4.781250000000000000e+00,6.695942289233359385e-07
4.796875000000000000e+00,6.748803279667876173e-07
4.812500000000000000e+00,6.723352151030532615e-07
4.828125000000000000e+00,6.767530201637481627e-07
4.843750000000000000e+00,6.825912026948031196e-07
4.859375000000000000e+00,6.727583802912982802e-07
4.875000000000000000e+00,6.491667411527732105e-07
4.890625000000000000e+00,6.210052834480544510e-07
4.906250000000000000e+00,5.996735571683699879e-07
4.921875000000000000e+00,5.853548097230322057e-07
4.937500000000000000e+00,5.638352189231512084e-07
4.953125000000000000e+00,5.381764626285594823e-07
4.968750000000000000e+00,5.257823373718557167e-07
4.984375000000000000e+00,5.369023979307489290e-07
5.000000000000000000e+00,5.705311565675569926e-07
5.015625000000000000e+00,6.011973722121836123e-07
5.031250000000000000e+00,5.874206264520035114e-07
5.046875000000000000e+00,5.315784731054261335e-07
5.062500000000000000e+00,4.947522580940014318e-07
5.078125000000000000e+00,5.006589685788911680e-07
5.093750000000000000e+00,5.008160520064418239e-07
5.109375000000000000e+00,4.703704520386781129e-07
5.125000000000000000e+00,4.341637257732891778e-07
5.140625000000000000e+00,4.167721667597560633e-07
5.156250000000000000e+00,4.194561595134203539e-07
5.171875000000000000e+00,4.454578620129366216e-07
5.187500000000000000e+00,4.898802201193571006e-07
5.203125000000000000e+00,5.254265478139541220e-07
5.218750000000000000e+00,5.335452800238061661e-07
5.234375000000000000e+00,5.321653010043193198e-07
5.250000000000000000e+00,5.433334546661310268e-07
5.265625000000000000e+00,5.516311697043294179e-07
5.281250000000000000e+00,5.337775459939451417e-07
5.296875000000000000e+00,4.963826071424403782e-07
5.312500000000000000e+00,4.601312138239222202e-07
5.328125000000000000e+00,4.342972314845626463e-07
5.343750000000000000e+00,4.284319435502757875e-07
5.359375000000000000e+00,4.455182590917710097e-07
5.375000000000000000e+00,4.701757916917080395e-07
5.390625000000000000e+00,4.845612261957912882e-07
5.406250000000000000e+00,4.879186492753757187e-07
5.421875000000000000e+00,4.954759701439424824e-07
5.437500000000000000e+00,4.987575310464865358e-07
5.453125000000000000e+00,4.648932565539621761e-07
5.468750000000000000e+00,4.024138554828377605e-07
5.484375000000000000e+00,3.725145927745347354e-07
5.500000000000000000e+00,4.055312118977018274e-07
5.515625000000000000e+00,4.706084180752539361e-07
5.531250000000000000e+00,5.273569274213661235e-07
5.546875000000000000e+00,5.645642566048353120e-07
5.562500000000000000e+00,6.003321519896914509e-07
5.578125000000000000e+00,6.308519668880513637e-07
5.593750000000000000e+00,6.306528901422352024e-07
5.609375000000000000e+00,5.982136099899712098e-07
5.625000000000000000e+00,5.664539278566363399e-07
5.640625000000000000e+00,5.736825318124643237e-07
5.656250000000000000e+00,6.112953840457093510e-07
5.671875000000000000e+00,6.348338691206167307e-07
5.687500000000000000e+00,6.235379578599287965e-07
5.703125000000000000e+00,5.859941131550933332e-07
5.718750000000000000e+00,5.257737751071973776e-07
5.734375000000000000e+00,4.496615968045123006e-07
5.750000000000000000e+00,3.999720460209638119e-07
5.765625000000000000e+00,3.988482275391142648e-07
5.781250000000000000e+00,4.085358062196943108e-07
5.796875000000000000e+00,4.085019712821064818e-07
5.812500000000000000e+00,4.108120607705465261e-07
5.828125000000000000e+00,4.177618064531381587e-07
5.843750000000000000e+00,4.166425282302875217e-07
5.859375000000000000e+00,4.167471907316162317e-07
5.875000000000000000e+00,4.452195964742993572e-07
5.890625000000000000e+00,4.919722214969238832e-07
5.906250000000000000e+00,5.249185355460009823e-07
5.921875000000000000e+00,5.374034282329413418e-07
5.937500000000000000e+00,5.342268061821661293e-07
5.953125000000000000e+00,5.123437141968534413e-07
5.968750000000000000e+00,4.768868820737125089e-07
5.984375000000000000e+00,4.484981256237671331e-07
6.000000000000000000e+00,4.364425751324284458e-07
6.015625000000000000e+00,4.302694261375197527e-07
6.031250000000000000e+00,4.262083627075598571e-07
6.046875000000000000e+00,4.279250274734285326e-07
6.062500000000000000e+00,4.291191107797060252e-07
6.078125000000000000e+00,4.198029922561042642e-07
6.093750000000000000e+00,4.070817353199779291e-07
6.109375000000000000e+00,4.035359722259892626e-07
6.125000000000000000e+00,4.091352594465194834e-07
6.140625000000000000e+00,4.221569342708416023e-07
6.156250000000000000e+00,4.323850484170114780e-07
6.171875000000000000e+00,4.231019551006419878e-07
6.187500000000000000e+00,3.962411035041627824e-07
6.203125000000000000e+00,3.636584515963488427e-07
6.218750000000000000e+00,3.306882645159081882e-07
6.234375000000000000e+00,3.009812918415684304e-07
6.250000000000000000e+00,2.769126596102530593e-07
6.265625000000000000e+00,2.599227142194547081e-07
6.281250000000000000e+00,2.511036360558152621e-07
6.296875000000000000e+00,2.512086385235097918e-07
6.312500000000000000e+00,2.630989388734892065e-07
6.328125000000000000e+00,2.843662546983456985e-07
6.343750000000000000e+00,3.056282117055476209e-07
6.359375000000000000e+00,3.199246313575063350e-07
6.375000000000000000e+00,3.286011308279303828e-07
6.390625000000000000e+00,3.357512147638439178e-07
6.406250000000000000e+00,3.438066076661589411e-07
6.421875000000000000e+00,3.549753133486030909e-07
6.437500000000000000e+00,3.634877568074527855e-07
6.453125000000000000e+00,3.553565216983174204e-07
6.468750000000000000e+00,3.263325090091571477e-07
6.484375000000000000e+00,2.924513953764429679e-07
6.500000000000000000e+00,2.749572570741192186e-07
6.515625000000000000e+00,2.812122111694443766e-07
6.531250000000000000e+00,3.092663738871801793e-07
6.546875000000000000e+00,3.512288031928801502e-07
6.562500000000000000e+00,3.859968896952150827e-07
6.578125000000000000e+00,4.011308146548865745e-07
6.593750000000000000e+00,4.104738004949942646e-07
6.609375000000000000e+00,4.182450248202598025e-07
6.625000000000000000e+00,4.138823311612482688e-07
6.640625000000000000e+00,4.096425696267533033e-07
6.656250000000000000e+00,4.238671395804017399e-07
6.671875000000000000e+00,4.461331637529818211e-07
6.687500000000000000e+00,4.564680147775744517e-07
6.703125000000000000e+00,4.502084192751740997e-07
6.718750000000000000e+00,4.305806668814297001e-07
6.734375000000000000e+00,4.015195649517989235e-07
6.750000000000000000e+00,3.780841616240709140e-07
6.765625000000000000e+00,3.806209211199194658e-07
6.781250000000000000e+00,4.086242007182136928e-07
6.796875000000000000e+00,4.383311218378582816e-07
6.812500000000000000e+00,4.426207849165152856e-07
6.828125000000000000e+00,4.113915445585634055e-07
6.843750000000000000e+00,3.652034623717819508e-07
6.859375000000000000e+00,3.414403424179961369e-07
6.875000000000000000e+00,3.485728302022536265e-07
6.890625000000000000e+00,3.619014749249722386e-07
6.906250000000000000e+00,3.655179953339540548e-07
6.921875000000000000e+00,3.573856998778167862e-07
6.937500000000000000e+00,3.393976711459570684e-07
6.953125000000000000e+00,3.224466498796523442e-07
6.968750000000000000e+00,3.238044548318580721e-07
6.984375000000000000e+00,3.462365451845457905e-07
7.000000000000000000e+00,3.752252783858400007e-07
7.015625000000000000e+00,3.992070489116476625e-07
7.031250000000000000e+00,4.180119305662644832e-07
7.046875000000000000e+00,4.279588461759421614e-07
7.062500000000000000e+00,4.210519947920625822e-07
7.078125000000000000e+00,4.027994966680481144e-07
7.093750000000000000e+00,3.845982442614248332e-07
7.109375000000000000e+00,3.679313042835329552e-07
7.125000000000000000e+00,3.512312915693335929e-07
7.140625000000000000e+00,3.389754454609739406e-07
7.156250000000000000e+00,3.326072688784055135e-07
7.171875000000000000e+00,3.213193382210096386e-07
7.187500000000000000e+00,2.988810278061294682e-07
7.203125000000000000e+00,2.722788999202542108e-07
7.218750000000000000e+00,2.498715699413782039e-07
7.234375000000000000e+00,2.403748798325504751e-07
7.250000000000000000e+00,2.516190779686750439e-07
7.265625000000000000e+00,2.797269484537764848e-07
7.281250000000000000e+00,3.060405279541853270e-07
7.296875000000000000e+00,3.123692127607285328e-07
7.312500000000000000e+00,3.046136490726786308e-07
7.328125000000000000e+00,3.027970321820081816e-07
7.343750000000000000e+00,3.078854774347840139e-07
7.359375000000000000e+00,3.121242768674652529e-07
7.375000000000000000e+00,3.264646250246711796e-07
7.390625000000000000e+00,3.607033830153492796e-07
7.406250000000000000e+00,4.074691736747967379e-07
7.421875000000000000e+00,4.541732529225357047e-07
7.437500000000000000e+00,4.766312064077301429e-07
7.453125000000000000e+00,4.567148806705154486e-07
7.468750000000000000e+00,4.055356355362537120e-07
7.484375000000000000e+00,3.541351815104269335e-07
7.500000000000000000e+00,3.323352629146809575e-07
7.515625000000000000e+00,3.347714979595965884e-07
7.531250000000000000e+00,3.325206606931881804e-07
7.546875000000000000e+00,3.199491036665917733e-07
7.562500000000000000e+00,3.118769384629722948e-07
7.578125000000000000e+00,3.146071314510395964e-07
7.593750000000000000e+00,3.146752551016517910e-07
7.609375000000000000e+00,3.083126936053051635e-07
7.625000000000000000e+00,3.198744270604081497e-07
7.640625000000000000e+00,3.629777784488413012e-07
7.656250000000000000e+00,4.093885545822671611e-07
7.671875000000000000e+00,4.325653875377945691e-07
7.687500000000000000e+00,4.433022609412287266e-07
7.703125000000000000e+00,4.623433983852880113e-07
7.718750000000000000e+00,4.705377837240301924e-07
7.734375000000000000e+00,4.391252361472337208e-07
7.750000000000000000e+00,3.833023095885650878e-07
7.765625000000000000e+00,3.437193584937047046e-07
7.781250000000000000e+00,3.308954302683068156e-07
7.796875000000000000e+00,3.237359020341744672e-07
7.812500000000000000e+00,3.087580156118627389e-07
7.828125000000000000e+00,2.890891491005773671e-07
7.843750000000000000e+00,2.746019215428078996e-07
7.859375000000000000e+00,2.756440570320841768e-07
7.875000000000000000e+00,2.919134323939725800e-07
7.890625000000000000e+00,3.188829046859821855e-07
7.906250000000000000e+00,3.550944858317671924e-07
7.921875000000000000e+00,3.878714098920978206e-07
7.937500000000000000e+00,4.038436342327339444e-07
7.953125000000000000e+00,4.015531466029705905e-07
7.968750000000000000e+00,3.816015993152178115e-07
7.984375000000000000e+00,3.487809295569068106e-07
8.000000000000000000e+00,3.196749823556947802e-07
8.015625000000000000e+00,3.081473137872413252e-07
8.031250000000000000e+00,3.028593247112445492e-07
8.046875000000000000e+00,2.858380122636610398e-07
8.062500000000000000e+00,2.665258220654517479e-07
8.078125000000000000e+00,2.709345754417648230e-07
8.093750000000000000e+00,3.032311946230600052e-07
8.109375000000000000e+00,3.453023674867411421e-07
8.125000000000000000e+00,3.781379271580247637e-07
8.140625000000000000e+00,3.882417781929757894e-07
8.156250000000000000e+00,3.716026063036229792e-07
8.171875000000000000e+00,3.445604210408202133e-07
8.187500000000000000e+00,3.307251705429354135e-07
8.203125000000000000e+00,3.306847567330383411e-07
8.218750000000000000e+00,3.319720359389117204e-07
8.234375000000000000e+00,3.283077729154255878e-07
8.250000000000000000e+00,3.195273643540761005e-07
8.265625000000000000e+00,3.100998270406091536e-07
8.281250000000000000e+00,3.039127518352150374e-07
8.296875000000000000e+00,2.978737329147043598e-07
8.312500000000000000e+00,2.897696746681402393e-07
8.328125000000000000e+00,2.829753915796843285e-07
8.343750000000000000e+00,2.840812812776363051e-07
8.359375000000000000e+00,3.005812078624110354e-07
8.375000000000000000e+00,3.212365085038906046e-07
8.390625000000000000e+00,3.394241844465063655e-07
8.406250000000000000e+00,3.748350624876266183e-07
8.421875000000000000e+00,4.208490666682131879e-07
8.437500000000000000e+00,4.404013706422287909e-07
8.453125000000000000e+00,4.225424423052314341e-07
8.468750000000000000e+00,3.919276375323503547e-07
8.484375000000000000e+00,3.683329543700074820e-07
8.500000000000000000e+00,3.408448559245022721e-07
8.515625000000000000e+00,3.020754514785244657e-07
8.531250000000000000e+00,2.757662652160649139e-07
8.546875000000000000e+00,2.787980978759186904e-07
8.562500000000000000e+00,2.905618448099285049e-07
8.578125000000000000e+00,3.019730267241554279e-07
8.593750000000000000e+00,3.252520516266135399e-07
8.609375000000000000e+00,3.571916474190576689e-07
8.625000000000000000e+00,3.796255617143053294e-07
8.640625000000000000e+00,3.799553715907315365e-07
8.656250000000000000e+00,3.586423098224694671e-07
8.671875000000000000e+00,3.273938820514570617e-07
8.687500000000000000e+00,3.024706054000868596e-07
8.703125000000000000e+00,3.057898131022346505e-07
8.718750000000000000e+00,3.506380673732424719e-07
8.734375000000000000e+00,4.082513621944425377e-07
8.750000000000000000e+00,4.361965410623373906e-07
8.765625000000000000e+00,4.247784461280925015e-07
8.781250000000000000e+00,4.008598883463995450e-07
8.796875000000000000e+00,3.929867820938492393e-07
8.812500000000000000e+00,4.004131171963131745e-07
8.828125000000000000e+00,4.014613985321368407e-07
8.843750000000000000e+00,3.778866156470383112e-07
8.859375000000000000e+00,3.425816957675008371e-07
8.875000000000000000e+00,3.271560992772261643e-07
8.890625000000000000e+00,3.270378734412154479e-07
8.906250000000000000e+00,3.125897794258577398e-07
8.921875000000000000e+00,2.819274723071561948e-07
8.937500000000000000e+00,2.573179942408138556e-07
8.953125000000000000e+00,2.486508359772903666e-07
8.968750000000000000e+00,2.437605900250509760e-07
8.984375000000000000e+00,2.379064013785090985e-07
9.000000000000000000e+00,2.428309425113794002e-07
9.015625000000000000e+00,2.604027825292008894e-07
9.031250000000000000e+00,2.801612817217339872e-07
9.046875000000000000e+00,2.928220629321124435e-07
9.062500000000000000e+00,2.928006110856253638e-07
9.078125000000000000e+00,2.824226049080589513e-07
9.093750000000000000e+00,2.693057216723704224e-07
9.109375000000000000e+00,2.608740209649198201e-07
9.125000000000000000e+00,2.615723282109145456e-07
9.140625000000000000e+00,2.668144205416581784e-07
9.156250000000000000e+00,2.652391569801756412e-07
9.171875000000000000e+00,2.576862674333171588e-07
9.187500000000000000e+00,2.590344343595334590e-07
9.203125000000000000e+00,2.696736194964188037e-07
9.218750000000000000e+00,2.797427171013178970e-07
9.234375000000000000e+00,2.891892545881983708e-07
9.250000000000000000e+00,2.954526756760090850e-07
9.265625000000000000e+00,2.890841536048695319e-07
9.281250000000000000e+00,2.723689913607964259e-07
9.296875000000000000e+00,2.600290192579236183e-07
9.312500000000000000e+00,2.547965508197220215e-07
9.328125000000000000e+00,2.487393976792763504e-07
9.343750000000000000e+00,2.512473088265446550e-07
9.359375000000000000e+00,2.752846611158416891e-07
9.375000000000000000e+00,3.025433352119385843e-07
9.390625000000000000e+00,3.107320113572806871e-07
9.406250000000000000e+00,2.994532768655147530e-07
9.421875000000000000e+00,2.829272802141304977e-07
9.437500000000000000e+00,2.704298957510039318e-07
9.453125000000000000e+00,2.566939954581794877e-07
9.468750000000000000e+00,2.419836252584380317e-07
9.484375000000000000e+00,2.365128921558962819e-07
9.500000000000000000e+00,2.408747386055264307e-07
9.515625000000000000e+00,2.416390609045099197e-07
9.531250000000000000e+00,2.262204040127718869e-07
9.546875000000000000e+00,1.955351592972007048e-07
9.562500000000000000e+00,1.645266478059063922e-07
9.578125000000000000e+00,1.488813048298524316e-07
9.593750000000000000e+00,1.433855248359298059e-07
9.609375000000000000e+00,1.359315261670283628e-07
9.625000000000000000e+00,1.329277613792621429e-07
9.640625000000000000e+00,1.466821755093093595e-07
9.656250000000000000e+00,1.761515762284830332e-07
9.671875000000000000e+00,2.156622380558001008e-07
9.687500000000000000e+00,2.546214908866760924e-07
9.703125000000000000e+00,2.797045172348612429e-07
9.718750000000000000e+00,2.858945059107104071e-07
9.734375000000000000e+00,2.729811063943655056e-07
9.750000000000000000e+00,2.451771315076980468e-07
9.765625000000000000e+00,2.201892090531272078e-07
9.781250000000000000e+00,2.136504890594151106e-07
9.796875000000000000e+00,2.160964327923477692e-07
9.812500000000000000e+00,2.143844427970336887e-07
9.828125000000000000e+00,2.103735295349472978e-07
9.843750000000000000e+00,2.096854729159073199e-07
9.859375000000000000e+00,2.148195237886860396e-07
9.875000000000000000e+00,2.226835135253711178e-07
9.890625000000000000e+00,2.231059204258021263e-07
9.906250000000000000e+00,2.129569937074123443e-07
9.921875000000000000e+00,2.018841912948527921e-07
9.937500000000000000e+00,2.001330420282959062e-07
9.953125000000000000e+00,2.078029307769305770e-07
9.968750000000000000e+00,2.183249220006309861e-07
9.984375000000000000e+00,2.252422310447417530e-07
1.000000000000000000e+01,2.304379050112839757e-07
1.001562500000000000e+01,2.442260527989668808e-07
1.003125000000000000e+01,2.669073011453366154e-07
1.004687500000000000e+01,2.911848433810262663e-07
1.006250000000000000e+01,3.099262354526944533e-07
1.007812500000000000e+01,3.111438885773624201e-07
1.009375000000000000e+01,2.925083776964532058e-07
1.010937500000000000e+01,2.744673758101803989e-07
1.012500000000000000e+01,2.755674532921997355e-07
1.014062500000000000e+01,2.862979879080310386e-07
1.015625000000000000e+01,2.901538453790997192e-07
1.017187500000000000e+01,2.797342178908376549e-07
1.018750000000000000e+01,2.588813578383440818e-07
1.020312500000000000e+01,2.398621806603459843e-07
1.021875000000000000e+01,2.277863524106409429e-07
1.023437500000000000e+01,2.200769667326654751e-07
1.025000000000000000e+01,2.166935575505798884e-07
1.026562500000000000e+01,2.148354568974855557e-07
1.028125000000000000e+01,2.078201910355926905e-07
1.029687500000000000e+01,1.944334950972289801e-07
1.031250000000000000e+01,1.796300416687349116e-07
1.032812500000000000e+01,1.683028230486487168e-07
1.034375000000000000e+01,1.586127275890918615e-07
1.035937500000000000e+01,1.488237645235692236e-07
1.037500000000000000e+01,1.460304615598065326e-07
1.039062500000000000e+01,1.523478663868256259e-07
1.040625000000000000e+01,1.591280019394375690e-07
1.042187500000000000e+01,1.606411835364380268e-07
1.043750000000000000e+01,1.599441863365726237e-07
1.045312500000000000e+01,1.643446280628717955e-07
1.046875000000000000e+01,1.760066152715755468e-07
1.048437500000000000e+01,1.926121537451588160e-07
1.050000000000000000e+01,2.124028814476817591e-07
1.051562500000000000e+01,2.311504421259955591e-07
1.053125000000000000e+01,2.448473752886781251e-07
1.054687500000000000e+01,2.595690598337029404e-07
1.056250000000000000e+01,2.842037104460099383e-07
1.057812500000000000e+01,3.117651147704259138e-07
1.059375000000000000e+01,3.309829702292053588e-07
1.060937500000000000e+01,3.475252708554155924e-07
1.062500000000000000e+01,3.701789110667638950e-07
1.064062500000000000e+01,3.917343508531389743e-07
1.065625000000000000e+01,3.971587140904668621e-07
1.067187500000000000e+01,3.759331032047297015e-07
1.068750000000000000e+01,3.321080022210974424e-07
1.070312500000000000e+01,2.853405438414584618e-07
1.071875000000000000e+01,2.531351639253918384e-07
1.073437500000000000e+01,2.364057590732787579e-07
1.075000000000000000e+01,2.301237991341092594e-07
1.076562500000000000e+01,2.296859535513733948e-07
1.078125000000000000e+01,2.253761613602596769e-07
1.079687500000000000e+01,2.101215857049671359e-07
1.081250000000000000e+01,1.876926132073237126e-07
1.082812500000000000e+01,1.695702825590444381e-07
1.084375000000000000e+01,1.632243840120811479e-07
1.085937500000000000e+01,1.636434187138170970e-07
1.087500000000000000e+01,1.618998107541668088e-07
1.089062500000000000e+01,1.562378176410545163e-07
1.090625000000000000e+01,1.509293354686136314e-07
1.092187500000000000e+01,1.502963972466087147e-07
1.093750000000000000e+01,1.576882848211303357e-07
1.095312500000000000e+01,1.740750022676072046e-07
1.096875000000000000e+01,1.978585716076674225e-07
1.098437500000000000e+01,2.224500435347959636e-07
1.100000000000000000e+01,2.383675330238538581e-07
1.101562500000000000e+01,2.415231017589390663e-07
1.103125000000000000e+01,2.350813856841127834e-07
1.104687500000000000e+01,2.280830272962830296e-07
1.106250000000000000e+01,2.289890716388786828e-07
1.107812500000000000e+01,2.369722775773124692e-07
1.109375000000000000e+01,2.462029039126676939e-07
1.110937500000000000e+01,2.558569210801883087e-07
1.112500000000000000e+01,2.713617888344294578e-07
1.114062500000000000e+01,2.920663354105754915e-07
1.115625000000000000e+01,3.107816198983390870e-07
1.117187500000000000e+01,3.238336962775639309e-07
1.118750000000000000e+01,3.251467816006538197e-07
1.120312500000000000e+01,3.068780391810734485e-07
1.121875000000000000e+01,2.708882203042519193e-07
1.123437500000000000e+01,2.330292312864983123e-07
1.125000000000000000e+01,2.107261389703368054e-07
1.126562500000000000e+01,2.026278335420140364e-07
1.128125000000000000e+01,1.998110431401847324e-07
1.129687500000000000e+01,2.003413096408423007e-07
1.131250000000000000e+01,2.012164279178583289e-07
1.132812500000000000e+01,1.995280593734093800e-07
1.134375000000000000e+01,1.938938136952089211e-07
1.135937500000000000e+01,1.848812908005578569e-07
1.137500000000000000e+01,1.792297942951397810e-07
1.139062500000000000e+01,1.850427937821403915e-07
1.140625000000000000e+01,2.016874361985521905e-07
1.142187500000000000e+01,2.183125934108267654e-07
1.143750000000000000e+01,2.246632314861690612e-07
1.145312500000000000e+01,2.194856056754482727e-07
1.146875000000000000e+01,2.078892048557342935e-07
1.148437500000000000e+01,1.931780988205906657e-07
1.150000000000000000e+01,1.801277994765486990e-07
1.151562500000000000e+01,1.773855723425146933e-07
1.153125000000000000e+01,1.841356584529694028e-07
1.154687500000000000e+01,1.931397165055139710e-07
1.156250000000000000e+01,2.016823547315406461e-07
1.157812500000000000e+01,2.116142937975324566e-07
1.159375000000000000e+01,2.281700053583758045e-07
1.160937500000000000e+01,2.500007433652007274e-07
1.162500000000000000e+01,2.627403881080539418e-07
1.164062500000000000e+01,2.536206500369770572e-07
1.165625000000000000e+01,2.252930884606547980e-07
1.167187500000000000e+01,1.950926548366690501e-07
1.168750000000000000e+01,1.813664116793437895e-07
1.170312500000000000e+01,1.822545039664058665e-07
1.171875000000000000e+01,1.834117420741513738e-07
1.173437500000000000e+01,1.828449539092967067e-07
1.175000000000000000e+01,1.885908839164884547e-07
1.176562500000000000e+01,1.990144362684512153e-07
1.178125000000000000e+01,2.065218210879943491e-07
1.179687500000000000e+01,2.133496097934280428e-07
1.181250000000000000e+01,2.207822597184719122e-07
1.182812500000000000e+01,2.186725077660148815e-07
1.184375000000000000e+01,2.043648836873182044e-07
1.185937500000000000e+01,1.920285439065780549e-07
1.187500000000000000e+01,1.897004816849304908e-07
1.189062500000000000e+01,1.951109623028557572e-07
1.190625000000000000e+01,2.059049768002047130e-07
1.192187500000000000e+01,2.143249708912118619e-07
1.193750000000000000e+01,2.195910100389301444e-07
1.195312500000000000e+01,2.236033138210454911e-07
1.196875000000000000e+01,2.186810015715398502e-07
1.198437500000000000e+01,2.057712064034172846e-07
1.200000000000000000e+01,1.999614549028043018e-07
1.201562500000000000e+01,2.093376759043529941e-07
1.203125000000000000e+01,2.232024623636033161e-07
1.204687500000000000e+01,2.274174973730889300e-07
1.206250000000000000e+01,2.255265075294867177e-07
1.207812500000000000e+01,2.333327790277037822e-07
1.209375000000000000e+01,2.488961644447488567e-07
1.210937500000000000e+01,2.548873340941060406e-07
1.212500000000000000e+01,2.503335523314413581e-07
1.214062500000000000e+01,2.486057012701115245e-07
1.215625000000000000e+01,2.504898742510291008e-07
1.217187500000000000e+01,2.476245027612795060e-07
1.218750000000000000e+01,2.371754064408892732e-07
1.220312500000000000e+01,2.260066301219344439e-07
1.221875000000000000e+01,2.263377688210694588e-07
1.223437500000000000e+01,2.356519748640768480e-07
1.225000000000000000e+01,2.407173592956893579e-07
1.226562500000000000e+01,2.375946063856962452e-07
1.228125000000000000e+01,2.258347233305460162e-07
1.229687500000000000e+01,2.024071167780137822e-07
1.231250000000000000e+01,1.734156231279410757e-07
1.232812500000000000e+01,1.530715924132062941e-07
1.234375000000000000e+01,1.457998002444771982e-07
1.235937500000000000e+01,1.439202369804139186e-07
1.237500000000000000e+01,1.400586130931916992e-07
1.239062500000000000e+01,1.338239150391901271e-07
1.240625000000000000e+01,1.293496464058834081e-07
1.242187500000000000e+01,1.257499752505660701e-07
1.243750000000000000e+01,1.183156663817221920e-07
1.245312500000000000e+01,1.084422781230383666e-07
1.246875000000000000e+01,1.032410579919172838e-07
1.248437500000000000e+01,1.056534557646461380e-07
1.250000000000000000e+01,1.116422449284588860e-07
1.251562500000000000e+01,1.167784788664532310e-07
1.253125000000000000e+01,1.227351930151762154e-07
1.254687500000000000e+01,1.353799441839842587e-07
1.256250000000000000e+01,1.515034641100793356e-07
1.257812500000000000e+01,1.615582358161900444e-07
1.259375000000000000e+01,1.643738106718134212e-07
1.260937500000000000e+01,1.681144311982626404e-07
1.262500000000000000e+01,1.750280317822045964e-07
1.264062500000000000e+01,1.764493775907527910e-07
1.265625000000000000e+01,1.692831148303530532e-07
1.267187500000000000e+01,1.648811032619564622e-07
1.268750000000000000e+01,1.731911558320915097e-07
1.270312500000000000e+01,1.874450426599357724e-07
1.271875000000000000e+01,1.941369730602486805e-07
1.273437500000000000e+01,1.855644460197572385e-07
1.275000000000000000e+01,1.688844612146835678e-07
1.276562500000000000e+01,1.601144153677883730e-07
1.278125000000000000e+01,1.621323515311199277e-07
1.279687500000000000e+01,1.640513479532391850e-07
1.281250000000000000e+01,1.608870386147287439e-07
1.282812500000000000e+01,1.602640356324802490e-07
1.284375000000000000e+01,1.702244398904828858e-07
1.285937500000000000e+01,1.870163540660294994e-07
1.287500000000000000e+01,2.053155327100457564e-07
1.289062500000000000e+01,2.228177909085037260e-07
1.290625000000000000e+01,2.372690343370364971e-07
1.292187500000000000e+01,2.491812453470240268e-07
1.293750000000000000e+01,2.574642709411459394e-07
1.295312500000000000e+01,2.586843737113101237e-07
1.296875000000000000e+01,2.503888774272001241e-07
1.298437500000000000e+01,2.318413203754777022e-07
1.300000000000000000e+01,2.060850088321199906e-07
1.301562500000000000e+01,1.799278721570172838e-07
1.303125000000000000e+01,1.625818520979223411e-07
1.304687500000000000e+01,1.595019813296233529e-07
1.306250000000000000e+01,1.657174599154062921e-07
1.307812500000000000e+01,1.706425139151826060e-07
1.309375000000000000e+01,1.678795664500550539e-07
1.310937500000000000e+01,1.568207399087932740e-07
1.312500000000000000e+01,1.407144764025081555e-07
1.314062500000000000e+01,1.295049121943819306e-07
1.315625000000000000e+01,1.367073270296513441e-07
1.317187500000000000e+01,1.586031314491985453e-07
1.318750000000000000e+01,1.776824383423574723e-07
1.320312500000000000e+01,1.856472835992277830e-07
1.321875000000000000e+01,1.839658181614464345e-07
1.323437500000000000e+01,1.783393751984115421e-07
1.325000000000000000e+01,1.758577115398308222e-07
1.326562500000000000e+01,1.744168911232268770e-07
1.328125000000000000e+01,1.679563377592421680e-07
1.329687500000000000e+01,1.592693248423095001e-07
1.331250000000000000e+01,1.544219512176485955e-07
1.332812500000000000e+01,1.526329049813838706e-07
1.334375000000000000e+01,1.489121610170560725e-07
1.335937500000000000e+01,1.422836944013823451e-07
1.337500000000000000e+01,1.334967170018548433e-07
1.339062500000000000e+01,1.247179378390055915e-07
1.340625000000000000e+01,1.202946129043142401e-07
1.342187500000000000e+01,1.211797029674027428e-07
1.343750000000000000e+01,1.295904664106664088e-07
1.345312500000000000e+01,1.473574248606396482e-07
1.346875000000000000e+01,1.669678936392405971e-07
1.348437500000000000e+01,1.776930052362081274e-07
1.350000000000000000e+01,1.763006202698372043e-07
1.351562500000000000e+01,1.693143818762661543e-07
1.353125000000000000e+01,1.640639670918492273e-07
1.354687500000000000e+01,1.631530508700776975e-07
1.356250000000000000e+01,1.686812516987229681e-07
1.357812500000000000e+01,1.788182928553777643e-07
1.359375000000000000e+01,1.869891157032542674e-07
1.360937500000000000e+01,1.932691726239868816e-07
1.362500000000000000e+01,2.054141897950647095e-07
1.364062500000000000e+01,2.224668442405956251e-07
1.365625000000000000e+01,2.352887622946280695e-07
1.367187500000000000e+01,2.378043791759514822e-07
1.368750000000000000e+01,2.269367789489741081e-07
1.370312500000000000e+01,2.035066089209064538e-07
1.371875000000000000e+01,1.769519896120821493e-07
1.373437500000000000e+01,1.598309134095012538e-07
1.375000000000000000e+01,1.507611889556735812e-07
1.376562500000000000e+01,1.377162929530953036e-07
1.378125000000000000e+01,1.213911002009567638e-07
1.379687500000000000e+01,1.187636073287338651e-07
1.381250000000000000e+01,1.319192291562748939e-07
1.382812500000000000e+01,1.449641860802475176e-07
1.384375000000000000e+01,1.539958448050757670e-07
1.385937500000000000e+01,1.587375180242804644e-07
1.387500000000000000e+01,1.518527030383044027e-07
1.389062500000000000e+01,1.336191998216494948e-07
1.390625000000000000e+01,1.159449079367974926e-07
1.392187500000000000e+01,1.056001065951993913e-07
1.393750000000000000e+01,1.018582063220194181e-07
1.395312500000000000e+01,1.060121718823386386e-07
1.396875000000000000e+01,1.127483324822234651e-07
1.398437500000000000e+01,1.136066160614493711e-07
1.400000000000000000e+01,1.098718382969512497e-07
1.401562500000000000e+01,1.085471281939059721e-07
1.403125000000000000e+01,1.108172392531751427e-07
1.404687500000000000e+01,1.137921346694795425e-07
1.406250000000000000e+01,1.173715451659145019e-07
1.407812500000000000e+01,1.219772382274550518e-07
1.409375000000000000e+01,1.250922774691520859e-07
1.410937500000000000e+01,1.252048924282767662e-07
1.412500000000000000e+01,1.242338947532870317e-07
1.414062500000000000e+01,1.249551493601588400e-07
1.415625000000000000e+01,1.286567991884100092e-07
1.417187500000000000e+01,1.353283914442594848e-07
1.418750000000000000e+01,1.447346946786153817e-07
1.420312500000000000e+01,1.522476903627870319e-07
1.421875000000000000e+01,1.499101321315692036e-07
1.423437500000000000e+01,1.380492701975364421e-07
1.425000000000000000e+01,1.279833575661673965e-07
1.426562500000000000e+01,1.263511763859854702e-07
1.428125000000000000e+01,1.248014195464824087e-07
1.429687500000000000e+01,1.137499999751381630e-07
1.431250000000000000e+01,9.608529872437971659e-08
1.432812500000000000e+01,8.555512703274884634e-08
1.434375000000000000e+01,8.885394947586109447e-08
1.435937500000000000e+01,9.997442646897081844e-08
1.437500000000000000e+01,1.128457970107141677e-07
1.439062500000000000e+01,1.217696255694943442e-07
1.440625000000000000e+01,1.254374824328965578e-07
1.442187500000000000e+01,1.342368548978861445e-07
1.443750000000000000e+01,1.538640854513688206e-07
1.445312500000000000e+01,1.700919508083538653e-07
1.446875000000000000e+01,1.714812094020185549e-07
1.448437500000000000e+01,1.597201093199008673e-07
1.450000000000000000e+01,1.443872601753820343e-07
1.451562500000000000e+01,1.353866706122957263e-07
1.453125000000000000e+01,1.325984540365464406e-07
1.454687500000000000e+01,1.279941272061622461e-07
1.456250000000000000e+01,1.174011392159015066e-07
1.457812500000000000e+01,1.054260125392081885e-07
1.459375000000000000e+01,1.003959024338829357e-07
1.460937500000000000e+01,1.076171278384940884e-07
1.462500000000000000e+01,1.235434541343113036e-07
1.464062500000000000e+01,1.369392057518939241e-07
1.465625000000000000e+01,1.421919416677671637e-07
1.467187500000000000e+01,1.423765185229807768e-07
1.468750000000000000e+01,1.407242204711799844e-07
1.470312500000000000e+01,1.365371243485411936e-07
1.471875000000000000e+01,1.278085171501992155e-07
1.473437500000000000e+01,1.181458616894369120e-07
1.475000000000000000e+01,1.191183763071763353e-07
1.476562500000000000e+01,1.360946561333087170e-07
1.478125000000000000e+01,1.569609959993099432e-07
1.479687500000000000e+01,1.692296540104420927e-07
1.481250000000000000e+01,1.715355231773756856e-07
1.482812500000000000e+01,1.677459303143517239e-07
1.484375000000000000e+01,1.610591481571736542e-07
1.485937500000000000e+01,1.554575874375448469e-07
1.487500000000000000e+01,1.554707319226428469e-07
1.489062500000000000e+01,1.584418046924039732e-07
1.490625000000000000e+01,1.598691030713781332e-07
1.492187500000000000e+01,1.597505901499859311e-07
1.493750000000000000e+01,1.552736501748796322e-07
1.495312500000000000e+01,1.433457236711426048e-07
1.496875000000000000e+01,1.295084171148170378e-07
1.498437500000000000e+01,1.254322983646340553e-07
1.500000000000000000e+01,1.318390554740233355e-07
1.501562500000000000e+01,1.363666365679035851e-07
1.503125000000000000e+01,1.376256923721781893e-07
1.504687500000000000e+01,1.497163250500090930e-07
1.506250000000000000e+01,1.686726212802438344e-07
1.507812500000000000e+01,1.739069972067798130e-07
1.509375000000000000e+01,1.620624877918958722e-07
1.510937500000000000e+01,1.463508668626072908e-07
1.512500000000000000e+01,1.347456886045372488e-07
1.514062500000000000e+01,1.237515180409101897e-07
1.515625000000000000e+01,1.114972256562918260e-07
1.517187500000000000e+01,1.034936018010057943e-07
1.518750000000000000e+01,1.040202176101549234e-07
1.520312500000000000e+01,1.091722275650720335e-07
1.521875000000000000e+01,1.140065044644583377e-07
1.523437500000000000e+01,1.170311750574227826e-07
1.525000000000000000e+01,1.220121038183816052e-07
1.526562500000000000e+01,1.341940243533439214e-07
1.528125000000000000e+01,1.493171051395832707e-07
1.529687500000000000e+01,1.582718906325031929e-07
1.531250000000000000e+01,1.590671291069698808e-07
1.532812500000000000e+01,1.579566708998359855e-07
1.534375000000000000e+01,1.586351314183797377e-07
1.535937500000000000e+01,1.584277409264800360e-07
1.537500000000000000e+01,1.541278031613628624e-07
1.539062500000000000e+01,1.412870210418796216e-07
1.540625000000000000e+01,1.189796458132409185e-07
1.542187500000000000e+01,9.766760596811749286e-08
1.543750000000000000e+01,8.941927494323045543e-08
1.545312500000000000e+01,9.051129819490149171e-08
1.546875000000000000e+01,9.302696440992243349e-08
1.548437500000000000e+01,9.499070713848163091e-08
1.550000000000000000e+01,9.576606335730459862e-08
1.551562500000000000e+01,9.818766545968198253e-08
1.553125000000000000e+01,1.050036874172645048e-07
1.554687500000000000e+01,1.132834760307271017e-07
1.556250000000000000e+01,1.190979597109109499e-07
1.557812500000000000e+01,1.196569069221302007e-07
1.559375000000000000e+01,1.137211012679217081e-07
1.560937500000000000e+01,1.057878094347054639e-07
1.562500000000000000e+01,1.038289114908403241e-07
1.564062500000000000e+01,1.092221607595361064e-07
1.565625000000000000e+01,1.171082004403343688e-07
1.567187500000000000e+01,1.264900072699025905e-07
1.568750000000000000e+01,1.404709401871416678e-07
1.570312500000000000e+01,1.542575143395870374e-07
1.571875000000000000e+01,1.566963802644840172e-07
1.573437500000000000e+01,1.453678850131069761e-07
1.575000000000000000e+01,1.291478079973802903e-07
1.576562500000000000e+01,1.176175024121245636e-07
1.578125000000000000e+01,1.131066389816142456e-07
1.579687500000000000e+01,1.123713562062411160e-07
1.581250000000000000e+01,1.132477937902301762e-07
1.582812500000000000e+01,1.174460254215013720e-07
1.584375000000000000e+01,1.260840815335380417e-07
1.585937500000000000e+01,1.340306260002740788e-07
1.587500000000000000e+01,1.348229682299843001e-07
1.589062500000000000e+01,1.296771372982187256e-07
1.590625000000000000e+01,1.267377782562521844e-07
1.592187500000000000e+01,1.284858397897503869e-07
1.593750000000000000e+01,1.283902981284090526e-07
1.595312500000000000e+01,1.237577260732814798e-07
1.596875000000000000e+01,1.187126414493244363e-07
1.598437500000000000e+01,1.169682772524646463e-07
1.600000000000000000e+01,1.206516899865430828e-07
1.601562500000000000e+01,1.274658706714929819e-07
1.603125000000000000e+01,1.287235265016858451e-07
1.604687500000000000e+01,1.227821205160606787e-07
1.606250000000000000e+01,1.200361059757197652e-07
1.607812500000000000e+01,1.269023610219204381e-07
1.609375000000000000e+01,1.365761955691011457e-07
1.610937500000000000e+01,1.440963818807263572e-07
1.612500000000000000e+01,1.520007408714703992e-07
1.614062500000000000e+01,1.629958482106517375e-07
1.615625000000000000e+01,1.748291416896339683e-07
1.617187500000000000e+01,1.827062175486423392e-07
1.618750000000000000e+01,1.831633079688383884e-07
1.620312500000000000e+01,1.767757932604010735e-07
1.621875000000000000e+01,1.708601598626637793e-07
1.623437500000000000e+01,1.711510679937568943e-07
1.625000000000000000e+01,1.716957358996852524e-07
1.626562500000000000e+01,1.656600398988430128e-07
1.628125000000000000e+01,1.587769374730711595e-07
1.629687500000000000e+01,1.587610064999538616e-07
1.631250000000000000e+01,1.598983867449751295e-07
1.632812500000000000e+01,1.554757891367352690e-07
1.634375000000000000e+01,1.447432926505730932e-07
1.635937500000000000e+01,1.284140667799190614e-07
1.637500000000000000e+01,1.158024024419564828e-07
1.639062500000000000e+01,1.206369707039482447e-07
1.640625000000000000e+01,1.377055741803974695e-07
1.642187500000000000e+01,1.543674048049528053e-07
1.643750000000000000e+01,1.681291840815943549e-07
1.645312500000000000e+01,1.805161060930213574e-07
1.646875000000000000e+01,1.892307911328619536e-07
1.648437500000000000e+01,1.906298689192399166e-07
1.650000000000000000e+01,1.829376474651652789e-07
1.651562500000000000e+01,1.647863659818009759e-07
1.653125000000000000e+01,1.398786872284691191e-07
1.654687500000000000e+01,1.233876382279479249e-07
1.656250000000000000e+01,1.230114521903193703e-07
1.657812500000000000e+01,1.269419538709591541e-07
1.659375000000000000e+01,1.293751598896100111e-07
1.660937500000000000e+01,1.309290144459771852e-07
1.662500000000000000e+01,1.293447260769945106e-07
1.664062500000000000e+01,1.247521560563767803e-07
1.665625000000000000e+01,1.210927176549378295e-07
1.667187500000000000e+01,1.191772526687082357e-07
1.668750000000000000e+01,1.207913453493244279e-07
1.670312500000000000e+01,1.328932305905848135e-07
1.671875000000000000e+01,1.532058516825603423e-07
1.673437500000000000e+01,1.695829606911189882e-07
1.675000000000000000e+01,1.756424882054533227e-07
1.676562500000000000e+01,1.737160463427063541e-07
1.678125000000000000e+01,1.666054684705093642e-07
1.679687500000000000e+01,1.534037742512466903e-07
1.681250000000000000e+01,1.352181950266392453e-07
1.682812500000000000e+01,1.182280012627574903e-07
1.684375000000000000e+01,1.092931993671264912e-07
1.685937500000000000e+01,1.094331384150943280e-07
1.687500000000000000e+01,1.115589493173465055e-07
1.689062500000000000e+01,1.094657210621151389e-07
1.690625000000000000e+01,1.042455512139698316e-07
1.692187500000000000e+01,1.002437676774866066e-07
1.693750000000000000e+01,9.928982146516950100e-08
1.695312500000000000e+01,1.017942587610724184e-07
1.696875000000000000e+01,1.099095511514664932e-07
1.698437500000000000e+01,1.225281578662851434e-07
1.700000000000000000e+01,1.319967426559051023e-07
1.701562500000000000e+01,1.322755310799295019e-07
1.703125000000000000e+01,1.262157711889569435e-07
1.704687500000000000e+01,1.209190924083917890e-07
1.706250000000000000e+01,1.226493143267619940e-07
1.707812500000000000e+01,1.327501810193662328e-07
1.709375000000000000e+01,1.413569537319430881e-07
1.710937500000000000e+01,1.406006683436804316e-07
1.712500000000000000e+01,1.358808327213804505e-07
1.714062500000000000e+01,1.341385380936707259e-07
1.715625000000000000e+01,1.334880474037089480e-07
1.717187500000000000e+01,1.298531094430697162e-07
1.718750000000000000e+01,1.217919231769539126e-07
1.720312500000000000e+01,1.133059146505796839e-07
1.721875000000000000e+01,1.113556652399785527e-07
1.723437500000000000e+01,1.146908777224354677e-07
1.725000000000000000e+01,1.169179835269738385e-07
1.726562500000000000e+01,1.169062864424401359e-07
1.728125000000000000e+01,1.162645000429946399e-07
1.729687500000000000e+01,1.171026008204457788e-07
1.731250000000000000e+01,1.228526823607824139e-07
1.732812500000000000e+01,1.306841538244091537e-07
1.734375000000000000e+01,1.313547423996830488e-07
1.735937500000000000e+01,1.222723031489218771e-07
1.737500000000000000e+01,1.109591323333823844e-07
1.739062500000000000e+01,1.055811230544578728e-07
1.740625000000000000e+01,1.080937271158314816e-07
1.742187500000000000e+01,1.159292423724046094e-07
1.743750000000000000e+01,1.278588405918719305e-07
1.745312500000000000e+01,1.421228143249287423e-07
1.746875000000000000e+01,1.513559487073693561e-07
1.748437500000000000e+01,1.492064666695538583e-07
1.750000000000000000e+01,1.365493905136968944e-07
1.751562500000000000e+01,1.184987134818036420e-07
1.753125000000000000e+01,1.012484823314529879e-07
1.754687500000000000e+01,8.777630970821300923e-08
1.756250000000000000e+01,7.672714612957168507e-08
1.757812500000000000e+01,7.042860401365208765e-08
1.759375000000000000e+01,7.311803192096142698e-08
1.760937500000000000e+01,8.089941008952276032e-08
1.762500000000000000e+01,8.732337924062934707e-08
1.764062500000000000e+01,9.070180496276915108e-08
1.765625000000000000e+01,9.221255722776341503e-08
1.767187500000000000e+01,9.238667365154488691e-08
1.768750000000000000e+01,9.107527278634149533e-08
1.770312500000000000e+01,8.990344193274837294e-08
1.771875000000000000e+01,9.180765523859142314e-08
1.773437500000000000e+01,9.882689292216399621e-08
1.775000000000000000e+01,1.087560626764372405e-07
1.776562500000000000e+01,1.152267142751467000e-07
1.778125000000000000e+01,1.141066461262294062e-07
1.779687500000000000e+01,1.084214125005917478e-07
1.781250000000000000e+01,1.043158846659160035e-07
1.782812500000000000e+01,1.030028646039139068e-07
1.784375000000000000e+01,1.022476864011902759e-07
1.785937500000000000e+01,1.022459015269988852e-07
1.787500000000000000e+01,1.028293821338953782e-07
1.789062500000000000e+01,1.028295922283938355e-07
1.790625000000000000e+01,1.042991525687285945e-07
1.792187500000000000e+01,1.084086668089150560e-07
1.793750000000000000e+01,1.130803881629369075e-07
1.795312500000000000e+01,1.161822490619713435e-07
1.796875000000000000e+01,1.139335093682290436e-07
1.798437500000000000e+01,1.046785866564704932e-07
1.800000000000000000e+01,9.512889721385730485e-08
1.801562500000000000e+01,9.099229128486565899e-08
1.803125000000000000e+01,8.753716708032128416e-08
1.804687500000000000e+01,8.031066550779607921e-08
1.806250000000000000e+01,7.094017866696137502e-08
1.807812500000000000e+01,6.344528913279445006e-08
1.809375000000000000e+01,5.999653146722551500e-08
1.810937500000000000e+01,5.935825296581639636e-08
1.812500000000000000e+01,6.016393751371622310e-08
1.814062500000000000e+01,6.185028134589250974e-08
1.815625000000000000e+01,6.430816459295746902e-08
1.817187500000000000e+01,6.754776663181107553e-08
1.818750000000000000e+01,7.175247220317607033e-08
1.820312500000000000e+01,7.803157811417657177e-08
1.821875000000000000e+01,8.538298746405820693e-08
1.823437500000000000e+01,8.971182686396900743e-08
1.825000000000000000e+01,8.829466454879425749e-08
1.826562500000000000e+01,8.484239487018718794e-08
1.828125000000000000e+01,8.727257014813324310e-08
1.829687500000000000e+01,9.613441894537619882e-08
1.831250000000000000e+01,1.031241250372190720e-07
1.832812500000000000e+01,1.030422855593345460e-07
1.834375000000000000e+01,9.972286884014342937e-08
1.835937500000000000e+01,9.960142745336874044e-08
1.837500000000000000e+01,1.021718305694503660e-07
1.839062500000000000e+01,1.039081745351504420e-07
1.840625000000000000e+01,1.049354215495170035e-07
1.842187500000000000e+01,1.063807414462378594e-07
1.843750000000000000e+01,1.091612824944696421e-07
1.845312500000000000e+01,1.142007937171343781e-07
1.846875000000000000e+01,1.196543838604933665e-07
1.848437500000000000e+01,1.207452525430378264e-07
1.850000000000000000e+01,1.129431126329600376e-07
1.851562500000000000e+01,9.769860824848337617e-08
1.853125000000000000e+01,8.419771746432614026e-08
1.854687500000000000e+01,7.978429323280116801e-08
1.856250000000000000e+01,8.134000599985557529e-08
1.857812500000000000e+01,8.178878991028990469e-08
1.859375000000000000e+01,7.736722908023764843e-08
1.860937500000000000e+01,7.047917230022195472e-08
1.862500000000000000e+01,6.721330743284357328e-08
1.864062500000000000e+01,6.803304829631961370e-08
1.865625000000000000e+01,7.003916932815477834e-08
1.867187500000000000e+01,7.529424679489289924e-08
1.868750000000000000e+01,8.575772414138684285e-08
1.870312500000000000e+01,9.809548643177935480e-08
1.871875000000000000e+01,1.059393178045216392e-07
1.873437500000000000e+01,1.049987144721878545e-07
1.875000000000000000e+01,9.817887403871729509e-08
1.876562500000000000e+01,9.416168405696489624e-08
1.878125000000000000e+01,9.591233647817174445e-08
1.879687500000000000e+01,9.651760142688370716e-08
1.881250000000000000e+01,9.189758126088855206e-08
1.882812500000000000e+01,8.585824153618785758e-08
1.884375000000000000e+01,8.116424219962139530e-08
1.885937500000000000e+01,7.485514984828143622e-08
1.887500000000000000e+01,6.681903905826406804e-08
1.889062500000000000e+01,6.226995947849004803e-08
1.890625000000000000e+01,6.291368682690658672e-08
1.892187500000000000e+01,6.478710335208479499e-08
1.893750000000000000e+01,6.640432316778254668e-08
1.895312500000000000e+01,6.981090382753809462e-08
1.896875000000000000e+01,7.551208519609040246e-08
1.898437500000000000e+01,8.121494876730837946e-08
1.900000000000000000e+01,8.540363111254356020e-08
1.901562500000000000e+01,8.813250670562626981e-08
1.903125000000000000e+01,8.986092193345801287e-08
1.904687500000000000e+01,9.288190317401641044e-08
1.906250000000000000e+01,9.734289176886090045e-08
1.907812500000000000e+01,9.938592250356979139e-08
1.909375000000000000e+01,9.824427275583519630e-08
1.910937500000000000e+01,9.639828096554635345e-08
1.912500000000000000e+01,9.454316310504492062e-08
1.914062500000000000e+01,9.275826918456879575e-08
1.915625000000000000e+01,9.331760338265400753e-08
1.917187500000000000e+01,9.861316356616719149e-08
1.918750000000000000e+01,1.069352333649368091e-07
1.920312500000000000e+01,1.118248457878852758e-07
1.921875000000000000e+01,1.094553823950596266e-07
1.923437500000000000e+01,1.042824927842173727e-07
1.925000000000000000e+01,1.017352007151778182e-07
1.926562500000000000e+01,9.874831842851566936e-08
1.928125000000000000e+01,9.064395526593259448e-08
1.929687500000000000e+01,8.209597874801201209e-08
1.931250000000000000e+01,8.204709268705798659e-08
1.932812500000000000e+01,8.808852840050566948e-08
1.934375000000000000e+01,9.322464292825152298e-08
1.935937500000000000e+01,9.916333106836561298e-08
1.937500000000000000e+01,1.086371649953438846e-07
1.939062500000000000e+01,1.155151983877905985e-07
1.940625000000000000e+01,1.131601431748339842e-07
1.942187500000000000e+01,1.044345312431980760e-07
1.943750000000000000e+01,9.696548042375381743e-08
1.945312500000000000e+01,9.387790476002835446e-08
1.946875000000000000e+01,9.481922499822359240e-08
1.948437500000000000e+01,1.002443554129074239e-07
1.950000000000000000e+01,1.093516190383970554e-07
1.951562500000000000e+01,1.177416381255218192e-07
1.953125000000000000e+01,1.203078235344564692e-07
1.954687500000000000e+01,1.168201051094587924e-07
1.956250000000000000e+01,1.109895397880594680e-07
1.957812500000000000e+01,1.036561265251812647e-07
1.959375000000000000e+01,9.336480805589437500e-08
1.960937500000000000e+01,8.281174806547693033e-08
1.962500000000000000e+01,7.730702559903650023e-08
1.964062500000000000e+01,7.484477133783014023e-08
1.965625000000000000e+01,6.954326476397075987e-08
1.967187500000000000e+01,6.243101591504531198e-08
1.968750000000000000e+01,5.827932117806426047e-08
1.970312500000000000e+01,5.817727462586857508e-08
1.971875000000000000e+01,6.132602380325162085e-08
1.973437500000000000e+01,6.592924916048182440e-08
1.975000000000000000e+01,6.968089704609130840e-08
1.976562500000000000e+01,7.207128728838097565e-08
1.978125000000000000e+01,7.210949746534001280e-08
1.979687500000000000e+01,6.840749085806080245e-08
1.981250000000000000e+01,6.266097146347944350e-08
1.982812500000000000e+01,5.944431782121894114e-08
1.984375000000000000e+01,6.111614862224002183e-08
1.985937500000000000e+01,6.557054746873368293e-08
1.987500000000000000e+01,6.928163640742095607e-08
1.989062500000000000e+01,6.987125118866916560e-08
1.990625000000000000e+01,6.818390758634127670e-08
1.992187500000000000e+01,6.837740451527834587e-08
1.993750000000000000e+01,7.178854205537620968e-08
1.995312500000000000e+01,7.597866760207302201e-08
1.996875000000000000e+01,8.167174634192407628e-08
1.998437500000000000e+01,8.898296460307747791e-08
2.000000000000000000e+01,9.546081994249427725e-08
2.001562500000000000e+01,1.012916331310978007e-07
2.003125000000000000e+01,1.060710740665104840e-07
2.004687500000000000e+01,1.061495953049173895e-07
2.006250000000000000e+01,9.856108227089001509e-08
2.007812500000000000e+01,8.434387454839051460e-08
2.009375000000000000e+01,6.844462947537407328e-08
2.010937500000000000e+01,5.771437335825075164e-08
2.012500000000000000e+01,5.553160379506418680e-08
2.014062500000000000e+01,5.790368275090326883e-08
2.015625000000000000e+01,6.143520478935155804e-08
2.017187500000000000e+01,6.512026078561496572e-08
2.018750000000000000e+01,6.729959440467931791e-08
2.020312500000000000e+01,6.863785532906730949e-08
2.021875000000000000e+01,7.402305536637409724e-08
2.023437500000000000e+01,8.632314604307486627e-08
2.025000000000000000e+01,9.863825848716940720e-08
2.026562500000000000e+01,1.015444972068138694e-07
2.028125000000000000e+01,9.447538669681132440e-08
2.029687500000000000e+01,8.631864182731763496e-08
2.031250000000000000e+01,8.581295895496978203e-08
2.032812500000000000e+01,9.205740901927520391e-08
2.034375000000000000e+01,9.893303281629597464e-08
2.035937500000000000e+01,1.018613038973320156e-07
2.037500000000000000e+01,9.908673241556691034e-08
2.039062500000000000e+01,9.287526229825668582e-08
2.040625000000000000e+01,8.723729824673548094e-08
2.042187500000000000e+01,8.396993201104906337e-08
2.043750000000000000e+01,8.393133752339870846e-08
2.045312500000000000e+01,8.704600959140172931e-08
2.046875000000000000e+01,9.033754472591590290e-08
2.048437500000000000e+01,9.163875457038891475e-08
2.050000000000000000e+01,9.303505973547125807e-08
2.051562500000000000e+01,9.468288279573416728e-08
2.053125000000000000e+01,9.357060668479503393e-08
2.054687500000000000e+01,9.025173292787604851e-08
2.056250000000000000e+01,8.582416835982640076e-08
2.057812500000000000e+01,8.020470335590956335e-08
2.059375000000000000e+01,7.517972682391511612e-08
2.060937500000000000e+01,7.291507267159022688e-08
2.062500000000000000e+01,7.487567879263644988e-08
2.064062500000000000e+01,8.144749402271408182e-08
2.065625000000000000e+01,8.905686166593746197e-08
2.067187500000000000e+01,9.241846799766470807e-08
2.068750000000000000e+01,9.095403955207424165e-08
2.070312500000000000e+01,8.876543831590138940e-08
2.071875000000000000e+01,8.717204614553410677e-08
2.073437500000000000e+01,8.354173428379538050e-08
2.075000000000000000e+01,7.910781927387786093e-08
2.076562500000000000e+01,7.931796609229233110e-08
2.078125000000000000e+01,8.352685463569407501e-08
2.079687500000000000e+01,8.557713881415431479e-08
2.081250000000000000e+01,8.455799081969127825e-08
2.082812500000000000e+01,8.373441897370891635e-08
2.084375000000000000e+01,8.443398432891914098e-08
2.085937500000000000e+01,8.719013040751247129e-08
2.087500000000000000e+01,8.980328433238507041e-08
2.089062500000000000e+01,8.752569723167915313e-08
2.090625000000000000e+01,7.937876195274482185e-08
2.092187500000000000e+01,7.070045014052924672e-08
2.093750000000000000e+01,7.010348118170282143e-08
2.095312500000000000e+01,7.717439686524809356e-08
2.096875000000000000e+01,8.366128558313054036e-08
2.098437500000000000e+01,8.722545144264686828e-08
2.100000000000000000e+01,9.027148487412428715e-08
2.101562500000000000e+01,9.355963409341336874e-08
2.103125000000000000e+01,9.525238916867888869e-08
2.104687500000000000e+01,9.261959397795551870e-08
2.106250000000000000e+01,8.588237257704466333e-08
2.107812500000000000e+01,8.088641647151038024e-08
2.109375000000000000e+01,7.967314547833340000e-08
2.110937500000000000e+01,7.723312759080084675e-08
2.112500000000000000e+01,7.350158204734816015e-08
2.114062500000000000e+01,7.167807422313237269e-08
2.115625000000000000e+01,7.215825826541503393e-08
2.117187500000000000e+01,7.785192910788648899e-08
2.118750000000000000e+01,8.969460915272846563e-08
2.120312500000000000e+01,1.002401037336881129e-07
2.121875000000000000e+01,1.038803830936398107e-07
2.123437500000000000e+01,1.031626777385143567e-07
2.125000000000000000e+01,1.030011048078135652e-07
2.126562500000000000e+01,1.014923280320953143e-07
2.128125000000000000e+01,9.396470918500419614e-08
2.129687500000000000e+01,8.203792672545033369e-08
2.131250000000000000e+01,7.229232045992616420e-08
2.132812500000000000e+01,6.774934206063579638e-08
2.134375000000000000e+01,6.447153491454930842e-08
2.135937500000000000e+01,6.028383910876849072e-08
2.137500000000000000e+01,5.773929068997817426e-08
2.139062500000000000e+01,5.831741922892369358e-08
2.140625000000000000e+01,6.099210059221114505e-08
2.142187500000000000e+01,6.425561523656949562e-08
2.143750000000000000e+01,6.675177784002241239e-08
2.145312500000000000e+01,6.817668529860488006e-08
2.146875000000000000e+01,6.916450771072927487e-08
2.148437500000000000e+01,6.921992845857213386e-08
2.150000000000000000e+01,6.657780049895929423e-08
2.151562500000000000e+01,6.197740349314109209e-08
2.153125000000000000e+01,5.960246137863752280e-08
2.154687500000000000e+01,6.125001993857789780e-08
2.156250000000000000e+01,6.561693011978186264e-08
2.157812500000000000e+01,7.085322954556632726e-08
2.159375000000000000e+01,7.457873600908224877e-08
2.160937500000000000e+01,7.703440683246620784e-08
2.162500000000000000e+01,8.060637199617119940e-08
2.164062500000000000e+01,8.572957281281086728e-08
2.165625000000000000e+01,8.954289340091709740e-08
2.167187500000000000e+01,9.031391629705969259e-08
2.168750000000000000e+01,9.055544713459409064e-08
2.170312500000000000e+01,9.069799782221607135e-08
2.171875000000000000e+01,8.755980043750302608e-08
2.173437500000000000e+01,8.245217498800401725e-08
2.175000000000000000e+01,7.930992533650958616e-08
2.176562500000000000e+01,7.795551867532292971e-08
2.178125000000000000e+01,7.709458473739117901e-08
2.179687500000000000e+01,7.547470726467029567e-08
2.181250000000000000e+01,7.181992591127992958e-08
2.182812500000000000e+01,6.621618927814791110e-08
2.184375000000000000e+01,5.813789954674484356e-08
2.185937500000000000e+01,4.891385958672905707e-08
2.187500000000000000e+01,4.399875401816858221e-08
2.189062500000000000e+01,4.574383391663611836e-08
2.190625000000000000e+01,5.113803963016696305e-08
2.192187500000000000e+01,5.807605885262854815e-08
2.193750000000000000e+01,6.471597722228876669e-08
2.195312500000000000e+01,6.789133913877433885e-08
2.196875000000000000e+01,6.710678095657139622e-08
2.198437500000000000e+01,6.754960383945111089e-08
2.200000000000000000e+01,7.557026851041531791e-08
2.201562500000000000e+01,9.112455500918061041e-08
2.203125000000000000e+01,1.066970974314919508e-07
2.204687500000000000e+01,1.151641193190854834e-07
2.206250000000000000e+01,1.157455127338577381e-07
2.207812500000000000e+01,1.113210459329208564e-07
2.209375000000000000e+01,1.042114871432051991e-07
2.210937500000000000e+01,9.437919687596303716e-08
2.212500000000000000e+01,8.167850716604283439e-08
2.214062500000000000e+01,6.978388762092157678e-08
2.215625000000000000e+01,6.313198875301293392e-08
2.217187500000000000e+01,6.170285292085205307e-08
2.218750000000000000e+01,6.215678646563569971e-08
2.220312500000000000e+01,6.258686833328038697e-08
2.221875000000000000e+01,6.387995136265111583e-08
2.223437500000000000e+01,6.638518251075080237e-08
2.225000000000000000e+01,6.821503944561966759e-08
2.226562500000000000e+01,6.923657371018926831e-08
2.228125000000000000e+01,7.262271779463656810e-08
2.229687500000000000e+01,7.679864949761532179e-08
2.231250000000000000e+01,7.727057309803756903e-08
2.232812500000000000e+01,7.628456725622753482e-08
2.234375000000000000e+01,7.667318033974546328e-08
2.235937500000000000e+01,7.668995215243250421e-08
2.237500000000000000e+01,7.608307682418467504e-08
2.239062500000000000e+01,7.519508878612935360e-08
2.240625000000000000e+01,7.256774170119514737e-08
2.242187500000000000e+01,6.678564658137678600e-08
2.243750000000000000e+01,5.880582415419641297e-08
2.245312500000000000e+01,5.288244990018674377e-08
2.246875000000000000e+01,5.319094760449164315e-08
2.248437500000000000e+01,5.824681900986206144e-08
2.250000000000000000e+01,6.295429054201938950e-08
2.251562500000000000e+01,6.414795626273005803e-08
2.253125000000000000e+01,6.248104309137223584e-08
2.254687500000000000e+01,6.078559430528661770e-08
2.256250000000000000e+01,5.917093434816802887e-08
2.257812500000000000e+01,5.599865038680242442e-08
2.259375000000000000e+01,5.250181454576377201e-08
2.260937500000000000e+01,5.090757027615535614e-08
2.262500000000000000e+01,5.167177929367173598e-08
2.264062500000000000e+01,5.362563629423919800e-08
2.265625000000000000e+01,5.547128417832547456e-08
2.267187500000000000e+01,5.712547198902967453e-08
2.268750000000000000e+01,5.748247210974857309e-08
2.270312500000000000e+01,5.564588596251681100e-08
2.271875000000000000e+01,5.551536464796078381e-08
2.273437500000000000e+01,5.978923719497889100e-08
2.275000000000000000e+01,6.324859316364376645e-08
2.276562500000000000e+01,6.217254254039705764e-08
2.278125000000000000e+01,5.975767135936071175e-08
2.279687500000000000e+01,5.931748379864838662e-08
2.281250000000000000e+01,6.035326943214805128e-08
2.282812500000000000e+01,6.208222478803446038e-08
2.284375000000000000e+01,6.297386124649717952e-08
2.285937500000000000e+01,6.190412438632212811e-08
2.287500000000000000e+01,5.978368444752832876e-08
2.289062500000000000e+01,5.757074987933547767e-08
2.290625000000000000e+01,5.646006582576962924e-08
2.292187500000000000e+01,5.756737470527559309e-08
2.293750000000000000e+01,6.098809907988010884e-08
2.295312500000000000e+01,6.671034560785563248e-08
2.296875000000000000e+01,7.180403309653814449e-08
2.298437500000000000e+01,7.213730788701058091e-08
2.300000000000000000e+01,6.800995099861852148e-08
2.301562500000000000e+01,6.249832075458646540e-08
2.303125000000000000e+01,5.823103807389246695e-08
2.304687500000000000e+01,5.806719324292205305e-08
2.306250000000000000e+01,6.150168344398696233e-08
2.307812500000000000e+01,6.371137098443315208e-08
2.309375000000000000e+01,6.193758799512661861e-08
2.310937500000000000e+01,5.815407416793448216e-08
2.312500000000000000e+01,5.536115322956775405e-08
2.314062500000000000e+01,5.293033172524692178e-08
2.315625000000000000e+01,4.940608381688140906e-08
2.317187500000000000e+01,4.645160299387984995e-08
2.318750000000000000e+01,4.483848484680634244e-08
2.320312500000000000e+01,4.354290145161125922e-08
2.321875000000000000e+01,4.534661495337362422e-08
2.323437500000000000e+01,5.210423623659724343e-08
2.325000000000000000e+01,5.838009805121585588e-08
2.326562500000000000e+01,5.967804642650664042e-08
2.328125000000000000e+01,5.857593206025202711e-08
2.329687500000000000e+01,5.815043947121290440e-08
2.331250000000000000e+01,5.606861265517597393e-08
2.332812500000000000e+01,5.279305609982073474e-08
2.334375000000000000e+01,5.372909380215961408e-08
2.335937500000000000e+01,6.071839778426666664e-08
2.337500000000000000e+01,7.005679069126964568e-08
2.339062500000000000e+01,7.540219912324482548e-08
2.340625000000000000e+01,7.324099223979543561e-08
2.342187500000000000e+01,6.771481017212496320e-08
2.343750000000000000e+01,6.500895577120329429e-08
2.345312500000000000e+01,6.334492399842143965e-08
2.346875000000000000e+01,5.883537853787563441e-08
2.348437500000000000e+01,5.357285432342049166e-08
2.350000000000000000e+01,5.189277888141038383e-08
2.351562500000000000e+01,5.428124537263600204e-08
2.353125000000000000e+01,5.801651204925751948e-08
2.354687500000000000e+01,6.135325908533645852e-08
2.356250000000000000e+01,6.341685513433570126e-08
2.357812500000000000e+01,6.279686488749131659e-08
2.359375000000000000e+01,5.958842856327190190e-08
2.360937500000000000e+01,5.748962496154177617e-08
2.362500000000000000e+01,6.012135568107963519e-08
2.364062500000000000e+01,6.479952454824851227e-08
2.365625000000000000e+01,6.813475464935168531e-08
2.367187500000000000e+01,7.304332256447984666e-08
2.368750000000000000e+01,8.095906357769382835e-08
2.370312500000000000e+01,8.728581208987376698e-08
2.371875000000000000e+01,8.943694167735470488e-08
2.373437500000000000e+01,8.980493932249393067e-08
2.375000000000000000e+01,8.984981216742799345e-08
2.376562500000000000e+01,8.751340071325481944e-08
2.378125000000000000e+01,8.302751938478838980e-08
2.379687500000000000e+01,7.901134303238656154e-08
2.381250000000000000e+01,7.563724433681716160e-08
2.382812500000000000e+01,7.144923103795545134e-08
2.384375000000000000e+01,6.601667075414668775e-08
2.385937500000000000e+01,6.061866327032223060e-08
2.387500000000000000e+01,5.758498790856345372e-08
2.389062500000000000e+01,5.853912271973198656e-08
2.390625000000000000e+01,6.270891789820600526e-08
2.392187500000000000e+01,6.595306430282374383e-08
2.393750000000000000e+01,6.395603780358326293e-08
2.395312500000000000e+01,5.640513454962787150e-08
2.396875000000000000e+01,4.752305208118189899e-08
2.398437500000000000e+01,4.344047115049534654e-08
2.400000000000000000e+01,4.645825790598077986e-08
2.401562500000000000e+01,5.243148166320998865e-08
2.403125000000000000e+01,5.673414636607520948e-08
2.404687500000000000e+01,5.788877513785842464e-08
2.406250000000000000e+01,5.623395577889818744e-08
2.407812500000000000e+01,5.287950192373012374e-08
2.409375000000000000e+01,5.067596078562797909e-08
2.410937500000000000e+01,5.247369777781510549e-08
2.412500000000000000e+01,5.718705805411059527e-08
2.414062500000000000e+01,6.168918422640155360e-08
2.415625000000000000e+01,6.463664239999916970e-08
2.417187500000000000e+01,6.473292264726649632e-08
2.418750000000000000e+01,6.120281715751761523e-08
2.420312500000000000e+01,5.690500643845100214e-08
2.421875000000000000e+01,5.441288879655946786e-08
2.423437500000000000e+01,5.327883407801105634e-08
2.425000000000000000e+01,5.481016605637558054e-08
2.426562500000000000e+01,5.964198745053790143e-08
2.428125000000000000e+01,6.428650054222301726e-08
2.429687500000000000e+01,6.541102414691922484e-08
2.431250000000000000e+01,6.214990529872359604e-08
2.432812500000000000e+01,5.718448997325840397e-08
2.434375000000000000e+01,5.594562912642857547e-08
2.435937500000000000e+01,5.931390352455612533e-08
2.437500000000000000e+01,6.238061520004909248e-08
2.439062500000000000e+01,6.266790862342372642e-08
2.440625000000000000e+01,6.250269576040780686e-08
2.442187500000000000e+01,6.429913058140458694e-08
2.443750000000000000e+01,6.613091607431243524e-08
2.445312500000000000e+01,6.633467065818839305e-08
2.446875000000000000e+01,6.699228440108278598e-08
2.448437500000000000e+01,6.923884556271673895e-08
2.450000000000000000e+01,7.165952546565031961e-08
2.451562500000000000e+01,7.324372193037133872e-08
2.453125000000000000e+01,7.513000715554145155e-08
2.454687500000000000e+01,7.956734753359149066e-08
2.456250000000000000e+01,8.431671619019566519e-08
2.457812500000000000e+01,8.373155585089990284e-08
2.459375000000000000e+01,7.750632459043812322e-08
2.460937500000000000e+01,7.057049412944110794e-08
2.462500000000000000e+01,6.575369507424648746e-08
2.464062500000000000e+01,6.179621786101378121e-08
2.465625000000000000e+01,5.732418699531585590e-08
2.467187500000000000e+01,5.334408384275089237e-08
2.468750000000000000e+01,5.073862430327732890e-08
2.470312500000000000e+01,4.803031780575326550e-08
2.471875000000000000e+01,4.364165080839738123e-08
2.473437500000000000e+01,3.892009593502505347e-08
2.475000000000000000e+01,3.749117247650102806e-08
2.476562500000000000e+01,4.013607059298591426e-08
2.478125000000000000e+01,4.446836175303680524e-08
2.479687500000000000e+01,4.866959840312041255e-08
2.481250000000000000e+01,5.047748432070919768e-08
2.482812500000000000e+01,4.869610014151894307e-08
2.484375000000000000e+01,4.611138490638298920e-08
2.485937500000000000e+01,4.500307574520047925e-08
2.487500000000000000e+01,4.423905340339057736e-08
2.489062500000000000e+01,4.419637585348881194e-08
2.490625000000000000e+01,4.689791626092348387e-08
2.492187500000000000e+01,5.276533204966650771e-08
2.493750000000000000e+01,6.133020040400163340e-08
2.495312500000000000e+01,7.065066944617658244e-08
2.496875000000000000e+01,7.688541478317813391e-08
2.498437500000000000e+01,7.796590432739559231e-08
2.500000000000000000e+01,7.588333236917650946e-08
2.501562500000000000e+01,7.327899216235059459e-08
2.503125000000000000e+01,6.972528723708493834e-08
2.504687500000000000e+01,6.461956222921379082e-08
2.506250000000000000e+01,5.918709025238145531e-08
2.507812500000000000e+01,5.447182466569140200e-08
2.509375000000000000e+01,5.107269022617062541e-08
2.510937500000000000e+01,4.876282256962276906e-08
2.512500000000000000e+01,4.636811337544566144e-08
2.514062500000000000e+01,4.373261508633930407e-08
2.515625000000000000e+01,4.175185050696885363e-08
2.517187500000000000e+01,4.085919879791472992e-08
2.518750000000000000e+01,4.057590474861000313e-08
2.520312500000000000e+01,4.000842475564806422e-08
2.521875000000000000e+01,3.871190203190582995e-08
2.523437500000000000e+01,3.732630849787957239e-08
2.525000000000000000e+01,3.865913618293784743e-08
2.526562500000000000e+01,4.453375461227705251e-08
2.528125000000000000e+01,5.075144151468763311e-08
2.529687500000000000e+01,5.210760901104342059e-08
2.531250000000000000e+01,4.884151049960955025e-08
2.532812500000000000e+01,4.568369233123423422e-08
2.534375000000000000e+01,4.485094116823818703e-08
2.535937500000000000e+01,4.484110354527499883e-08
2.537500000000000000e+01,4.468798132627225403e-08
2.539062500000000000e+01,4.408832605345538455e-08
2.540625000000000000e+01,4.430639604658642199e-08
2.542187500000000000e+01,4.656358615172204993e-08
2.543750000000000000e+01,4.804007538739458100e-08
2.545312500000000000e+01,4.587233509800776001e-08
2.546875000000000000e+01,4.149719545491916490e-08
2.548437500000000000e+01,3.788100336513167494e-08
2.550000000000000000e+01,3.609307047765592794e-08
2.551562500000000000e+01,3.714455479844477781e-08
2.553125000000000000e+01,4.108241812596742898e-08
2.554687500000000000e+01,4.406058765544646654e-08
2.556250000000000000e+01,4.288449977148587253e-08
2.557812500000000000e+01,3.898391166287031756e-08
2.559375000000000000e+01,3.597195187675916524e-08
2.560937500000000000e+01,3.506827904802965300e-08
2.562500000000000000e+01,3.619691844814992895e-08
2.564062500000000000e+01,3.950306177293980826e-08
2.565625000000000000e+01,4.365684546615167055e-08
2.567187500000000000e+01,4.751690596213934554e-08
2.568750000000000000e+01,5.095261369905136015e-08
2.570312500000000000e+01,5.390785428073547994e-08
2.571875000000000000e+01,5.637146910232281379e-08
2.573437500000000000e+01,5.677155383126153808e-08
2.575000000000000000e+01,5.341017930883320937e-08
2.576562500000000000e+01,4.923529051722203149e-08
2.578125000000000000e+01,4.917570447208424568e-08
2.579687500000000000e+01,5.138191636597586072e-08
2.581250000000000000e+01,5.108391680105506819e-08
2.582812500000000000e+01,4.773684837548469323e-08
2.584375000000000000e+01,4.357297944001486133e-08
2.585937500000000000e+01,4.083297766626991084e-08
2.587500000000000000e+01,4.029529836016086445e-08
2.589062500000000000e+01,4.063823189593458841e-08
2.590625000000000000e+01,3.993020870917226128e-08
2.592187500000000000e+01,3.768419121486860779e-08
2.593750000000000000e+01,3.479362932648520126e-08
2.595312500000000000e+01,3.237489733102219035e-08
2.596875000000000000e+01,3.233866565503412134e-08
2.598437500000000000e+01,3.644677785020178398e-08
2.600000000000000000e+01,4.277049753136785012e-08
2.601562500000000000e+01,4.752742395466613046e-08
2.603125000000000000e+01,4.965901205680190242e-08
2.604687500000000000e+01,5.149157298965833154e-08
2.606250000000000000e+01,5.485383222491530754e-08
2.607812500000000000e+01,5.846372185352213318e-08
2.609375000000000000e+01,5.988537678427386477e-08
2.610937500000000000e+01,5.797488554096751237e-08
2.612500000000000000e+01,5.405452258213138336e-08
2.614062500000000000e+01,5.116765941769149338e-08
2.615625000000000000e+01,5.055865523089576389e-08
2.617187500000000000e+01,5.003066993638817687e-08
2.618750000000000000e+01,4.807794569016952058e-08
2.620312500000000000e+01,4.638956133258644400e-08
2.621875000000000000e+01,4.626412014060924446e-08
2.623437500000000000e+01,4.742007882960026357e-08
2.625000000000000000e+01,5.061656338820446304e-08
2.626562500000000000e+01,5.514771556687820652e-08
2.628125000000000000e+01,5.759501461426089346e-08
2.629687500000000000e+01,5.595450582168554402e-08
2.631250000000000000e+01,5.327541863842647355e-08
2.632812500000000000e+01,5.426900936926022221e-08
2.634375000000000000e+01,5.702437680772811284e-08
2.635937500000000000e+01,5.646954369728599118e-08
2.637500000000000000e+01,5.194079754750147699e-08
2.639062500000000000e+01,4.562724415302223981e-08
2.640625000000000000e+01,3.862612668689621859e-08
2.642187500000000000e+01,3.224657479417790013e-08
2.643750000000000000e+01,2.939986146494349246e-08
2.645312500000000000e+01,3.100646116087222087e-08
2.646875000000000000e+01,3.531314099883053394e-08
2.648437500000000000e+01,4.090141382940959240e-08
2.650000000000000000e+01,4.478205230804481325e-08
2.651562500000000000e+01,4.461872888555169446e-08
2.653125000000000000e+01,4.488331988284774166e-08
2.654687500000000000e+01,4.938982931907452129e-08
2.656250000000000000e+01,5.306791227944945137e-08
2.657812500000000000e+01,5.313402350660758200e-08
2.659375000000000000e+01,5.144501696460438958e-08
2.660937500000000000e+01,4.934604838186203302e-08
2.662500000000000000e+01,4.801256234712598725e-08
2.664062500000000000e+01,4.865468375352251111e-08
2.665625000000000000e+01,5.062716306740531658e-08
2.667187500000000000e+01,5.162537748411072098e-08
2.668750000000000000e+01,4.981200172710852037e-08
2.670312500000000000e+01,4.657277875751482435e-08
2.671875000000000000e+01,4.489089838932419076e-08
2.673437500000000000e+01,4.457853144559423957e-08
2.675000000000000000e+01,4.459904183135862675e-08
2.676562500000000000e+01,4.641375586790714041e-08
2.678125000000000000e+01,5.052174457796685524e-08
2.679687500000000000e+01,5.435802671216861066e-08
2.681250000000000000e+01,5.511970307040911200e-08
2.682812500000000000e+01,5.265806655990546266e-08
2.684375000000000000e+01,5.060396665061057625e-08
2.685937500000000000e+01,5.148776182004937347e-08
2.687500000000000000e+01,5.186098141230354498e-08
2.689062500000000000e+01,4.989409578549891909e-08
2.690625000000000000e+01,4.927144150297133705e-08
2.692187500000000000e+01,5.180486152211548781e-08
2.693750000000000000e+01,5.462596033979104807e-08
2.695312500000000000e+01,5.488122372353356013e-08
2.696875000000000000e+01,5.195976058631154045e-08
2.698437500000000000e+01,4.793081708719713716e-08
2.700000000000000000e+01,4.604876410511874933e-08
2.701562500000000000e+01,4.757941387506171883e-08
2.703125000000000000e+01,5.084309154973649926e-08
2.704687500000000000e+01,5.307190280909796350e-08
2.706250000000000000e+01,5.279637910101163377e-08
2.707812500000000000e+01,5.124968903210532385e-08
2.709375000000000000e+01,5.111101677510041991e-08
2.710937500000000000e+01,5.248047219069626198e-08
2.712500000000000000e+01,5.310055605514733494e-08
2.714062500000000000e+01,5.163419073962014204e-08
2.715625000000000000e+01,4.673593025287416892e-08
2.717187500000000000e+01,3.868965353283259655e-08
2.718750000000000000e+01,3.267982417716701494e-08
2.720312500000000000e+01,3.299650527771951009e-08
2.721875000000000000e+01,3.640815836126355051e-08
2.723437500000000000e+01,4.002032734011870685e-08
2.725000000000000000e+01,4.361277420845606126e-08
2.726562500000000000e+01,4.654338691455434993e-08
2.728125000000000000e+01,4.751301239181389045e-08
2.729687500000000000e+01,4.629618264115778924e-08
2.731250000000000000e+01,4.431174941383385743e-08
2.732812500000000000e+01,4.339203315028543242e-08
2.734375000000000000e+01,4.384352647068299358e-08
2.735937500000000000e+01,4.399789655724940485e-08
2.737500000000000000e+01,4.304004880001564623e-08
2.739062500000000000e+01,4.189656426373979633e-08
2.740625000000000000e+01,4.182414863217337080e-08
2.742187500000000000e+01,4.409405134780861324e-08
2.743750000000000000e+01,4.820050950621696717e-08
2.745312500000000000e+01,5.205494231645364650e-08
2.746875000000000000e+01,5.489662625164725340e-08
2.748437500000000000e+01,5.648191737356439878e-08
2.750000000000000000e+01,5.630180038538385033e-08
2.751562500000000000e+01,5.498977614410609198e-08
2.753125000000000000e+01,5.386766462851724879e-08
2.754687500000000000e+01,5.393127593267356331e-08
2.756250000000000000e+01,5.575492636481265160e-08
2.757812500000000000e+01,5.934335499048907210e-08
2.759375000000000000e+01,6.319754599060751838e-08
2.760937500000000000e+01,6.376377191201725297e-08
2.762500000000000000e+01,5.853822078045259258e-08
2.764062500000000000e+01,4.994050572447485811e-08
2.765625000000000000e+01,4.454462685607912619e-08
2.767187500000000000e+01,4.452312513018251647e-08
2.768750000000000000e+01,4.548456199173447316e-08
2.770312500000000000e+01,4.526006707403326153e-08
2.771875000000000000e+01,4.390884647099796115e-08
2.773437500000000000e+01,4.154484428975727471e-08
2.775000000000000000e+01,3.906693524876180168e-08
2.776562500000000000e+01,3.716256414999518169e-08
2.778125000000000000e+01,3.520588317096381667e-08
2.779687500000000000e+01,3.293075219280538416e-08
2.781250000000000000e+01,3.045442997361103332e-08
2.782812500000000000e+01,2.743417881564805368e-08
2.784375000000000000e+01,2.551070091434513647e-08
2.785937500000000000e+01,2.638803339883816379e-08
2.787500000000000000e+01,2.820577032471575881e-08
2.789062500000000000e+01,2.973598731823552414e-08
2.790625000000000000e+01,3.161111745669039844e-08
2.792187500000000000e+01,3.331395005379105264e-08
2.793750000000000000e+01,3.429523318759355997e-08
2.795312500000000000e+01,3.544200455368985547e-08
2.796875000000000000e+01,3.728987411482541217e-08
2.798437500000000000e+01,3.960171067124858986e-08
2.800000000000000000e+01,4.192383719332594264e-08
2.801562500000000000e+01,4.332746371689751192e-08
2.803125000000000000e+01,4.261947779027310652e-08
2.804687500000000000e+01,3.882861671922405303e-08
2.806250000000000000e+01,3.279427432838103215e-08
2.807812500000000000e+01,2.788825852614852845e-08
2.809375000000000000e+01,2.584701533455727964e-08
2.810937500000000000e+01,2.438466791982401997e-08
2.812500000000000000e+01,2.255968659721233933e-08
2.814062500000000000e+01,2.206256835491287147e-08
2.815625000000000000e+01,2.297367399315309165e-08
2.817187500000000000e+01,2.369042939395115933e-08
2.818750000000000000e+01,2.423221360221119618e-08
2.820312500000000000e+01,2.505816983826291641e-08
2.821875000000000000e+01,2.550322762021565548e-08
2.823437500000000000e+01,2.482580846401944356e-08
2.825000000000000000e+01,2.330554156566458626e-08
2.826562500000000000e+01,2.248649874848145156e-08
2.828125000000000000e+01,2.285253873953505411e-08
2.829687500000000000e+01,2.302357456107089675e-08
2.831250000000000000e+01,2.265103195070122572e-08
2.832812500000000000e+01,2.238172427334815924e-08
2.834375000000000000e+01,2.225763136990186029e-08
2.835937500000000000e+01,2.267847104063598303e-08
2.837500000000000000e+01,2.504509103622260248e-08
2.839062500000000000e+01,2.953768756562719707e-08
2.840625000000000000e+01,3.515050782723264543e-08
2.842187500000000000e+01,4.061513380381789813e-08
2.843750000000000000e+01,4.339766309663723887e-08
2.845312500000000000e+01,4.176722558077946436e-08
2.846875000000000000e+01,3.736824324374673604e-08
2.848437500000000000e+01,3.331334204106129697e-08
2.850000000000000000e+01,3.084610544306428091e-08
2.851562500000000000e+01,2.984063256592455375e-08
2.853125000000000000e+01,3.016258009586128153e-08
2.854687500000000000e+01,3.128944972437925849e-08
2.856250000000000000e+01,3.222610963129520260e-08
2.857812500000000000e+01,3.220184977510559699e-08
2.859375000000000000e+01,3.140464499506826809e-08
2.860937500000000000e+01,3.033744783461795473e-08
2.862500000000000000e+01,2.879977324553574378e-08
2.864062500000000000e+01,2.784638829158633872e-08
2.865625000000000000e+01,3.019817372731803770e-08
2.867187500000000000e+01,3.612551240486821477e-08
2.868750000000000000e+01,4.298787412541573521e-08
2.870312500000000000e+01,4.744125199679870055e-08
2.871875000000000000e+01,4.791955341642987975e-08
2.873437500000000000e+01,4.535698592007969116e-08
2.875000000000000000e+01,4.145808027702295796e-08
2.876562500000000000e+01,3.856822640757394795e-08
2.878125000000000000e+01,3.781207940555585143e-08
2.879687500000000000e+01,3.690976126115684514e-08
2.881250000000000000e+01,3.482765073076086050e-08
2.882812500000000000e+01,3.344555731693778699e-08
2.884375000000000000e+01,3.387671998128882675e-08
2.885937500000000000e+01,3.622314358426585242e-08
2.887500000000000000e+01,3.979542889347892435e-08
2.889062500000000000e+01,4.228880796587716592e-08
2.890625000000000000e+01,4.306204705054685374e-08
2.892187500000000000e+01,4.480333705397260766e-08
2.893750000000000000e+01,4.853705524713266943e-08
2.895312500000000000e+01,5.124096323691516845e-08
2.896875000000000000e+01,5.095548721058074362e-08
2.898437500000000000e+01,4.909762402611955785e-08
2.900000000000000000e+01,4.804473845915263892e-08
2.901562500000000000e+01,4.849073143635140921e-08
2.903125000000000000e+01,4.960531945747761008e-08
2.904687500000000000e+01,5.021715401181918183e-08
2.906250000000000000e+01,4.876210289873959333e-08
2.907812500000000000e+01,4.439034917215937161e-08
2.909375000000000000e+01,3.915838864037127154e-08
2.910937500000000000e+01,3.649139429202199249e-08
2.912500000000000000e+01,3.619033516656643443e-08
2.914062500000000000e+01,3.582027285537692967e-08
2.915625000000000000e+01,3.511323027353600118e-08
2.917187500000000000e+01,3.475257534848857198e-08
2.918750000000000000e+01,3.461365927453674076e-08
2.920312500000000000e+01,3.447732638232083067e-08
2.921875000000000000e+01,3.467853130190348836e-08
2.923437500000000000e+01,3.535660919853480313e-08
2.925000000000000000e+01,3.595296275854207740e-08
2.926562500000000000e+01,3.646798088285367244e-08
2.928125000000000000e+01,3.704603782746726856e-08
2.929687500000000000e+01,3.648888704011672818e-08
2.931250000000000000e+01,3.432780253713738498e-08
2.932812500000000000e+01,3.183269358416837801e-08
2.934375000000000000e+01,2.950202609758675197e-08
2.935937500000000000e+01,2.745127808304276410e-08
2.937500000000000000e+01,2.663554986293249641e-08
2.939062500000000000e+01,2.702483875883818613e-08
2.940625000000000000e+01,2.776637056053160080e-08
2.942187500000000000e+01,2.884452317213456298e-08
2.943750000000000000e+01,3.026628043616295785e-08
2.945312500000000000e+01,3.147747589639890797e-08
2.946875000000000000e+01,3.215015931007977762e-08
2.948437500000000000e+01,3.237509666025336254e-08
2.950000000000000000e+01,3.191151054209684193e-08
2.951562500000000000e+01,2.983318184114967609e-08
2.953125000000000000e+01,2.682006732570755043e-08
2.954687500000000000e+01,2.601328618887845209e-08
2.956250000000000000e+01,2.794950657632720626e-08
2.957812500000000000e+01,3.004070507450088816e-08
2.959375000000000000e+01,3.167981307303596486e-08
2.960937500000000000e+01,3.336135204082730218e-08
2.962500000000000000e+01,3.421442013844687950e-08
2.964062500000000000e+01,3.340134095081031715e-08
2.965625000000000000e+01,3.148323126335087691e-08
2.967187500000000000e+01,2.995149861223266266e-08
2.968750000000000000e+01,3.057557950507182675e-08
2.970312500000000000e+01,3.303461240460870614e-08
2.971875000000000000e+01,3.447958070315821402e-08
2.973437500000000000e+01,3.344316335357968900e-08
2.975000000000000000e+01,3.188088197860969319e-08
2.976562500000000000e+01,3.210080824640929165e-08
2.978125000000000000e+01,3.262238482135298869e-08
2.979687500000000000e+01,3.114792068735794881e-08
2.981250000000000000e+01,2.833417684630519110e-08
2.982812500000000000e+01,2.652609734951686947e-08
2.984375000000000000e+01,2.715523905108443865e-08
2.985937500000000000e+01,3.009415838138814063e-08
2.987500000000000000e+01,3.398478376660527953e-08
2.989062500000000000e+01,3.698941157573875961e-08
2.990625000000000000e+01,3.811492173938023993e-08
2.992187500000000000e+01,3.809873824627472859e-08
2.993750000000000000e+01,3.773897336293429427e-08
2.995312500000000000e+01,3.626535033422224698e-08
2.996875000000000000e+01,3.337950228424556136e-08
2.998437500000000000e+01,3.148509029145270405e-08
3.000000000000000000e+01,3.291726791442640765e-08
3.001562500000000000e+01,3.581777935480423703e-08
3.003125000000000000e+01,3.748862718161047069e-08
3.004687500000000000e+01,3.758046522086013755e-08
3.006250000000000000e+01,3.671747260032196410e-08
3.007812500000000000e+01,3.533356263434476417e-08
3.009375000000000000e+01,3.409938886066591383e-08
3.010937500000000000e+01,3.384483871253936608e-08
3.012500000000000000e+01,3.506597851361248706e-08
3.014062500000000000e+01,3.760819709920184015e-08
3.015625000000000000e+01,3.979351547648679048e-08
3.017187500000000000e+01,3.914076656600215017e-08
3.018750000000000000e+01,3.529542528842326750e-08
3.020312500000000000e+01,3.114961628573309265e-08
3.021875000000000000e+01,3.028742418136617320e-08
3.023437500000000000e+01,3.261372113182355608e-08
3.025000000000000000e+01,3.456395372476131858e-08
3.026562500000000000e+01,3.364928019504363211e-08
3.028125000000000000e+01,3.081980060001328121e-08
3.029687500000000000e+01,2.879418839749133007e-08
3.031250000000000000e+01,2.851275218315226888e-08
3.032812500000000000e+01,2.926495597970365480e-08
3.034375000000000000e+01,3.057041961517081986e-08
3.035937500000000000e+01,3.157631883927051211e-08
3.037500000000000000e+01,3.149361242421711484e-08
3.039062500000000000e+01,3.113500835976973663e-08
3.040625000000000000e+01,3.176888678622679605e-08
3.042187500000000000e+01,3.292230623555980327e-08
3.043750000000000000e+01,3.338648701156215693e-08
3.045312500000000000e+01,3.341221951373119536e-08
3.046875000000000000e+01,3.415321551359149302e-08
3.048437500000000000e+01,3.491735622503884844e-08
3.050000000000000000e+01,3.374197065288070949e-08
3.051562500000000000e+01,3.073516621081225014e-08
3.053125000000000000e+01,2.811399002042503115e-08
3.054687500000000000e+01,2.740262147680559826e-08
3.056250000000000000e+01,2.838359466449169338e-08
3.057812500000000000e+01,3.018030841114526147e-08
3.059375000000000000e+01,3.211128695504523938e-08
3.060937500000000000e+01,3.325729321624129306e-08
3.062500000000000000e+01,3.255893253277195014e-08
3.064062500000000000e+01,3.117770595883249998e-08
3.065625000000000000e+01,3.195488637868022782e-08
3.067187500000000000e+01,3.403351587131274944e-08
3.068750000000000000e+01,3.471962913233181845e-08
3.070312500000000000e+01,3.397909462810546948e-08
3.071875000000000000e+01,3.219606421199583597e-08
3.073437500000000000e+01,2.899706300552458223e-08
3.075000000000000000e+01,2.608262348528624704e-08
3.076562500000000000e+01,2.639752247718891058e-08
3.078125000000000000e+01,2.878151194903878802e-08
3.079687500000000000e+01,3.051286279926877161e-08
3.081250000000000000e+01,3.149380281786929225e-08
3.082812500000000000e+01,3.217332570619385487e-08
3.084375000000000000e+01,3.263473209642445857e-08
3.085937500000000000e+01,3.356037326712291143e-08
3.087500000000000000e+01,3.511549827208256049e-08
3.089062500000000000e+01,3.669023659709844791e-08
3.090625000000000000e+01,3.775156412381094435e-08
3.092187500000000000e+01,3.745650346788210682e-08
3.093750000000000000e+01,3.508671415179080218e-08
3.095312500000000000e+01,3.120709056408724089e-08
3.096875000000000000e+01,2.778125874323129488e-08
3.098437500000000000e+01,2.639584611390610302e-08
3.100000000000000000e+01,2.638973587231897677e-08
3.101562500000000000e+01,2.617174359334272340e-08
3.103125000000000000e+01,2.497715574621397293e-08
3.104687500000000000e+01,2.278483608747339608e-08
3.106250000000000000e+01,2.075655418937631626e-08
3.107812500000000000e+01,2.139107779989474069e-08
3.109375000000000000e+01,2.483813328409464521e-08
3.110937500000000000e+01,2.849325596662117579e-08
3.112500000000000000e+01,3.105694275434260777e-08
3.114062500000000000e+01,3.229899022807459313e-08
3.115625000000000000e+01,3.164197413058320955e-08
3.117187500000000000e+01,2.954483333749232092e-08
3.118750000000000000e+01,2.790688083747558448e-08
3.120312500000000000e+01,2.734522454316518424e-08
3.121875000000000000e+01,2.672007300116547481e-08
3.123437500000000000e+01,2.578475661207774761e-08
3.125000000000000000e+01,2.587792629973144408e-08
3.126562500000000000e+01,2.733904259214432314e-08
3.128125000000000000e+01,2.908532097753187383e-08
3.129687500000000000e+01,3.122565411078189073e-08
3.131250000000000000e+01,3.381891205344411789e-08
3.132812500000000000e+01,3.518142952417375661e-08
3.134375000000000000e+01,3.483124931321360586e-08
3.135937500000000000e+01,3.470295473414907981e-08
3.137500000000000000e+01,3.567165065566404186e-08
3.139062500000000000e+01,3.632607702798940822e-08
3.140625000000000000e+01,3.566315250061802676e-08
3.142187500000000000e+01,3.425479495142896907e-08
3.143750000000000000e+01,3.300262685889775565e-08
3.145312500000000000e+01,3.192714363337061466e-08
3.146875000000000000e+01,3.094062258462935737e-08
3.148437500000000000e+01,3.063517417642082155e-08
3.150000000000000000e+01,3.070278584846569819e-08
3.151562500000000000e+01,2.934414615205509451e-08
3.153125000000000000e+01,2.603642392863719147e-08
3.154687500000000000e+01,2.261126613958296820e-08
3.156250000000000000e+01,2.083162268421828200e-08
3.157812500000000000e+01,2.056438245206223574e-08
3.159375000000000000e+01,2.092718093634115035e-08
3.160937500000000000e+01,2.139169018104732787e-08
3.162500000000000000e+01,2.192623992325661237e-08
3.164062500000000000e+01,2.224739912752976569e-08
3.165625000000000000e+01,2.156792306592432306e-08
3.167187500000000000e+01,1.979556705587027500e-08
3.168750000000000000e+01,1.846957654892819144e-08
3.170312500000000000e+01,1.931204351612731553e-08
3.171875000000000000e+01,2.135754246856229257e-08
3.173437500000000000e+01,2.264697326877913053e-08
3.175000000000000000e+01,2.251758379730750051e-08
3.176562500000000000e+01,2.106065261747940587e-08
3.178125000000000000e+01,1.880911298399745271e-08
3.179687500000000000e+01,1.721752011520857577e-08
3.181250000000000000e+01,1.735750119857204023e-08
3.182812500000000000e+01,1.828850035022340285e-08
3.184375000000000000e+01,1.909453009130783129e-08
3.185937500000000000e+01,2.024513739776455871e-08
3.187500000000000000e+01,2.237934864877095607e-08
3.189062500000000000e+01,2.484902537094207932e-08
3.190625000000000000e+01,2.625204889906894846e-08
3.192187500000000000e+01,2.677988598829545618e-08
3.193750000000000000e+01,2.773271234887224284e-08
3.195312500000000000e+01,2.876676424034024162e-08
3.196875000000000000e+01,2.905135420800831961e-08
3.198437500000000000e+01,2.861561790506667836e-08
3.200000000000000000e+01,2.724259854711388883e-08
3.201562500000000000e+01,2.488198881501489030e-08
3.203125000000000000e+01,2.236960377191112410e-08
3.204687500000000000e+01,2.059428429134618726e-08
3.206250000000000000e+01,1.976608473848655196e-08
3.207812500000000000e+01,1.957257878662943012e-08
3.209375000000000000e+01,2.003750579009695247e-08
3.210937500000000000e+01,2.125254833822645966e-08
3.212500000000000000e+01,2.229960145479884268e-08
3.214062500000000000e+01,2.206815438233453800e-08
3.215625000000000000e+01,2.110926739387998496e-08
3.217187500000000000e+01,2.175507066268515759e-08
3.218750000000000000e+01,2.402868035754440283e-08
3.220312500000000000e+01,2.548898387694442224e-08
3.221875000000000000e+01,2.543257246807032332e-08
3.223437500000000000e+01,2.513525968038825390e-08
3.225000000000000000e+01,2.615257726860212836e-08
3.226562500000000000e+01,2.878683629479003671e-08
3.228125000000000000e+01,3.183363563941286194e-08
3.229687500000000000e+01,3.355445218622197591e-08
3.231250000000000000e+01,3.324536030402217395e-08
3.232812500000000000e+01,3.174582741687259828e-08
3.234375000000000000e+01,2.974675221805677577e-08
3.235937500000000000e+01,2.741707777216978779e-08
3.237500000000000000e+01,2.606859613508885136e-08
3.239062500000000000e+01,2.669187789450669770e-08
3.240625000000000000e+01,2.730584700099854000e-08
3.242187500000000000e+01,2.619955030350106206e-08
3.243750000000000000e+01,2.405379689911456400e-08
3.245312500000000000e+01,2.180847925561838331e-08
3.246875000000000000e+01,1.963693003879286153e-08
3.248437500000000000e+01,1.801318687280386210e-08
3.250000000000000000e+01,1.735694951786530787e-08
3.251562500000000000e+01,1.764773604903979188e-08
3.253125000000000000e+01,1.888182021213523476e-08
3.254687500000000000e+01,2.071049032771699321e-08
3.256250000000000000e+01,2.274349312265693086e-08
3.257812500000000000e+01,2.471246721863037708e-08
3.259375000000000000e+01,2.664680819490482093e-08
3.260937500000000000e+01,2.897868529272687704e-08
3.262500000000000000e+01,3.107726142061770331e-08
3.264062500000000000e+01,3.156197693924743960e-08
3.265625000000000000e+01,3.058303802082520713e-08
3.267187500000000000e+01,2.966086968789969084e-08
3.268750000000000000e+01,2.935798536357593144e-08
3.270312500000000000e+01,2.857882125009044801e-08
3.271875000000000000e+01,2.638937606752867900e-08
3.273437500000000000e+01,2.330756400719676181e-08
3.275000000000000000e+01,2.044494205491718606e-08
3.276562500000000000e+01,1.841042422723519660e-08
3.278125000000000000e+01,1.698957563167299279e-08
3.279687500000000000e+01,1.576067725209130962e-08
3.281250000000000000e+01,1.542769146575563602e-08
3.282812500000000000e+01,1.655137162505913203e-08
3.284375000000000000e+01,1.795308228978343282e-08
3.285937500000000000e+01,1.862551223678454731e-08
3.287500000000000000e+01,1.864414426778583095e-08
3.289062500000000000e+01,1.832701242291505686e-08
3.290625000000000000e+01,1.825940875444067811e-08
3.292187500000000000e+01,1.949272504792336352e-08
3.293750000000000000e+01,2.162845102970124505e-08
3.295312500000000000e+01,2.253688699826541114e-08
3.296875000000000000e+01,2.155977920768651124e-08
3.298437500000000000e+01,2.039678248410307334e-08
3.300000000000000000e+01,2.025496893375795555e-08
3.301562500000000000e+01,2.039983660925527579e-08
3.303125000000000000e+01,2.056396422281062362e-08
3.304687500000000000e+01,2.170460927342156625e-08
3.306250000000000000e+01,2.373381203420247136e-08
3.307812500000000000e+01,2.543963016883268096e-08
3.309375000000000000e+01,2.669144712807393344e-08
3.310937500000000000e+01,2.741531759516042396e-08
3.312500000000000000e+01,2.678522357028870449e-08
3.314062500000000000e+01,2.540386860338376577e-08
3.315625000000000000e+01,2.518728446229033689e-08
3.317187500000000000e+01,2.616689620288374549e-08
3.318750000000000000e+01,2.685099546084323543e-08
3.320312500000000000e+01,2.678890459990654040e-08
3.321875000000000000e+01,2.636839544053222249e-08
3.323437500000000000e+01,2.634028193544957141e-08
3.325000000000000000e+01,2.710314754339765722e-08
3.326562500000000000e+01,2.836733208638457418e-08
3.328125000000000000e+01,2.996663643141321890e-08
3.329687500000000000e+01,3.153121561589205414e-08
3.331250000000000000e+01,3.207749281933540131e-08
3.332812500000000000e+01,3.126176790143293763e-08
3.334375000000000000e+01,3.015526561036528742e-08
3.335937500000000000e+01,2.945328961834293731e-08
3.337500000000000000e+01,2.849161610082275653e-08
3.339062500000000000e+01,2.715890412560906450e-08
3.340625000000000000e+01,2.643849724619909061e-08
3.342187500000000000e+01,2.630460567441791226e-08
3.343750000000000000e+01,2.597312290378172567e-08
3.345312500000000000e+01,2.607397341343818817e-08
3.346875000000000000e+01,2.669180779470247397e-08
3.348437500000000000e+01,2.658443752813127164e-08
3.350000000000000000e+01,2.555465190152359662e-08
3.351562500000000000e+01,2.455833247904750753e-08
3.353125000000000000e+01,2.488213205600917992e-08
3.354687500000000000e+01,2.700150187959886163e-08
3.356250000000000000e+01,2.953599354689408669e-08
3.357812500000000000e+01,3.067367752100480443e-08
3.359375000000000000e+01,3.020844196260241361e-08
3.360937500000000000e+01,2.899287190230622998e-08
3.362500000000000000e+01,2.697404439517177468e-08
3.364062500000000000e+01,2.352319372713312102e-08
3.365625000000000000e+01,1.956435840229762066e-08
3.367187500000000000e+01,1.742054973694781341e-08
3.368750000000000000e+01,1.699453693335648231e-08
3.370312500000000000e+01,1.662259350888854254e-08
3.371875000000000000e+01,1.686423029706766818e-08
3.373437500000000000e+01,1.869837235451431353e-08
3.375000000000000000e+01,2.154857216462214616e-08
3.376562500000000000e+01,2.418529588871178501e-08
3.378125000000000000e+01,2.565937386044971236e-08
3.379687500000000000e+01,2.575517980928717603e-08
3.381250000000000000e+01,2.520997051048648720e-08
3.382812500000000000e+01,2.488150735256900628e-08
3.384375000000000000e+01,2.458523746390283339e-08
3.385937500000000000e+01,2.378919984908541996e-08
3.387500000000000000e+01,2.246882396944181839e-08
3.389062500000000000e+01,2.107880683001898428e-08
3.390625000000000000e+01,2.033695049792064115e-08
3.392187500000000000e+01,2.048436481694553978e-08
3.393750000000000000e+01,2.095272354499988458e-08
3.395312500000000000e+01,2.135218169296434076e-08
3.396875000000000000e+01,2.152708137368100312e-08
3.398437500000000000e+01,2.076741072085733946e-08
3.400000000000000000e+01,1.901393268986887130e-08
3.401562500000000000e+01,1.722700378608256102e-08
3.403125000000000000e+01,1.584512454309599304e-08
3.404687500000000000e+01,1.523448276861581234e-08
3.406250000000000000e+01,1.661141109660879375e-08
3.407812500000000000e+01,1.993255757275513411e-08
3.409375000000000000e+01,2.323802888100803602e-08
3.410937500000000000e+01,2.546309241421975166e-08
3.412500000000000000e+01,2.670900613430970292e-08
3.414062500000000000e+01,2.657436491356075507e-08
3.415625000000000000e+01,2.475188039500160281e-08
3.417187500000000000e+01,2.252904650367541761e-08
3.418750000000000000e+01,2.173024944485158582e-08
3.420312500000000000e+01,2.212253018996414992e-08
3.421875000000000000e+01,2.296615485666445444e-08
3.423437500000000000e+01,2.431700432266363541e-08
3.425000000000000000e+01,2.563816107773817528e-08
3.426562500000000000e+01,2.643718322997508906e-08
3.428125000000000000e+01,2.642884263653272365e-08
3.429687500000000000e+01,2.590228018107339877e-08
3.431250000000000000e+01,2.526299936956169479e-08
3.432812500000000000e+01,2.382633975520337899e-08
3.434375000000000000e+01,2.188131325017388722e-08
3.435937500000000000e+01,2.131931312236368092e-08
3.437500000000000000e+01,2.227602781574463454e-08
3.439062500000000000e+01,2.287847031898163197e-08
3.440625000000000000e+01,2.218648069566041560e-08
3.442187500000000000e+01,2.105711022218413694e-08
3.443750000000000000e+01,2.025979527170900695e-08
3.445312500000000000e+01,1.935542270894471525e-08
3.446875000000000000e+01,1.865374553127369660e-08
3.448437500000000000e+01,1.895832832947101968e-08
3.450000000000000000e+01,2.007862521667684819e-08
3.451562500000000000e+01,2.151362800568863736e-08
3.453125000000000000e+01,2.262241158984800360e-08
3.454687500000000000e+01,2.316657604401036494e-08
3.456250000000000000e+01,2.391913806138121690e-08
3.457812500000000000e+01,2.496743749088231567e-08
3.459375000000000000e+01,2.511311474767459409e-08
3.460937500000000000e+01,2.363735252148278382e-08
3.462500000000000000e+01,2.111271584456400206e-08
3.464062500000000000e+01,1.887623718174700504e-08
3.465625000000000000e+01,1.793933796186505263e-08
3.467187500000000000e+01,1.864934867907475323e-08
3.468750000000000000e+01,2.083548801682412674e-08
3.470312500000000000e+01,2.361668601404096885e-08
3.471875000000000000e+01,2.610587794058994598e-08
3.473437500000000000e+01,2.771629602734811957e-08
3.475000000000000000e+01,2.790685654308442873e-08
3.476562500000000000e+01,2.675476548624166705e-08
3.478125000000000000e+01,2.540701741134543331e-08
3.479687500000000000e+01,2.448875323902085162e-08
3.481250000000000000e+01,2.287235827191778862e-08
3.482812500000000000e+01,1.994184690953451387e-08
3.484375000000000000e+01,1.707271249624928790e-08
3.485937500000000000e+01,1.602334479708557272e-08
3.487500000000000000e+01,1.654283815125183379e-08
3.489062500000000000e+01,1.696320508383215799e-08
3.490625000000000000e+01,1.676666185481137488e-08
3.492187500000000000e+01,1.673049107248621024e-08
3.493750000000000000e+01,1.725416696009798232e-08
3.495312500000000000e+01,1.777196403410986163e-08
3.496875000000000000e+01,1.802411473022445328e-08
3.498437500000000000e+01,1.857778002324544480e-08
3.500000000000000000e+01,1.912856024323667853e-08
3.501562500000000000e+01,1.840353958174289903e-08
3.503125000000000000e+01,1.676786891069313705e-08
3.504687500000000000e+01,1.661921880654711640e-08
3.506250000000000000e+01,1.863234617503105577e-08
3.507812500000000000e+01,2.074176682904302582e-08
3.509375000000000000e+01,2.144154987500038321e-08
3.510937500000000000e+01,2.092173890797419133e-08
3.512500000000000000e+01,2.024913516343864831e-08
3.514062500000000000e+01,1.975718792673535901e-08
3.515625000000000000e+01,1.909423027044699507e-08
3.517187500000000000e+01,1.842821725924388751e-08
3.518750000000000000e+01,1.786526870745359822e-08
3.520312500000000000e+01,1.745466153909892778e-08
3.521875000000000000e+01,1.807236347896350301e-08
3.523437500000000000e+01,2.018860088779508885e-08
3.525000000000000000e+01,2.276715208441685213e-08
3.526562500000000000e+01,2.463127959270515088e-08
3.528125000000000000e+01,2.551408135478732234e-08
3.529687500000000000e+01,2.567167045354722329e-08
3.531250000000000000e+01,2.515515591978275325e-08
3.532812500000000000e+01,2.371905263146516871e-08
3.534375000000000000e+01,2.156088745179039769e-08
3.535937500000000000e+01,1.977938124748841618e-08
3.537500000000000000e+01,1.948216741158496138e-08
3.539062500000000000e+01,2.068706507478263252e-08
3.540625000000000000e+01,2.267811380169775796e-08
3.542187500000000000e+01,2.446370871685398498e-08
3.543750000000000000e+01,2.507181303688276033e-08
3.545312500000000000e+01,2.445220172766331119e-08
3.546875000000000000e+01,2.427261699256562693e-08
3.548437500000000000e+01,2.629978397918990717e-08
3.550000000000000000e+01,2.913074175934673808e-08
3.551562500000000000e+01,2.999273783860818039e-08
3.553125000000000000e+01,2.870623287479408179e-08
3.554687500000000000e+01,2.725781286071840027e-08
3.556250000000000000e+01,2.647264080911626442e-08
3.557812500000000000e+01,2.575825814913726733e-08
3.559375000000000000e+01,2.515325522005323596e-08
3.560937500000000000e+01,2.510754007693991468e-08
3.562500000000000000e+01,2.541044365976404048e-08
3.564062500000000000e+01,2.539848596398732843e-08
3.565625000000000000e+01,2.474776899642702657e-08
3.567187500000000000e+01,2.407798961098813385e-08
3.568750000000000000e+01,2.405563933287833126e-08
3.570312500000000000e+01,2.435020115074587878e-08
3.571875000000000000e+01,2.468218698246493136e-08
3.573437500000000000e+01,2.506818352727287318e-08
3.575000000000000000e+01,2.500307542974020673e-08
3.576562500000000000e+01,2.399185855035955997e-08
3.578125000000000000e+01,2.238607180025334802e-08
3.579687500000000000e+01,2.126209865390507129e-08
3.581250000000000000e+01,2.136004054547264484e-08
3.582812500000000000e+01,2.201066403058954582e-08
3.584375000000000000e+01,2.261682792115266232e-08
3.585937500000000000e+01,2.375837694707435178e-08
3.587500000000000000e+01,2.527757770593447080e-08
3.589062500000000000e+01,2.577085015874674080e-08
3.590625000000000000e+01,2.493264374904141720e-08
3.592187500000000000e+01,2.388862516515387122e-08
3.593750000000000000e+01,2.285052412677976002e-08
3.595312500000000000e+01,2.106129232336655661e-08
3.596875000000000000e+01,1.915475811517111029e-08
3.598437500000000000e+01,1.889625198503625328e-08
3.600000000000000000e+01,2.008742927985702977e-08
3.601562500000000000e+01,2.097575872452026002e-08
3.603125000000000000e+01,2.103857532290639730e-08
3.604687500000000000e+01,2.107266949409786949e-08
3.606250000000000000e+01,2.163386699853022014e-08
3.607812500000000000e+01,2.239218335605114148e-08
3.609375000000000000e+01,2.270446775910273757e-08
3.610937500000000000e+01,2.220611206728805886e-08
3.612500000000000000e+01,2.104182375701669188e-08
3.614062500000000000e+01,1.999640714938224740e-08
3.615625000000000000e+01,2.033171896396574880e-08
3.617187500000000000e+01,2.168530580830310680e-08
3.618750000000000000e+01,2.221761799048458224e-08
3.620312500000000000e+01,2.213714985357122715e-08
3.621875000000000000e+01,2.295839086280319667e-08
3.623437500000000000e+01,2.442263052861625313e-08
3.625000000000000000e+01,2.540838707372898289e-08
3.626562500000000000e+01,2.527156379254205638e-08
3.628125000000000000e+01,2.449257024976283988e-08
3.629687500000000000e+01,2.455465516386019096e-08
3.631250000000000000e+01,2.525117195749526880e-08
3.632812500000000000e+01,2.484836769263265133e-08
3.634375000000000000e+01,2.312164647932403659e-08
3.635937500000000000e+01,2.152531482057889072e-08
3.637500000000000000e+01,2.101041869878842227e-08
3.639062500000000000e+01,2.086768568486973109e-08
3.640625000000000000e+01,2.078134489112444305e-08
3.642187500000000000e+01,2.164158021891514372e-08
3.643750000000000000e+01,2.300069563665818723e-08
3.645312500000000000e+01,2.331396709253635326e-08
3.646875000000000000e+01,2.216316464183108691e-08
3.648437500000000000e+01,2.024591701920732055e-08
3.650000000000000000e+01,1.823485381389633043e-08
3.651562500000000000e+01,1.588693699988683675e-08
3.653125000000000000e+01,1.285895163131150165e-08
3.654687500000000000e+01,1.042537865599627840e-08
3.656250000000000000e+01,1.104742698470247583e-08
3.657812500000000000e+01,1.386987314822716125e-08
3.659375000000000000e+01,1.615123999585470404e-08
3.660937500000000000e+01,1.695002126673743777e-08
3.662500000000000000e+01,1.688069082646981744e-08
3.664062500000000000e+01,1.711886519713939041e-08
3.665625000000000000e+01,1.793172143109656330e-08
3.667187500000000000e+01,1.801675553097930521e-08
3.668750000000000000e+01,1.678658499082496568e-08
3.670312500000000000e+01,1.573335770860130446e-08
3.671875000000000000e+01,1.588651801912739407e-08
3.673437500000000000e+01,1.619909424915636786e-08
3.675000000000000000e+01,1.603483891312707930e-08
3.676562500000000000e+01,1.612268325998559924e-08
3.678125000000000000e+01,1.694780223560957986e-08
3.679687500000000000e+01,1.800032525530180851e-08
3.681250000000000000e+01,1.878057184739255918e-08
3.682812500000000000e+01,1.901361386907982168e-08
3.684375000000000000e+01,1.898695283275646944e-08
3.685937500000000000e+01,1.951414304530365098e-08
3.687500000000000000e+01,2.049912996236153400e-08
3.689062500000000000e+01,2.131261842016848424e-08
3.690625000000000000e+01,2.189189379723342263e-08
3.692187500000000000e+01,2.193037228801835804e-08
3.693750000000000000e+01,2.100691511473420281e-08
3.695312500000000000e+01,1.980685521808720749e-08
3.696875000000000000e+01,1.940873828382021776e-08
3.698437500000000000e+01,1.958283034765581522e-08
3.700000000000000000e+01,1.939942913118982438e-08
3.701562500000000000e+01,1.900891967033637106e-08
3.703125000000000000e+01,1.944742068883160471e-08
3.704687500000000000e+01,2.033631791894287080e-08
3.706250000000000000e+01,2.039585379762954439e-08
3.707812500000000000e+01,1.928264363459074792e-08
3.709375000000000000e+01,1.741290397566634583e-08
3.710937500000000000e+01,1.646447612611241668e-08
3.712500000000000000e+01,1.796923575981116791e-08
3.714062500000000000e+01,2.043873345333726066e-08
3.715625000000000000e+01,2.238102482995969265e-08
3.717187500000000000e+01,2.399030574864860437e-08
3.718750000000000000e+01,2.533091859149718963e-08
3.720312500000000000e+01,2.586816039754448980e-08
3.721875000000000000e+01,2.531479917414701677e-08
3.723437500000000000e+01,2.375720853900096456e-08
3.725000000000000000e+01,2.145239721578339688e-08
3.726562500000000000e+01,1.885336561804998843e-08
3.728125000000000000e+01,1.663411120369431862e-08
3.729687500000000000e+01,1.533741679829694180e-08
3.731250000000000000e+01,1.498548876670207455e-08
3.732812500000000000e+01,1.512422864985482110e-08
3.734375000000000000e+01,1.518482559682465941e-08
3.735937500000000000e+01,1.503576608629832853e-08
3.737500000000000000e+01,1.498175104868811700e-08
3.739062500000000000e+01,1.528231903766085491e-08
3.740625000000000000e+01,1.609118439598941233e-08
3.742187500000000000e+01,1.713224031336703652e-08
3.743750000000000000e+01,1.750268055741013990e-08
3.745312500000000000e+01,1.675106905508259333e-08
3.746875000000000000e+01,1.548036683002621430e-08
3.748437500000000000e+01,1.445778437417999418e-08
3.750000000000000000e+01,1.369870485884534189e-08
3.751562500000000000e+01,1.315621443045366110e-08
3.753125000000000000e+01,1.346120434897369917e-08
3.754687500000000000e+01,1.451913303458794211e-08
3.756250000000000000e+01,1.528341964864012917e-08
3.757812500000000000e+01,1.579213096525816823e-08
3.759375000000000000e+01,1.720040045989435193e-08
3.760937500000000000e+01,1.908123013786629638e-08
3.762500000000000000e+01,1.943462975467116362e-08
3.764062500000000000e+01,1.761950369034107873e-08
3.765625000000000000e+01,1.510035494560986732e-08
3.767187500000000000e+01,1.363541291495122201e-08
3.768750000000000000e+01,1.353689687125315193e-08
3.770312500000000000e+01,1.394410035580730459e-08
3.771875000000000000e+01,1.414248428357419717e-08
3.773437500000000000e+01,1.394795204098372040e-08
3.775000000000000000e+01,1.338516279641930655e-08
3.776562500000000000e+01,1.274768954544795945e-08
3.778125000000000000e+01,1.258428147343306882e-08
3.779687500000000000e+01,1.303958856761867408e-08
3.781250000000000000e+01,1.344091136322106935e-08
3.782812500000000000e+01,1.306379034356497048e-08
3.784375000000000000e+01,1.183357063974613172e-08
3.785937500000000000e+01,1.033043448857123100e-08
3.787500000000000000e+01,9.814357277529914088e-09
3.789062500000000000e+01,1.095611931464532269e-08
3.790625000000000000e+01,1.282923448527615920e-08
3.792187500000000000e+01,1.459559925830241109e-08
3.793750000000000000e+01,1.569224321659844168e-08
3.795312500000000000e+01,1.564643866688220207e-08
3.796875000000000000e+01,1.474409751227200113e-08
3.798437500000000000e+01,1.409638622673794493e-08
3.800000000000000000e+01,1.470476239938372763e-08
3.801562500000000000e+01,1.608159572876098040e-08
3.803125000000000000e+01,1.716177821451292738e-08
3.804687500000000000e+01,1.787775537007158747e-08
3.806250000000000000e+01,1.822979744180318366e-08
3.807812500000000000e+01,1.792539232458653851e-08
3.809375000000000000e+01,1.743680252738820896e-08
3.810937500000000000e+01,1.724222332505294149e-08
3.812500000000000000e+01,1.683399284641263243e-08
3.814062500000000000e+01,1.567372185575137698e-08
3.815625000000000000e+01,1.395757184736091664e-08
3.817187500000000000e+01,1.247422730877462215e-08
3.818750000000000000e+01,1.201918800586324015e-08
3.820312500000000000e+01,1.261060824725984966e-08
3.821875000000000000e+01,1.351271953056356913e-08
3.823437500000000000e+01,1.402972931686589535e-08
3.825000000000000000e+01,1.404286381992841548e-08
3.826562500000000000e+01,1.413711839487985374e-08
3.828125000000000000e+01,1.482531861613345248e-08
3.829687500000000000e+01,1.557075349838637587e-08
3.831250000000000000e+01,1.603859112481137436e-08
3.832812500000000000e+01,1.673899549894428139e-08
3.834375000000000000e+01,1.731110346715141069e-08
3.835937500000000000e+01,1.682477492083837650e-08
3.837500000000000000e+01,1.627769268524712944e-08
3.839062500000000000e+01,1.822354267182717768e-08
3.840625000000000000e+01,2.187972106383002570e-08
3.842187500000000000e+01,2.431161326865357750e-08
3.843750000000000000e+01,2.467302344932481913e-08
3.845312500000000000e+01,2.409383429929596574e-08
3.846875000000000000e+01,2.404649066016341346e-08
3.848437500000000000e+01,2.477102594514044105e-08
3.850000000000000000e+01,2.491659609269233508e-08
3.851562500000000000e+01,2.351859729521052768e-08
3.853125000000000000e+01,2.141239798030450659e-08
3.854687500000000000e+01,1.948242338805520225e-08
3.856250000000000000e+01,1.762391376607677235e-08
3.857812500000000000e+01,1.613166790749483552e-08
3.859375000000000000e+01,1.527592571996240439e-08
3.860937500000000000e+01,1.464956557126145190e-08
3.862500000000000000e+01,1.393850228950438839e-08
3.864062500000000000e+01,1.335926664883143915e-08
3.865625000000000000e+01,1.304826924939804519e-08
3.867187500000000000e+01,1.266418281606892355e-08
3.868750000000000000e+01,1.213010085507185791e-08
3.870312500000000000e+01,1.174318843210657228e-08
3.871875000000000000e+01,1.149295528244323185e-08
3.873437500000000000e+01,1.128449514256952937e-08
3.875000000000000000e+01,1.142347496300260671e-08
3.876562500000000000e+01,1.196508309356638602e-08
3.878125000000000000e+01,1.258760624454360666e-08
3.879687500000000000e+01,1.325422737055944635e-08
3.881250000000000000e+01,1.398056198578992110e-08
3.882812500000000000e+01,1.504091469162419718e-08
3.884375000000000000e+01,1.713159057166077502e-08
3.885937500000000000e+01,1.961768978893674494e-08
3.887500000000000000e+01,2.089548015809279384e-08
3.889062500000000000e+01,2.065619871785518846e-08
3.890625000000000000e+01,1.995138445266806320e-08
3.892187500000000000e+01,1.964640569945324816e-08
3.893750000000000000e+01,1.954774399187695920e-08
3.895312500000000000e+01,1.901286858155848872e-08
3.896875000000000000e+01,1.795140099705663183e-08
3.898437500000000000e+01,1.662165448530732573e-08
3.900000000000000000e+01,1.526914994460781797e-08
3.901562500000000000e+01,1.424419378448370862e-08
3.903125000000000000e+01,1.375627774590248896e-08
3.904687500000000000e+01,1.366507390260166402e-08
3.906250000000000000e+01,1.347241659884206816e-08
3.907812500000000000e+01,1.321715836009373778e-08
3.909375000000000000e+01,1.375044162481775684e-08
3.910937500000000000e+01,1.510974877541257937e-08
3.912500000000000000e+01,1.662872783050727345e-08
3.914062500000000000e+01,1.810642303315911243e-08
3.915625000000000000e+01,1.899844969192772162e-08
3.917187500000000000e+01,1.862018482010861179e-08
3.918750000000000000e+01,1.776723601759695265e-08
3.920312500000000000e+01,1.784324579388139990e-08
3.921875000000000000e+01,1.857026139499628932e-08
3.923437500000000000e+01,1.927556781108254721e-08
3.925000000000000000e+01,2.001102031777620517e-08
3.926562500000000000e+01,2.068257377021457985e-08
3.928125000000000000e+01,2.094486291561704845e-08
3.929687500000000000e+01,2.033953933784442213e-08
3.931250000000000000e+01,1.872552897469504999e-08
3.932812500000000000e+01,1.690769333481059056e-08
3.934375000000000000e+01,1.622391400265144732e-08
3.935937500000000000e+01,1.716675350950516548e-08
3.937500000000000000e+01,1.848130770073754964e-08
3.939062500000000000e+01,1.875066164567129020e-08
3.940625000000000000e+01,1.792080378100923260e-08
3.942187500000000000e+01,1.651956909354323822e-08
3.943750000000000000e+01,1.499658890080706841e-08
3.945312500000000000e+01,1.412541418804073233e-08
3.946875000000000000e+01,1.397504789425818347e-08
3.948437500000000000e+01,1.388944477575342943e-08
3.950000000000000000e+01,1.401822971298651621e-08
3.951562500000000000e+01,1.459016693023805437e-08
3.953125000000000000e+01,1.496778335813206391e-08
3.954687500000000000e+01,1.468204130169698450e-08
3.956250000000000000e+01,1.443239593424978410e-08
3.957812500000000000e+01,1.506868599958177083e-08
3.959375000000000000e+01,1.626918353216380198e-08
3.960937500000000000e+01,1.737920198322064906e-08
3.962500000000000000e+01,1.862301236820267239e-08
3.964062500000000000e+01,2.055638881571209102e-08
3.965625000000000000e+01,2.223105467776583007e-08
3.967187500000000000e+01,2.206823529384336092e-08
3.968750000000000000e+01,2.011507841971168121e-08
3.970312500000000000e+01,1.777527616624859650e-08
3.971875000000000000e+01,1.615798702722740490e-08
3.973437500000000000e+01,1.543187572520825032e-08
3.975000000000000000e+01,1.508576050592940432e-08
3.976562500000000000e+01,1.469564680575245679e-08
3.978125000000000000e+01,1.437271407912904423e-08
3.979687500000000000e+01,1.431914761936343103e-08
3.981250000000000000e+01,1.432238311211563221e-08
3.982812500000000000e+01,1.455866891422566213e-08
3.984375000000000000e+01,1.541937222269833578e-08
3.985937500000000000e+01,1.620096079726181184e-08
3.987500000000000000e+01,1.618940382762120170e-08
3.989062500000000000e+01,1.559886509479299525e-08
3.990625000000000000e+01,1.448191661652932531e-08
3.992187500000000000e+01,1.263012797720589080e-08
3.993750000000000000e+01,1.105775712564831396e-08
3.995312500000000000e+01,1.150895245429126702e-08
3.996875000000000000e+01,1.340418324597301194e-08
3.998437500000000000e+01,1.513674825087327952e-08
4.000000000000000000e+01,1.643386139119975676e-08
4.001562500000000000e+01,1.749130849059446508e-08
4.003125000000000000e+01,1.809825767387502775e-08
4.004687500000000000e+01,1.799770691167088744e-08
4.006250000000000000e+01,1.683798076105087287e-08
4.007812500000000000e+01,1.480563229767678611e-08
4.009375000000000000e+01,1.378946461181584769e-08
4.010937500000000000e+01,1.462684038388102551e-08
4.012500000000000000e+01,1.519674858364393238e-08
4.014062500000000000e+01,1.418528606442995601e-08
4.015625000000000000e+01,1.211887604914117995e-08
4.017187500000000000e+01,1.037226576098177026e-08
4.018750000000000000e+01,9.811045882397087729e-09
4.020312500000000000e+01,9.895242398108881262e-09
4.021875000000000000e+01,9.980376708782601739e-09
4.023437500000000000e+01,1.002260335172676759e-08
4.025000000000000000e+01,1.005301344815494311e-08
4.026562500000000000e+01,1.013372278747888031e-08
4.028125000000000000e+01,1.064401137828733565e-08
4.029687500000000000e+01,1.174296390320587056e-08
4.031250000000000000e+01,1.278458655858065028e-08
4.032812500000000000e+01,1.307247757366539617e-08
4.034375000000000000e+01,1.239257213290065535e-08
4.035937500000000000e+01,1.098506354524200915e-08
4.037500000000000000e+01,9.560949041638446288e-09
4.039062500000000000e+01,8.827708300581189699e-09
4.040625000000000000e+01,8.910031326346159209e-09
4.042187500000000000e+01,9.689448032873354120e-09
4.043750000000000000e+01,1.077184217944815151e-08
4.045312500000000000e+01,1.155182717547149020e-08
4.046875000000000000e+01,1.198341382662637487e-08
4.048437500000000000e+01,1.223965358317930326e-08
4.050000000000000000e+01,1.195845062252848234e-08
4.051562500000000000e+01,1.089617030875258678e-08
4.053125000000000000e+01,9.840615288038473721e-09
4.054687500000000000e+01,9.689441218759374301e-09
4.056250000000000000e+01,9.767458170860246344e-09
4.057812500000000000e+01,9.081979004043606037e-09
4.059375000000000000e+01,7.742099904243985317e-09
4.060937500000000000e+01,6.705583442641351829e-09
4.062500000000000000e+01,6.652225392617901560e-09
4.064062500000000000e+01,7.168767045581612007e-09
4.065625000000000000e+01,7.985616213088969769e-09
4.067187500000000000e+01,9.513054354419467695e-09
4.068750000000000000e+01,1.152717031934036874e-08
4.070312500000000000e+01,1.312502029597212334e-08
4.071875000000000000e+01,1.398263120087046542e-08
4.073437500000000000e+01,1.444307005034528407e-08
4.075000000000000000e+01,1.472686381071069494e-08
4.076562500000000000e+01,1.460533927210581179e-08
4.078125000000000000e+01,1.389300085899170654e-08
4.079687500000000000e+01,1.316992825343950890e-08
4.081250000000000000e+01,1.293165519654696318e-08
4.082812500000000000e+01,1.259111979510034307e-08
4.084375000000000000e+01,1.193064648464557493e-08
4.085937500000000000e+01,1.167511243078318380e-08
4.087500000000000000e+01,1.226185309536497487e-08
4.089062500000000000e+01,1.340541856623671187e-08
4.090625000000000000e+01,1.436374450303157399e-08
4.092187500000000000e+01,1.422356412176800777e-08
4.093750000000000000e+01,1.270694105739661542e-08
4.095312500000000000e+01,1.045390321549194582e-08
4.096875000000000000e+01,8.551324379665216294e-09
4.098437500000000000e+01,7.845912198436289217e-09
4.100000000000000000e+01,8.213460277580171102e-09
4.101562500000000000e+01,9.127138221157498968e-09
4.103125000000000000e+01,1.039841244483826707e-08
4.104687500000000000e+01,1.180901519825545287e-08
4.106250000000000000e+01,1.277118813608022808e-08
4.107812500000000000e+01,1.262623549379945148e-08
4.109375000000000000e+01,1.157673517271107336e-08
4.110937500000000000e+01,1.116132548632915063e-08
4.112500000000000000e+01,1.244605301762069216e-08
4.114062500000000000e+01,1.434132074445036554e-08
4.115625000000000000e+01,1.571914999845790853e-08
4.117187500000000000e+01,1.646519989714732015e-08
4.118750000000000000e+01,1.700114334035308522e-08
4.120312500000000000e+01,1.771937002849392385e-08
4.121875000000000000e+01,1.838838913615968985e-08
4.123437500000000000e+01,1.840709198167680812e-08
4.125000000000000000e+01,1.750070517731385140e-08
4.126562500000000000e+01,1.604341804999556487e-08
4.128125000000000000e+01,1.455760891194647804e-08
4.129687500000000000e+01,1.296881029905406365e-08
4.131250000000000000e+01,1.111279919881152724e-08
4.132812500000000000e+01,9.625681491986938306e-09
4.134375000000000000e+01,9.292929108863044848e-09
4.135937500000000000e+01,9.643266933964503907e-09
4.137500000000000000e+01,9.841783815472140674e-09
4.139062500000000000e+01,9.824635441515878839e-09
4.140625000000000000e+01,1.000224298437174965e-08
4.142187500000000000e+01,1.055276341458553276e-08
4.143750000000000000e+01,1.108428138366452514e-08
4.145312500000000000e+01,1.102823569362886160e-08
4.146875000000000000e+01,1.050045173517446732e-08
4.148437500000000000e+01,1.059129705615550745e-08
4.150000000000000000e+01,1.180523460616239051e-08
4.151562500000000000e+01,1.355109979364524493e-08
4.153125000000000000e+01,1.533275961943428607e-08
4.154687500000000000e+01,1.666868541264204040e-08
4.156250000000000000e+01,1.718533008337927702e-08
4.157812500000000000e+01,1.701041874281376099e-08
4.159375000000000000e+01,1.627600288576523634e-08
4.160937500000000000e+01,1.476565204051047194e-08
4.162500000000000000e+01,1.303059297388234323e-08
4.164062500000000000e+01,1.263397412419704051e-08
4.165625000000000000e+01,1.346001284586991802e-08
4.167187500000000000e+01,1.364752926162364173e-08
4.168750000000000000e+01,1.242247414462673244e-08
4.170312500000000000e+01,1.074420553963795178e-08
4.171875000000000000e+01,9.935790687164994009e-09
4.173437500000000000e+01,9.742575024996837422e-09
4.175000000000000000e+01,9.293641629224962988e-09
4.176562500000000000e+01,8.711707653409619432e-09
4.178125000000000000e+01,8.829497179661948667e-09
4.179687500000000000e+01,9.787591220133887211e-09
4.181250000000000000e+01,1.086330936195259730e-08
4.182812500000000000e+01,1.200589585440319241e-08
4.184375000000000000e+01,1.326671291763941654e-08
4.185937500000000000e+01,1.367695067700161766e-08
4.187500000000000000e+01,1.264313435181049663e-08
4.189062500000000000e+01,1.107619512568378634e-08
4.190625000000000000e+01,1.008818092554500210e-08
4.192187500000000000e+01,9.765715272253895408e-09
4.193750000000000000e+01,1.000918790868528807e-08
4.195312500000000000e+01,1.067310210288983005e-08
4.196875000000000000e+01,1.140834915347332306e-08
4.198437500000000000e+01,1.210043849344071745e-08
4.200000000000000000e+01,1.290663005776056192e-08
4.201562500000000000e+01,1.393813189313440207e-08
4.203125000000000000e+01,1.531083312869439450e-08
4.204687500000000000e+01,1.658300287034120712e-08
4.206250000000000000e+01,1.666891289826959666e-08
4.207812500000000000e+01,1.521950100887561130e-08
4.209375000000000000e+01,1.338942610699221412e-08
4.210937500000000000e+01,1.263976519200922083e-08
4.212500000000000000e+01,1.262099885185553630e-08
4.214062500000000000e+01,1.232863518825116856e-08
4.215625000000000000e+01,1.166911151085296460e-08
4.217187500000000000e+01,1.072797455781016441e-08
4.218750000000000000e+01,9.613986834481238924e-09
4.220312500000000000e+01,8.887499822380596637e-09
4.221875000000000000e+01,9.023760167089831784e-09
4.223437500000000000e+01,9.681526835226239098e-09
4.225000000000000000e+01,1.041049657411202091e-08
4.226562500000000000e+01,1.105040521427683278e-08
4.228125000000000000e+01,1.129896624067125801e-08
4.229687500000000000e+01,1.100917172569668137e-08
4.231250000000000000e+01,1.078732689106883420e-08
4.232812500000000000e+01,1.132286374419332639e-08
4.234375000000000000e+01,1.258078546373438833e-08
4.235937500000000000e+01,1.425821917180532523e-08
4.237500000000000000e+01,1.579292274141605121e-08
4.239062500000000000e+01,1.638020639341509776e-08
4.240625000000000000e+01,1.567150877562286019e-08
4.242187500000000000e+01,1.414231191793628034e-08
4.243750000000000000e+01,1.268013030872041453e-08
4.245312500000000000e+01,1.164892953692460435e-08
4.246875000000000000e+01,1.066128155750632315e-08
4.248437500000000000e+01,9.625337392940425588e-09
4.250000000000000000e+01,9.029283542027649348e-09
4.251562500000000000e+01,9.001575200445139358e-09
4.253125000000000000e+01,9.257732100312384642e-09
4.254687500000000000e+01,9.686916435470714805e-09
4.256250000000000000e+01,1.015294828780323185e-08
4.257812500000000000e+01,1.058119046413896603e-08
4.259375000000000000e+01,1.099431689991165957e-08
4.260937500000000000e+01,1.107182106256663194e-08
4.262500000000000000e+01,1.075657998296722962e-08
4.264062500000000000e+01,1.066529748573886733e-08
4.265625000000000000e+01,1.100518975445416085e-08
4.267187500000000000e+01,1.130591958469569751e-08
4.268750000000000000e+01,1.145885300980190467e-08
4.270312500000000000e+01,1.197726345244111661e-08
4.271875000000000000e+01,1.318391072417638045e-08
4.273437500000000000e+01,1.453331312782511906e-08
4.275000000000000000e+01,1.525277580874756633e-08
4.276562500000000000e+01,1.539231383886951532e-08
4.278125000000000000e+01,1.530972603385910788e-08
4.279687500000000000e+01,1.478552331635204989e-08
4.281250000000000000e+01,1.388901095480774793e-08
4.282812500000000000e+01,1.307321561444227892e-08
4.284375000000000000e+01,1.211584594887739725e-08
4.285937500000000000e+01,1.089922393543431550e-08
4.287500000000000000e+01,1.017298492649121151e-08
4.289062500000000000e+01,1.009889909869323751e-08
4.290625000000000000e+01,9.896720137287694961e-09
4.292187500000000000e+01,9.267051928901266622e-09
4.293750000000000000e+01,8.607114021473660505e-09
4.295312500000000000e+01,8.463724823467526420e-09
4.296875000000000000e+01,9.148288054250117114e-09
4.298437500000000000e+01,1.045136457315034184e-08
4.300000000000000000e+01,1.185665183888627981e-08
4.301562500000000000e+01,1.266604472798041662e-08
4.303125000000000000e+01,1.233136925756712843e-08
4.304687500000000000e+01,1.134402482088956641e-08
4.306250000000000000e+01,1.098876210983151168e-08
4.307812500000000000e+01,1.164928529299584377e-08
4.309375000000000000e+01,1.264575472451004391e-08
4.310937500000000000e+01,1.324385533953665036e-08
4.312500000000000000e+01,1.291288733657911620e-08
4.314062500000000000e+01,1.197477844761010585e-08
4.315625000000000000e+01,1.165142864489549133e-08
4.317187500000000000e+01,1.223773278817815404e-08
4.318750000000000000e+01,1.296844041167417086e-08
4.320312500000000000e+01,1.344723573737751778e-08
4.321875000000000000e+01,1.341883907454867420e-08
4.323437500000000000e+01,1.282136253768763336e-08
4.325000000000000000e+01,1.205189726561610008e-08
4.326562500000000000e+01,1.133680256037566222e-08
4.328125000000000000e+01,1.075308551955413066e-08
4.329687500000000000e+01,1.063817221980067165e-08
4.331250000000000000e+01,1.118294569690210687e-08
4.332812500000000000e+01,1.196543478879261052e-08
4.334375000000000000e+01,1.242078500915741064e-08
4.335937500000000000e+01,1.243765052554364638e-08
4.337500000000000000e+01,1.189404645425091715e-08
4.339062500000000000e+01,1.091357930803105774e-08
4.340625000000000000e+01,1.047844688368930670e-08
4.342187500000000000e+01,1.107647867919847037e-08
4.343750000000000000e+01,1.196523437191301303e-08
4.345312500000000000e+01,1.259140912930959960e-08
4.346875000000000000e+01,1.297699027314041274e-08
4.348437500000000000e+01,1.313434775418378477e-08
4.350000000000000000e+01,1.283541078711600754e-08
4.351562500000000000e+01,1.235213755577098473e-08
4.353125000000000000e+01,1.238185325584896434e-08
4.354687500000000000e+01,1.262025656331458343e-08
4.356250000000000000e+01,1.219704916305395388e-08
4.357812500000000000e+01,1.106496723070636175e-08
4.359375000000000000e+01,1.001547177873512589e-08
4.360937500000000000e+01,9.695311754872103147e-09
4.362500000000000000e+01,9.876652414926371324e-09
4.364062500000000000e+01,1.027136152048641749e-08
4.365625000000000000e+01,1.074407801158913804e-08
4.367187500000000000e+01,1.109065967654967008e-08
4.368750000000000000e+01,1.163447474230996996e-08
4.370312500000000000e+01,1.253040208673915774e-08
4.371875000000000000e+01,1.294240579177284310e-08
4.373437500000000000e+01,1.239174807798301817e-08
4.375000000000000000e+01,1.150506398118808481e-08
4.376562500000000000e+01,1.100262614258985313e-08
4.378125000000000000e+01,1.092830653072101025e-08
4.379687500000000000e+01,1.093154400194137977e-08
4.381250000000000000e+01,1.078314921791200482e-08
4.382812500000000000e+01,1.068615700263195234e-08
4.384375000000000000e+01,1.086481787065397596e-08
4.385937500000000000e+01,1.108787621503563056e-08
4.387500000000000000e+01,1.107320080904577796e-08
4.389062500000000000e+01,1.092157151681771594e-08
4.390625000000000000e+01,1.077497567767586209e-08
4.392187500000000000e+01,1.044931294418963634e-08
4.393750000000000000e+01,9.951075188151524514e-09
4.395312500000000000e+01,9.691724498697784343e-09
4.396875000000000000e+01,9.975459560533844073e-09
4.398437500000000000e+01,1.059137954123637518e-08
4.400000000000000000e+01,1.109811430770796133e-08
4.401562500000000000e+01,1.169374975321474397e-08
4.403125000000000000e+01,1.287165701718037182e-08
4.404687500000000000e+01,1.456952131482274111e-08
4.406250000000000000e+01,1.628898408380462520e-08
4.407812500000000000e+01,1.716830120291420230e-08
4.409375000000000000e+01,1.659973674846157083e-08
4.410937500000000000e+01,1.527777542468692821e-08
4.412500000000000000e+01,1.465735991911531916e-08
4.414062500000000000e+01,1.473165048426345159e-08
4.415625000000000000e+01,1.457500038067193893e-08
4.417187500000000000e+01,1.419610959059319989e-08
4.418750000000000000e+01,1.372410220082765590e-08
4.420312500000000000e+01,1.296539949019267096e-08
4.421875000000000000e+01,1.212029706363069066e-08
4.423437500000000000e+01,1.150511504153663264e-08
4.425000000000000000e+01,1.104979645760083872e-08
4.426562500000000000e+01,1.068865729688929027e-08
4.428125000000000000e+01,1.059028698218707218e-08
4.429687500000000000e+01,1.070996045764063861e-08
4.431250000000000000e+01,1.060008661184050493e-08
4.432812500000000000e+01,1.019844045472091862e-08
4.434375000000000000e+01,1.021566409444141982e-08
4.435937500000000000e+01,1.074495056367163741e-08
4.437500000000000000e+01,1.093404142586424746e-08
4.439062500000000000e+01,1.066838896837517778e-08
4.440625000000000000e+01,1.054111592180626314e-08
4.442187500000000000e+01,1.073795397924516509e-08
4.443750000000000000e+01,1.128194625538078171e-08
4.445312500000000000e+01,1.218954601023176873e-08
4.446875000000000000e+01,1.328638914292415787e-08
4.448437500000000000e+01,1.418583121653116771e-08
4.450000000000000000e+01,1.428366140778265649e-08
4.451562500000000000e+01,1.340417750784556570e-08
4.453125000000000000e+01,1.210317556360423566e-08
4.454687500000000000e+01,1.111192827084894999e-08
4.456250000000000000e+01,1.040775474116812315e-08
4.457812500000000000e+01,9.532499213402748805e-09
4.459375000000000000e+01,8.834441367802896261e-09
4.460937500000000000e+01,8.883177473216963332e-09
4.462500000000000000e+01,9.349684027591412887e-09
4.464062500000000000e+01,9.717196395092355621e-09
4.465625000000000000e+01,1.009433985206706569e-08
4.467187500000000000e+01,1.093802556114142548e-08
4.468750000000000000e+01,1.224071295595320783e-08
4.470312500000000000e+01,1.361735744535311048e-08
4.471875000000000000e+01,1.494080452058209342e-08
4.473437500000000000e+01,1.610826673236740038e-08
4.475000000000000000e+01,1.672092931574604497e-08
4.476562500000000000e+01,1.656246761342276883e-08
4.478125000000000000e+01,1.587427403849560438e-08
4.479687500000000000e+01,1.493122292186193335e-08
4.481250000000000000e+01,1.382460034606261916e-08
4.482812500000000000e+01,1.299586523666789523e-08
4.484375000000000000e+01,1.272236550198793710e-08
4.485937500000000000e+01,1.223980544682434686e-08
4.487500000000000000e+01,1.130286023040414554e-08
4.489062500000000000e+01,1.054281511999913060e-08
4.490625000000000000e+01,1.005811804233738779e-08
4.492187500000000000e+01,9.843598055053714964e-09
4.493750000000000000e+01,1.013242617428513309e-08
4.495312500000000000e+01,1.067030721773321137e-08
4.496875000000000000e+01,1.095166373631178106e-08
4.498437500000000000e+01,1.073092926532144137e-08
4.500000000000000000e+01,1.022416040875860947e-08
4.501562500000000000e+01,9.685806185388528738e-09
4.503125000000000000e+01,9.024474497273309280e-09
4.504687500000000000e+01,8.485272672611573912e-09
4.506250000000000000e+01,8.625645175341188428e-09
4.507812500000000000e+01,9.299604065319882153e-09
4.509375000000000000e+01,9.773228188042671644e-09
4.510937500000000000e+01,9.764833470536208693e-09
4.512500000000000000e+01,9.589504546731448983e-09
4.514062500000000000e+01,9.512287746401824869e-09
4.515625000000000000e+01,9.748869009117110011e-09
4.517187500000000000e+01,1.011731439926758600e-08
4.518750000000000000e+01,1.007528959346950557e-08
4.520312500000000000e+01,9.999021376729292720e-09
4.521875000000000000e+01,1.068358138801553480e-08
4.523437500000000000e+01,1.177437259801782518e-08
4.525000000000000000e+01,1.250197477454530034e-08
4.526562500000000000e+01,1.261557061853948728e-08
4.528125000000000000e+01,1.207938615748074850e-08
4.529687500000000000e+01,1.104224152519807190e-08
4.531250000000000000e+01,1.000666651752988892e-08
4.532812500000000000e+01,9.395146024297951695e-09
4.534375000000000000e+01,9.320017408713931514e-09
4.535937500000000000e+01,9.791032019301986692e-09
4.537500000000000000e+01,1.053951165179472493e-08
4.539062500000000000e+01,1.102072106855908857e-08
4.540625000000000000e+01,1.104556332099621948e-08
4.542187500000000000e+01,1.096333362263930712e-08
4.543750000000000000e+01,1.092574902090623138e-08
4.545312500000000000e+01,1.082512506006975960e-08
4.546875000000000000e+01,1.082371820519003657e-08
4.548437500000000000e+01,1.087156949637457963e-08
4.550000000000000000e+01,1.065839129555475211e-08
4.551562500000000000e+01,1.026474929865302977e-08
4.553125000000000000e+01,1.033291768251583295e-08
4.554687500000000000e+01,1.154609733520326256e-08
4.556250000000000000e+01,1.358348824291575481e-08
4.557812500000000000e+01,1.527764748768836422e-08
4.559375000000000000e+01,1.576663662948839803e-08
4.560937500000000000e+01,1.509915297743227045e-08
4.562500000000000000e+01,1.395010936194171381e-08
4.564062500000000000e+01,1.321450253678509881e-08
4.565625000000000000e+01,1.338975655914043389e-08
4.567187500000000000e+01,1.384757409612974356e-08
4.568750000000000000e+01,1.387461350179086857e-08
4.570312500000000000e+01,1.370296186994679270e-08
4.571875000000000000e+01,1.363268789470634533e-08
4.573437500000000000e+01,1.338839953637363009e-08
4.575000000000000000e+01,1.279975492567654492e-08
4.576562500000000000e+01,1.218227877593533144e-08
4.578125000000000000e+01,1.206226198804468405e-08
4.579687500000000000e+01,1.254792352096827880e-08
4.581250000000000000e+01,1.337072877743356560e-08
4.582812500000000000e+01,1.426709790939013388e-08
4.584375000000000000e+01,1.475854259817651156e-08
4.585937500000000000e+01,1.426470899550310926e-08
4.587500000000000000e+01,1.282844035855389758e-08
4.589062500000000000e+01,1.138447817484855584e-08
4.590625000000000000e+01,1.063425422272634505e-08
4.592187500000000000e+01,1.020702952049629099e-08
4.593750000000000000e+01,9.715091558930231842e-09
4.595312500000000000e+01,9.198636623645366584e-09
4.596875000000000000e+01,8.700622081872661064e-09
4.598437500000000000e+01,8.317489129267130427e-09
4.600000000000000000e+01,8.332498528975746283e-09
4.601562500000000000e+01,8.933281696691438140e-09
4.603125000000000000e+01,9.873648094398491642e-09
4.604687500000000000e+01,1.069225084781986337e-08
4.606250000000000000e+01,1.126339792631849236e-08
4.607812500000000000e+01,1.150827543267556946e-08
4.609375000000000000e+01,1.104172803605481753e-08
4.610937500000000000e+01,9.963875060702954260e-09
4.612500000000000000e+01,9.446641697263441778e-09
4.614062500000000000e+01,1.042130912407041360e-08
4.615625000000000000e+01,1.180769224216118745e-08
4.617187500000000000e+01,1.235843001652985489e-08
4.618750000000000000e+01,1.233614246259920183e-08
4.620312500000000000e+01,1.253954146320456241e-08
4.621875000000000000e+01,1.312959589834522784e-08
4.623437500000000000e+01,1.387686335580181775e-08
4.625000000000000000e+01,1.439748318286527454e-08
4.626562500000000000e+01,1.429211787882477790e-08
4.628125000000000000e+01,1.370387000901609306e-08
4.629687500000000000e+01,1.336300680090193206e-08
4.631250000000000000e+01,1.368230147369750760e-08
4.632812500000000000e+01,1.409488188528095319e-08
4.634375000000000000e+01,1.377887311601278870e-08
4.635937500000000000e+01,1.247785772885967009e-08
4.637500000000000000e+01,1.069378509093746942e-08
4.639062500000000000e+01,9.335969859240298474e-09
4.640625000000000000e+01,8.813465668617772212e-09
4.642187500000000000e+01,8.750715920986277402e-09
4.643750000000000000e+01,8.795798053702955865e-09
4.645312500000000000e+01,9.010036838851703351e-09
4.646875000000000000e+01,9.318038925233455888e-09
4.648437500000000000e+01,9.288719387919731466e-09
4.650000000000000000e+01,8.765712404356553344e-09
4.651562500000000000e+01,8.339831920366318183e-09
4.653125000000000000e+01,8.600686803486537968e-09
4.654687500000000000e+01,9.287592810924489400e-09
4.656250000000000000e+01,1.003665487753850271e-08
4.657812500000000000e+01,1.060432840643177328e-08
4.659375000000000000e+01,1.087105993079972379e-08
4.660937500000000000e+01,1.082106363368126112e-08
4.662500000000000000e+01,1.029986220381019606e-08
4.664062500000000000e+01,9.618926283732040367e-09
4.665625000000000000e+01,9.697824273244350546e-09
4.667187500000000000e+01,1.066717353023994761e-08
4.668750000000000000e+01,1.159272309428626089e-08
4.670312500000000000e+01,1.187820386605209344e-08
4.671875000000000000e+01,1.177374611567672718e-08
4.673437500000000000e+01,1.180638954824154065e-08
4.675000000000000000e+01,1.209004707031207872e-08
4.676562500000000000e+01,1.242213464831955718e-08
4.678125000000000000e+01,1.239118925828571751e-08
4.679687500000000000e+01,1.161917570033575371e-08
4.681250000000000000e+01,1.055788271109213299e-08
4.682812500000000000e+01,1.018273974942806071e-08
4.684375000000000000e+01,1.048865445278355079e-08
4.685937500000000000e+01,1.068722627038461566e-08
4.687500000000000000e+01,1.048442063419087850e-08
4.689062500000000000e+01,1.036097197825694907e-08
4.690625000000000000e+01,1.097266514251526783e-08
4.692187500000000000e+01,1.199575040812822596e-08
4.693750000000000000e+01,1.253354446486182947e-08
4.695312500000000000e+01,1.265970166774922524e-08
4.696875000000000000e+01,1.321468144407656600e-08
4.698437500000000000e+01,1.387198404741991361e-08
4.700000000000000000e+01,1.326537113081409993e-08
4.701562500000000000e+01,1.129230032992252998e-08
4.703125000000000000e+01,9.769333518774993259e-09
4.704687500000000000e+01,9.992873810462944722e-09
4.706250000000000000e+01,1.088131952402290414e-08
4.707812500000000000e+01,1.161968176220476650e-08
4.709375000000000000e+01,1.229303826644426562e-08
4.710937500000000000e+01,1.282561581175391733e-08
4.712500000000000000e+01,1.307128639381157930e-08
4.714062500000000000e+01,1.308337031719272339e-08
4.715625000000000000e+01,1.302743443491609697e-08
4.717187500000000000e+01,1.295374341725600400e-08
4.718750000000000000e+01,1.276480245501736943e-08
4.720312500000000000e+01,1.261158982281498031e-08
4.721875000000000000e+01,1.262634434957720131e-08
4.723437500000000000e+01,1.250457840555792886e-08
4.725000000000000000e+01,1.216607828774640418e-08
4.726562500000000000e+01,1.216181889690581858e-08
4.728125000000000000e+01,1.261586633749815751e-08
4.729687500000000000e+01,1.294251740908161149e-08
4.731250000000000000e+01,1.286494307855595783e-08
4.732812500000000000e+01,1.250067280029378361e-08
4.734375000000000000e+01,1.211632269692345828e-08
4.735937500000000000e+01,1.232981425775352262e-08
4.737500000000000000e+01,1.343364311004017941e-08
4.739062500000000000e+01,1.443651809051325158e-08
4.740625000000000000e+01,1.436898354994302219e-08
4.742187500000000000e+01,1.344478678425142461e-08
4.743750000000000000e+01,1.227766702424915424e-08
4.745312500000000000e+01,1.081650586406543438e-08
4.746875000000000000e+01,8.992849393478095945e-09
4.748437500000000000e+01,7.638221655893650930e-09
4.750000000000000000e+01,7.474990173927479796e-09
4.751562500000000000e+01,7.874554082654738407e-09
4.753125000000000000e+01,8.172208656886931900e-09
4.754687500000000000e+01,8.520205678083608715e-09
4.756250000000000000e+01,9.233309972723105777e-09
4.757812500000000000e+01,1.014419490239784999e-08
4.759375000000000000e+01,1.064097785664122421e-08
4.760937500000000000e+01,1.037519336168842421e-08
4.762500000000000000e+01,9.878301868929442953e-09
4.764062500000000000e+01,9.696336984936256375e-09
4.765625000000000000e+01,9.573462806158504632e-09
4.767187500000000000e+01,9.478235052018289480e-09
4.768750000000000000e+01,9.983130875555311892e-09
4.770312500000000000e+01,1.117064676142820522e-08
4.771875000000000000e+01,1.222002903476512618e-08
4.773437500000000000e+01,1.240871399253266371e-08
4.775000000000000000e+01,1.179785806282888085e-08
4.776562500000000000e+01,1.092007752005096829e-08
4.778125000000000000e+01,1.012474918727521838e-08
4.779687500000000000e+01,9.672497664949475897e-09
4.781250000000000000e+01,9.871416514119324483e-09
4.782812500000000000e+01,1.047547932046477931e-08
4.784375000000000000e+01,1.079914382416761102e-08
4.785937500000000000e+01,1.043564693399947060e-08
4.787500000000000000e+01,9.667913193695533516e-09
4.789062500000000000e+01,9.172734826987374950e-09
4.790625000000000000e+01,9.235054818067463144e-09
4.792187500000000000e+01,9.437959801888895348e-09
4.793750000000000000e+01,9.114161490993258739e-09
4.795312500000000000e+01,8.059482652719287178e-09
4.796875000000000000e+01,6.950345683246443071e-09
4.798437500000000000e+01,6.687211655962168361e-09
4.800000000000000000e+01,7.122932499046669692e-09
4.801562500000000000e+01,7.555463655471707325e-09
4.803125000000000000e+01,7.574978882507719013e-09
4.804687500000000000e+01,7.308086098356598233e-09
4.806250000000000000e+01,7.357150632949690173e-09
4.807812500000000000e+01,7.899325490008724922e-09
4.809375000000000000e+01,8.486256300540366980e-09
4.810937500000000000e+01,8.655711134119847439e-09
4.812500000000000000e+01,8.201836708899266112e-09
4.814062500000000000e+01,7.532372147800170627e-09
4.815625000000000000e+01,7.477010019442760782e-09
4.817187500000000000e+01,7.980383650632361408e-09
4.818750000000000000e+01,8.486257565144043397e-09
4.820312500000000000e+01,9.249136536613898593e-09
4.821875000000000000e+01,1.028681889779310685e-08
4.823437500000000000e+01,1.073650107855231538e-08
4.825000000000000000e+01,1.030107992853956223e-08
4.826562500000000000e+01,9.853606546059555984e-09
4.828125000000000000e+01,1.015747654450419226e-08
4.829687500000000000e+01,1.079614661766770432e-08
4.831250000000000000e+01,1.122658275220847832e-08
4.832812500000000000e+01,1.144660238182601196e-08
4.834375000000000000e+01,1.165083988941997432e-08
4.835937500000000000e+01,1.174579930266053576e-08
4.837500000000000000e+01,1.144886350450766283e-08
4.839062500000000000e+01,1.112108371695196254e-08
4.840625000000000000e+01,1.112418553859522709e-08
4.842187500000000000e+01,1.092114028853325082e-08
4.843750000000000000e+01,1.030070779138772655e-08
4.845312500000000000e+01,9.711656645598949269e-09
4.846875000000000000e+01,9.240527221730438019e-09
4.848437500000000000e+01,8.817765493754744659e-09
4.850000000000000000e+01,8.728200379761464424e-09
4.851562500000000000e+01,8.895884427162411275e-09
4.853125000000000000e+01,9.044538008260689706e-09
4.854687500000000000e+01,9.437346936542296845e-09
4.856250000000000000e+01,1.029137115452050498e-08
4.857812500000000000e+01,1.123839508785447695e-08
4.859375000000000000e+01,1.170909015357034871e-08
4.860937500000000000e+01,1.144965132132672754e-08
4.862500000000000000e+01,1.090688097296668353e-08
4.864062500000000000e+01,1.084812821363294741e-08
4.865625000000000000e+01,1.122090514724993753e-08
4.867187500000000000e+01,1.149731264114128430e-08
4.868750000000000000e+01,1.147281878074861007e-08
4.870312500000000000e+01,1.101908355394709108e-08
4.871875000000000000e+01,1.036623799971021522e-08
4.873437500000000000e+01,1.013081244849459461e-08
4.875000000000000000e+01,1.034148492984118296e-08
4.876562500000000000e+01,1.064301931912186567e-08
4.878125000000000000e+01,1.103118365690207225e-08
4.879687500000000000e+01,1.126869031087028192e-08
4.881250000000000000e+01,1.080232745904550194e-08
4.882812500000000000e+01,9.682254276352000093e-09
4.884375000000000000e+01,8.719964282609392719e-09
4.885937500000000000e+01,8.411515148257151572e-09
4.887500000000000000e+01,8.614448992122770045e-09
4.889062500000000000e+01,9.341085325000898534e-09
4.890625000000000000e+01,1.028470654234602570e-08
4.892187500000000000e+01,1.069709274360252597e-08
4.893750000000000000e+01,1.036602052751290554e-08
4.895312500000000000e+01,9.826415194070340671e-09
4.896875000000000000e+01,9.446260069719911383e-09
4.898437500000000000e+01,9.081667385666870491e-09
4.900000000000000000e+01,8.732745567458305561e-09
4.901562500000000000e+01,8.475683534711336680e-09
4.903125000000000000e+01,8.374339240223566426e-09
4.904687500000000000e+01,8.481131752225699624e-09
4.906250000000000000e+01,8.515263492029936228e-09
4.907812500000000000e+01,8.242352014019816367e-09
4.909375000000000000e+01,7.957178762144898640e-09
4.910937500000000000e+01,8.139390977014157757e-09
4.912500000000000000e+01,8.463588359703539156e-09
4.914062500000000000e+01,8.275188185959108807e-09
4.915625000000000000e+01,7.697875431874402855e-09
4.917187500000000000e+01,7.358055134298208454e-09
4.918750000000000000e+01,7.399670868003073397e-09
4.920312500000000000e+01,7.442216817569582753e-09
4.921875000000000000e+01,7.303427012811513692e-09
4.923437500000000000e+01,6.993791025828382935e-09
4.925000000000000000e+01,6.532730908768982949e-09
4.926562500000000000e+01,6.082252765394938598e-09
4.928125000000000000e+01,5.912207716048305070e-09
4.929687500000000000e+01,6.172835711116527226e-09
4.931250000000000000e+01,6.656617340142486259e-09
4.932812500000000000e+01,6.867726727066461792e-09
4.934375000000000000e+01,6.560653639003371197e-09
4.935937500000000000e+01,6.127498317724449862e-09
4.937500000000000000e+01,6.037147716275612839e-09
4.939062500000000000e+01,6.172967295318876969e-09
4.940625000000000000e+01,6.361511812509071117e-09
4.942187500000000000e+01,6.671111041912517484e-09
4.943750000000000000e+01,7.228437743054592066e-09
4.945312500000000000e+01,8.051148230141887149e-09
4.946875000000000000e+01,8.872545472592743673e-09
4.948437500000000000e+01,9.333580234701928625e-09
4.950000000000000000e+01,9.247978047018270263e-09
4.951562500000000000e+01,8.757120974383656507e-09
4.953125000000000000e+01,8.161868964524162598e-09
4.954687500000000000e+01,7.735001156769296051e-09
4.956250000000000000e+01,7.813252300479001670e-09
4.957812500000000000e+01,8.206667600981567476e-09
4.959375000000000000e+01,8.292933171968402909e-09
4.960937500000000000e+01,8.169103318680415055e-09
4.962500000000000000e+01,8.554286888217863192e-09
4.964062500000000000e+01,9.402646532245506721e-09
4.965625000000000000e+01,9.874347059024557251e-09
4.967187500000000000e+01,9.713196874505066569e-09
4.968750000000000000e+01,9.384623968043429070e-09
4.970312500000000000e+01,9.223479783247943216e-09
4.971875000000000000e+01,9.146797774908773979e-09
4.973437500000000000e+01,9.006101012845854000e-09
4.975000000000000000e+01,8.654708857596493634e-09
4.976562500000000000e+01,7.977988901380483516e-09
4.978125000000000000e+01,7.298767818963420086e-09
4.979687500000000000e+01,7.299985913245413681e-09
4.981250000000000000e+01,8.151423857251768301e-09
4.982812500000000000e+01,9.472372971888116501e-09
4.984375000000000000e+01,1.056999403037464724e-08
4.985937500000000000e+01,1.079125898768318835e-08
4.987500000000000000e+01,1.032541269763692599e-08
4.989062500000000000e+01,9.946298116520756512e-09
4.990625000000000000e+01,9.960809697896629798e-09
4.992187500000000000e+01,1.000371770492679439e-08
4.993750000000000000e+01,9.725801417164954024e-09
4.995312500000000000e+01,9.161148077683212354e-09
4.996875000000000000e+01,8.645930274974846087e-09
4.998437500000000000e+01,8.592432034312669924e-09
5.000000000000000000e+01,8.953575232202970631e-09
5.001562500000000000e+01,9.316195607560601187e-09
5.003125000000000000e+01,9.506982855583746097e-09
5.004687500000000000e+01,9.386180419472812728e-09
5.006250000000000000e+01,8.846940214474268282e-09
5.007812500000000000e+01,8.222355835104502983e-09
5.009375000000000000e+01,7.893897105384646051e-09
5.010937500000000000e+01,7.732129065336095609e-09
5.012500000000000000e+01,7.533291135354156487e-09
5.014062500000000000e+01,7.400833826489530548e-09
5.015625000000000000e+01,7.509430108664931384e-09
5.017187500000000000e+01,7.961288414938703424e-09
5.018750000000000000e+01,8.521750570872704208e-09
5.020312500000000000e+01,8.636040251870120500e-09
5.021875000000000000e+01,8.072086174164565788e-09
5.023437500000000000e+01,7.167386809240748758e-09
5.025000000000000000e+01,6.319139887554241462e-09
5.026562500000000000e+01,5.468443437424281798e-09
5.028125000000000000e+01,4.543026088140663348e-09
5.029687500000000000e+01,4.162857360244398433e-09
5.031250000000000000e+01,4.821274382342928607e-09
5.032812500000000000e+01,5.672152074374970274e-09
5.034375000000000000e+01,6.062780358095167221e-09
5.035937500000000000e+01,6.323093038324694382e-09
5.037500000000000000e+01,6.786257084595047770e-09
5.039062500000000000e+01,7.019962109373752636e-09
5.040625000000000000e+01,6.843873626809120702e-09
5.042187500000000000e+01,6.737848965565430157e-09
5.043750000000000000e+01,6.813168226247771978e-09
5.045312500000000000e+01,6.663804626478454144e-09
5.046875000000000000e+01,6.346206742499321364e-09
5.048437500000000000e+01,6.718427505541894996e-09
5.050000000000000000e+01,8.116242989431493207e-09
5.051562500000000000e+01,9.572335101217739462e-09
5.053125000000000000e+01,1.024688158543674186e-08
5.054687500000000000e+01,1.010399398713723271e-08
5.056250000000000000e+01,9.496498006357691388e-09
5.057812500000000000e+01,8.639725088094137974e-09
5.059375000000000000e+01,7.823984861132129267e-09
5.060937500000000000e+01,7.428937762545200562e-09
5.062500000000000000e+01,7.370682608683329338e-09
5.064062500000000000e+01,7.386599805142539733e-09
5.065625000000000000e+01,7.521461429687897475e-09
5.067187500000000000e+01,7.659093857646773828e-09
5.068750000000000000e+01,7.412074547091294059e-09
5.070312500000000000e+01,6.856453871462133456e-09
5.071875000000000000e+01,6.452874315291870018e-09
5.073437500000000000e+01,6.376395381195367099e-09
5.075000000000000000e+01,6.619875040058078756e-09
5.076562500000000000e+01,7.034030347354760841e-09
5.078125000000000000e+01,7.399659768733987328e-09
5.079687500000000000e+01,7.847847856731018951e-09
5.081250000000000000e+01,8.574953518699814778e-09
5.082812500000000000e+01,9.301321038311346320e-09
5.084375000000000000e+01,9.638466322114539436e-09
5.085937500000000000e+01,9.715828941386940530e-09
5.087500000000000000e+01,9.775014425642929337e-09
5.089062500000000000e+01,9.592588401082648486e-09
5.090625000000000000e+01,9.134947454362851014e-09
5.092187500000000000e+01,8.811170173347734373e-09
5.093750000000000000e+01,8.702585843302141308e-09
5.095312500000000000e+01,8.540366758317627947e-09
5.096875000000000000e+01,8.136720026725476433e-09
5.098437500000000000e+01,7.444364176596513396e-09
5.100000000000000000e+01,6.627900030800727132e-09
5.101562500000000000e+01,5.964632217789527599e-09
5.103125000000000000e+01,5.707329331351547454e-09
5.104687500000000000e+01,5.905783734284704707e-09
5.106250000000000000e+01,6.255115950006321476e-09
5.107812500000000000e+01,6.495962391881312774e-09
5.109375000000000000e+01,6.655334998207789077e-09
5.110937500000000000e+01,6.832946270020355048e-09
5.112500000000000000e+01,7.122520053914115617e-09
5.114062500000000000e+01,7.580399537301776569e-09
5.115625000000000000e+01,8.024106092161554120e-09
5.117187500000000000e+01,8.343210552232369341e-09
5.118750000000000000e+01,8.900369147876309403e-09
5.120312500000000000e+01,9.797654850778459125e-09
5.121875000000000000e+01,1.045535918732754041e-08
5.123437500000000000e+01,1.046257686160306005e-08
5.125000000000000000e+01,9.870631319355871924e-09
5.126562500000000000e+01,8.879084408105534619e-09
5.128125000000000000e+01,7.845896811901226272e-09
5.129687500000000000e+01,7.231363066589673263e-09
5.131250000000000000e+01,7.019780357789538774e-09
5.132812500000000000e+01,6.919574786927279166e-09
5.134375000000000000e+01,6.821866381937105353e-09
5.135937500000000000e+01,6.553137869663290961e-09
5.137500000000000000e+01,6.107650179134990425e-09
5.139062500000000000e+01,5.765270345684451500e-09
5.140625000000000000e+01,5.635781315728889550e-09
5.142187500000000000e+01,5.799337429727952581e-09
5.143750000000000000e+01,6.293572747069047068e-09
5.145312500000000000e+01,6.756166487688186241e-09
5.146875000000000000e+01,6.867925716675998534e-09
5.148437500000000000e+01,6.655135089634355648e-09
5.150000000000000000e+01,6.291933502125648707e-09
5.151562500000000000e+01,6.020984446395598321e-09
5.153125000000000000e+01,6.069629995661626551e-09
5.154687500000000000e+01,6.266781918713407842e-09
5.156250000000000000e+01,6.271668306802418193e-09
5.157812500000000000e+01,6.336274646832643867e-09
5.159375000000000000e+01,6.942673287005480398e-09
5.160937500000000000e+01,7.755308897625759859e-09
5.162500000000000000e+01,8.124447443637055429e-09
5.164062500000000000e+01,7.918953755837874109e-09
5.165625000000000000e+01,7.548980022200502477e-09
5.167187500000000000e+01,7.295483984752794579e-09
5.168750000000000000e+01,6.928482355914347138e-09
5.170312500000000000e+01,6.406068255593821969e-09
5.171875000000000000e+01,6.157226224314799027e-09
5.173437500000000000e+01,6.393730598682733269e-09
5.175000000000000000e+01,6.827576276255116881e-09
5.176562500000000000e+01,7.108679158717321923e-09
5.178125000000000000e+01,7.064192405890617555e-09
5.179687500000000000e+01,6.812989962445057683e-09
5.181250000000000000e+01,6.613432649089672018e-09
5.182812500000000000e+01,6.626520610542118057e-09
5.184375000000000000e+01,6.914854974104199684e-09
5.185937500000000000e+01,7.377637309152906651e-09
5.187500000000000000e+01,7.812059842346869512e-09
5.189062500000000000e+01,7.999260840311857804e-09
5.190625000000000000e+01,7.858475155916141370e-09
5.192187500000000000e+01,7.607818438666634873e-09
5.193750000000000000e+01,7.377972471407791870e-09
5.195312500000000000e+01,7.159980290804827474e-09
5.196875000000000000e+01,7.147102095782340585e-09
5.198437500000000000e+01,7.409727311954552124e-09
5.200000000000000000e+01,7.848143035351209025e-09
5.201562500000000000e+01,8.269484394827891116e-09
5.203125000000000000e+01,8.276367914555757221e-09
5.204687500000000000e+01,7.833565663359058428e-09
5.206250000000000000e+01,7.509675915865853544e-09
5.207812500000000000e+01,7.448006310714949689e-09
5.209375000000000000e+01,7.260646816476661451e-09
5.210937500000000000e+01,7.079276626932751487e-09
5.212500000000000000e+01,7.193426720094838236e-09
5.214062500000000000e+01,7.462339273618518500e-09
5.215625000000000000e+01,7.630295832580868694e-09
5.217187500000000000e+01,7.552585449508364449e-09
5.218750000000000000e+01,7.341371822666915591e-09
5.220312500000000000e+01,7.162184197020212402e-09
5.221875000000000000e+01,7.023963652492967409e-09
5.223437500000000000e+01,6.950937926821026691e-09
5.225000000000000000e+01,6.880325883229750080e-09
5.226562500000000000e+01,6.778632476997028810e-09
5.228125000000000000e+01,6.790158230872562455e-09
5.229687500000000000e+01,6.834017348071578871e-09
5.231250000000000000e+01,6.841778754181800770e-09
5.232812500000000000e+01,6.959639577283645119e-09
5.234375000000000000e+01,7.212646293158241466e-09
5.235937500000000000e+01,7.589123057556167190e-09
5.237500000000000000e+01,7.900614645231361165e-09
5.239062500000000000e+01,7.800113525620721863e-09
5.240625000000000000e+01,7.382457766386035036e-09
5.242187500000000000e+01,7.121313954162007753e-09
5.243750000000000000e+01,7.133037007726190643e-09
5.245312500000000000e+01,7.145637314966661188e-09
5.246875000000000000e+01,6.978746403148138784e-09
5.248437500000000000e+01,6.600128654945814646e-09
5.250000000000000000e+01,6.043446249694901767e-09
5.251562500000000000e+01,5.606669672890407717e-09
5.253125000000000000e+01,5.554644525903313857e-09
5.254687500000000000e+01,5.525559579577616644e-09
5.256250000000000000e+01,5.476869764657825590e-09
5.257812500000000000e+01,6.124072938414073282e-09
5.259375000000000000e+01,7.300715573507409897e-09
5.260937500000000000e+01,8.004881240701072701e-09
5.262500000000000000e+01,7.920728304563493899e-09
5.264062500000000000e+01,7.573354260544138086e-09
5.265625000000000000e+01,7.468152216255776540e-09
5.267187500000000000e+01,7.577254602274313952e-09
5.268750000000000000e+01,7.717599821751142525e-09
5.270312500000000000e+01,7.751048066925694242e-09
5.271875000000000000e+01,7.514804860962180915e-09
5.273437500000000000e+01,7.005268396030081534e-09
5.275000000000000000e+01,6.433571401492656283e-09
5.276562500000000000e+01,6.030056562575699536e-09
5.278125000000000000e+01,6.039777130056640611e-09
5.279687500000000000e+01,6.511569159990693872e-09
5.281250000000000000e+01,7.268833157124699539e-09
5.282812500000000000e+01,8.119556797367483064e-09
5.284375000000000000e+01,8.609661333970435253e-09
5.285937500000000000e+01,8.428728087968312150e-09
5.287500000000000000e+01,7.921615000964910577e-09
5.289062500000000000e+01,7.526797392648104847e-09
5.290625000000000000e+01,7.288866617712825874e-09
5.292187500000000000e+01,7.280039716928060908e-09
5.293750000000000000e+01,7.566546461768670186e-09
5.295312500000000000e+01,7.974160426786769088e-09
5.296875000000000000e+01,8.349355368960116982e-09
5.298437500000000000e+01,8.546890700808296346e-09
5.300000000000000000e+01,8.537897474208876270e-09
5.301562500000000000e+01,8.671619335505631851e-09
5.303125000000000000e+01,9.062119077430572463e-09
5.304687500000000000e+01,9.257628454024889565e-09
5.306250000000000000e+01,9.064548354380246821e-09
5.307812500000000000e+01,8.771096782128455827e-09
5.309375000000000000e+01,8.547267012052505705e-09
5.310937500000000000e+01,8.276517536181843145e-09
5.312500000000000000e+01,7.901359811371977771e-09
5.314062500000000000e+01,7.537952343912614023e-09
5.315625000000000000e+01,7.246612231846259133e-09
5.317187500000000000e+01,6.843016054094783702e-09
5.318750000000000000e+01,6.120422398002830505e-09
5.320312500000000000e+01,5.241366687248841956e-09
5.321875000000000000e+01,4.862005135644419384e-09
5.323437500000000000e+01,5.402273040907940423e-09
5.325000000000000000e+01,6.325098873331405539e-09
5.326562500000000000e+01,7.055735223619122889e-09
5.328125000000000000e+01,7.589011436456145506e-09
5.329687500000000000e+01,8.011893484595786038e-09
5.331250000000000000e+01,7.984058186926280632e-09
5.332812500000000000e+01,7.275843364389157279e-09
5.334375000000000000e+01,6.350567772207185172e-09
5.335937500000000000e+01,5.992010183296485395e-09
5.337500000000000000e+01,6.413193733522241887e-09
5.339062500000000000e+01,7.114298778868826866e-09
5.340625000000000000e+01,7.577728929466487573e-09
5.342187500000000000e+01,7.472650922469108694e-09
5.343750000000000000e+01,6.849336833302231553e-09
5.345312500000000000e+01,6.284859769703875293e-09
5.346875000000000000e+01,6.281638852042138821e-09
5.348437500000000000e+01,6.723347054128374728e-09
5.350000000000000000e+01,7.274889447048204455e-09
5.351562500000000000e+01,7.629471220756748847e-09
5.353125000000000000e+01,7.650890034879651927e-09
5.354687500000000000e+01,7.551684344141216893e-09
5.356250000000000000e+01,7.438577904268738264e-09
5.357812500000000000e+01,7.149397652800195196e-09
5.359375000000000000e+01,6.784599907426449760e-09
5.360937500000000000e+01,6.635319085601196269e-09
5.362500000000000000e+01,6.699800463886110592e-09
5.364062500000000000e+01,6.726647401084622099e-09
5.365625000000000000e+01,6.657015348854991367e-09
5.367187500000000000e+01,6.622715311798557885e-09
5.368750000000000000e+01,6.618845212922499945e-09
5.370312500000000000e+01,6.621450537417636475e-09
5.371875000000000000e+01,6.558388056866386077e-09
5.373437500000000000e+01,6.293142330168076362e-09
5.375000000000000000e+01,5.949877225297535705e-09
5.376562500000000000e+01,5.881871605828487239e-09
5.378125000000000000e+01,6.278521970854782631e-09
5.379687500000000000e+01,6.868128029039268238e-09
5.381250000000000000e+01,7.160495541042715984e-09
5.382812500000000000e+01,6.969120653469710638e-09
5.384375000000000000e+01,6.577946413941898965e-09
5.385937500000000000e+01,6.394931057201164633e-09
5.387500000000000000e+01,6.475150520293506594e-09
5.389062500000000000e+01,6.504251747924937912e-09
5.390625000000000000e+01,6.285875747291095267e-09
5.392187500000000000e+01,5.985114083765707274e-09
5.393750000000000000e+01,5.822865201056037804e-09
5.395312500000000000e+01,5.863572715275791575e-09
5.396875000000000000e+01,5.943163347126790429e-09
5.398437500000000000e+01,5.884902053050305072e-09
5.400000000000000000e+01,5.821853367510973036e-09
5.401562500000000000e+01,5.872636992094334592e-09
5.403125000000000000e+01,5.905917970092872598e-09
5.404687500000000000e+01,5.796042869093201950e-09
5.406250000000000000e+01,5.587008816422016033e-09
5.407812500000000000e+01,5.417896413801132325e-09
5.409375000000000000e+01,5.336894456305683355e-09
5.410937500000000000e+01,5.358794764606300791e-09
5.412500000000000000e+01,5.580969072483954936e-09
5.414062500000000000e+01,6.002923278388459350e-09
5.415625000000000000e+01,6.466928170035926974e-09
5.417187500000000000e+01,6.665213324833442435e-09
5.418750000000000000e+01,6.323826838163873750e-09
5.420312500000000000e+01,5.593502422951682548e-09
5.421875000000000000e+01,5.072686223855918866e-09
5.423437500000000000e+01,5.150552685289099656e-09
5.425000000000000000e+01,5.503313245260372028e-09
5.426562500000000000e+01,5.774397278505034531e-09
5.428125000000000000e+01,5.975593069523636473e-09
5.429687500000000000e+01,6.131532915723508908e-09
5.431250000000000000e+01,6.061415920445112055e-09
5.432812500000000000e+01,5.631479493860092177e-09
5.434375000000000000e+01,5.053344258796005736e-09
5.435937500000000000e+01,4.741325181596431118e-09
5.437500000000000000e+01,4.679629088352541369e-09
5.439062500000000000e+01,4.578812968896747472e-09
5.440625000000000000e+01,4.512331409198493154e-09
5.442187500000000000e+01,4.685128929659619647e-09
5.443750000000000000e+01,5.056192946698661998e-09
5.445312500000000000e+01,5.496086836083273927e-09
5.446875000000000000e+01,5.874984520426221547e-09
5.448437500000000000e+01,6.038156593531940934e-09
5.450000000000000000e+01,5.913007308363121491e-09
5.451562500000000000e+01,5.558395462157697522e-09
5.453125000000000000e+01,5.252288187352203821e-09
5.454687500000000000e+01,5.316791087359090543e-09
5.456250000000000000e+01,5.623393929069203733e-09
5.457812500000000000e+01,5.852081504897968412e-09
5.459375000000000000e+01,5.926134503845563779e-09
5.460937500000000000e+01,5.887394168738710494e-09
5.462500000000000000e+01,5.773973925798684734e-09
5.464062500000000000e+01,5.712004922317595178e-09
5.465625000000000000e+01,5.771354056808485136e-09
5.467187500000000000e+01,5.855305121060673323e-09
5.468750000000000000e+01,5.930124537724985465e-09
5.470312500000000000e+01,5.963483784251562819e-09
5.471875000000000000e+01,5.786237321115101216e-09
5.473437500000000000e+01,5.397890598841052592e-09
5.475000000000000000e+01,5.083694179219014796e-09
5.476562500000000000e+01,4.960148083623588551e-09
5.478125000000000000e+01,4.780173170040466403e-09
5.479687500000000000e+01,4.356350667342686462e-09
5.481250000000000000e+01,3.918240188607997847e-09
5.482812500000000000e+01,4.019839314147899326e-09
5.484375000000000000e+01,4.761993512266664443e-09
5.485937500000000000e+01,5.562667135842139284e-09
5.487500000000000000e+01,5.917679955847689818e-09
5.489062500000000000e+01,5.726139453681599825e-09
5.490625000000000000e+01,5.163540826244050267e-09
5.492187500000000000e+01,4.480448547519534453e-09
5.493750000000000000e+01,4.086698039165739876e-09
5.495312500000000000e+01,4.266598646199448070e-09
5.496875000000000000e+01,4.575948579279298609e-09
5.498437500000000000e+01,4.601189130214623137e-09
5.500000000000000000e+01,4.575505068183274607e-09
5.501562500000000000e+01,4.898264006408526408e-09
5.503125000000000000e+01,5.404811740305345419e-09
5.504687500000000000e+01,5.666710476753760535e-09
5.506250000000000000e+01,5.519023032455646833e-09
5.507812500000000000e+01,5.056584756418540420e-09
5.509375000000000000e+01,4.441974926946751409e-09
5.510937500000000000e+01,3.895149869039510728e-09
5.512500000000000000e+01,3.792459698962172323e-09
5.514062500000000000e+01,4.127259263516612879e-09
5.515625000000000000e+01,4.407372422707756997e-09
5.517187500000000000e+01,4.433892431473166638e-09
5.518750000000000000e+01,4.413661762293207929e-09
5.520312500000000000e+01,4.520511134364919186e-09
5.521875000000000000e+01,4.636055278005593799e-09
5.523437500000000000e+01,4.591717171784065160e-09
5.525000000000000000e+01,4.429797680344075857e-09
5.526562500000000000e+01,4.365069442219016725e-09
5.528125000000000000e+01,4.521411777797245813e-09
5.529687500000000000e+01,4.755318444038161906e-09
5.531250000000000000e+01,4.859570236541259076e-09
5.532812500000000000e+01,4.856802507399109062e-09
5.534375000000000000e+01,4.946039374083871644e-09
5.535937500000000000e+01,5.243282469115696522e-09
5.537500000000000000e+01,5.557783294558459786e-09
5.539062500000000000e+01,5.544835875578129333e-09
5.540625000000000000e+01,5.147945880588365755e-09
5.542187500000000000e+01,4.640635093775162628e-09
5.543750000000000000e+01,4.317748218900436914e-09
5.545312500000000000e+01,4.299974198436942645e-09
5.546875000000000000e+01,4.419401192764538923e-09
5.548437500000000000e+01,4.395602165914067279e-09
5.550000000000000000e+01,4.151045428821981652e-09
5.551562500000000000e+01,3.793977855732077405e-09
5.553125000000000000e+01,3.498675055215224284e-09
5.554687500000000000e+01,3.340228177070809844e-09
5.556250000000000000e+01,3.273998198595916239e-09
5.557812500000000000e+01,3.313574234962865081e-09
5.559375000000000000e+01,3.487198684996163069e-09
5.560937500000000000e+01,3.699371200235464598e-09
5.562500000000000000e+01,3.840393462263851390e-09
5.564062500000000000e+01,3.923148761104411746e-09
5.565625000000000000e+01,4.028764248573542919e-09
5.567187500000000000e+01,4.167246154880027370e-09
5.568750000000000000e+01,4.225373973026307648e-09
5.570312500000000000e+01,4.073782693195502267e-09
5.571875000000000000e+01,3.714172846282239927e-09
5.573437500000000000e+01,3.390073227051176570e-09
5.575000000000000000e+01,3.405927603627542781e-09
5.576562500000000000e+01,3.680963547872705672e-09
5.578125000000000000e+01,3.961353458279168073e-09
5.579687500000000000e+01,4.271942340205877103e-09
5.581250000000000000e+01,4.715713649594414702e-09
5.582812500000000000e+01,5.120863450432235267e-09
5.584375000000000000e+01,5.257412544594161626e-09
5.585937500000000000e+01,5.160836012219162987e-09
5.587500000000000000e+01,5.024163465716432478e-09
5.589062500000000000e+01,4.925828291202367995e-09
5.590625000000000000e+01,4.836348425578967768e-09
5.592187500000000000e+01,4.773740985531002641e-09
5.593750000000000000e+01,4.845884042434881019e-09
5.595312500000000000e+01,5.002761645157258188e-09
5.596875000000000000e+01,5.012102791188294902e-09
5.598437500000000000e+01,4.830849958577800609e-09
5.600000000000000000e+01,4.611782288874302765e-09
5.601562500000000000e+01,4.577737050620712448e-09
5.603125000000000000e+01,5.021447420258053002e-09
5.604687500000000000e+01,5.816833032126378727e-09
5.606250000000000000e+01,6.448490932041086088e-09
5.607812500000000000e+01,6.708364144130471816e-09
5.609375000000000000e+01,6.806931974667156164e-09
5.610937500000000000e+01,6.961867157580645016e-09
5.612500000000000000e+01,7.146569838116406941e-09
5.614062500000000000e+01,7.269723830177307713e-09
5.615625000000000000e+01,7.233209903172971415e-09
5.617187500000000000e+01,6.914374744175864572e-09
5.618750000000000000e+01,6.357661710842955890e-09
5.620312500000000000e+01,5.852795885451282512e-09
5.621875000000000000e+01,5.574793904125884190e-09
5.623437500000000000e+01,5.425668232552811424e-09
5.625000000000000000e+01,5.254423131549515072e-09
5.626562500000000000e+01,4.865688001983713278e-09
5.628125000000000000e+01,4.220330367754892684e-09
5.629687500000000000e+01,3.611276897366647573e-09
5.631250000000000000e+01,3.397435673613638750e-09
5.632812500000000000e+01,3.590527906791641445e-09
5.634375000000000000e+01,3.771161434323979113e-09
5.635937500000000000e+01,3.644359570017943578e-09
5.637500000000000000e+01,3.385293128085894225e-09
5.639062500000000000e+01,3.324953988058570676e-09
5.640625000000000000e+01,3.369710900411336463e-09
5.642187500000000000e+01,3.216058072217292831e-09
5.643750000000000000e+01,2.914013267449038517e-09
5.645312500000000000e+01,2.811815694998894750e-09
5.646875000000000000e+01,3.068705349873270978e-09
5.648437500000000000e+01,3.471238782155984686e-09
5.650000000000000000e+01,3.780231643778009463e-09
5.651562500000000000e+01,4.012675042883036358e-09
5.653125000000000000e+01,4.339516049729657426e-09
5.654687500000000000e+01,4.787653056966146864e-09
5.656250000000000000e+01,5.317590644368268431e-09
5.657812500000000000e+01,6.043551645294226974e-09
5.659375000000000000e+01,6.904137874020806595e-09
5.660937500000000000e+01,7.571859521565104592e-09
5.662500000000000000e+01,8.020423174011999428e-09
5.664062500000000000e+01,8.623586039824089843e-09
5.665625000000000000e+01,9.717237626032669137e-09
5.667187500000000000e+01,1.138498007953457985e-08
5.668750000000000000e+01,1.328983067841890499e-08
5.670312500000000000e+01,1.470930985203830362e-08
5.671875000000000000e+01,1.498336230076114240e-08
5.673437500000000000e+01,1.400225027617641812e-08
5.675000000000000000e+01,1.232764823038651617e-08
5.676562500000000000e+01,1.057302031477963269e-08
5.678125000000000000e+01,8.894775872336991792e-09
5.679687500000000000e+01,7.368724134132979558e-09
5.681250000000000000e+01,6.241902189435484965e-09
5.682812500000000000e+01,5.693759921115130091e-09
5.684375000000000000e+01,5.626661324884220868e-09
5.685937500000000000e+01,5.882945813520112163e-09
5.687500000000000000e+01,6.265327372164003727e-09
5.689062500000000000e+01,6.465026148158892381e-09
5.690625000000000000e+01,6.490518171583470146e-09
5.692187500000000000e+01,6.533189275061923603e-09
5.693750000000000000e+01,6.553987491941205763e-09
5.695312500000000000e+01,6.554468076713788586e-09
5.696875000000000000e+01,6.524198229273594848e-09
5.698437500000000000e+01,6.147315985256907851e-09
5.700000000000000000e+01,5.305925014863839786e-09
5.701562500000000000e+01,4.402727210353457931e-09
5.703125000000000000e+01,3.892869818062578442e-09
5.704687500000000000e+01,3.802725723758791545e-09
5.706250000000000000e+01,3.890180035558305712e-09
5.707812500000000000e+01,3.897613250056309853e-09
5.709375000000000000e+01,3.723805966213586354e-09
5.710937500000000000e+01,3.619747792415658881e-09
5.712500000000000000e+01,3.789990116285304932e-09
5.714062500000000000e+01,3.951745290211635437e-09
5.715625000000000000e+01,3.842814844519446800e-09
5.717187500000000000e+01,3.612671745707932098e-09
5.718750000000000000e+01,3.496242397575162898e-09
5.720312500000000000e+01,3.415998462565224347e-09
5.721875000000000000e+01,3.251328239667148516e-09
5.723437500000000000e+01,3.083754625025898251e-09
5.725000000000000000e+01,2.994650240900726924e-09
5.726562500000000000e+01,2.978330359423763593e-09
5.728125000000000000e+01,3.073670339408577092e-09
5.729687500000000000e+01,3.288561588823261872e-09
5.731250000000000000e+01,3.529276796308353156e-09
5.732812500000000000e+01,3.728406623772610083e-09
5.734375000000000000e+01,3.876477109577448005e-09
5.735937500000000000e+01,3.911549668971729071e-09
5.737500000000000000e+01,3.753791154901895962e-09
5.739062500000000000e+01,3.544106588760764727e-09
5.740625000000000000e+01,3.532677673534030327e-09
5.742187500000000000e+01,3.667598794808415188e-09
5.743750000000000000e+01,3.732979159056278788e-09
5.745312500000000000e+01,3.623946822358294389e-09
5.746875000000000000e+01,3.370275123088512334e-09
5.748437500000000000e+01,3.139123688132839851e-09
5.750000000000000000e+01,3.137148774339409520e-09
5.751562500000000000e+01,3.398760420856272313e-09
5.753125000000000000e+01,3.735094102422875125e-09
5.754687500000000000e+01,3.967778951884145587e-09
5.756250000000000000e+01,4.080841110600073135e-09
5.757812500000000000e+01,4.151039022887958778e-09
5.759375000000000000e+01,4.271505398787471973e-09
5.760937500000000000e+01,4.523376159194061389e-09
5.762500000000000000e+01,4.854733153282047960e-09
5.764062500000000000e+01,5.083386844490838969e-09
5.765625000000000000e+01,5.006407262894336477e-09
5.767187500000000000e+01,4.507486903587994297e-09
5.768750000000000000e+01,3.728049016103867586e-09
5.770312500000000000e+01,3.142942295490164786e-09
5.771875000000000000e+01,3.085531484687751821e-09
5.773437500000000000e+01,3.225977341552221583e-09
5.775000000000000000e+01,3.266086066105865605e-09
5.776562500000000000e+01,3.239494777277310345e-09
5.778125000000000000e+01,3.183150669032024149e-09
5.779687500000000000e+01,3.044974617699223168e-09
5.781250000000000000e+01,2.832355866963219313e-09
5.782812500000000000e+01,2.707170131109552601e-09
5.784375000000000000e+01,2.766198418495117564e-09
5.785937500000000000e+01,2.878788820777993412e-09
5.787500000000000000e+01,2.915835730929863440e-09
5.789062500000000000e+01,2.913737760263642996e-09
5.790625000000000000e+01,2.986083047065761478e-09
5.792187500000000000e+01,3.115121510122369168e-09
5.793750000000000000e+01,3.180851212547726673e-09
5.795312500000000000e+01,3.099486327102383010e-09
5.796875000000000000e+01,2.864825429822860960e-09
5.798437500000000000e+01,2.568848127682898793e-09
5.800000000000000000e+01,2.325384390261462280e-09
5.801562500000000000e+01,2.179732796103633080e-09
5.803125000000000000e+01,2.153664572676567528e-09
5.804687500000000000e+01,2.282082439214829569e-09
5.806250000000000000e+01,2.544181982493542913e-09
5.807812500000000000e+01,2.827157426754086525e-09
5.809375000000000000e+01,3.048168335346665974e-09
5.810937500000000000e+01,3.210566867076392084e-09
5.812500000000000000e+01,3.293090549150581896e-09
5.814062500000000000e+01,3.212678854098668934e-09
5.815625000000000000e+01,2.981482014469166259e-09
5.817187500000000000e+01,2.775776178936877332e-09
5.818750000000000000e+01,2.772938816708050971e-09
5.820312500000000000e+01,2.922960607087853613e-09
5.821875000000000000e+01,2.974278426549078613e-09
5.823437500000000000e+01,2.810564970617861601e-09
5.825000000000000000e+01,2.570631687309244876e-09
5.826562500000000000e+01,2.415374961368443220e-09
5.828125000000000000e+01,2.333724204767681464e-09
5.829687500000000000e+01,2.229705895358035782e-09
5.831250000000000000e+01,2.090112957934917426e-09
5.832812500000000000e+01,2.019879690836908176e-09
5.834375000000000000e+01,2.053230166948716096e-09
5.835937500000000000e+01,2.065707267280840949e-09
5.837500000000000000e+01,2.024684797659010585e-09
5.839062500000000000e+01,2.084072610241005756e-09
5.840625000000000000e+01,2.319539628776334185e-09
5.842187500000000000e+01,2.630756272035903093e-09
5.843750000000000000e+01,2.931821239784365653e-09
5.845312500000000000e+01,3.176948969554482628e-09
5.846875000000000000e+01,3.297027179803473041e-09
5.848437500000000000e+01,3.218284159261231034e-09
5.850000000000000000e+01,2.949191809419234657e-09
5.851562500000000000e+01,2.638388382315152230e-09
5.853125000000000000e+01,2.461149186906131754e-09
5.854687500000000000e+01,2.385472607319605058e-09
5.856250000000000000e+01,2.279346365587946571e-09
5.857812500000000000e+01,2.090887704527487981e-09
5.859375000000000000e+01,1.801437546847240780e-09
5.860937500000000000e+01,1.461495223468699569e-09
5.862500000000000000e+01,1.236997080060364114e-09
5.864062500000000000e+01,1.221176389371615252e-09
5.865625000000000000e+01,1.308402762669282514e-09
5.867187500000000000e+01,1.413419564191978226e-09
5.868750000000000000e+01,1.492186059149180032e-09
5.870312500000000000e+01,1.511095575843670168e-09
5.871875000000000000e+01,1.532856771549806736e-09
5.873437500000000000e+01,1.649145892329374034e-09
5.875000000000000000e+01,1.800073174065805737e-09
5.876562500000000000e+01,1.865994698575986587e-09
5.878125000000000000e+01,1.832012373204731966e-09
5.879687500000000000e+01,1.770597744734260630e-09
5.881250000000000000e+01,1.759528233982597541e-09
5.882812500000000000e+01,1.811763232550062867e-09
5.884375000000000000e+01,1.872370688232612186e-09
5.885937500000000000e+01,1.884115014284921103e-09
5.887500000000000000e+01,1.828076428175090240e-09
5.889062500000000000e+01,1.735705061932682182e-09
5.890625000000000000e+01,1.651053082947108317e-09
5.892187500000000000e+01,1.600271710251252868e-09
5.893750000000000000e+01,1.619421858910789033e-09
5.895312500000000000e+01,1.698989057696929507e-09
5.896875000000000000e+01,1.825834513400064202e-09
5.898437500000000000e+01,2.029176114680850951e-09
5.900000000000000000e+01,2.237017827104816825e-09
5.901562500000000000e+01,2.330810904873941332e-09
5.903125000000000000e+01,2.347198271767723296e-09
5.904687500000000000e+01,2.413126456274416849e-09
5.906250000000000000e+01,2.576651263072271236e-09
5.907812500000000000e+01,2.781475854624109315e-09
5.909375000000000000e+01,2.873118008724520714e-09
5.910937500000000000e+01,2.736455078343957822e-09
5.912500000000000000e+01,2.450475851570847748e-09
5.914062500000000000e+01,2.167885921147883984e-09
5.915625000000000000e+01,1.948008738334911016e-09
5.917187500000000000e+01,1.863167969298547266e-09
5.918750000000000000e+01,1.974477207591576554e-09
5.920312500000000000e+01,2.203178027337954478e-09
5.921875000000000000e+01,2.398904843579326844e-09
5.923437500000000000e+01,2.448314786741098052e-09
5.925000000000000000e+01,2.386182556127590724e-09
5.926562500000000000e+01,2.344486267562147120e-09
5.928125000000000000e+01,2.365631617648226265e-09
5.929687500000000000e+01,2.328294699188395902e-09
5.931250000000000000e+01,2.116210866217473896e-09
5.932812500000000000e+01,1.815090066770240921e-09
5.934375000000000000e+01,1.610728471065845678e-09
5.935937500000000000e+01,1.509255662774986351e-09
5.937500000000000000e+01,1.399623876659108587e-09
5.939062500000000000e+01,1.264039711324839622e-09
5.940625000000000000e+01,1.161642852762733006e-09
5.942187500000000000e+01,1.114305765598623067e-09
5.943750000000000000e+01,1.080577856959542133e-09
5.945312500000000000e+01,1.049861523149803767e-09
5.946875000000000000e+01,1.079661209761506237e-09
5.948437500000000000e+01,1.184772462425518790e-09
5.950000000000000000e+01,1.284255256107012222e-09
5.951562500000000000e+01,1.290056955707516499e-09
5.953125000000000000e+01,1.182596694720857450e-09
5.954687500000000000e+01,1.048914670427270808e-09
5.956250000000000000e+01,1.009610215902883787e-09
5.957812500000000000e+01,1.059394430663609249e-09
5.959375000000000000e+01,1.127296257855645013e-09
5.960937500000000000e+01,1.169866440648667671e-09
5.962500000000000000e+01,1.132442037759002759e-09
5.964062500000000000e+01,9.911149069736605259e-10
5.965625000000000000e+01,8.234250536645249809e-10
5.967187500000000000e+01,7.383505988260923897e-10
5.968750000000000000e+01,7.128158327995379409e-10
5.970312500000000000e+01,6.677716182393875702e-10
5.971875000000000000e+01,6.115531890148654920e-10
5.973437500000000000e+01,5.821571195636336642e-10
5.975000000000000000e+01,5.722099776532187528e-10
5.976562500000000000e+01,5.713026928962066219e-10
5.978125000000000000e+01,6.046773881957494912e-10
5.979687500000000000e+01,6.685382046597488874e-10
5.981250000000000000e+01,7.038533295455344096e-10
5.982812500000000000e+01,6.835783828445596154e-10
5.984375000000000000e+01,6.413392876556899294e-10
5.985937500000000000e+01,6.190485837669221207e-10
5.987500000000000000e+01,6.100642722797815850e-10
5.989062500000000000e+01,5.824586306598219882e-10
5.990625000000000000e+01,5.471999224791170485e-10
5.992187500000000000e+01,5.302766338921987323e-10
5.993750000000000000e+01,5.211896876687246204e-10
5.995312500000000000e+01,5.003477286627923888e-10
5.996875000000000000e+01,4.569127660376514353e-10
5.998437500000000000e+01,3.915927338427801364e-10
6.000000000000000000e+01,3.323194695417915846e-10
6.001562500000000000e+01,3.217539720328184352e-10
6.003125000000000000e+01,3.491602368500211565e-10
6.004687500000000000e+01,3.604276608714079269e-10
6.006250000000000000e+01,3.451974924874916375e-10
6.007812500000000000e+01,3.467154089654840264e-10
6.009375000000000000e+01,3.960725352930824778e-10
6.010937500000000000e+01,4.723842337667168462e-10
6.012500000000000000e+01,5.474097779960175786e-10
6.014062500000000000e+01,6.049660288496737606e-10
6.015625000000000000e+01,6.379286490005607540e-10
6.017187500000000000e+01,6.479860928296121059e-10
6.018750000000000000e+01,6.396641507751515942e-10
6.020312500000000000e+01,6.129407962191650440e-10
6.021875000000000000e+01,5.794084598958515845e-10
6.023437500000000000e+01,5.822361607754163773e-10
6.025000000000000000e+01,6.519051762691898340e-10
6.026562500000000000e+01,7.567790720868526495e-10
6.028125000000000000e+01,8.468557019179654718e-10
6.029687500000000000e+01,8.919322146123414782e-10
6.031250000000000000e+01,8.910597643124130534e-10
6.032812500000000000e+01,8.662031810618046728e-10
6.034375000000000000e+01,8.421497142698192437e-10
6.035937500000000000e+01,8.429345126477780860e-10
6.037500000000000000e+01,8.800616076485955880e-10
6.039062500000000000e+01,9.581810314247970275e-10
6.040625000000000000e+01,1.081767289040468838e-09
6.042187500000000000e+01,1.211373565743899432e-09
6.043750000000000000e+01,1.306219974710399783e-09
6.045312500000000000e+01,1.367656286164716733e-09
6.046875000000000000e+01,1.394721513892165841e-09
6.048437500000000000e+01,1.370595617978723926e-09
6.050000000000000000e+01,1.293354366226574629e-09
6.051562500000000000e+01,1.198577414219280441e-09
6.053125000000000000e+01,1.129684064600714732e-09
6.054687500000000000e+01,1.111432781784541808e-09
6.056250000000000000e+01,1.171829813654431893e-09
6.057812500000000000e+01,1.324658903632538963e-09
6.059375000000000000e+01,1.546925123737942467e-09
6.060937500000000000e+01,1.767904173300029641e-09
6.062500000000000000e+01,1.893925650850161916e-09
6.064062500000000000e+01,1.876204655207460567e-09
6.065625000000000000e+01,1.731476514397479560e-09
6.067187500000000000e+01,1.536771692571336573e-09
6.068750000000000000e+01,1.443326593140076171e-09
6.070312500000000000e+01,1.594885564314769219e-09
6.071875000000000000e+01,1.938317749752509307e-09
6.073437500000000000e+01,2.276549117083154541e-09
6.075000000000000000e+01,2.459893318425078900e-09
6.076562500000000000e+01,2.455971373306402468e-09
6.078125000000000000e+01,2.306907235246360893e-09
6.079687500000000000e+01,2.094991942075583904e-09
6.081250000000000000e+01,1.947465856818944461e-09
6.082812500000000000e+01,1.943601567582426058e-09
6.084375000000000000e+01,1.979725569608242362e-09
6.085937500000000000e+01,1.931207287429074801e-09
6.087500000000000000e+01,1.846198882361172654e-09
6.089062500000000000e+01,1.822088442578895971e-09
6.090625000000000000e+01,1.871333091494042354e-09
6.092187500000000000e+01,1.988920589209664633e-09
6.093750000000000000e+01,2.153929645384711979e-09
6.095312500000000000e+01,2.324694103311412676e-09
6.096875000000000000e+01,2.454294778367427957e-09
6.098437500000000000e+01,2.507691569047134480e-09
6.100000000000000000e+01,2.488579940209150389e-09
6.101562500000000000e+01,2.403855262445741035e-09
6.103125000000000000e+01,2.282849891363090207e-09
6.104687500000000000e+01,2.197530954323844136e-09
6.106250000000000000e+01,2.165508646803444776e-09
6.107812500000000000e+01,2.149450898603801155e-09
6.109375000000000000e+01,2.172002766713262439e-09
6.110937500000000000e+01,2.299289360164770522e-09
6.112500000000000000e+01,2.471581748946372903e-09
6.114062500000000000e+01,2.519093758840406966e-09
6.115625000000000000e+01,2.344092935172283796e-09
6.117187500000000000e+01,1.997321673986209925e-09
6.118750000000000000e+01,1.662793287108594902e-09
6.120312500000000000e+01,1.521856093509958029e-09
6.121875000000000000e+01,1.593548908480782558e-09
6.123437500000000000e+01,1.784749542251937885e-09
6.125000000000000000e+01,1.951783772248548735e-09
6.126562500000000000e+01,1.979788492912306005e-09
6.128125000000000000e+01,1.868958311508439787e-09
6.129687500000000000e+01,1.727502290517773029e-09
6.131250000000000000e+01,1.684598124875343236e-09
6.132812500000000000e+01,1.729547457164761466e-09
6.134375000000000000e+01,1.833630860584001827e-09
6.135937500000000000e+01,2.109474606498230777e-09
6.137500000000000000e+01,2.509775373558826138e-09
6.139062500000000000e+01,2.822372221607523373e-09
6.140625000000000000e+01,2.952016010961724555e-09
6.142187500000000000e+01,2.924628482636423873e-09
6.143750000000000000e+01,2.800504493863398689e-09
6.145312500000000000e+01,2.638522385359740310e-09
6.146875000000000000e+01,2.452888170437086486e-09
6.148437500000000000e+01,2.251344772834720821e-09
6.150000000000000000e+01,2.105172095792992831e-09
6.151562500000000000e+01,2.066342820208722763e-09
6.153125000000000000e+01,2.104533280228878085e-09
6.154687500000000000e+01,2.223432812568776667e-09
6.156250000000000000e+01,2.420396013940766034e-09
6.157812500000000000e+01,2.546126819019820003e-09
6.159375000000000000e+01,2.512696893040198757e-09
6.160937500000000000e+01,2.501360412336755556e-09
6.162500000000000000e+01,2.656326962605628618e-09
6.164062500000000000e+01,2.813662455980262646e-09
6.165625000000000000e+01,2.840349886069206033e-09
6.167187500000000000e+01,2.782868695246376991e-09
6.168750000000000000e+01,2.697109569661878709e-09
6.170312500000000000e+01,2.594852281355690927e-09
6.171875000000000000e+01,2.466422136722393467e-09
6.173437500000000000e+01,2.284663927011823044e-09
6.175000000000000000e+01,2.075674794575403732e-09
6.176562500000000000e+01,1.901616746724863660e-09
6.178125000000000000e+01,1.780506697405781552e-09
6.179687500000000000e+01,1.711704114579512891e-09
6.181250000000000000e+01,1.697340653885848280e-09
6.182812500000000000e+01,1.711205225469245144e-09
6.184375000000000000e+01,1.710630568645665839e-09
6.185937500000000000e+01,1.702802731438441148e-09
6.187500000000000000e+01,1.750862278389005490e-09
6.189062500000000000e+01,1.897770631501463369e-09
6.190625000000000000e+01,2.102694185050857375e-09
6.192187500000000000e+01,2.269832850312523608e-09
6.193750000000000000e+01,2.368727799804711828e-09
6.195312500000000000e+01,2.443350660129078524e-09
6.196875000000000000e+01,2.516292532602199885e-09
6.198437500000000000e+01,2.583422246706635866e-09
6.200000000000000000e+01,2.616692660812294099e-09
6.201562500000000000e+01,2.585392172715930755e-09
6.203125000000000000e+01,2.541386059363680844e-09
6.204687500000000000e+01,2.543581011236325413e-09
6.206250000000000000e+01,2.553003922024983492e-09
6.207812500000000000e+01,2.542762734310915432e-09
6.209375000000000000e+01,2.528365037487294813e-09
6.210937500000000000e+01,2.464399917995116797e-09
6.212500000000000000e+01,2.310857136921353803e-09
6.214062500000000000e+01,2.130183140255448374e-09
6.215625000000000000e+01,1.996490181846551651e-09
6.217187500000000000e+01,1.952052263932248127e-09
6.218750000000000000e+01,2.010648029115376236e-09
6.220312500000000000e+01,2.087104389282845858e-09
6.221875000000000000e+01,2.077662461683925319e-09
6.223437500000000000e+01,1.998538672616412062e-09
6.225000000000000000e+01,1.956080046207312523e-09
6.226562500000000000e+01,2.005678493785918541e-09
6.228125000000000000e+01,2.116983571729205193e-09
6.229687500000000000e+01,2.261805359434529902e-09
6.231250000000000000e+01,2.421718748548265147e-09
6.232812500000000000e+01,2.543016698634155191e-09
6.234375000000000000e+01,2.554665964917314969e-09
6.235937500000000000e+01,2.436387834798772675e-09
6.237500000000000000e+01,2.305458661385146036e-09
6.239062500000000000e+01,2.291873294871643657e-09
6.240625000000000000e+01,2.321898403567328394e-09
6.242187500000000000e+01,2.296949014182432333e-09
6.243750000000000000e+01,2.283341113016371881e-09
6.245312500000000000e+01,2.333524362649092654e-09
6.246875000000000000e+01,2.365675761916724072e-09
6.248437500000000000e+01,2.364191203587216638e-09
6.250000000000000000e+01,2.424682734382668315e-09
6.251562500000000000e+01,2.558587060180576098e-09
6.253125000000000000e+01,2.665514735433749867e-09
6.254687500000000000e+01,2.653231956775399742e-09
6.256250000000000000e+01,2.502991910729712563e-09
6.257812500000000000e+01,2.281092158561458608e-09
6.259375000000000000e+01,2.053331034883813116e-09
6.260937500000000000e+01,1.842499788491592821e-09
6.262500000000000000e+01,1.691590856089592837e-09
6.264062500000000000e+01,1.613366232675986502e-09
6.265625000000000000e+01,1.563858852164768535e-09
6.267187500000000000e+01,1.548309150823257440e-09
6.268750000000000000e+01,1.600113144929405737e-09
6.270312500000000000e+01,1.689043881743882958e-09
6.271875000000000000e+01,1.746974159575971645e-09
6.273437500000000000e+01,1.748338612669827164e-09
6.275000000000000000e+01,1.722949459192088357e-09
6.276562500000000000e+01,1.686031865631337696e-09
6.278125000000000000e+01,1.615072388344100202e-09
6.279687500000000000e+01,1.509058528479683005e-09
6.281250000000000000e+01,1.394081622732682544e-09
6.282812500000000000e+01,1.307466398504937966e-09
6.284375000000000000e+01,1.295068105498621466e-09
6.285937500000000000e+01,1.323380999339942072e-09
6.287500000000000000e+01,1.353051321889286395e-09
6.289062500000000000e+01,1.470109550830860185e-09
6.290625000000000000e+01,1.702538220397482543e-09
6.292187500000000000e+01,1.960283094204832943e-09
6.293750000000000000e+01,2.192601875707238840e-09
6.295312500000000000e+01,2.365279796472243291e-09
6.296875000000000000e+01,2.465164465012939722e-09
6.298437500000000000e+01,2.530735535077415372e-09
6.300000000000000000e+01,2.567672499864204299e-09
6.301562500000000000e+01,2.572087102999080481e-09
6.303125000000000000e+01,2.607350994277386270e-09
6.304687500000000000e+01,2.709448543051756411e-09
6.306250000000000000e+01,2.854470772477625019e-09
6.307812500000000000e+01,3.025289565773320845e-09
6.309375000000000000e+01,3.181309434446245298e-09
6.310937500000000000e+01,3.278277920052914138e-09
6.312500000000000000e+01,3.266542334697782462e-09
6.314062500000000000e+01,3.096220586692478851e-09
6.315625000000000000e+01,2.858873136160432325e-09
6.317187500000000000e+01,2.691045026692144968e-09
6.318750000000000000e+01,2.539451478102549346e-09
6.320312500000000000e+01,2.331517287081524358e-09
6.321875000000000000e+01,2.130933419320753337e-09
6.323437500000000000e+01,1.984196414495772296e-09
6.325000000000000000e+01,1.878261196904582671e-09
6.326562500000000000e+01,1.816394323386581428e-09
6.328125000000000000e+01,1.767206648324253786e-09
6.329687500000000000e+01,1.719311920274104910e-09
6.331250000000000000e+01,1.746652022953934619e-09
6.332812500000000000e+01,1.852260634734086877e-09
6.334375000000000000e+01,1.947767205459394238e-09
6.335937500000000000e+01,2.016573751814166887e-09
6.337500000000000000e+01,2.082852921958798307e-09
6.339062500000000000e+01,2.104907645933417153e-09
6.340625000000000000e+01,2.036384918648165970e-09
6.342187500000000000e+01,1.903455630840480161e-09
6.343750000000000000e+01,1.823741395507690643e-09
6.345312500000000000e+01,1.926486728533092941e-09
6.346875000000000000e+01,2.166367809323353232e-09
6.348437500000000000e+01,2.366109472171347172e-09
6.350000000000000000e+01,2.417844258561333926e-09
6.351562500000000000e+01,2.383470405903312544e-09
6.353125000000000000e+01,2.451124505833425225e-09
6.354687500000000000e+01,2.663408974924722937e-09
6.356250000000000000e+01,2.825981910731573242e-09
6.357812500000000000e+01,2.836297292693200753e-09
6.359375000000000000e+01,2.850512892870263128e-09
6.360937500000000000e+01,3.032892681359707708e-09
6.362500000000000000e+01,3.234438079342035289e-09
6.364062500000000000e+01,3.207456345292333238e-09
6.365625000000000000e+01,2.922260653312003874e-09
6.367187500000000000e+01,2.552653981736182847e-09
6.368750000000000000e+01,2.237728818873705917e-09
6.370312500000000000e+01,2.008452735867813700e-09
6.371875000000000000e+01,1.941997028652737351e-09
6.373437500000000000e+01,1.998062537185111580e-09
6.375000000000000000e+01,1.981085718204733305e-09
6.376562500000000000e+01,1.898756433039120079e-09
6.378125000000000000e+01,1.949265296187345453e-09
6.379687500000000000e+01,2.163523585818344396e-09
6.381250000000000000e+01,2.375834303952244751e-09
6.382812500000000000e+01,2.476854519905791631e-09
6.384375000000000000e+01,2.501986496048245211e-09
6.385937500000000000e+01,2.528260121941879519e-09
6.387500000000000000e+01,2.604253676960449806e-09
6.389062500000000000e+01,2.747831422202690288e-09
6.390625000000000000e+01,2.887144900944286568e-09
6.392187500000000000e+01,2.889986950561347227e-09
6.393750000000000000e+01,2.697491825818607837e-09
6.395312500000000000e+01,2.371546989307471339e-09
6.396875000000000000e+01,2.008051777924820541e-09
6.398437500000000000e+01,1.725755333758993796e-09
6.400000000000000000e+01,1.620144998239586251e-09
6.401562500000000000e+01,1.612046801416204599e-09
6.403125000000000000e+01,1.570237905888303699e-09
6.404687500000000000e+01,1.477007969256686097e-09
6.406250000000000000e+01,1.434820149676683285e-09
6.407812500000000000e+01,1.519354060479732105e-09
6.409375000000000000e+01,1.657623198629086374e-09
6.410937500000000000e+01,1.744135467754383949e-09
6.412500000000000000e+01,1.767053975212744070e-09
6.414062500000000000e+01,1.801240788111131706e-09
6.415625000000000000e+01,1.877817131356268772e-09
6.417187500000000000e+01,1.927211180553569418e-09
6.418750000000000000e+01,1.888332229245722578e-09
6.420312500000000000e+01,1.775521550256217503e-09
6.421875000000000000e+01,1.680468892184942897e-09
6.423437500000000000e+01,1.797858663370687646e-09
6.425000000000000000e+01,2.142929551559264430e-09
6.426562500000000000e+01,2.454397512082648872e-09
6.428125000000000000e+01,2.614053087430709186e-09
6.429687500000000000e+01,2.713534478581414963e-09
6.431250000000000000e+01,2.809633019170186220e-09
6.432812500000000000e+01,2.840861823914179669e-09
6.434375000000000000e+01,2.790862059714377525e-09
6.435937500000000000e+01,2.707683877260112097e-09
6.437500000000000000e+01,2.562129797764450572e-09
6.439062500000000000e+01,2.278543451495815244e-09
6.440625000000000000e+01,1.910106795016805855e-09
6.442187500000000000e+01,1.652328429076254588e-09
6.443750000000000000e+01,1.622330435717530683e-09
6.445312500000000000e+01,1.781509528028620521e-09
6.446875000000000000e+01,2.000267866128499413e-09
6.448437500000000000e+01,2.097832831144875431e-09
6.450000000000000000e+01,2.016400734998237953e-09
6.451562500000000000e+01,1.882419711956065789e-09
6.453125000000000000e+01,1.849497500563032377e-09
6.454687500000000000e+01,1.870675489693592827e-09
6.456250000000000000e+01,1.788055460647314910e-09
6.457812500000000000e+01,1.614986232645714009e-09
6.459375000000000000e+01,1.581363051204096157e-09
6.460937500000000000e+01,1.757249185185286074e-09
6.462500000000000000e+01,1.903790135300101106e-09
6.464062500000000000e+01,1.977356111112958822e-09
6.465625000000000000e+01,2.174537527435887523e-09
6.467187500000000000e+01,2.476568626870969052e-09
6.468750000000000000e+01,2.652733670419229828e-09
6.470312500000000000e+01,2.630192685394982321e-09
6.471875000000000000e+01,2.553224552818291409e-09
6.473437500000000000e+01,2.574852943518334900e-09
6.475000000000000000e+01,2.651464368882696634e-09
6.476562500000000000e+01,2.626123774203264172e-09
6.478125000000000000e+01,2.448452706237186447e-09
6.479687500000000000e+01,2.203279836314605530e-09
6.481250000000000000e+01,1.944695370933118841e-09
6.482812500000000000e+01,1.665457941355742490e-09
6.484375000000000000e+01,1.447650608775156742e-09
6.485937500000000000e+01,1.444551752341310198e-09
6.487500000000000000e+01,1.639185219610178117e-09
6.489062500000000000e+01,1.843083105839644659e-09
6.490625000000000000e+01,1.917218830952124261e-09
6.492187500000000000e+01,1.885207952047890039e-09
6.493750000000000000e+01,1.899622023621684172e-09
6.495312500000000000e+01,2.040679019502840264e-09
6.496875000000000000e+01,2.205509208966620387e-09
6.498437500000000000e+01,2.299584768518028575e-09
6.500000000000000000e+01,2.310949015807915187e-09
6.501562500000000000e+01,2.190522884957342637e-09
6.503125000000000000e+01,1.907467042590572388e-09
6.504687500000000000e+01,1.618057369761318444e-09
6.506250000000000000e+01,1.595133832921421342e-09
6.507812500000000000e+01,1.838743601271325017e-09
6.509375000000000000e+01,2.125086345957731119e-09
6.510937500000000000e+01,2.365955378496538917e-09
6.512500000000000000e+01,2.546233408525252252e-09
6.514062500000000000e+01,2.567298590281405750e-09
6.515625000000000000e+01,2.357386822677495717e-09
6.517187500000000000e+01,2.020874903594769553e-09
6.518750000000000000e+01,1.801786177692354669e-09
6.520312500000000000e+01,1.871012359503018206e-09
6.521875000000000000e+01,2.067679270093207428e-09
6.523437500000000000e+01,2.142904531834109464e-09
6.525000000000000000e+01,2.065418247825515824e-09
6.526562500000000000e+01,1.963944471353849818e-09
6.528125000000000000e+01,1.908722626433160319e-09
6.529687500000000000e+01,1.854859070928627218e-09
6.531250000000000000e+01,1.778712461007246821e-09
6.532812500000000000e+01,1.732780659196108586e-09
6.534375000000000000e+01,1.761671578616062920e-09
6.535937500000000000e+01,1.791712485045066056e-09
6.537500000000000000e+01,1.725620188102558208e-09
6.539062500000000000e+01,1.627918305673542874e-09
6.540625000000000000e+01,1.645687797529571595e-09
6.542187500000000000e+01,1.777505131256953689e-09
6.543750000000000000e+01,1.921683195581696352e-09
6.545312500000000000e+01,2.019618775539162241e-09
6.546875000000000000e+01,2.064836745100939974e-09
6.548437500000000000e+01,2.102710134883883231e-09
6.550000000000000000e+01,2.199429740283532495e-09
6.551562500000000000e+01,2.329743646016158569e-09
6.553125000000000000e+01,2.432669471803904264e-09
6.554687500000000000e+01,2.529879161867463564e-09
6.556250000000000000e+01,2.595013288025517076e-09
6.557812500000000000e+01,2.532238192431054804e-09
6.559375000000000000e+01,2.346426362716071995e-09
6.560937500000000000e+01,2.125327918021314057e-09
6.562500000000000000e+01,1.926998263966585982e-09
6.564062500000000000e+01,1.775591017513051360e-09
6.565625000000000000e+01,1.671667660020272539e-09
6.567187500000000000e+01,1.598111867429485822e-09
6.568750000000000000e+01,1.569038898069042661e-09
6.570312500000000000e+01,1.587284713528018179e-09
6.571875000000000000e+01,1.600205063659636781e-09
6.573437500000000000e+01,1.576883855316945776e-09
6.575000000000000000e+01,1.552657963799335580e-09
6.576562500000000000e+01,1.595482705731977407e-09
6.578125000000000000e+01,1.693137705588918082e-09
6.579687500000000000e+01,1.747185526766222785e-09
6.581250000000000000e+01,1.744193886234985193e-09
6.582812500000000000e+01,1.794209319509054059e-09
6.584375000000000000e+01,1.936393223412338860e-09
6.585937500000000000e+01,2.056139023467403478e-09
6.587500000000000000e+01,2.071729140417669687e-09
6.589062500000000000e+01,2.054599113393709761e-09
6.590625000000000000e+01,2.100421979356468995e-09
6.592187500000000000e+01,2.193836480650854223e-09
6.593750000000000000e+01,2.285425134730114930e-09
6.595312500000000000e+01,2.345548129840931281e-09
6.596875000000000000e+01,2.380313996882627645e-09
6.598437500000000000e+01,2.448778449913466793e-09
6.600000000000000000e+01,2.611676899685178022e-09
6.601562500000000000e+01,2.792925212887161178e-09
6.603125000000000000e+01,2.836456873817865207e-09
6.604687500000000000e+01,2.715685348110958457e-09
6.606250000000000000e+01,2.534649333491915083e-09
6.607812500000000000e+01,2.390394927828178875e-09
6.609375000000000000e+01,2.326293223969731691e-09
6.610937500000000000e+01,2.347645480620243992e-09
6.612500000000000000e+01,2.372380985979127668e-09
6.614062500000000000e+01,2.356916161639103900e-09
6.615625000000000000e+01,2.375952640836974456e-09
6.617187500000000000e+01,2.429707578601945084e-09
6.618750000000000000e+01,2.451276200875259106e-09
6.620312500000000000e+01,2.410987319300019726e-09
6.621875000000000000e+01,2.306836493864025490e-09
6.623437500000000000e+01,2.200570796984796209e-09
6.625000000000000000e+01,2.160737125066928878e-09
6.626562500000000000e+01,2.155873606259764384e-09
6.628125000000000000e+01,2.130755370357191937e-09
6.629687500000000000e+01,2.089329436765044119e-09
6.631250000000000000e+01,2.080678041401271927e-09
6.632812500000000000e+01,2.151837675996789415e-09
6.634375000000000000e+01,2.274470544074547594e-09
6.635937500000000000e+01,2.352642300620556442e-09
6.637500000000000000e+01,2.381678418711337374e-09
6.639062500000000000e+01,2.463725106025478286e-09
6.640625000000000000e+01,2.623982141280150806e-09
6.642187500000000000e+01,2.826166521853496458e-09
6.643750000000000000e+01,3.045246741891277291e-09
6.645312500000000000e+01,3.227522098005446566e-09
6.646875000000000000e+01,3.312250198178485916e-09
6.648437500000000000e+01,3.265609567466343100e-09
6.650000000000000000e+01,3.057711230701826437e-09
6.651562500000000000e+01,2.706448656588230411e-09
6.653125000000000000e+01,2.368137989880784242e-09
6.654687500000000000e+01,2.201003955969292401e-09
6.656250000000000000e+01,2.206935382001157449e-09
6.657812500000000000e+01,2.318500867385689217e-09
6.659375000000000000e+01,2.463640958921027801e-09
6.660937500000000000e+01,2.618685582221807062e-09
6.662500000000000000e+01,2.844755731417980107e-09
6.664062500000000000e+01,3.175733915827448536e-09
6.665625000000000000e+01,3.460691871917722944e-09
6.667187500000000000e+01,3.513591931129591411e-09
6.668750000000000000e+01,3.349815846400457224e-09
6.670312500000000000e+01,3.139174554301335700e-09
6.671875000000000000e+01,3.002936140133519506e-09
6.673437500000000000e+01,2.947944563924410043e-09
6.675000000000000000e+01,2.898976226363706800e-09
6.676562500000000000e+01,2.785440623207399567e-09
6.678125000000000000e+01,2.662717066624196159e-09
6.679687500000000000e+01,2.634648003037944855e-09
6.681250000000000000e+01,2.633633381567794184e-09
6.682812500000000000e+01,2.540898546763815641e-09
6.684375000000000000e+01,2.414455824326355552e-09
6.685937500000000000e+01,2.394365044351937932e-09
6.687500000000000000e+01,2.466720388143764331e-09
6.689062500000000000e+01,2.511536002605579805e-09
6.690625000000000000e+01,2.473435961259829869e-09
6.692187500000000000e+01,2.328660408752457023e-09
6.693750000000000000e+01,2.089907512578620732e-09
6.695312500000000000e+01,1.880767775744431143e-09
6.696875000000000000e+01,1.807966963102231716e-09
6.698437500000000000e+01,1.843706438326836027e-09
6.700000000000000000e+01,1.940687150809667717e-09
6.701562500000000000e+01,2.043686352679831585e-09
6.703125000000000000e+01,2.070357974078720199e-09
6.704687500000000000e+01,2.053617155372158515e-09
6.706250000000000000e+01,2.148492885273567882e-09
6.707812500000000000e+01,2.329707009347564529e-09
6.709375000000000000e+01,2.392130377932800507e-09
6.710937500000000000e+01,2.240896541966520865e-09
6.712500000000000000e+01,1.960794771329980858e-09
6.714062500000000000e+01,1.779395361699736307e-09
6.715625000000000000e+01,1.824379597263228832e-09
6.717187500000000000e+01,1.926658945110315493e-09
6.718750000000000000e+01,1.956434744198707636e-09
6.720312500000000000e+01,1.947782591718044441e-09
6.721875000000000000e+01,1.949174930423126087e-09
6.723437500000000000e+01,1.974363799962753883e-09
6.725000000000000000e+01,2.032858382459726778e-09
6.726562500000000000e+01,2.121080377200848432e-09
6.728125000000000000e+01,2.209157544668394432e-09
6.729687500000000000e+01,2.258444198805843608e-09
6.731250000000000000e+01,2.275878288675009931e-09
6.732812500000000000e+01,2.325880748510713489e-09
6.734375000000000000e+01,2.439921368969326846e-09
6.735937500000000000e+01,2.581739352618567221e-09
6.737500000000000000e+01,2.640956995054793996e-09
6.739062500000000000e+01,2.507696913830040233e-09
6.740625000000000000e+01,2.251221589944616802e-09
6.742187500000000000e+01,2.111061959324477568e-09
6.743750000000000000e+01,2.164880976792788220e-09
6.745312500000000000e+01,2.202251368371912536e-09
6.746875000000000000e+01,2.095619274322272751e-09
6.748437500000000000e+01,1.933616461164093485e-09
6.750000000000000000e+01,1.836180169391435462e-09
6.751562500000000000e+01,1.805195594903615936e-09
6.753125000000000000e+01,1.804686272805324142e-09
6.754687500000000000e+01,1.904049601341125435e-09
6.756250000000000000e+01,2.113053803256066851e-09
6.757812500000000000e+01,2.256281229854628682e-09
6.759375000000000000e+01,2.188267553292767767e-09
6.760937500000000000e+01,1.955607206590791041e-09
6.762500000000000000e+01,1.803689548429873125e-09
6.764062500000000000e+01,1.875289986693957409e-09
6.765625000000000000e+01,2.017785077373990160e-09
6.767187500000000000e+01,2.119447374390941691e-09
6.768750000000000000e+01,2.227809298048683175e-09
6.770312500000000000e+01,2.410884207156740549e-09
6.771875000000000000e+01,2.641627112370622972e-09
6.773437500000000000e+01,2.850768712053404643e-09
6.775000000000000000e+01,2.967766617895282169e-09
6.776562500000000000e+01,2.969103038504043357e-09
6.778125000000000000e+01,2.963016637516223425e-09
6.779687500000000000e+01,3.015588662096639140e-09
6.781250000000000000e+01,3.021979142215069570e-09
6.782812500000000000e+01,2.920814562198539376e-09
6.784375000000000000e+01,2.779179433439315302e-09
6.785937500000000000e+01,2.693482830106524403e-09
6.787500000000000000e+01,2.682115759092825202e-09
6.789062500000000000e+01,2.646238486606724232e-09
6.790625000000000000e+01,2.526880959061380375e-09
6.792187500000000000e+01,2.389725014327081128e-09
6.793750000000000000e+01,2.305007834920051399e-09
6.795312500000000000e+01,2.297618725676281961e-09
6.796875000000000000e+01,2.323686005077889968e-09
6.798437500000000000e+01,2.328257756078415227e-09
6.800000000000000000e+01,2.333396045802017662e-09
6.801562500000000000e+01,2.368303703251101174e-09
6.803125000000000000e+01,2.455431766855800355e-09
6.804687500000000000e+01,2.579111884228719654e-09
6.806250000000000000e+01,2.645653157398253386e-09
6.807812500000000000e+01,2.639331276144067112e-09
6.809375000000000000e+01,2.644643232166188116e-09
6.810937500000000000e+01,2.647444222982225878e-09
6.812500000000000000e+01,2.599294401200711578e-09
6.814062500000000000e+01,2.616510768388948310e-09
6.815625000000000000e+01,2.772348706238220893e-09
6.817187500000000000e+01,2.911989267836082951e-09
6.818750000000000000e+01,2.925008037846754536e-09
6.820312500000000000e+01,2.884284951056329719e-09
6.821875000000000000e+01,2.866319147841043113e-09
6.823437500000000000e+01,2.849691937402265619e-09
6.825000000000000000e+01,2.845892436572988339e-09
6.826562500000000000e+01,2.850660361111219658e-09
6.828125000000000000e+01,2.796226828457127122e-09
6.829687500000000000e+01,2.719811773428307295e-09
6.831250000000000000e+01,2.726458501058225030e-09
6.832812500000000000e+01,2.794516903886256053e-09
6.834375000000000000e+01,2.774007148794409010e-09
6.835937500000000000e+01,2.601728648839700369e-09
6.837500000000000000e+01,2.410287182620173387e-09
6.839062500000000000e+01,2.326459547595590386e-09
6.840625000000000000e+01,2.296219930298660235e-09
6.842187500000000000e+01,2.231198491489144308e-09
6.843750000000000000e+01,2.102259286559831187e-09
6.845312500000000000e+01,1.877942368038532091e-09
6.846875000000000000e+01,1.589987230976883008e-09
6.848437500000000000e+01,1.462075386088917307e-09
6.850000000000000000e+01,1.575934890770399651e-09
6.851562500000000000e+01,1.698922482839118623e-09
6.853125000000000000e+01,1.756872178580748678e-09
6.854687500000000000e+01,1.804777209396778152e-09
6.856250000000000000e+01,1.837485075239906895e-09
6.857812500000000000e+01,1.871153433727970127e-09
6.859375000000000000e+01,1.938301001205316019e-09
6.860937500000000000e+01,2.022711354358033683e-09
6.862500000000000000e+01,2.144317995748691260e-09
6.864062500000000000e+01,2.247223752299271325e-09
6.865625000000000000e+01,2.181276084632902178e-09
6.867187500000000000e+01,1.991478994411937453e-09
6.868750000000000000e+01,1.907020644179488713e-09
6.870312500000000000e+01,1.980536754692294175e-09
6.871875000000000000e+01,2.040124309826402656e-09
6.873437500000000000e+01,1.976332380712830950e-09
6.875000000000000000e+01,1.895602873209624263e-09
6.876562500000000000e+01,1.970400649656739836e-09
6.878125000000000000e+01,2.142396466063319827e-09
6.879687500000000000e+01,2.275554052030990738e-09
6.881250000000000000e+01,2.359173448171698094e-09
6.882812500000000000e+01,2.480745750417916492e-09
6.884375000000000000e+01,2.695775449030530434e-09
6.885937500000000000e+01,2.874417074671254834e-09
6.887500000000000000e+01,2.885588001092442901e-09
6.889062500000000000e+01,2.786242032505211851e-09
6.890625000000000000e+01,2.664666351897533027e-09
6.892187500000000000e+01,2.509291150086890444e-09
6.893750000000000000e+01,2.343740806326304478e-09
6.895312500000000000e+01,2.293533661633897405e-09
6.896875000000000000e+01,2.397144911944398882e-09
6.898437500000000000e+01,2.535481796164618034e-09
6.900000000000000000e+01,2.701548783594595642e-09
6.901562500000000000e+01,2.997717950171606510e-09
6.903125000000000000e+01,3.313480912255297330e-09
6.904687500000000000e+01,3.444935246679635843e-09
6.906250000000000000e+01,3.396201831683707941e-09
6.907812500000000000e+01,3.315930194956783830e-09
6.909375000000000000e+01,3.304550640931375266e-09
6.910937500000000000e+01,3.335228243631314915e-09
6.912500000000000000e+01,3.282600672087192687e-09
6.914062500000000000e+01,3.048492812570395917e-09
6.915625000000000000e+01,2.668812269981770169e-09
6.917187500000000000e+01,2.292483113734334923e-09
6.918750000000000000e+01,2.031083761983084641e-09
6.920312500000000000e+01,1.895459936490653711e-09
6.921875000000000000e+01,1.861615349701644633e-09
6.923437500000000000e+01,1.867341133227356161e-09
6.925000000000000000e+01,1.870772201568916799e-09
6.926562500000000000e+01,1.903262649546197051e-09
6.928125000000000000e+01,1.985773186700695210e-09
6.929687500000000000e+01,2.142179369418123547e-09
6.931250000000000000e+01,2.433483011897541287e-09
6.932812500000000000e+01,2.820949403866229857e-09
6.934375000000000000e+01,3.137796405383442956e-09
6.935937500000000000e+01,3.229921733753511116e-09
6.937500000000000000e+01,3.097412793458005988e-09
6.939062500000000000e+01,2.900048170129605187e-09
6.940625000000000000e+01,2.765260137097258028e-09
6.942187500000000000e+01,2.697611339269901778e-09
6.943750000000000000e+01,2.704762695615483365e-09
6.945312500000000000e+01,2.798253489769855157e-09
6.946875000000000000e+01,2.940940153666906158e-09
6.948437500000000000e+01,3.117008106618322526e-09
6.950000000000000000e+01,3.278946063277063311e-09
6.951562500000000000e+01,3.319561893922008223e-09
6.953125000000000000e+01,3.244842862985925201e-09
6.954687500000000000e+01,3.205646757976760507e-09
6.956250000000000000e+01,3.265300911742499806e-09
6.957812500000000000e+01,3.347541931567168031e-09
6.959375000000000000e+01,3.461008411134096439e-09
6.960937500000000000e+01,3.688749931230608595e-09
6.962500000000000000e+01,3.952156426354656553e-09
6.964062500000000000e+01,4.048593070534360539e-09
6.965625000000000000e+01,3.873259516228937203e-09
6.967187500000000000e+01,3.527727272035042787e-09
6.968750000000000000e+01,3.254825923809487295e-09
6.970312500000000000e+01,3.184118253584052642e-09
6.971875000000000000e+01,3.252551002967723251e-09
6.973437500000000000e+01,3.342668563719703615e-09
6.975000000000000000e+01,3.278784062369361273e-09
6.976562500000000000e+01,2.939600504968820810e-09
6.978125000000000000e+01,2.439845754602060590e-09
6.979687500000000000e+01,2.016251708272857126e-09
6.981250000000000000e+01,1.776610390461964045e-09
6.982812500000000000e+01,1.729846413603632099e-09
6.984375000000000000e+01,1.855050738728759995e-09
6.985937500000000000e+01,2.039443770654093672e-09
6.987500000000000000e+01,2.157343375203319089e-09
6.989062500000000000e+01,2.204013543469218829e-09
6.990625000000000000e+01,2.300144624835137637e-09
6.992187500000000000e+01,2.503297954149918395e-09
6.993750000000000000e+01,2.733798998010112710e-09
6.995312500000000000e+01,2.885748094717771538e-09
6.996875000000000000e+01,2.922792538956598241e-09
6.998437500000000000e+01,2.895423696651725761e-09
7.000000000000000000e+01,2.841204091240889508e-09
7.001562500000000000e+01,2.756881855763270765e-09
7.003125000000000000e+01,2.679225362372888428e-09
7.004687500000000000e+01,2.647511721053296948e-09
7.006250000000000000e+01,2.682889698075270588e-09
7.007812500000000000e+01,2.797086866188595984e-09
7.009375000000000000e+01,2.888692877827084095e-09
7.010937500000000000e+01,2.873851637986212899e-09
7.012500000000000000e+01,2.828163770851790399e-09
7.014062500000000000e+01,2.827261417932675196e-09
7.015625000000000000e+01,2.903344343760069336e-09
7.017187500000000000e+01,3.083331504190146676e-09
7.018750000000000000e+01,3.239674886209872815e-09
7.020312500000000000e+01,3.164761425143216167e-09
7.021875000000000000e+01,2.830913823396792531e-09
7.023437500000000000e+01,2.455453266887657385e-09
7.025000000000000000e+01,2.259134844484728318e-09
7.026562500000000000e+01,2.256188307726178063e-09
7.028125000000000000e+01,2.403980526443431789e-09
7.029687500000000000e+01,2.613092779313082850e-09
7.031250000000000000e+01,2.710272345262054946e-09
7.032812500000000000e+01,2.590636151671820188e-09
7.034375000000000000e+01,2.319520036833694520e-09
7.035937500000000000e+01,2.073561007370602289e-09
7.037500000000000000e+01,1.963295774242266918e-09
7.039062500000000000e+01,1.954735285463522857e-09
7.040625000000000000e+01,2.022786121324456249e-09
7.042187500000000000e+01,2.185311369460326975e-09
7.043750000000000000e+01,2.360329295992283918e-09
7.045312500000000000e+01,2.464395096577739544e-09
7.046875000000000000e+01,2.542267956607117880e-09
7.048437500000000000e+01,2.613269049507567098e-09
7.050000000000000000e+01,2.628868008649865741e-09
7.051562500000000000e+01,2.608513460332911067e-09
7.053125000000000000e+01,2.599581343384006645e-09
7.054687500000000000e+01,2.636996765759782614e-09
7.056250000000000000e+01,2.753012028024379128e-09
7.057812500000000000e+01,2.846098431756317192e-09
7.059375000000000000e+01,2.766330378578756818e-09
7.060937500000000000e+01,2.603028205632250147e-09
7.062500000000000000e+01,2.591407197475884195e-09
7.064062500000000000e+01,2.737422227719256309e-09
7.065625000000000000e+01,2.850032448226760395e-09
7.067187500000000000e+01,2.827219336010033559e-09
7.068750000000000000e+01,2.755566711802809388e-09
7.070312500000000000e+01,2.752012381633355951e-09
7.071875000000000000e+01,2.770349490414530868e-09
7.073437500000000000e+01,2.736014181153917734e-09
7.075000000000000000e+01,2.676430392574322872e-09
7.076562500000000000e+01,2.661880402705844307e-09
7.078125000000000000e+01,2.698682587974840372e-09
7.079687500000000000e+01,2.726165694858177670e-09
7.081250000000000000e+01,2.759424740492521526e-09
7.082812500000000000e+01,2.890104502349609389e-09
7.084375000000000000e+01,3.132859979905913364e-09
7.085937500000000000e+01,3.396041664755923469e-09
7.087500000000000000e+01,3.558225802109089219e-09
7.089062500000000000e+01,3.519515068977519586e-09
7.090625000000000000e+01,3.286371050573628268e-09
7.092187500000000000e+01,3.003867558097384685e-09
7.093750000000000000e+01,2.832474264296534294e-09
7.095312500000000000e+01,2.835370878826416509e-09
7.096875000000000000e+01,2.926426014656594239e-09
7.098437500000000000e+01,2.941962670646866970e-09
7.100000000000000000e+01,2.830961222357209115e-09
7.101562500000000000e+01,2.651920649938638790e-09
7.103125000000000000e+01,2.464970138111098973e-09
7.104687500000000000e+01,2.318704739261189044e-09
7.106250000000000000e+01,2.296071865659279334e-09
7.107812500000000000e+01,2.451159959999375344e-09
7.109375000000000000e+01,2.666270903526297849e-09
7.110937500000000000e+01,2.729673207465603156e-09
7.112500000000000000e+01,2.522092936703419517e-09
7.114062500000000000e+01,2.138995340992027038e-09
7.115625000000000000e+01,1.816290759106461527e-09
7.117187500000000000e+01,1.691360170907745700e-09
7.118750000000000000e+01,1.758138061685273515e-09
7.120312500000000000e+01,1.961287641778047670e-09
7.121875000000000000e+01,2.194141829574594368e-09
7.123437500000000000e+01,2.340432191598702297e-09
7.125000000000000000e+01,2.383484666539588800e-09
7.126562500000000000e+01,2.431658392707261147e-09
7.128125000000000000e+01,2.616873483220038425e-09
7.129687500000000000e+01,2.925686808235741329e-09
7.131250000000000000e+01,3.170089187010827832e-09
7.132812500000000000e+01,3.233389822105349362e-09
7.134375000000000000e+01,3.242654152261311456e-09
7.135937500000000000e+01,3.302009859119482008e-09
7.137500000000000000e+01,3.211903596824368794e-09
7.139062500000000000e+01,2.834163192534229940e-09
7.140625000000000000e+01,2.428749871752109937e-09
7.142187500000000000e+01,2.320631546108629886e-09
7.143750000000000000e+01,2.413910343976849730e-09
7.145312500000000000e+01,2.514409622043595372e-09
7.146875000000000000e+01,2.579428486165403419e-09
7.148437500000000000e+01,2.574574259445975608e-09
7.150000000000000000e+01,2.472073808333307931e-09
7.151562500000000000e+01,2.344626472093754800e-09
7.153125000000000000e+01,2.289847110880375002e-09
7.154687500000000000e+01,2.286004663627759645e-09
7.156250000000000000e+01,2.248363475086699851e-09
7.157812500000000000e+01,2.151753725781435133e-09
7.159375000000000000e+01,2.008822441893263196e-09
7.160937500000000000e+01,1.884398896372011773e-09
7.162500000000000000e+01,1.909503604827639449e-09
7.164062500000000000e+01,2.080608583717708459e-09
7.165625000000000000e+01,2.262105070992332928e-09
7.167187500000000000e+01,2.398797804094448648e-09
7.168750000000000000e+01,2.468358519611186202e-09
7.170312500000000000e+01,2.430852257997795961e-09
7.171875000000000000e+01,2.356550135005810506e-09
7.173437500000000000e+01,2.397836133030326947e-09
7.175000000000000000e+01,2.621924131713431405e-09
7.176562500000000000e+01,2.965740817942546290e-09
7.178125000000000000e+01,3.234274662122195054e-09
7.179687500000000000e+01,3.206281345697259811e-09
7.181250000000000000e+01,2.849653154190105881e-09
7.182812500000000000e+01,2.434276741338492743e-09
7.184375000000000000e+01,2.309542299430988017e-09
7.185937500000000000e+01,2.444053259319680857e-09
7.187500000000000000e+01,2.600923259461058531e-09
7.189062500000000000e+01,2.694921380091283910e-09
7.190625000000000000e+01,2.705588982744751088e-09
7.192187500000000000e+01,2.667072151212674733e-09
7.193750000000000000e+01,2.630036052883131956e-09
7.195312500000000000e+01,2.554824047992808733e-09
7.196875000000000000e+01,2.492764070433200399e-09
7.198437500000000000e+01,2.508957401489289876e-09
7.200000000000000000e+01,2.439253874472498469e-09
7.201562500000000000e+01,2.250562202315265310e-09
7.203125000000000000e+01,2.179935011164957461e-09
7.204687500000000000e+01,2.279724165733059356e-09
7.206250000000000000e+01,2.373700908306584996e-09
7.207812500000000000e+01,2.358973175503869575e-09
7.209375000000000000e+01,2.236517994934630717e-09
7.210937500000000000e+01,2.067840123340638679e-09
7.212500000000000000e+01,1.888394958164655482e-09
7.214062500000000000e+01,1.707056838963617224e-09
7.215625000000000000e+01,1.573399565468090746e-09
7.217187500000000000e+01,1.484021916963415093e-09
7.218750000000000000e+01,1.377597818256501055e-09
7.220312500000000000e+01,1.285833995206283755e-09
7.221875000000000000e+01,1.305999090760661558e-09
7.223437500000000000e+01,1.418392640301641206e-09
7.225000000000000000e+01,1.504452875506294502e-09
7.226562500000000000e+01,1.550189675041547317e-09
7.228125000000000000e+01,1.641664745350623910e-09
7.229687500000000000e+01,1.789705059520434319e-09
7.231250000000000000e+01,1.936495706955956941e-09
7.232812500000000000e+01,2.023106033739437414e-09
7.234375000000000000e+01,2.010148333460655611e-09
7.235937500000000000e+01,1.943118496476321582e-09
7.237500000000000000e+01,1.915158425598737467e-09
7.239062500000000000e+01,1.970322744138947170e-09
7.240625000000000000e+01,2.109879021598206348e-09
7.242187500000000000e+01,2.255099158538661556e-09
7.243750000000000000e+01,2.315861759806048776e-09
7.245312500000000000e+01,2.289625678581306533e-09
7.246875000000000000e+01,2.193102907707618386e-09
7.248437500000000000e+01,2.092453965896898216e-09
7.250000000000000000e+01,2.069372797498192985e-09
7.251562500000000000e+01,2.066951844071811567e-09
7.253125000000000000e+01,2.005624124451367516e-09
7.254687500000000000e+01,1.867636962227734368e-09
7.256250000000000000e+01,1.700149881471093622e-09
7.257812500000000000e+01,1.635763130311588008e-09
7.259375000000000000e+01,1.687777282810428455e-09
7.260937500000000000e+01,1.759845223424945962e-09
7.262500000000000000e+01,1.849473042341952753e-09
7.264062500000000000e+01,1.927360444145499750e-09
7.265625000000000000e+01,1.909407342063219713e-09
7.267187500000000000e+01,1.811985886648724234e-09
7.268750000000000000e+01,1.723749366879518891e-09
7.270312500000000000e+01,1.714784942987274512e-09
7.271875000000000000e+01,1.812146174964133463e-09
7.273437500000000000e+01,1.935593748699252995e-09
7.275000000000000000e+01,1.997593593734647666e-09
7.276562500000000000e+01,2.028416952195715958e-09
7.278125000000000000e+01,2.066045828938506571e-09
7.279687500000000000e+01,2.064151130559132755e-09
7.281250000000000000e+01,1.996117552126002213e-09
7.282812500000000000e+01,1.910548944222481180e-09
7.284375000000000000e+01,1.881027222382250478e-09
7.285937500000000000e+01,1.900332657484248922e-09
7.287500000000000000e+01,1.870137461471269111e-09
7.289062500000000000e+01,1.777533203768028908e-09
7.290625000000000000e+01,1.775514629719987938e-09
7.292187500000000000e+01,1.937994967681125977e-09
7.293750000000000000e+01,2.087000259199232350e-09
7.295312500000000000e+01,2.073134842906578160e-09
7.296875000000000000e+01,1.933282355396839499e-09
7.298437500000000000e+01,1.759412623100652317e-09
7.300000000000000000e+01,1.589742078270473590e-09
7.301562500000000000e+01,1.483255072237111481e-09
7.303125000000000000e+01,1.487890020510006896e-09
7.304687500000000000e+01,1.549795227210734374e-09
7.306250000000000000e+01,1.609629543250108609e-09
7.307812500000000000e+01,1.650575540483944588e-09
7.309375000000000000e+01,1.654143093757048500e-09
7.310937500000000000e+01,1.601772665511218012e-09
7.312500000000000000e+01,1.538107954627413105e-09
7.314062500000000000e+01,1.537398653989041353e-09
7.315625000000000000e+01,1.613248666417898345e-09
7.317187500000000000e+01,1.733094144258145773e-09
7.318750000000000000e+01,1.877425676025993954e-09
7.320312500000000000e+01,2.061476995489521922e-09
7.321875000000000000e+01,2.255179543517699789e-09
7.323437500000000000e+01,2.387560868422801824e-09
7.325000000000000000e+01,2.431821039568137755e-09
7.326562500000000000e+01,2.389668675749773952e-09
7.328125000000000000e+01,2.241205883449114240e-09
7.329687500000000000e+01,1.989874545299730298e-09
7.331250000000000000e+01,1.747731232119360001e-09
7.332812500000000000e+01,1.644399694618901363e-09
7.334375000000000000e+01,1.651620616290145205e-09
7.335937500000000000e+01,1.687449991611052691e-09
7.337500000000000000e+01,1.709899446765419082e-09
7.339062500000000000e+01,1.692239783128503775e-09
7.340625000000000000e+01,1.632430730699458820e-09
7.342187500000000000e+01,1.537265729269497787e-09
7.343750000000000000e+01,1.422324364119957802e-09
7.345312500000000000e+01,1.339774045558042866e-09
7.346875000000000000e+01,1.313382379642260020e-09
7.348437500000000000e+01,1.270133749145790840e-09
7.350000000000000000e+01,1.163543997948958035e-09
7.351562500000000000e+01,1.087403442460081266e-09
7.353125000000000000e+01,1.183210052736482115e-09
7.354687500000000000e+01,1.404998619761638458e-09
7.356250000000000000e+01,1.595064646680564014e-09
7.357812500000000000e+01,1.678028650342832479e-09
7.359375000000000000e+01,1.680505798384332139e-09
7.360937500000000000e+01,1.660693200403775154e-09
7.362500000000000000e+01,1.620255308250387005e-09
7.364062500000000000e+01,1.514441929672841702e-09
7.365625000000000000e+01,1.365073357244550122e-09
7.367187500000000000e+01,1.315088209002282397e-09
7.368750000000000000e+01,1.422570751731060732e-09
7.370312500000000000e+01,1.536395618849229970e-09
7.371875000000000000e+01,1.585537367509976827e-09
7.373437500000000000e+01,1.645652196945467750e-09
7.375000000000000000e+01,1.699937556953941425e-09
7.376562500000000000e+01,1.625550445583429980e-09
7.378125000000000000e+01,1.463492726068121284e-09
7.379687500000000000e+01,1.452830536128506009e-09
7.381250000000000000e+01,1.640108984563713267e-09
7.382812500000000000e+01,1.822012027285730632e-09
7.384375000000000000e+01,1.913079259489934571e-09
7.385937500000000000e+01,1.951306620252607098e-09
7.387500000000000000e+01,1.944671869533995728e-09
7.389062500000000000e+01,1.863904008616371289e-09
7.390625000000000000e+01,1.757714603483690734e-09
7.392187500000000000e+01,1.754728086790238719e-09
7.393750000000000000e+01,1.867424057745381557e-09
7.395312500000000000e+01,1.979330922883200469e-09
7.396875000000000000e+01,2.035042536013115777e-09
7.398437500000000000e+01,2.053996065262670673e-09
7.400000000000000000e+01,2.031804793386303297e-09
7.401562500000000000e+01,1.926442373313301959e-09
7.403125000000000000e+01,1.729485907762628406e-09
7.404687500000000000e+01,1.495762445433491079e-09
7.406250000000000000e+01,1.315181862653725702e-09
7.407812500000000000e+01,1.227451154874111395e-09
7.409375000000000000e+01,1.174223926925037794e-09
7.410937500000000000e+01,1.145547478324135163e-09
7.412500000000000000e+01,1.178064302732624747e-09
7.414062500000000000e+01,1.233988935729557075e-09
7.415625000000000000e+01,1.260090033755314852e-09
7.417187500000000000e+01,1.281155456398034154e-09
7.418750000000000000e+01,1.377581172247812395e-09
7.420312500000000000e+01,1.553278658299632502e-09
7.421875000000000000e+01,1.724331161886713134e-09
7.423437500000000000e+01,1.829889845726257348e-09
7.425000000000000000e+01,1.901031717166615038e-09
7.426562500000000000e+01,1.994657531404081782e-09
7.428125000000000000e+01,2.072324669588031438e-09
7.429687500000000000e+01,2.080481602479609884e-09
7.431250000000000000e+01,2.046127630466426297e-09
7.432812500000000000e+01,1.981911895840680715e-09
7.434375000000000000e+01,1.865177291781796349e-09
7.435937500000000000e+01,1.727792835667684268e-09
7.437500000000000000e+01,1.612944325913072099e-09
7.439062500000000000e+01,1.517513388260352597e-09
7.440625000000000000e+01,1.457253985266049178e-09
7.442187500000000000e+01,1.444182063036588451e-09
7.443750000000000000e+01,1.432404508231957241e-09
7.445312500000000000e+01,1.404459851445768692e-09
7.446875000000000000e+01,1.435825741430404804e-09
7.448437500000000000e+01,1.564027907781965874e-09
7.450000000000000000e+01,1.688282981891526029e-09
7.451562500000000000e+01,1.774343948514256765e-09
7.453125000000000000e+01,1.956979032501270942e-09
7.454687500000000000e+01,2.285126447580387989e-09
7.456250000000000000e+01,2.595611042656718400e-09
7.457812500000000000e+01,2.726173937449819626e-09
7.459375000000000000e+01,2.650977671572400491e-09
7.460937500000000000e+01,2.481649573127673660e-09
7.462500000000000000e+01,2.358900744392890481e-09
7.464062500000000000e+01,2.301517955794677190e-09
7.465625000000000000e+01,2.256451953074948181e-09
7.467187500000000000e+01,2.183530376536976771e-09
7.468750000000000000e+01,2.016686689497565875e-09
7.470312500000000000e+01,1.760901041252755804e-09
7.471875000000000000e+01,1.583849151603565308e-09
7.473437500000000000e+01,1.622892059353249236e-09
7.475000000000000000e+01,1.744618223782962519e-09
7.476562500000000000e+01,1.766529353579579328e-09
7.478125000000000000e+01,1.674853373448804846e-09
7.479687500000000000e+01,1.591894996196103569e-09
7.481250000000000000e+01,1.602252826271212401e-09
7.482812500000000000e+01,1.636417729878271523e-09
7.484375000000000000e+01,1.621220082512335969e-09
7.485937500000000000e+01,1.558615588406379620e-09
7.487500000000000000e+01,1.454750941442899756e-09
7.489062500000000000e+01,1.323917031162395058e-09
7.490625000000000000e+01,1.224995593005107263e-09
7.492187500000000000e+01,1.206172121355916235e-09
7.493750000000000000e+01,1.260425064014946382e-09
7.495312500000000000e+01,1.332179974903625432e-09
7.496875000000000000e+01,1.362526281546105226e-09
7.498437500000000000e+01,1.383560413358929929e-09
7.500000000000000000e+01,1.449062550032889058e-09
7.501562500000000000e+01,1.526474496515055809e-09
7.503125000000000000e+01,1.572475570492533370e-09
7.504687500000000000e+01,1.560582106706661344e-09
7.506250000000000000e+01,1.489298120086520938e-09
7.507812500000000000e+01,1.396913892701370097e-09
7.509375000000000000e+01,1.321097499436268913e-09
7.510937500000000000e+01,1.292133955058107890e-09
7.512500000000000000e+01,1.293069926838125126e-09
7.514062500000000000e+01,1.289731355435185500e-09
7.515625000000000000e+01,1.340521207908834526e-09
7.517187500000000000e+01,1.499882803419549203e-09
7.518750000000000000e+01,1.707071781741504546e-09
7.520312500000000000e+01,1.895246689116650499e-09
7.521875000000000000e+01,2.065725174558935482e-09
7.523437500000000000e+01,2.230751803689775328e-09
7.525000000000000000e+01,2.339090250600443905e-09
7.526562500000000000e+01,2.305761712622759430e-09
7.528125000000000000e+01,2.090668331707218049e-09
7.529687500000000000e+01,1.761057649341980503e-09
7.531250000000000000e+01,1.499215264315908212e-09
7.532812500000000000e+01,1.438798034599849589e-09
7.534375000000000000e+01,1.493855419955588173e-09
7.535937500000000000e+01,1.538789468265210695e-09
7.537500000000000000e+01,1.556011716746329621e-09
7.539062500000000000e+01,1.568356540687361078e-09
7.540625000000000000e+01,1.550564911132855926e-09
7.542187500000000000e+01,1.470957909379643545e-09
7.543750000000000000e+01,1.380684028189475549e-09
7.545312500000000000e+01,1.348929297694681752e-09
7.546875000000000000e+01,1.364665788251287313e-09
7.548437500000000000e+01,1.418986233618884404e-09
7.550000000000000000e+01,1.516752169383544174e-09
7.551562500000000000e+01,1.600128903402772468e-09
7.553125000000000000e+01,1.641096803121478603e-09
7.554687500000000000e+01,1.664874585622127827e-09
7.556250000000000000e+01,1.642572915441350595e-09
7.557812500000000000e+01,1.563336131544021977e-09
7.559375000000000000e+01,1.528323802791370529e-09
7.560937500000000000e+01,1.595735525038373873e-09
7.562500000000000000e+01,1.686106117724948464e-09
7.564062500000000000e+01,1.734566223365241688e-09
7.565625000000000000e+01,1.737327351351938430e-09
7.567187500000000000e+01,1.706411533290974355e-09
7.568750000000000000e+01,1.669805773447929526e-09
7.570312500000000000e+01,1.679400076241557810e-09
7.571875000000000000e+01,1.739289253305168538e-09
7.573437500000000000e+01,1.756862720924367085e-09
7.575000000000000000e+01,1.662409051582069939e-09
7.576562500000000000e+01,1.530833768900271253e-09
7.578125000000000000e+01,1.504598706891741046e-09
7.579687500000000000e+01,1.590449767481236929e-09
7.581250000000000000e+01,1.715143673617451841e-09
7.582812500000000000e+01,1.907665422785453948e-09
7.584375000000000000e+01,2.221220513149633600e-09
7.585937500000000000e+01,2.592876908636164801e-09
7.587500000000000000e+01,2.883515126877142143e-09
7.589062500000000000e+01,2.943691852754972558e-09
7.590625000000000000e+01,2.706183982160233251e-09
7.592187500000000000e+01,2.311509842360355456e-09
7.593750000000000000e+01,2.059859716563955379e-09
7.595312500000000000e+01,2.032378951335076584e-09
7.596875000000000000e+01,1.999995407245628090e-09
7.598437500000000000e+01,1.852918904300734215e-09
7.600000000000000000e+01,1.664376649347197500e-09
7.601562500000000000e+01,1.511021400878709055e-09
7.603125000000000000e+01,1.386634464482196036e-09
7.604687500000000000e+01,1.297008433502596719e-09
7.606250000000000000e+01,1.287466525980454729e-09
7.607812500000000000e+01,1.334846580038581630e-09
7.609375000000000000e+01,1.402575863944860420e-09
7.610937500000000000e+01,1.468625333480137852e-09
7.612500000000000000e+01,1.486906509425046144e-09
7.614062500000000000e+01,1.429477775927873126e-09
7.615625000000000000e+01,1.344146393306615417e-09
7.617187500000000000e+01,1.289961714680898172e-09
7.618750000000000000e+01,1.253957240884015561e-09
7.620312500000000000e+01,1.225820174671280561e-09
7.621875000000000000e+01,1.238330810771387170e-09
7.623437500000000000e+01,1.301280127979773934e-09
7.625000000000000000e+01,1.423496686972937134e-09
7.626562500000000000e+01,1.644234851593507319e-09
7.628125000000000000e+01,1.927169790860548841e-09
7.629687500000000000e+01,2.175511930867279208e-09
7.631250000000000000e+01,2.347337798527773197e-09
7.632812500000000000e+01,2.423092622101575847e-09
7.634375000000000000e+01,2.389300473763564910e-09
7.635937500000000000e+01,2.324009052771269942e-09
7.637500000000000000e+01,2.288017850989573395e-09
7.639062500000000000e+01,2.203991973360839217e-09
7.640625000000000000e+01,2.014229295903463462e-09
7.642187500000000000e+01,1.753536499685134162e-09
7.643750000000000000e+01,1.512785241808014157e-09
7.645312500000000000e+01,1.460876281566078925e-09
7.646875000000000000e+01,1.666021349279050283e-09
7.648437500000000000e+01,1.951441092446139883e-09
7.650000000000000000e+01,2.155054387870429129e-09
7.651562500000000000e+01,2.202340081137425880e-09
7.653125000000000000e+01,2.078022576990568599e-09
7.654687500000000000e+01,1.918864024430638939e-09
7.656250000000000000e+01,1.871516571838645059e-09
7.657812500000000000e+01,1.832419216497020186e-09
7.659375000000000000e+01,1.695233090485316026e-09
7.660937500000000000e+01,1.546922660837369130e-09
7.662500000000000000e+01,1.487569777409649082e-09
7.664062500000000000e+01,1.485510097418073180e-09
7.665625000000000000e+01,1.519913816921500768e-09
7.667187500000000000e+01,1.608038460280973533e-09
7.668750000000000000e+01,1.658442811781975155e-09
7.670312500000000000e+01,1.590691838262868541e-09
7.671875000000000000e+01,1.489616870247902706e-09
7.673437500000000000e+01,1.454573707127046075e-09
7.675000000000000000e+01,1.428682349601468100e-09
7.676562500000000000e+01,1.344629820811694512e-09
7.678125000000000000e+01,1.228769126486744466e-09
7.679687500000000000e+01,1.131386514279328243e-09
7.681250000000000000e+01,1.081089067788225159e-09
7.682812500000000000e+01,1.079217477040484113e-09
7.684375000000000000e+01,1.094492892309401895e-09
7.685937500000000000e+01,1.092534884937953282e-09
7.687500000000000000e+01,1.078594056655074322e-09
7.689062500000000000e+01,1.110920755174572620e-09
7.690625000000000000e+01,1.223427300968911135e-09
7.692187500000000000e+01,1.321883386729386789e-09
7.693750000000000000e+01,1.317945592778870858e-09
7.695312500000000000e+01,1.288814481040113363e-09
7.696875000000000000e+01,1.344840786355795514e-09
7.698437500000000000e+01,1.405806778648522594e-09
7.700000000000000000e+01,1.371376709349282344e-09
7.701562500000000000e+01,1.314604493960580202e-09
7.703125000000000000e+01,1.337227364341460929e-09
7.704687500000000000e+01,1.394647538557111364e-09
7.706250000000000000e+01,1.432843618489783457e-09
7.707812500000000000e+01,1.495068767185969595e-09
7.709375000000000000e+01,1.629694826705191962e-09
7.710937500000000000e+01,1.796069426853482836e-09
7.712500000000000000e+01,1.891691767069646025e-09
7.714062500000000000e+01,1.882269524232431614e-09
7.715625000000000000e+01,1.866699159852678468e-09
7.717187500000000000e+01,1.942080619831970510e-09
7.718750000000000000e+01,2.046758870599237144e-09
7.720312500000000000e+01,2.054230061781728952e-09
7.721875000000000000e+01,1.934076436521764117e-09
7.723437500000000000e+01,1.751355655041958963e-09
7.725000000000000000e+01,1.585424917881210453e-09
7.726562500000000000e+01,1.477350037138945881e-09
7.728125000000000000e+01,1.398916861527956898e-09
7.729687500000000000e+01,1.315357859186473736e-09
7.731250000000000000e+01,1.272649128494338548e-09
7.732812500000000000e+01,1.298004030697300257e-09
7.734375000000000000e+01,1.333352157953346361e-09
7.735937500000000000e+01,1.336828525507146677e-09
7.737500000000000000e+01,1.288517281314786724e-09
7.739062500000000000e+01,1.186922768823819485e-09
7.740625000000000000e+01,1.087294762676786017e-09
7.742187500000000000e+01,1.062772459407547644e-09
7.743750000000000000e+01,1.130817283890047522e-09
7.745312500000000000e+01,1.258775703047763660e-09
7.746875000000000000e+01,1.388299922857547237e-09
7.748437500000000000e+01,1.457899430449098528e-09
7.750000000000000000e+01,1.450046499231054240e-09
7.751562500000000000e+01,1.407490486311554683e-09
7.753125000000000000e+01,1.414501411894435199e-09
7.754687500000000000e+01,1.506647024143464863e-09
7.756250000000000000e+01,1.606638384612928989e-09
7.757812500000000000e+01,1.633442771759773432e-09
7.759375000000000000e+01,1.576596974003631569e-09
7.760937500000000000e+01,1.495647517837827650e-09
7.762500000000000000e+01,1.500628585697765126e-09
7.764062500000000000e+01,1.605126782454108336e-09
7.765625000000000000e+01,1.663377037754135305e-09
7.767187500000000000e+01,1.587508903678706164e-09
7.768750000000000000e+01,1.444496889137464992e-09
7.770312500000000000e+01,1.317652600384000914e-09
7.771875000000000000e+01,1.224926854177844694e-09
7.773437500000000000e+01,1.218905316830304607e-09
7.775000000000000000e+01,1.295151001578278732e-09
7.776562500000000000e+01,1.323354878327244770e-09
7.778125000000000000e+01,1.255240384192212284e-09
7.779687500000000000e+01,1.173996036758477928e-09
7.781250000000000000e+01,1.169271667300294064e-09
7.782812500000000000e+01,1.231760922835026986e-09
7.784375000000000000e+01,1.320586457694735971e-09
7.785937500000000000e+01,1.446176650280955857e-09
7.787500000000000000e+01,1.576381458126152375e-09
7.789062500000000000e+01,1.664769373486029562e-09
7.790625000000000000e+01,1.735378721481323668e-09
7.792187500000000000e+01,1.789484213021198032e-09
7.793750000000000000e+01,1.808164451688670879e-09
7.795312500000000000e+01,1.826442818880675223e-09
7.796875000000000000e+01,1.846403008533337348e-09
7.798437500000000000e+01,1.804089608285762729e-09
7.800000000000000000e+01,1.677740532335183935e-09
7.801562500000000000e+01,1.520372477459986913e-09
7.803125000000000000e+01,1.392466574688507971e-09
7.804687500000000000e+01,1.340819087937626362e-09
7.806250000000000000e+01,1.406196932415737073e-09
7.807812500000000000e+01,1.538322642309870110e-09
7.809375000000000000e+01,1.608178146297221272e-09
7.810937500000000000e+01,1.558872188883275826e-09
7.812500000000000000e+01,1.472719960063706850e-09
7.814062500000000000e+01,1.503231362091896392e-09
7.815625000000000000e+01,1.689998707429216539e-09
7.817187500000000000e+01,1.861222951868801408e-09
7.818750000000000000e+01,1.879081655425306201e-09
7.820312500000000000e+01,1.828609289934525860e-09
7.821875000000000000e+01,1.839888696943598595e-09
7.823437500000000000e+01,1.857416389011227411e-09
7.825000000000000000e+01,1.812402434351029306e-09
7.826562500000000000e+01,1.745533537543194089e-09
7.828125000000000000e+01,1.675461921454672581e-09
7.829687500000000000e+01,1.617382748543702727e-09
7.831250000000000000e+01,1.646366127385322512e-09
7.832812500000000000e+01,1.764960054138213470e-09
7.834375000000000000e+01,1.872925921004831387e-09
7.835937500000000000e+01,1.885780367138769305e-09
7.837500000000000000e+01,1.795218426966141361e-09
7.839062500000000000e+01,1.683650816075366108e-09
7.840625000000000000e+01,1.664341887959429808e-09
7.842187500000000000e+01,1.740414600975980281e-09
7.843750000000000000e+01,1.792842855822066759e-09
7.845312500000000000e+01,1.739017378705186653e-09
7.846875000000000000e+01,1.634770757522671413e-09
7.848437500000000000e+01,1.575551169511112935e-09
7.850000000000000000e+01,1.566105983467556599e-09
7.851562500000000000e+01,1.571121039838137638e-09
7.853125000000000000e+01,1.571770761133666245e-09
7.854687500000000000e+01,1.583846448786733220e-09
7.856250000000000000e+01,1.636918341440512307e-09
7.857812500000000000e+01,1.699647817461601517e-09
7.859375000000000000e+01,1.673212338526835517e-09
7.860937500000000000e+01,1.541082662580789736e-09
7.862500000000000000e+01,1.464082152063468458e-09
7.864062500000000000e+01,1.552681613732324325e-09
7.865625000000000000e+01,1.665909673762311145e-09
7.867187500000000000e+01,1.661240796821193079e-09
7.868750000000000000e+01,1.596479596377886246e-09
7.870312500000000000e+01,1.608043266550468713e-09
7.871875000000000000e+01,1.675096009167111992e-09
7.873437500000000000e+01,1.707552033330161843e-09
7.875000000000000000e+01,1.688721624901837895e-09
7.876562500000000000e+01,1.639422563039245763e-09
7.878125000000000000e+01,1.620057742333159026e-09
7.879687500000000000e+01,1.644968124144912980e-09
7.881250000000000000e+01,1.604702724179715272e-09
7.882812500000000000e+01,1.440815856568594627e-09
7.884375000000000000e+01,1.279104964000308750e-09
7.885937500000000000e+01,1.272936139090694953e-09
7.887500000000000000e+01,1.413554041651510502e-09
7.889062500000000000e+01,1.609878504386935592e-09
7.890625000000000000e+01,1.751949304448946172e-09
7.892187500000000000e+01,1.796928821303119486e-09
7.893750000000000000e+01,1.783208944678741292e-09
7.895312500000000000e+01,1.740566161035640853e-09
7.896875000000000000e+01,1.727136443126158267e-09
7.898437500000000000e+01,1.823449121541784584e-09
7.900000000000000000e+01,1.946594647628267867e-09
7.901562500000000000e+01,1.965207825368861972e-09
7.903125000000000000e+01,1.909779202114663402e-09
7.904687500000000000e+01,1.854368386579286333e-09
7.906250000000000000e+01,1.792345502850931264e-09
7.907812500000000000e+01,1.739862722077529813e-09
7.909375000000000000e+01,1.727466161898655875e-09
7.910937500000000000e+01,1.703584360704530003e-09
7.912500000000000000e+01,1.649010020831469505e-09
7.914062500000000000e+01,1.628048509276095325e-09
7.915625000000000000e+01,1.656411056907433738e-09
7.917187500000000000e+01,1.707085737719554033e-09
7.918750000000000000e+01,1.765103622750441330e-09
7.920312500000000000e+01,1.798567832449658135e-09
7.921875000000000000e+01,1.779915975445492750e-09
7.923437500000000000e+01,1.739422893035756185e-09
7.925000000000000000e+01,1.727949649197922568e-09
7.926562500000000000e+01,1.770034562371983403e-09
7.928125000000000000e+01,1.819037078988889964e-09
7.929687500000000000e+01,1.771204842196645632e-09
7.931250000000000000e+01,1.642186700196737749e-09
7.932812500000000000e+01,1.559073476581998788e-09
7.934375000000000000e+01,1.553160916671388410e-09
7.935937500000000000e+01,1.601652622654047287e-09
7.937500000000000000e+01,1.696681805834688573e-09
7.939062500000000000e+01,1.751640587820512783e-09
7.940625000000000000e+01,1.689535086798367025e-09
7.942187500000000000e+01,1.574744317357624364e-09
7.943750000000000000e+01,1.568864060047103997e-09
7.945312500000000000e+01,1.689638148313887859e-09
7.946875000000000000e+01,1.803411400394381634e-09
7.948437500000000000e+01,1.852310590952003748e-09
7.950000000000000000e+01,1.836344971706647830e-09
7.951562500000000000e+01,1.768183204003789472e-09
7.953125000000000000e+01,1.678866773667658347e-09
7.954687500000000000e+01,1.604562001191266336e-09
7.956250000000000000e+01,1.612321998857567712e-09
7.957812500000000000e+01,1.727177503552290595e-09
7.959375000000000000e+01,1.851234078911676404e-09
7.960937500000000000e+01,1.873071828863465532e-09
7.962500000000000000e+01,1.795054874098125415e-09
7.964062500000000000e+01,1.719608381739657237e-09
7.965625000000000000e+01,1.738192450736912385e-09
7.967187500000000000e+01,1.821409553045998184e-09
7.968750000000000000e+01,1.867645438290145928e-09
7.970312500000000000e+01,1.859889136605780338e-09
7.971875000000000000e+01,1.840982787758818656e-09
7.973437500000000000e+01,1.837577427358285085e-09
7.975000000000000000e+01,1.863758718420525782e-09
7.976562500000000000e+01,1.870381007796309845e-09
7.978125000000000000e+01,1.799421754195078856e-09
7.979687500000000000e+01,1.700359713693241349e-09
7.981250000000000000e+01,1.679358454564046786e-09
7.982812500000000000e+01,1.765899143350687563e-09
7.984375000000000000e+01,1.874802406712838800e-09
7.985937500000000000e+01,1.915572642093146220e-09
7.987500000000000000e+01,1.908540140084829761e-09
7.989062500000000000e+01,1.937116398196880388e-09
7.990625000000000000e+01,2.017344397629318295e-09
7.992187500000000000e+01,2.067198971052099519e-09
7.993750000000000000e+01,2.007916358884179001e-09
7.995312500000000000e+01,1.862159747408624533e-09
7.996875000000000000e+01,1.734747010308578641e-09
7.998437500000000000e+01,1.685977557530722450e-09
8.000000000000000000e+01,1.638909681111064760e-09
8.001562500000000000e+01,1.533382344504637861e-09
8.003125000000000000e+01,1.461468798992999163e-09
8.004687500000000000e+01,1.506057777845725661e-09
8.006250000000000000e+01,1.603556513753383270e-09
8.007812500000000000e+01,1.682990512188671918e-09
8.009375000000000000e+01,1.712568775336812677e-09
8.010937500000000000e+01,1.717297701040276964e-09
8.012500000000000000e+01,1.774375335042161427e-09
8.014062500000000000e+01,1.859328011338855365e-09
8.015625000000000000e+01,1.892204684042407979e-09
8.017187500000000000e+01,1.881066277104222626e-09
8.018750000000000000e+01,1.832831139940297701e-09
8.020312500000000000e+01,1.703477007774058743e-09
8.021875000000000000e+01,1.526175603183571099e-09
8.023437500000000000e+01,1.445933881407600950e-09
8.025000000000000000e+01,1.502816609284793567e-09
8.026562500000000000e+01,1.542652789959177461e-09
8.028125000000000000e+01,1.507727838083759615e-09
8.029687500000000000e+01,1.533811748418777506e-09
8.031250000000000000e+01,1.669752090346433945e-09
8.032812500000000000e+01,1.772166733985118795e-09
8.034375000000000000e+01,1.750765325981742104e-09
8.035937500000000000e+01,1.652790599725758217e-09
8.037500000000000000e+01,1.598284249225598987e-09
8.039062500000000000e+01,1.617192125655497551e-09
8.040625000000000000e+01,1.601265351113941548e-09
8.042187500000000000e+01,1.552684394286393657e-09
8.043750000000000000e+01,1.629043136077747680e-09
8.045312500000000000e+01,1.829040273936602049e-09
8.046875000000000000e+01,1.952040841361487002e-09
8.048437500000000000e+01,1.887753942361574174e-09
8.050000000000000000e+01,1.714121898501288996e-09
8.051562500000000000e+01,1.575346788106231524e-09
8.053125000000000000e+01,1.527321043251674425e-09
8.054687500000000000e+01,1.527064294788061543e-09
8.056250000000000000e+01,1.532956348136402119e-09
8.057812500000000000e+01,1.577198568857883740e-09
8.059375000000000000e+01,1.681742628487429274e-09
8.060937500000000000e+01,1.775051289599272295e-09
8.062500000000000000e+01,1.781377233592619905e-09
8.064062500000000000e+01,1.709249439064516065e-09
8.065625000000000000e+01,1.656946350997607142e-09
8.067187500000000000e+01,1.674989185681874976e-09
8.068750000000000000e+01,1.707578283602532869e-09
8.070312500000000000e+01,1.696335699038764668e-09
8.071875000000000000e+01,1.632429937694381341e-09
8.073437500000000000e+01,1.589480171045195548e-09
8.075000000000000000e+01,1.626636042932626813e-09
8.076562500000000000e+01,1.688074776204128074e-09
8.078125000000000000e+01,1.723497662316844607e-09
8.079687500000000000e+01,1.726470604279826203e-09
8.081250000000000000e+01,1.696209122458752274e-09
8.082812500000000000e+01,1.662656487658025662e-09
8.084375000000000000e+01,1.643250513954863092e-09
8.085937500000000000e+01,1.609895608205034904e-09
8.087500000000000000e+01,1.559978965812021354e-09
8.089062500000000000e+01,1.536107780534751605e-09
8.090625000000000000e+01,1.568544634233986615e-09
8.092187500000000000e+01,1.640346614279359985e-09
8.093750000000000000e+01,1.719272949468640793e-09
8.095312500000000000e+01,1.771990087762565558e-09
8.096875000000000000e+01,1.776024633180452361e-09
8.098437500000000000e+01,1.725893113870358566e-09
8.100000000000000000e+01,1.619119449935235603e-09
8.101562500000000000e+01,1.490121234874000168e-09
8.103125000000000000e+01,1.411558308733394734e-09
8.104687500000000000e+01,1.429344557233558335e-09
8.106250000000000000e+01,1.513346309201846451e-09
8.107812500000000000e+01,1.566442324034512863e-09
8.109375000000000000e+01,1.520980250614796129e-09
8.110937500000000000e+01,1.426756647417519494e-09
8.112500000000000000e+01,1.388052456624909931e-09
8.114062500000000000e+01,1.407451794380759532e-09
8.115625000000000000e+01,1.399093435094711636e-09
8.117187500000000000e+01,1.327143464999205346e-09
8.118750000000000000e+01,1.269870259599928720e-09
8.120312500000000000e+01,1.306447901693369951e-09
8.121875000000000000e+01,1.388229882312940876e-09
8.123437500000000000e+01,1.454980743755024506e-09
8.125000000000000000e+01,1.495708676540826539e-09
8.126562500000000000e+01,1.535370304518737487e-09
8.128125000000000000e+01,1.610922170078015751e-09
8.129687500000000000e+01,1.680421403781953828e-09
8.131250000000000000e+01,1.693023410290641182e-09
8.132812500000000000e+01,1.685554138234416144e-09
8.134375000000000000e+01,1.667829532856298489e-09
8.135937500000000000e+01,1.592583835545044730e-09
8.137500000000000000e+01,1.501590386990357586e-09
8.139062500000000000e+01,1.494263702383711505e-09
8.140625000000000000e+01,1.580372285916608285e-09
8.142187500000000000e+01,1.717044255116028138e-09
8.143750000000000000e+01,1.866411234924674235e-09
8.145312500000000000e+01,1.976232891110768897e-09
8.146875000000000000e+01,2.004286258484096609e-09
8.148437500000000000e+01,1.943690692267518272e-09
8.150000000000000000e+01,1.815482021350344974e-09
8.151562500000000000e+01,1.678707394488432387e-09
8.153125000000000000e+01,1.620507679558923542e-09
8.154687500000000000e+01,1.630811334584413426e-09
8.156250000000000000e+01,1.588828720862760823e-09
8.157812500000000000e+01,1.458940474933063589e-09
8.159375000000000000e+01,1.355310584186654569e-09
8.160937500000000000e+01,1.380612549430035581e-09
8.162500000000000000e+01,1.496217765100454778e-09
8.164062500000000000e+01,1.597695976038911483e-09
8.165625000000000000e+01,1.609398405479479661e-09
8.167187500000000000e+01,1.550128709229669179e-09
8.168750000000000000e+01,1.504243948195731300e-09
8.170312500000000000e+01,1.508269975026747088e-09
8.171875000000000000e+01,1.529364810720751112e-09
8.173437500000000000e+01,1.539591456901590232e-09
8.175000000000000000e+01,1.554668198642175594e-09
8.176562500000000000e+01,1.576544994142508839e-09
8.178125000000000000e+01,1.571268485431328643e-09
8.179687500000000000e+01,1.522096598808373844e-09
8.181250000000000000e+01,1.449623876271430161e-09
8.182812500000000000e+01,1.393213632563477209e-09
8.184375000000000000e+01,1.379914089177021946e-09
8.185937500000000000e+01,1.394630091068582272e-09
8.187500000000000000e+01,1.419902432555838060e-09
8.189062500000000000e+01,1.452031026978882497e-09
8.190625000000000000e+01,1.449992660428020818e-09
8.192187500000000000e+01,1.398601714153654851e-09
8.193750000000000000e+01,1.379701825912376147e-09
8.195312500000000000e+01,1.458757587399032776e-09
8.196875000000000000e+01,1.581917379816206429e-09
8.198437500000000000e+01,1.655287924662427943e-09
8.200000000000000000e+01,1.641168837921339822e-09
8.201562500000000000e+01,1.561758370092603458e-09
8.203125000000000000e+01,1.461542680395100180e-09
8.204687500000000000e+01,1.384499021247212695e-09
8.206250000000000000e+01,1.338471039990443284e-09
8.207812500000000000e+01,1.310041891263185755e-09
8.209375000000000000e+01,1.303516598884964478e-09
8.210937500000000000e+01,1.343343143858988805e-09
8.212500000000000000e+01,1.425585199409785081e-09
8.214062500000000000e+01,1.471860157612420102e-09
8.215625000000000000e+01,1.426696220467457714e-09
8.217187500000000000e+01,1.347753772709831347e-09
8.218750000000000000e+01,1.321626873960657436e-09
8.220312500000000000e+01,1.319777555813732034e-09
8.221875000000000000e+01,1.322178066766898570e-09
8.223437500000000000e+01,1.421030706158246977e-09
8.225000000000000000e+01,1.584597922409872352e-09
8.226562500000000000e+01,1.666343929355307206e-09
8.228125000000000000e+01,1.618470433921809435e-09
8.229687500000000000e+01,1.515739425209725857e-09
8.231250000000000000e+01,1.449279651275653204e-09
8.232812500000000000e+01,1.449081092564443347e-09
8.234375000000000000e+01,1.498652127969192359e-09
8.235937500000000000e+01,1.561372384448866651e-09
8.237500000000000000e+01,1.615432903294468234e-09
8.239062500000000000e+01,1.652402358733212771e-09
8.240625000000000000e+01,1.659196510189695451e-09
8.242187500000000000e+01,1.638715182917779250e-09
8.243750000000000000e+01,1.619188280253147107e-09
8.245312500000000000e+01,1.622608385033698496e-09
8.246875000000000000e+01,1.671005163227589215e-09
8.248437500000000000e+01,1.783286485413069914e-09
8.250000000000000000e+01,1.887544063197405622e-09
8.251562500000000000e+01,1.880364292877463763e-09
8.253125000000000000e+01,1.783094006340551283e-09
8.254687500000000000e+01,1.701874757731349579e-09
8.256250000000000000e+01,1.643913698573029591e-09
8.257812500000000000e+01,1.569404699281781437e-09
8.259375000000000000e+01,1.512041907689554590e-09
8.260937500000000000e+01,1.488382890453826061e-09
8.262500000000000000e+01,1.496269745051021167e-09
8.264062500000000000e+01,1.571118959958706077e-09
8.265625000000000000e+01,1.696421415675297448e-09
8.267187500000000000e+01,1.788952184231198718e-09
8.268750000000000000e+01,1.804389943592809517e-09
8.270312500000000000e+01,1.786255044950514690e-09
8.271875000000000000e+01,1.786636007715671209e-09
8.273437500000000000e+01,1.780264797039929310e-09
8.275000000000000000e+01,1.726212611016857700e-09
8.276562500000000000e+01,1.629554970410854443e-09
8.278125000000000000e+01,1.527645338360249386e-09
8.279687500000000000e+01,1.455558075254420587e-09
8.281250000000000000e+01,1.406489698206124298e-09
8.282812500000000000e+01,1.378744456887090177e-09
8.284375000000000000e+01,1.377574875783795127e-09
8.285937500000000000e+01,1.349305212508233643e-09
8.287500000000000000e+01,1.261763651978971216e-09
8.289062500000000000e+01,1.211896423192028254e-09
8.290625000000000000e+01,1.294086277983474492e-09
8.292187500000000000e+01,1.399578631252125976e-09
8.293750000000000000e+01,1.418308281424351482e-09
8.295312500000000000e+01,1.373106779614058986e-09
8.296875000000000000e+01,1.309592096676459509e-09
8.298437500000000000e+01,1.240443714779318361e-09
8.300000000000000000e+01,1.202834326876237334e-09
8.301562500000000000e+01,1.259850262329119197e-09
8.303125000000000000e+01,1.420018234336284255e-09
8.304687500000000000e+01,1.610629062596173147e-09
8.306250000000000000e+01,1.719788416313264185e-09
8.307812500000000000e+01,1.702807261821193247e-09
8.309375000000000000e+01,1.669606100364118065e-09
8.310937500000000000e+01,1.739579059614296490e-09
8.312500000000000000e+01,1.823100348331803506e-09
8.314062500000000000e+01,1.785371326258093339e-09
8.315625000000000000e+01,1.652459570628121921e-09
8.317187500000000000e+01,1.558985257019891994e-09
8.318750000000000000e+01,1.570516966470673461e-09
8.320312500000000000e+01,1.622160450271526430e-09
8.321875000000000000e+01,1.654279836716956658e-09
8.323437500000000000e+01,1.666888581334445920e-09
8.325000000000000000e+01,1.680292367199227663e-09
8.326562500000000000e+01,1.728066980711621205e-09
8.328125000000000000e+01,1.795862251086934902e-09
8.329687500000000000e+01,1.807411377187774941e-09
8.331250000000000000e+01,1.737328930318562584e-09
8.332812500000000000e+01,1.639284468669099903e-09
8.334375000000000000e+01,1.579604616598322414e-09
8.335937500000000000e+01,1.569145477413883540e-09
8.337500000000000000e+01,1.574595309864736030e-09
8.339062500000000000e+01,1.589806868467704400e-09
8.340625000000000000e+01,1.620848440053499685e-09
8.342187500000000000e+01,1.638795911024835571e-09
8.343750000000000000e+01,1.599574939485344531e-09
8.345312500000000000e+01,1.489309128708347496e-09
8.346875000000000000e+01,1.349801746460151883e-09
8.348437500000000000e+01,1.236136952819247518e-09
8.350000000000000000e+01,1.199478219052813068e-09
8.351562500000000000e+01,1.295466652719126144e-09
8.353125000000000000e+01,1.465583573794571739e-09
8.354687500000000000e+01,1.572648876120767894e-09
8.356250000000000000e+01,1.566633651617965611e-09
8.357812500000000000e+01,1.522762877444140772e-09
8.359375000000000000e+01,1.509459641856455848e-09
8.360937500000000000e+01,1.463800870417993802e-09
8.362500000000000000e+01,1.361588076403307418e-09
8.364062500000000000e+01,1.349600242281836250e-09
8.365625000000000000e+01,1.495244217636382974e-09
8.367187500000000000e+01,1.638637093428757009e-09
8.368750000000000000e+01,1.647014004983982306e-09
8.370312500000000000e+01,1.547565158874190447e-09
8.371875000000000000e+01,1.442125323721570879e-09
8.373437500000000000e+01,1.375620462514803218e-09
8.375000000000000000e+01,1.387712073649401414e-09
8.376562500000000000e+01,1.507674283848190895e-09
8.378125000000000000e+01,1.662387313810719645e-09
8.379687500000000000e+01,1.769735314574850307e-09
8.381250000000000000e+01,1.787690243827332735e-09
8.382812500000000000e+01,1.743692983646627222e-09
8.384375000000000000e+01,1.719386769692971524e-09
8.385937500000000000e+01,1.708166260342333239e-09
8.387500000000000000e+01,1.639905715265917283e-09
8.389062500000000000e+01,1.539338635313363727e-09
8.390625000000000000e+01,1.476693985234976229e-09
8.392187500000000000e+01,1.437471249195356735e-09
8.393750000000000000e+01,1.395357957589228053e-09
8.395312500000000000e+01,1.384105167673047963e-09
8.396875000000000000e+01,1.404360569518280155e-09
8.398437500000000000e+01,1.408945724857032855e-09
8.400000000000000000e+01,1.385429829700650274e-09
8.401562500000000000e+01,1.334586959786915733e-09
8.403125000000000000e+01,1.267951578146678012e-09
8.404687500000000000e+01,1.258124930550417389e-09
8.406250000000000000e+01,1.363945752339393248e-09
8.407812500000000000e+01,1.503653761330982070e-09
8.409375000000000000e+01,1.549494718605958435e-09
8.410937500000000000e+01,1.461617494744677337e-09
8.412500000000000000e+01,1.308503790253373185e-09
8.414062500000000000e+01,1.224242140860059928e-09
8.415625000000000000e+01,1.279270205144403248e-09
8.417187500000000000e+01,1.399782214279766336e-09
8.418750000000000000e+01,1.511304479778923205e-09
8.420312500000000000e+01,1.585366100087130939e-09
8.421875000000000000e+01,1.596679157830159972e-09
8.423437500000000000e+01,1.552998260143148999e-09
8.425000000000000000e+01,1.504388057548098168e-09
8.426562500000000000e+01,1.479467882492881994e-09
8.428125000000000000e+01,1.472287948674823011e-09
8.429687500000000000e+01,1.481351458929410064e-09
8.431250000000000000e+01,1.480838273811275590e-09
8.432812500000000000e+01,1.466245489287972801e-09
8.434375000000000000e+01,1.491820313017992721e-09
8.435937500000000000e+01,1.559292118477132195e-09
8.437500000000000000e+01,1.585552193016664006e-09
8.439062500000000000e+01,1.530652790706249602e-09
8.440625000000000000e+01,1.449331352072400124e-09
8.442187500000000000e+01,1.417119940249721179e-09
8.443750000000000000e+01,1.473244105654193734e-09
8.445312500000000000e+01,1.547266068234828876e-09
8.446875000000000000e+01,1.542044245132357553e-09
8.448437500000000000e+01,1.502434218575523571e-09
8.450000000000000000e+01,1.524559704298596114e-09
8.451562500000000000e+01,1.569699644931682159e-09
8.453125000000000000e+01,1.571628707058473283e-09
8.454687500000000000e+01,1.537120096529739509e-09
8.456250000000000000e+01,1.469164193082286486e-09
8.457812500000000000e+01,1.398947011917445948e-09
8.459375000000000000e+01,1.404524081024990519e-09
8.460937500000000000e+01,1.455457975056295672e-09
8.462500000000000000e+01,1.457858127032616021e-09
8.464062500000000000e+01,1.405718471959795174e-09
8.465625000000000000e+01,1.350231171142063912e-09
8.467187500000000000e+01,1.331736031613312274e-09
8.468750000000000000e+01,1.357039672799376143e-09
8.470312500000000000e+01,1.399489391992046610e-09
8.471875000000000000e+01,1.437941837857113584e-09
8.473437500000000000e+01,1.469142691167681390e-09
8.475000000000000000e+01,1.457649395028392892e-09
8.476562500000000000e+01,1.375733789066347277e-09
8.478125000000000000e+01,1.298342166000249248e-09
8.479687500000000000e+01,1.303150346081765897e-09
8.481250000000000000e+01,1.354965610201203011e-09
8.482812500000000000e+01,1.404245211955494206e-09
8.484375000000000000e+01,1.414193219898961880e-09
8.485937500000000000e+01,1.381616112482933230e-09
8.487500000000000000e+01,1.383195563652827115e-09
8.489062500000000000e+01,1.445043889384952921e-09
8.490625000000000000e+01,1.462956796421344006e-09
8.492187500000000000e+01,1.373412770293809849e-09
8.493750000000000000e+01,1.257333482902990600e-09
8.495312500000000000e+01,1.219705237735498580e-09
8.496875000000000000e+01,1.245816241877205488e-09
8.498437500000000000e+01,1.290974479823461708e-09
8.500000000000000000e+01,1.349055741329086862e-09
8.501562500000000000e+01,1.390305067152900466e-09
8.503125000000000000e+01,1.392925929743427115e-09
8.504687500000000000e+01,1.392086024360402105e-09
8.506250000000000000e+01,1.427048679721646757e-09
8.507812500000000000e+01,1.473961420350735192e-09
8.509375000000000000e+01,1.491376081546013991e-09
8.510937500000000000e+01,1.487837870038721903e-09
8.512500000000000000e+01,1.472331403600935844e-09
8.514062500000000000e+01,1.416669380394607916e-09
8.515625000000000000e+01,1.332570783172913705e-09
8.517187500000000000e+01,1.284328599899624546e-09
8.518750000000000000e+01,1.269490989175058144e-09
8.520312500000000000e+01,1.229187815360737661e-09
8.521875000000000000e+01,1.190133217233759942e-09
8.523437500000000000e+01,1.228598232542399636e-09
8.525000000000000000e+01,1.307365710345309154e-09
8.526562500000000000e+01,1.336376930624566510e-09
8.528125000000000000e+01,1.326672091204244623e-09
8.529687500000000000e+01,1.338294775783966019e-09
8.531250000000000000e+01,1.362506301122209821e-09
8.532812500000000000e+01,1.350752580698354087e-09
8.534375000000000000e+01,1.317728624620723766e-09
8.535937500000000000e+01,1.326496877699243529e-09
8.537500000000000000e+01,1.372645066430954889e-09
8.539062500000000000e+01,1.417850045276173804e-09
8.540625000000000000e+01,1.447569046521725484e-09
8.542187500000000000e+01,1.436645616926219515e-09
8.543750000000000000e+01,1.395212856141600632e-09
8.545312500000000000e+01,1.370236659963435955e-09
8.546875000000000000e+01,1.361788856723103942e-09
8.548437500000000000e+01,1.335152747833547733e-09
8.550000000000000000e+01,1.309627127726763324e-09
8.551562500000000000e+01,1.346642011314381591e-09
8.553125000000000000e+01,1.418480692072077115e-09
8.554687500000000000e+01,1.449805926765764178e-09
8.556250000000000000e+01,1.432008450654945916e-09
8.557812500000000000e+01,1.414680305496195182e-09
8.559375000000000000e+01,1.427600946345727197e-09
8.560937500000000000e+01,1.438032177874056737e-09
8.562500000000000000e+01,1.420979160784315254e-09
8.564062500000000000e+01,1.402442237943234451e-09
8.565625000000000000e+01,1.395721937473293452e-09
8.567187500000000000e+01,1.371720684928666990e-09
8.568750000000000000e+01,1.335262016981053292e-09
8.570312500000000000e+01,1.322426181924887847e-09
8.571875000000000000e+01,1.322394680686029668e-09
8.573437500000000000e+01,1.310295697977687113e-09
8.575000000000000000e+01,1.296530775438235644e-09
8.576562500000000000e+01,1.273302031693773159e-09
8.578125000000000000e+01,1.226405717238891451e-09
8.579687500000000000e+01,1.219100991718581795e-09
8.581250000000000000e+01,1.285564916357073268e-09
8.582812500000000000e+01,1.364757243057114435e-09
8.584375000000000000e+01,1.420634923612286652e-09
8.585937500000000000e+01,1.437710206944010278e-09
8.587500000000000000e+01,1.402145817974660009e-09
8.589062500000000000e+01,1.353624099568504945e-09
8.590625000000000000e+01,1.360516653449169384e-09
8.592187500000000000e+01,1.444942310717569802e-09
8.593750000000000000e+01,1.570793476087829341e-09
8.595312500000000000e+01,1.676507910698426258e-09
8.596875000000000000e+01,1.708957045142052998e-09
8.598437500000000000e+01,1.657794995060170917e-09
8.600000000000000000e+01,1.567250284071148001e-09
8.601562500000000000e+01,1.511794919281440821e-09
8.603125000000000000e+01,1.508243896545565298e-09
8.604687500000000000e+01,1.476471413565172888e-09
8.606250000000000000e+01,1.377042245837016416e-09
8.607812500000000000e+01,1.276810108707878053e-09
8.609375000000000000e+01,1.221943485103758781e-09
8.610937500000000000e+01,1.191469225387284704e-09
8.612500000000000000e+01,1.197387275794436562e-09
8.614062500000000000e+01,1.248748695288304633e-09
8.615625000000000000e+01,1.301601802773727763e-09
8.617187500000000000e+01,1.332371437283087461e-09
8.618750000000000000e+01,1.357667155393548516e-09
8.620312500000000000e+01,1.388730887362449888e-09
8.621875000000000000e+01,1.445438607824174952e-09
8.623437500000000000e+01,1.545525561623595699e-09
8.625000000000000000e+01,1.621193875844434832e-09
8.626562500000000000e+01,1.600803289487747176e-09
8.628125000000000000e+01,1.526334496778355296e-09
8.629687500000000000e+01,1.483529475877552171e-09
8.631250000000000000e+01,1.459223430194542571e-09
8.632812500000000000e+01,1.409508653026826959e-09
8.634375000000000000e+01,1.393235667052206833e-09
8.635937500000000000e+01,1.464117709648366184e-09
8.637500000000000000e+01,1.544797787257005147e-09
8.639062500000000000e+01,1.544900453782626061e-09
8.640625000000000000e+01,1.488609636606094635e-09
8.642187500000000000e+01,1.480547096421893493e-09
8.643750000000000000e+01,1.537003745483565858e-09
8.645312500000000000e+01,1.562590728967464173e-09
8.646875000000000000e+01,1.521610522409832849e-09
8.648437500000000000e+01,1.486337367051340303e-09
8.650000000000000000e+01,1.505492035895929875e-09
8.651562500000000000e+01,1.523985578078232980e-09
8.653125000000000000e+01,1.494062408475615413e-09
8.654687500000000000e+01,1.444209112710002800e-09
8.656250000000000000e+01,1.412290127619201782e-09
8.657812500000000000e+01,1.393693428724321387e-09
8.659375000000000000e+01,1.380157563913252311e-09
8.660937500000000000e+01,1.373261908743970391e-09
8.662500000000000000e+01,1.345572599912350018e-09
8.664062500000000000e+01,1.285713559165159733e-09
8.665625000000000000e+01,1.256145919932135695e-09
8.667187500000000000e+01,1.303069631179133695e-09
8.668750000000000000e+01,1.369749056583446389e-09
8.670312500000000000e+01,1.392396042359693800e-09
8.671875000000000000e+01,1.371616362374544767e-09
8.673437500000000000e+01,1.337363797497931255e-09
8.675000000000000000e+01,1.306298232804094612e-09
8.676562500000000000e+01,1.289071902886243842e-09
8.678125000000000000e+01,1.289996251625864373e-09
8.679687500000000000e+01,1.277711386754997458e-09
8.681250000000000000e+01,1.214424627326926329e-09
8.682812500000000000e+01,1.117991591516472319e-09
8.684375000000000000e+01,1.062589612879833716e-09
8.685937500000000000e+01,1.105428080905050263e-09
8.687500000000000000e+01,1.214311671366269223e-09
8.689062500000000000e+01,1.319229058182310881e-09
8.690625000000000000e+01,1.374449441523804550e-09
8.692187500000000000e+01,1.381179261738924926e-09
8.693750000000000000e+01,1.364246098337731255e-09
8.695312500000000000e+01,1.322663076019764605e-09
8.696875000000000000e+01,1.274547785552652463e-09
8.698437500000000000e+01,1.271599126028144932e-09
8.700000000000000000e+01,1.285324125746412356e-09
8.701562500000000000e+01,1.248135500387774833e-09
8.703125000000000000e+01,1.217667738532851314e-09
8.704687500000000000e+01,1.284491989394373253e-09
8.706250000000000000e+01,1.383946129255455237e-09
8.707812500000000000e+01,1.445557372529359897e-09
8.709375000000000000e+01,1.484495568410971057e-09
8.710937500000000000e+01,1.505146544996164501e-09
8.712500000000000000e+01,1.489968208261445709e-09
8.714062500000000000e+01,1.441558974290180204e-09
8.715625000000000000e+01,1.364121226371864382e-09
8.717187500000000000e+01,1.269700499063641911e-09
8.718750000000000000e+01,1.206515712403400571e-09
8.720312500000000000e+01,1.184652649931594082e-09
8.721875000000000000e+01,1.150587223410308168e-09
8.723437500000000000e+01,1.086116193164173418e-09
8.725000000000000000e+01,1.053319551600101382e-09
8.726562500000000000e+01,1.114195515496343229e-09
8.728125000000000000e+01,1.236761226732693735e-09
8.729687500000000000e+01,1.337306244196229973e-09
8.731250000000000000e+01,1.373246580837171356e-09
8.732812500000000000e+01,1.388962806335346525e-09
8.734375000000000000e+01,1.403229777244299876e-09
8.735937500000000000e+01,1.360913900481699541e-09
8.737500000000000000e+01,1.282483409169471573e-09
8.739062500000000000e+01,1.262731266477896915e-09
8.740625000000000000e+01,1.304005876747107462e-09
8.742187500000000000e+01,1.340902271919265580e-09
8.743750000000000000e+01,1.366166070587462551e-09
8.745312500000000000e+01,1.396537414867055926e-09
8.746875000000000000e+01,1.425591415145502964e-09
8.748437500000000000e+01,1.448526614731058434e-09
8.750000000000000000e+01,1.445887485039724442e-09
8.751562500000000000e+01,1.392940962641157179e-09
8.753125000000000000e+01,1.319853241533119818e-09
8.754687500000000000e+01,1.294567758379265690e-09
8.756250000000000000e+01,1.328089520227032999e-09
8.757812500000000000e+01,1.334050205703658086e-09
8.759375000000000000e+01,1.250654544764543969e-09
8.760937500000000000e+01,1.145033795552528499e-09
8.762500000000000000e+01,1.137435875894912727e-09
8.764062500000000000e+01,1.245247265146936366e-09
8.765625000000000000e+01,1.352748024877756456e-09
8.767187500000000000e+01,1.376930703898196518e-09
8.768750000000000000e+01,1.370180163027667785e-09
8.770312500000000000e+01,1.385371054372467069e-09
8.771875000000000000e+01,1.359307083824771848e-09
8.773437500000000000e+01,1.281766987108134022e-09
8.775000000000000000e+01,1.251722934122126079e-09
8.776562500000000000e+01,1.282317277277260624e-09
8.778125000000000000e+01,1.298809194187275214e-09
8.779687500000000000e+01,1.297277541576603449e-09
8.781250000000000000e+01,1.300674576250802167e-09
8.782812500000000000e+01,1.286276743676539045e-09
8.784375000000000000e+01,1.261236950392544908e-09
8.785937500000000000e+01,1.275032689210102775e-09
8.787500000000000000e+01,1.326943036094312952e-09
8.789062500000000000e+01,1.378737748848189920e-09
8.790625000000000000e+01,1.414358845849476013e-09
8.792187500000000000e+01,1.432407682696461377e-09
8.793750000000000000e+01,1.446783139763919107e-09
8.795312500000000000e+01,1.465267911617744879e-09
8.796875000000000000e+01,1.457607381570650761e-09
8.798437500000000000e+01,1.409864052368197598e-09
8.800000000000000000e+01,1.372310895779570729e-09
8.801562500000000000e+01,1.380824764011527671e-09
8.803125000000000000e+01,1.397052059490407861e-09
8.804687500000000000e+01,1.392156816924018441e-09
8.806250000000000000e+01,1.366110589876217066e-09
8.807812500000000000e+01,1.335843209026264738e-09
8.809375000000000000e+01,1.332965386379339198e-09
8.810937500000000000e+01,1.336419566279448487e-09
8.812500000000000000e+01,1.288327415269521706e-09
8.814062500000000000e+01,1.185045198001925251e-09
8.815625000000000000e+01,1.107480914339206382e-09
8.817187500000000000e+01,1.141945051017561654e-09
8.818750000000000000e+01,1.244979045568466395e-09
8.820312500000000000e+01,1.322493565354824407e-09
8.821875000000000000e+01,1.369902614212909483e-09
8.823437500000000000e+01,1.431929266828943246e-09
8.825000000000000000e+01,1.506574524623987779e-09
8.826562500000000000e+01,1.564551958234661105e-09
8.828125000000000000e+01,1.577696625003294454e-09
8.829687500000000000e+01,1.514821765553419865e-09
8.831250000000000000e+01,1.411909045023635986e-09
8.832812500000000000e+01,1.351949368740043408e-09
8.834375000000000000e+01,1.322169580492696675e-09
8.835937500000000000e+01,1.284427010979215579e-09
8.837500000000000000e+01,1.300171934735046714e-09
8.839062500000000000e+01,1.404830978729238634e-09
8.840625000000000000e+01,1.493159090146841020e-09
8.842187500000000000e+01,1.456717273998290142e-09
8.843750000000000000e+01,1.330919809375284635e-09
8.845312500000000000e+01,1.248678889571996580e-09
8.846875000000000000e+01,1.265169947866190489e-09
8.848437500000000000e+01,1.335083527775652100e-09
8.850000000000000000e+01,1.409786586631129584e-09
8.851562500000000000e+01,1.435135264746321459e-09
8.853125000000000000e+01,1.410248727832112326e-09
8.854687500000000000e+01,1.394396687423661406e-09
8.856250000000000000e+01,1.378563879013416472e-09
8.857812500000000000e+01,1.335833750409753722e-09
8.859375000000000000e+01,1.309666048938767878e-09
8.860937500000000000e+01,1.284047959337850334e-09
8.862500000000000000e+01,1.197070551088896063e-09
8.864062500000000000e+01,1.108080242260449485e-09
8.865625000000000000e+01,1.109065098869972090e-09
8.867187500000000000e+01,1.147938761739063616e-09
8.868750000000000000e+01,1.180271408946366674e-09
8.870312500000000000e+01,1.247287028462416149e-09
8.871875000000000000e+01,1.352764951170050198e-09
8.873437500000000000e+01,1.439504976755243528e-09
8.875000000000000000e+01,1.451563391813145684e-09
8.876562500000000000e+01,1.365626239692680864e-09
8.878125000000000000e+01,1.215031320279231543e-09
8.879687500000000000e+01,1.104314861598891138e-09
8.881250000000000000e+01,1.104263785526717261e-09
8.882812500000000000e+01,1.140168991870523425e-09
8.884375000000000000e+01,1.145352125793340069e-09
8.885937500000000000e+01,1.167527824658007066e-09
8.887500000000000000e+01,1.251071627192235836e-09
8.889062500000000000e+01,1.349682599604478253e-09
8.890625000000000000e+01,1.415388454243643888e-09
8.892187500000000000e+01,1.425059236773131170e-09
8.893750000000000000e+01,1.351514899834036271e-09
8.895312500000000000e+01,1.244382091367038594e-09
8.896875000000000000e+01,1.200985987520241077e-09
8.898437500000000000e+01,1.212353102629412792e-09
8.900000000000000000e+01,1.221544704229920774e-09
8.901562500000000000e+01,1.213713962503298963e-09
8.903125000000000000e+01,1.183980053546458599e-09
8.904687500000000000e+01,1.159176262591666470e-09
8.906250000000000000e+01,1.213277907090931484e-09
8.907812500000000000e+01,1.320635046511603349e-09
8.909375000000000000e+01,1.385099952749518463e-09
8.910937500000000000e+01,1.420604979188530123e-09
8.912500000000000000e+01,1.486272253360099849e-09
8.914062500000000000e+01,1.550922249867985231e-09
8.915625000000000000e+01,1.558317066152523266e-09
8.917187500000000000e+01,1.511948127054246759e-09
8.918750000000000000e+01,1.429011326819377366e-09
8.920312500000000000e+01,1.329210939491120404e-09
8.921875000000000000e+01,1.265633934653733257e-09
8.923437500000000000e+01,1.259570560496171507e-09
8.925000000000000000e+01,1.294391578677975462e-09
8.926562500000000000e+01,1.353057427749234736e-09
8.928125000000000000e+01,1.379236099708032420e-09
8.929687500000000000e+01,1.331660093333770842e-09
8.931250000000000000e+01,1.229663360807349730e-09
8.932812500000000000e+01,1.116063777793611372e-09
8.934375000000000000e+01,1.052736373604411382e-09
8.935937500000000000e+01,1.098703111536659358e-09
8.937500000000000000e+01,1.215000348605410245e-09
8.939062500000000000e+01,1.294476966711782330e-09
8.940625000000000000e+01,1.305490777636695532e-09
8.942187500000000000e+01,1.313642459100071565e-09
8.943750000000000000e+01,1.362280220945156960e-09
8.945312500000000000e+01,1.395790399939332008e-09
8.946875000000000000e+01,1.346861346072431945e-09
8.948437500000000000e+01,1.236480831102690311e-09
8.950000000000000000e+01,1.170038823527707909e-09
8.951562500000000000e+01,1.241470285900003094e-09
8.953125000000000000e+01,1.389840805060459043e-09
8.954687500000000000e+01,1.462188049716073659e-09
8.956250000000000000e+01,1.412358823223300943e-09
8.957812500000000000e+01,1.331967817101721582e-09
8.959375000000000000e+01,1.294515592933868178e-09
8.960937500000000000e+01,1.252181006652162519e-09
8.962500000000000000e+01,1.156581045624937386e-09
8.964062500000000000e+01,1.066215239467879011e-09
8.965625000000000000e+01,1.083585723892754292e-09
8.967187500000000000e+01,1.184388755906646011e-09
8.968750000000000000e+01,1.242895610455607778e-09
8.970312500000000000e+01,1.223665552158044324e-09
8.971875000000000000e+01,1.189734206021823864e-09
8.973437500000000000e+01,1.173645381590961006e-09
8.975000000000000000e+01,1.168533269381944692e-09
8.976562500000000000e+01,1.201817395110874430e-09
8.978125000000000000e+01,1.275142645728933785e-09
8.979687500000000000e+01,1.323254043324395828e-09
8.981250000000000000e+01,1.331966119044790012e-09
8.982812500000000000e+01,1.325872719359155067e-09
8.984375000000000000e+01,1.292479172486041795e-09
8.985937500000000000e+01,1.266793327811735744e-09
8.987500000000000000e+01,1.313798430088609023e-09
8.989062500000000000e+01,1.372726881354254756e-09
8.990625000000000000e+01,1.350544872738740159e-09
8.992187500000000000e+01,1.251353782972549540e-09
8.993750000000000000e+01,1.141395560638555184e-09
8.995312500000000000e+01,1.096309661932721198e-09
8.996875000000000000e+01,1.116112119787419048e-09
8.998437500000000000e+01,1.113482485519514683e-09
9.000000000000000000e+01,1.064212943329611299e-09
9.001562500000000000e+01,1.041391150541024731e-09
9.003125000000000000e+01,1.098166756816834452e-09
9.004687500000000000e+01,1.211919088019417526e-09
9.006250000000000000e+01,1.321386547733140959e-09
9.007812500000000000e+01,1.393809674081299367e-09
9.009375000000000000e+01,1.422853034064947879e-09
9.010937500000000000e+01,1.363851639150270305e-09
9.012500000000000000e+01,1.210226456958300567e-09
9.014062500000000000e+01,1.080961640503680432e-09
9.015625000000000000e+01,1.068424693252223247e-09
9.017187500000000000e+01,1.099946963617466181e-09
9.018750000000000000e+01,1.121315627354921643e-09
9.020312500000000000e+01,1.151917154824682721e-09
9.021875000000000000e+01,1.197868453786663937e-09
9.023437500000000000e+01,1.234386622097237605e-09
9.025000000000000000e+01,1.223642841527671443e-09
9.026562500000000000e+01,1.171542653896120450e-09
9.028125000000000000e+01,1.149389441608541918e-09
9.029687500000000000e+01,1.193095822079178582e-09
9.031250000000000000e+01,1.251252395555854426e-09
9.032812500000000000e+01,1.268179484656359126e-09
9.034375000000000000e+01,1.221853724509010014e-09
9.035937500000000000e+01,1.150808249774930090e-09
9.037500000000000000e+01,1.114841924522929002e-09
9.039062500000000000e+01,1.091936821678818428e-09
9.040625000000000000e+01,1.064786430416783865e-09
9.042187500000000000e+01,1.106100720264158720e-09
9.043750000000000000e+01,1.213360596543221340e-09
9.045312500000000000e+01,1.265514233699098688e-09
9.046875000000000000e+01,1.216285318359158403e-09
9.048437500000000000e+01,1.142291906454047342e-09
9.050000000000000000e+01,1.103380212982718860e-09
9.051562500000000000e+01,1.069302324058568101e-09
9.053125000000000000e+01,1.021880987483829131e-09
9.054687500000000000e+01,9.788862991360396050e-10
9.056250000000000000e+01,9.464758748653940893e-10
9.057812500000000000e+01,9.557770855426438441e-10
9.059375000000000000e+01,1.067082972988934008e-09
9.060937500000000000e+01,1.272840295350446742e-09
9.062500000000000000e+01,1.455496964068883950e-09
9.064062500000000000e+01,1.495005584143957059e-09
9.065625000000000000e+01,1.386991126902353004e-09
9.067187500000000000e+01,1.248018326977005175e-09
9.068750000000000000e+01,1.202017013374638477e-09
9.070312500000000000e+01,1.240633691861479375e-09
9.071875000000000000e+01,1.275435239548600907e-09
9.073437500000000000e+01,1.262058545278257473e-09
9.075000000000000000e+01,1.194975376767285976e-09
9.076562500000000000e+01,1.113384236783666803e-09
9.078125000000000000e+01,1.082419901973415789e-09
9.079687500000000000e+01,1.111722481722074693e-09
9.081250000000000000e+01,1.178380192156786011e-09
9.082812500000000000e+01,1.254787405461187815e-09
9.084375000000000000e+01,1.278671781052043416e-09
9.085937500000000000e+01,1.220879776890121717e-09
9.087500000000000000e+01,1.132166559077244054e-09
9.089062500000000000e+01,1.050762905371473179e-09
9.090625000000000000e+01,9.796815979380988454e-10
9.092187500000000000e+01,9.623435772758849990e-10
9.093750000000000000e+01,1.021183958389785036e-09
9.095312500000000000e+01,1.091510625481655980e-09
9.096875000000000000e+01,1.137467038654188155e-09
9.098437500000000000e+01,1.182490486661236448e-09
9.100000000000000000e+01,1.202647726014206436e-09
9.101562500000000000e+01,1.185814137841315957e-09
9.103125000000000000e+01,1.209225355659368267e-09
9.104687500000000000e+01,1.270562997750009104e-09
9.106250000000000000e+01,1.266437928598204007e-09
9.107812500000000000e+01,1.173465385716500434e-09
9.109375000000000000e+01,1.062485638910252548e-09
9.110937500000000000e+01,9.956774705950000295e-10
9.112500000000000000e+01,1.003011806714694238e-09
9.114062500000000000e+01,1.084881284778059498e-09
9.115625000000000000e+01,1.160210793442411662e-09
9.117187500000000000e+01,1.150977014151145322e-09
9.118750000000000000e+01,1.095824303591944307e-09
9.120312500000000000e+01,1.094300539868968968e-09
9.121875000000000000e+01,1.162641606958424178e-09
9.123437500000000000e+01,1.235403605798888063e-09
9.125000000000000000e+01,1.260370182218479830e-09
9.126562500000000000e+01,1.230651187140984642e-09
9.128125000000000000e+01,1.168011455429613157e-09
9.129687500000000000e+01,1.104109817157244777e-09
9.131250000000000000e+01,1.061613124720522121e-09
9.132812500000000000e+01,1.030099955536356209e-09
9.134375000000000000e+01,9.958489007533012760e-10
9.135937500000000000e+01,9.904719097374094692e-10
9.137500000000000000e+01,1.048878862903383777e-09
9.139062500000000000e+01,1.141351510319999678e-09
9.140625000000000000e+01,1.225122238611745730e-09
9.142187500000000000e+01,1.283581284935616256e-09
9.143750000000000000e+01,1.305540225443931799e-09
9.145312500000000000e+01,1.283426005111830550e-09
9.146875000000000000e+01,1.225292298668891367e-09
9.148437500000000000e+01,1.164961333141602609e-09
9.150000000000000000e+01,1.138865789493743213e-09
9.151562500000000000e+01,1.152659806822814787e-09
9.153125000000000000e+01,1.192013856033990459e-09
9.154687500000000000e+01,1.216403902684993175e-09
9.156250000000000000e+01,1.176702730212920882e-09
9.157812500000000000e+01,1.081640970895406861e-09
9.159375000000000000e+01,9.952604308392777016e-10
9.160937500000000000e+01,9.702608113992510803e-10
9.162500000000000000e+01,1.023492301978791447e-09
9.164062500000000000e+01,1.126125416042918896e-09
9.165625000000000000e+01,1.197993924265000939e-09
9.167187500000000000e+01,1.192065181376774336e-09
9.168750000000000000e+01,1.146624778335364065e-09
9.170312500000000000e+01,1.110414229575079510e-09
9.171875000000000000e+01,1.070746055048470253e-09
9.173437500000000000e+01,1.031728015572140834e-09
9.175000000000000000e+01,1.043713688057898420e-09
9.176562500000000000e+01,1.091325057422653185e-09
9.178125000000000000e+01,1.123627175639170840e-09
9.179687500000000000e+01,1.139569836284469645e-09
9.181250000000000000e+01,1.142866936939746704e-09
9.182812500000000000e+01,1.144918824089035556e-09
9.184375000000000000e+01,1.195404385294088164e-09
9.185937500000000000e+01,1.271394062048371941e-09
9.187500000000000000e+01,1.273410076220420077e-09
9.189062500000000000e+01,1.194970809862442707e-09
9.190625000000000000e+01,1.127074443829383889e-09
9.192187500000000000e+01,1.106585328653332883e-09
9.193750000000000000e+01,1.112889371718300793e-09
9.195312500000000000e+01,1.143971996285706705e-09
9.196875000000000000e+01,1.182269583330380192e-09
9.198437500000000000e+01,1.185583888216188435e-09
9.200000000000000000e+01,1.125263406639654233e-09
9.201562500000000000e+01,1.039229999649171545e-09
9.203125000000000000e+01,1.021785835812501259e-09
9.204687500000000000e+01,1.091212585331809064e-09
9.206250000000000000e+01,1.169449967770755073e-09
9.207812500000000000e+01,1.210070648835491143e-09
9.209375000000000000e+01,1.219345021574670311e-09
9.210937500000000000e+01,1.204798590570543631e-09
9.212500000000000000e+01,1.184296640219680000e-09
9.214062500000000000e+01,1.188318022536376216e-09
9.215625000000000000e+01,1.199443167239422642e-09
9.217187500000000000e+01,1.175092799371310460e-09
9.218750000000000000e+01,1.116011679725001938e-09
9.220312500000000000e+01,1.057381509903818983e-09
9.221875000000000000e+01,1.028801247196700610e-09
9.223437500000000000e+01,1.027398656484394318e-09
9.225000000000000000e+01,1.043168519917132478e-09
9.226562500000000000e+01,1.064983827527149430e-09
9.228125000000000000e+01,1.077611415619443673e-09
9.229687500000000000e+01,1.112123833118151393e-09
9.231250000000000000e+01,1.176489214639891528e-09
9.232812500000000000e+01,1.229867623983969381e-09
9.234375000000000000e+01,1.263253811042429728e-09
9.235937500000000000e+01,1.251384250810626852e-09
9.237500000000000000e+01,1.175265643850092548e-09
9.239062500000000000e+01,1.102267862682707137e-09
9.240625000000000000e+01,1.102828351747163752e-09
9.242187500000000000e+01,1.149367958989161658e-09
9.243750000000000000e+01,1.166140031793812292e-09
9.245312500000000000e+01,1.134216573328792603e-09
9.246875000000000000e+01,1.108551233740392404e-09
9.248437500000000000e+01,1.109728084993374803e-09
9.250000000000000000e+01,1.077631379432983485e-09
9.251562500000000000e+01,9.739178667632977945e-10
9.253125000000000000e+01,8.355112780333595412e-10
9.254687500000000000e+01,7.629922372850406348e-10
9.256250000000000000e+01,8.234731423191294520e-10
9.257812500000000000e+01,9.184653733923053144e-10
9.259375000000000000e+01,9.593875503417895583e-10
9.260937500000000000e+01,9.891780655566469062e-10
9.262500000000000000e+01,1.072996849352160359e-09
9.264062500000000000e+01,1.194892434342676984e-09
9.265625000000000000e+01,1.299326797410720486e-09
9.267187500000000000e+01,1.347662388322840616e-09
9.268750000000000000e+01,1.330517983399899022e-09
9.270312500000000000e+01,1.256530657221327696e-09
9.271875000000000000e+01,1.148172405100453887e-09
9.273437500000000000e+01,1.056380036688371456e-09
9.275000000000000000e+01,1.025679592837771255e-09
9.276562500000000000e+01,1.040177424542361319e-09
9.278125000000000000e+01,1.075977267326788502e-09
9.279687500000000000e+01,1.143320809528118718e-09
9.281250000000000000e+01,1.221266671342393899e-09
9.282812500000000000e+01,1.262366348065062554e-09
9.284375000000000000e+01,1.253783482342300229e-09
9.285937500000000000e+01,1.194558760639406598e-09
9.287500000000000000e+01,1.094122432502875664e-09
9.289062500000000000e+01,1.028432893721719860e-09
9.290625000000000000e+01,1.063761014067737390e-09
9.292187500000000000e+01,1.131177889536529178e-09
9.293750000000000000e+01,1.140398772215436400e-09
9.295312500000000000e+01,1.087270552813422498e-09
9.296875000000000000e+01,1.022633876736484966e-09
9.298437500000000000e+01,9.905062795982668088e-10
9.300000000000000000e+01,1.004423873833601434e-09
9.301562500000000000e+01,1.049809262568459628e-09
9.303125000000000000e+01,1.071097655095195615e-09
9.304687500000000000e+01,1.021690618454213971e-09
9.306250000000000000e+01,9.415725672099675208e-10
9.307812500000000000e+01,9.258443227843737888e-10
9.309375000000000000e+01,1.010040821896197084e-09
9.310937500000000000e+01,1.138853275202874380e-09
9.312500000000000000e+01,1.232428111205799077e-09
9.314062500000000000e+01,1.250051678402338157e-09
9.315625000000000000e+01,1.211715730418046362e-09
9.317187500000000000e+01,1.171124587580417671e-09
9.318750000000000000e+01,1.137609307818286723e-09
9.320312500000000000e+01,1.075153201723101320e-09
9.321875000000000000e+01,1.009085860598245392e-09
9.323437500000000000e+01,1.001828553935315276e-09
9.325000000000000000e+01,1.038498389760317744e-09
9.326562500000000000e+01,1.083902696453624613e-09
9.328125000000000000e+01,1.128482055805705938e-09
9.329687500000000000e+01,1.145533843073182168e-09
9.331250000000000000e+01,1.144797679784246503e-09
9.332812500000000000e+01,1.168666607239907007e-09
9.334375000000000000e+01,1.195152344559259720e-09
9.335937500000000000e+01,1.193910095218375656e-09
9.337500000000000000e+01,1.184192882863623418e-09
9.339062500000000000e+01,1.172847972708713543e-09
9.340625000000000000e+01,1.146827164590441315e-09
9.342187500000000000e+01,1.122541138419680585e-09
9.343750000000000000e+01,1.135441506334827500e-09
9.345312500000000000e+01,1.201372435165729306e-09
9.346875000000000000e+01,1.298422171526963932e-09
9.348437500000000000e+01,1.367306710629021155e-09
9.350000000000000000e+01,1.356375486030193143e-09
9.351562500000000000e+01,1.280241066663279064e-09
9.353125000000000000e+01,1.211188305748073432e-09
9.354687500000000000e+01,1.195710590844889662e-09
9.356250000000000000e+01,1.207678543224881926e-09
9.357812500000000000e+01,1.208027330012592492e-09
9.359375000000000000e+01,1.202345725988671881e-09
9.360937500000000000e+01,1.197878125333180519e-09
9.362500000000000000e+01,1.174494938483999030e-09
9.364062500000000000e+01,1.128679501663157175e-09
9.365625000000000000e+01,1.072184930997427569e-09
9.367187500000000000e+01,1.029314173897254012e-09
9.368750000000000000e+01,1.021457803841599054e-09
9.370312500000000000e+01,1.048981303665302467e-09
9.371875000000000000e+01,1.100576068503678462e-09
9.373437500000000000e+01,1.139706106326381533e-09
9.375000000000000000e+01,1.134624378582550568e-09
9.376562500000000000e+01,1.110225427027700706e-09
9.378125000000000000e+01,1.102486542824633896e-09
9.379687500000000000e+01,1.082613166916960033e-09
9.381250000000000000e+01,1.022572659646505168e-09
9.382812500000000000e+01,9.473484589727794113e-10
9.384375000000000000e+01,8.968233711842945729e-10
9.385937500000000000e+01,9.296805353885706198e-10
9.387500000000000000e+01,1.047168830055646066e-09
9.389062500000000000e+01,1.147522459037424378e-09
9.390625000000000000e+01,1.169816394771107097e-09
9.392187500000000000e+01,1.134487947637578836e-09
9.393750000000000000e+01,1.091718391066428433e-09
9.395312500000000000e+01,1.083876945540649097e-09
9.396875000000000000e+01,1.100458197055162560e-09
9.398437500000000000e+01,1.097003917856735044e-09
9.400000000000000000e+01,1.070228785850349528e-09
9.401562500000000000e+01,1.057253153619268195e-09
9.403125000000000000e+01,1.071797019153703163e-09
9.404687500000000000e+01,1.117352359661145918e-09
9.406250000000000000e+01,1.181819669755407177e-09
9.407812500000000000e+01,1.204177933616311375e-09
9.409375000000000000e+01,1.163635726395681383e-09
9.410937500000000000e+01,1.141047566243471367e-09
9.412500000000000000e+01,1.199172224892236763e-09
9.414062500000000000e+01,1.260811840348153330e-09
9.415625000000000000e+01,1.239257114776068135e-09
9.417187500000000000e+01,1.162866454278565293e-09
9.418750000000000000e+01,1.120822015914513560e-09
9.420312500000000000e+01,1.128400755024408346e-09
9.421875000000000000e+01,1.115822835876549743e-09
9.423437500000000000e+01,1.049180692231282958e-09
9.425000000000000000e+01,9.701056679431112009e-10
9.426562500000000000e+01,9.448412261018051902e-10
9.428125000000000000e+01,9.711496174423538903e-10
9.429687500000000000e+01,9.751299647991020982e-10
9.431250000000000000e+01,9.347111204616131004e-10
9.432812500000000000e+01,9.091177402083813991e-10
9.434375000000000000e+01,9.423449639075783049e-10
9.435937500000000000e+01,9.938753110000544110e-10
9.437500000000000000e+01,1.028929633938094905e-09
9.439062500000000000e+01,1.097918227453537351e-09
9.440625000000000000e+01,1.214311013490198917e-09
9.442187500000000000e+01,1.278105303267459781e-09
9.443750000000000000e+01,1.228858145958408828e-09
9.445312500000000000e+01,1.124666573760425338e-09
9.446875000000000000e+01,1.062225017856973666e-09
9.448437500000000000e+01,1.063357151861216202e-09
9.450000000000000000e+01,1.080544570172875746e-09
9.451562500000000000e+01,1.077680616476812794e-09
9.453125000000000000e+01,1.054654095356646381e-09
9.454687500000000000e+01,1.029920348875770148e-09
9.456250000000000000e+01,1.016547603412519172e-09
9.457812500000000000e+01,1.017196407992256150e-09
9.459375000000000000e+01,1.043939280572905410e-09
9.460937500000000000e+01,1.092142120335315495e-09
9.462500000000000000e+01,1.120832184240989057e-09
9.464062500000000000e+01,1.111116585205774797e-09
9.465625000000000000e+01,1.099316678689997146e-09
9.467187500000000000e+01,1.115857925571489647e-09
9.468750000000000000e+01,1.127846150861870087e-09
9.470312500000000000e+01,1.112795664730405033e-09
9.471875000000000000e+01,1.120882968177073590e-09
9.473437500000000000e+01,1.173733108272131202e-09
9.475000000000000000e+01,1.205895621098786682e-09
9.476562500000000000e+01,1.176391179644350379e-09
9.478125000000000000e+01,1.133336731333212952e-09
9.479687500000000000e+01,1.140774241672202113e-09
9.481250000000000000e+01,1.149495916432112179e-09
9.482812500000000000e+01,1.087366064560024996e-09
9.484375000000000000e+01,9.910917672123119616e-10
9.485937500000000000e+01,9.337210576812373025e-10
9.487500000000000000e+01,9.433654879026785834e-10
9.489062500000000000e+01,1.007918697509869100e-09
9.490625000000000000e+01,1.088606514311255004e-09
9.492187500000000000e+01,1.148454036651794053e-09
9.493750000000000000e+01,1.159795790500449160e-09
9.495312500000000000e+01,1.119682431533721765e-09
9.496875000000000000e+01,1.058411706743743171e-09
9.498437500000000000e+01,9.892154474675038568e-10
9.500000000000000000e+01,9.024940228660587847e-10
9.501562500000000000e+01,8.190313686640675517e-10
9.503125000000000000e+01,8.156436468121058001e-10
9.504687500000000000e+01,9.254907518392275176e-10
9.506250000000000000e+01,1.052804339188785030e-09
9.507812500000000000e+01,1.126391514877675603e-09
9.509375000000000000e+01,1.167523082092572962e-09
9.510937500000000000e+01,1.208315627492624684e-09
9.512500000000000000e+01,1.251575807609253314e-09
9.514062500000000000e+01,1.300303225016754690e-09
9.515625000000000000e+01,1.339237159320838171e-09
9.517187500000000000e+01,1.331237299722377521e-09
9.518750000000000000e+01,1.270392141780870863e-09
9.520312500000000000e+01,1.189581507361247779e-09
9.521875000000000000e+01,1.106894180749989461e-09
9.523437500000000000e+01,1.049884154333214773e-09
9.525000000000000000e+01,1.077357533547110576e-09
9.526562500000000000e+01,1.147244715744967208e-09
9.528125000000000000e+01,1.154409015192183218e-09
9.529687500000000000e+01,1.087791417385334343e-09
9.531250000000000000e+01,1.015984012208106654e-09
9.532812500000000000e+01,1.000864307918627012e-09
9.534375000000000000e+01,1.042178860394656661e-09
9.535937500000000000e+01,1.089549014777072635e-09
9.537500000000000000e+01,1.118340784059451564e-09
9.539062500000000000e+01,1.135505038481506263e-09
9.540625000000000000e+01,1.118968058142347720e-09
9.542187500000000000e+01,1.036720789161840754e-09
9.543750000000000000e+01,9.312230255030369116e-10
9.545312500000000000e+01,8.786237508546199179e-10
9.546875000000000000e+01,8.865178696681713052e-10
9.548437500000000000e+01,9.365439874946940329e-10
9.550000000000000000e+01,9.976169827718296065e-10
9.551562500000000000e+01,1.027961014046714781e-09
9.553125000000000000e+01,1.020229720698540064e-09
9.554687500000000000e+01,1.005018222518315435e-09
9.556250000000000000e+01,1.031604841586772387e-09
9.557812500000000000e+01,1.062182619557145940e-09
9.559375000000000000e+01,1.018896130541305746e-09
9.560937500000000000e+01,9.584994511745290332e-10
9.562500000000000000e+01,9.662684131851920872e-10
9.564062500000000000e+01,9.724823583783342298e-10
9.565625000000000000e+01,9.123691204343343754e-10
9.567187500000000000e+01,8.488461101276083887e-10
9.568750000000000000e+01,8.701940712612640140e-10
9.570312500000000000e+01,9.389217210315904979e-10
9.571875000000000000e+01,9.728296497490070689e-10
9.573437500000000000e+01,9.663862619787300691e-10
9.575000000000000000e+01,9.486522098860824935e-10
9.576562500000000000e+01,9.370841078987949203e-10
9.578125000000000000e+01,9.589980220878516014e-10
9.579687500000000000e+01,1.014775518372349661e-09
9.581250000000000000e+01,1.046916021939266209e-09
9.582812500000000000e+01,1.032235788837084982e-09
9.584375000000000000e+01,1.027262228554103628e-09
9.585937500000000000e+01,1.069732417342062530e-09
9.587500000000000000e+01,1.111505898840451555e-09
9.589062500000000000e+01,1.113056722319108535e-09
9.590625000000000000e+01,1.099963200728165006e-09
9.592187500000000000e+01,1.100801604455007895e-09
9.593750000000000000e+01,1.117159585893334598e-09
9.595312500000000000e+01,1.146388803226032966e-09
9.596875000000000000e+01,1.168875522072752383e-09
9.598437500000000000e+01,1.151240615971706640e-09
9.600000000000000000e+01,1.089793466077492544e-09
9.601562500000000000e+01,1.019191465492103896e-09
9.603125000000000000e+01,9.720863377258465405e-10
9.604687500000000000e+01,9.466846663883313380e-10
9.606250000000000000e+01,9.221196036027811182e-10
9.607812500000000000e+01,9.147604183632584068e-10
9.609375000000000000e+01,9.535785273381458128e-10
9.610937500000000000e+01,1.006691300012185989e-09
9.612500000000000000e+01,1.032080391839971349e-09
9.614062500000000000e+01,1.030004815817412441e-09
9.615625000000000000e+01,1.007409888958981272e-09
9.617187500000000000e+01,9.636133949594998635e-10
9.618750000000000000e+01,9.137403194286581504e-10
9.620312500000000000e+01,8.754800339428660836e-10
9.621875000000000000e+01,8.813078606285988561e-10
9.623437500000000000e+01,9.564996178414282666e-10
9.625000000000000000e+01,1.038905917090974019e-09
9.626562500000000000e+01,1.057106287020771607e-09
9.628125000000000000e+01,1.041374415432712462e-09
9.629687500000000000e+01,1.079210234206301747e-09
9.631250000000000000e+01,1.152247098510831844e-09
9.632812500000000000e+01,1.170530230845343101e-09
9.634375000000000000e+01,1.117960376168406729e-09
9.635937500000000000e+01,1.039700815743041919e-09
9.637500000000000000e+01,9.691123928320326078e-10
9.639062500000000000e+01,9.022550795818998511e-10
9.640625000000000000e+01,8.326834550680700866e-10
9.642187500000000000e+01,7.925838643764911258e-10
9.643750000000000000e+01,8.146331466719073368e-10
9.645312500000000000e+01,8.773598869338312906e-10
9.646875000000000000e+01,9.309008580561024678e-10
9.648437500000000000e+01,9.394412568975940166e-10
9.650000000000000000e+01,9.047665663821685216e-10
9.651562500000000000e+01,8.749061950161049356e-10
9.653125000000000000e+01,9.076940006730652102e-10
9.654687500000000000e+01,9.812555921967726915e-10
9.656250000000000000e+01,1.024226665428993464e-09
9.657812500000000000e+01,1.015484174675805149e-09
9.659375000000000000e+01,9.840533138164177746e-10
9.660937500000000000e+01,9.388093806295805195e-10
9.662500000000000000e+01,8.819421874815120283e-10
9.664062500000000000e+01,8.647165091956862289e-10
9.665625000000000000e+01,8.932812955460879106e-10
9.667187500000000000e+01,9.204223404141141116e-10
9.668750000000000000e+01,9.425160797727764633e-10
9.670312500000000000e+01,9.592432269740351844e-10
9.671875000000000000e+01,9.483015812931735654e-10
9.673437500000000000e+01,9.156459499235202127e-10
9.675000000000000000e+01,8.967398973901595710e-10
9.676562500000000000e+01,9.151811327841278205e-10
9.678125000000000000e+01,9.615817476782093228e-10
9.679687500000000000e+01,1.019408048038239121e-09
9.681250000000000000e+01,1.083166446973382534e-09
9.682812500000000000e+01,1.151489950691349600e-09
9.684375000000000000e+01,1.229444462686608660e-09
9.685937500000000000e+01,1.305813080033324141e-09
9.687500000000000000e+01,1.343877789668778059e-09
9.689062500000000000e+01,1.312170708437975383e-09
9.690625000000000000e+01,1.219324667565448022e-09
9.692187500000000000e+01,1.135034459384515351e-09
9.693750000000000000e+01,1.119950271611499422e-09
9.695312500000000000e+01,1.127444791836806893e-09
9.696875000000000000e+01,1.102666261914603584e-09
9.698437500000000000e+01,1.076154280280547290e-09
9.700000000000000000e+01,1.050530250743086503e-09
9.701562500000000000e+01,9.792265278824132776e-10
9.703125000000000000e+01,9.116243767484966021e-10
9.704687500000000000e+01,9.393366410532078276e-10
9.706250000000000000e+01,1.025599168247931042e-09
9.707812500000000000e+01,1.078986046411161723e-09
9.709375000000000000e+01,1.076116679914562271e-09
9.710937500000000000e+01,1.035055891618237869e-09
9.712500000000000000e+01,9.708725836097945768e-10
9.714062500000000000e+01,9.218338548832105955e-10
9.715625000000000000e+01,9.290425808221216221e-10
9.717187500000000000e+01,9.863622708196825032e-10
9.718750000000000000e+01,1.051880100786454708e-09
9.720312500000000000e+01,1.081694769817240198e-09
9.721875000000000000e+01,1.069721534235205366e-09
9.723437500000000000e+01,1.061770698640465550e-09
9.725000000000000000e+01,1.074186047096925652e-09
9.726562500000000000e+01,1.046049326730771324e-09
9.728125000000000000e+01,9.804245989940410793e-10
9.729687500000000000e+01,9.640571319655473092e-10
9.731250000000000000e+01,9.785915609825507222e-10
9.732812500000000000e+01,9.585524331839170597e-10
9.734375000000000000e+01,9.333318800111014064e-10
9.735937500000000000e+01,9.428141493723285824e-10
9.737500000000000000e+01,9.675599153650760086e-10
9.739062500000000000e+01,9.757390683225236020e-10
9.740625000000000000e+01,9.491065046829597510e-10
9.742187500000000000e+01,8.822262761533939842e-10
9.743750000000000000e+01,8.002687663072237633e-10
9.745312500000000000e+01,7.512327154165859379e-10
9.746875000000000000e+01,7.494487285628591546e-10
9.748437500000000000e+01,7.715276540004901821e-10
9.750000000000000000e+01,7.883787877147144223e-10
9.751562500000000000e+01,7.753159598591512640e-10
9.753125000000000000e+01,7.607611256326622818e-10
9.754687500000000000e+01,8.230898561102945234e-10
9.756250000000000000e+01,9.628461482107750952e-10
9.757812500000000000e+01,1.071495577771566981e-09
9.759375000000000000e+01,1.061248816118763045e-09
9.760937500000000000e+01,9.646496846390435230e-10
9.762500000000000000e+01,8.972782672338487579e-10
9.764062500000000000e+01,8.872945741651806372e-10
9.765625000000000000e+01,8.920069758830117587e-10
9.767187500000000000e+01,9.256992808954689386e-10
9.768750000000000000e+01,9.812954025253603808e-10
9.770312500000000000e+01,9.927191413020599930e-10
9.771875000000000000e+01,9.405335585692906234e-10
9.773437500000000000e+01,8.931040248616114305e-10
9.775000000000000000e+01,9.150102715319025021e-10
9.776562500000000000e+01,9.764299535921872089e-10
9.778125000000000000e+01,1.007052238600406063e-09
9.779687500000000000e+01,9.871290074570811717e-10
9.781250000000000000e+01,9.651751973083876746e-10
9.782812500000000000e+01,9.740182473967025254e-10
9.784375000000000000e+01,9.734323573344710521e-10
9.785937500000000000e+01,9.345040682007348921e-10
9.787500000000000000e+01,9.016218272920509901e-10
9.789062500000000000e+01,9.316838469369220876e-10
9.790625000000000000e+01,1.008235241248653864e-09
9.792187500000000000e+01,1.082313742770875007e-09
9.793750000000000000e+01,1.141712885982255377e-09
9.795312500000000000e+01,1.171414728684426279e-09
9.796875000000000000e+01,1.142391158408360799e-09
9.798437500000000000e+01,1.083114652247937171e-09
9.800000000000000000e+01,1.071404860405522586e-09
9.801562500000000000e+01,1.113875825913349875e-09
9.803125000000000000e+01,1.127179488748012752e-09
9.804687500000000000e+01,1.063871655380015043e-09
9.806250000000000000e+01,9.556927531959213635e-10
9.807812500000000000e+01,8.653471697814159954e-10
9.809375000000000000e+01,8.491950664292941304e-10
9.810937500000000000e+01,8.938187234076874825e-10
9.812500000000000000e+01,9.425197810011964802e-10
9.814062500000000000e+01,9.722183868677561640e-10
9.815625000000000000e+01,9.709558404229293850e-10
9.817187500000000000e+01,9.444752694981214514e-10
9.818750000000000000e+01,9.319747107555324308e-10
9.820312500000000000e+01,9.494415457823390868e-10
9.821875000000000000e+01,9.810216439635842343e-10
9.823437500000000000e+01,1.015944548193294969e-09
9.825000000000000000e+01,1.040547380255707172e-09
9.826562500000000000e+01,1.039150269650904385e-09
9.828125000000000000e+01,1.013089968710885063e-09
9.829687500000000000e+01,9.948102643306438377e-10
9.831250000000000000e+01,1.034253253846120625e-09
9.832812500000000000e+01,1.111908309686339996e-09
9.834375000000000000e+01,1.149510787384962066e-09
9.835937500000000000e+01,1.130016889808273796e-09
9.837500000000000000e+01,1.092469364169319397e-09
9.839062500000000000e+01,1.060261359336354314e-09
9.840625000000000000e+01,1.050873970557214519e-09
9.842187500000000000e+01,1.059787461765438320e-09
9.843750000000000000e+01,1.033145860485836114e-09
9.845312500000000000e+01,9.530084796647212104e-10
9.846875000000000000e+01,8.758594636874097530e-10
9.848437500000000000e+01,8.587326463123964741e-10
9.850000000000000000e+01,9.100470310156462498e-10
9.851562500000000000e+01,9.882943416726853481e-10
9.853125000000000000e+01,1.035086316720167800e-09
9.854687500000000000e+01,1.022146008047903841e-09
9.856250000000000000e+01,9.719059078614430055e-10
9.857812500000000000e+01,9.553657938202327868e-10
9.859375000000000000e+01,9.915700391687466517e-10
9.860937500000000000e+01,1.014387639531365871e-09
9.862500000000000000e+01,9.923420663398544429e-10
9.864062500000000000e+01,9.548501848576485890e-10
9.865625000000000000e+01,9.448917529006829093e-10
9.867187500000000000e+01,9.667036125685349073e-10
9.868750000000000000e+01,9.999370780157113585e-10
9.870312500000000000e+01,1.058114682231143660e-09
9.871875000000000000e+01,1.136179048893560945e-09
9.873437500000000000e+01,1.178592688296630547e-09
9.875000000000000000e+01,1.154587316955687585e-09
9.876562500000000000e+01,1.067994032330596795e-09
9.878125000000000000e+01,9.369081185416046080e-10
9.879687500000000000e+01,8.245307965655571518e-10
9.881250000000000000e+01,8.090747224556753975e-10
9.882812500000000000e+01,8.738476878613088971e-10
9.884375000000000000e+01,9.223968592568784236e-10
9.885937500000000000e+01,9.002431422872701095e-10
9.887500000000000000e+01,8.488454013177883634e-10
9.889062500000000000e+01,8.541003061070026735e-10
9.890625000000000000e+01,9.238911703002862515e-10
9.892187500000000000e+01,9.942863007361797288e-10
9.893750000000000000e+01,1.027588729172181935e-09
9.895312500000000000e+01,1.022738519140084077e-09
9.896875000000000000e+01,9.964427490665558078e-10
9.898437500000000000e+01,9.815350359995816095e-10
9.900000000000000000e+01,9.946665033749733721e-10
9.901562500000000000e+01,1.013108315983294895e-09
9.903125000000000000e+01,1.015626045333560786e-09
9.904687500000000000e+01,1.006124290916433316e-09
9.906250000000000000e+01,9.964336461800712111e-10
9.907812500000000000e+01,9.855008821005457045e-10
9.909375000000000000e+01,9.648089025011621085e-10
9.910937500000000000e+01,9.258927567707391929e-10
9.912500000000000000e+01,8.712478367524336587e-10
9.914062500000000000e+01,8.417139166577565419e-10
9.915625000000000000e+01,8.606086462860109269e-10
9.917187500000000000e+01,8.873364673940251245e-10
9.918750000000000000e+01,8.879929301128220326e-10
9.920312500000000000e+01,8.697754139237683492e-10
9.921875000000000000e+01,8.710112113476570129e-10
9.923437500000000000e+01,9.041364793741097334e-10
9.925000000000000000e+01,9.452346534095273178e-10
9.926562500000000000e+01,9.885355069351486298e-10
9.928125000000000000e+01,1.030652069079017593e-09
9.929687500000000000e+01,1.058338792155045041e-09
9.931250000000000000e+01,1.056564786768719601e-09
9.932812500000000000e+01,1.034832163071327548e-09
9.934375000000000000e+01,1.026086300073454031e-09
9.935937500000000000e+01,9.986376269608792510e-10
9.937500000000000000e+01,9.168668948866090286e-10
9.939062500000000000e+01,8.622976554330408454e-10
9.940625000000000000e+01,8.967868242952629869e-10
9.942187500000000000e+01,9.332640826843699556e-10
9.943750000000000000e+01,9.107219554900844095e-10
9.945312500000000000e+01,8.708197741205453243e-10
9.946875000000000000e+01,8.635360875887290709e-10
9.948437500000000000e+01,8.713495071515331302e-10
9.950000000000000000e+01,8.700138247275189065e-10
9.951562500000000000e+01,8.758719388969741476e-10
9.953125000000000000e+01,9.068001713466312643e-10
9.954687500000000000e+01,9.438250863253050154e-10
9.956250000000000000e+01,9.640705441822136872e-10
9.957812500000000000e+01,9.926773511976683070e-10
9.959375000000000000e+01,1.043891306989600077e-09
9.960937500000000000e+01,1.072750986635377622e-09
9.962500000000000000e+01,1.052570931541383059e-09
9.964062500000000000e+01,1.009515518694020307e-09
9.965625000000000000e+01,9.797025385566291618e-10
9.967187500000000000e+01,9.808345609323260829e-10
9.968750000000000000e+01,1.006941429783141574e-09
9.970312500000000000e+01,1.038442319913731658e-09
9.971875000000000000e+01,1.046888620703752387e-09
9.973437500000000000e+01,1.004750447898763763e-09
9.975000000000000000e+01,9.320534032186349856e-10
9.976562500000000000e+01,8.887914916928781748e-10
9.978125000000000000e+01,8.735985968907987152e-10
9.979687500000000000e+01,8.498416470784282090e-10
9.981250000000000000e+01,8.549761734857848835e-10
9.982812500000000000e+01,9.138685063183423946e-10
9.984375000000000000e+01,9.553883937655393643e-10
9.985937500000000000e+01,9.282502254654162159e-10
9.987500000000000000e+01,8.729263096112736118e-10
9.989062500000000000e+01,8.459836788823733854e-10
9.990625000000000000e+01,8.491991595784220292e-10
9.992187500000000000e+01,8.918612732509321291e-10
9.993750000000000000e+01,9.820957675103858369e-10
9.995312500000000000e+01,1.074963081566266125e-09
9.996875000000000000e+01,1.120976497769291285e-09
9.998437500000000000e+01,1.118644574140302283e-09
1.000000000000000000e+02,1.090767453515963828e-09
1.000156250000000000e+02,1.035841701349687793e-09
1.000312500000000000e+02,9.603362742807766589e-10
1.000468750000000000e+02,9.012222814791143673e-10
1.000625000000000000e+02,8.734349174141244745e-10
1.000781250000000000e+02,8.660130593401050590e-10
1.000937500000000000e+02,8.829352357300236217e-10
1.001093750000000000e+02,9.154201077571917956e-10
1.001250000000000000e+02,9.190313767186171358e-10
1.001406250000000000e+02,8.764382351144518329e-10
1.001562500000000000e+02,8.299446493794036755e-10
1.001718750000000000e+02,8.323135179817332360e-10
1.001875000000000000e+02,8.767411282123401518e-10
1.002031250000000000e+02,9.097690053662282872e-10
1.002187500000000000e+02,9.133864805553174899e-10
1.002343750000000000e+02,9.214914626437778874e-10
1.002500000000000000e+02,9.565118778957608183e-10
1.002656250000000000e+02,9.895614559435345379e-10
1.002812500000000000e+02,9.818963805167801516e-10
1.002968750000000000e+02,9.426474540151986557e-10
1.003125000000000000e+02,9.105747786548366995e-10
1.003281250000000000e+02,8.797704956521055460e-10
1.003437500000000000e+02,8.313894562543278014e-10
1.003593750000000000e+02,8.078035927568483377e-10
1.003750000000000000e+02,8.298141523223154955e-10
1.003906250000000000e+02,8.446562706230014048e-10
1.004062500000000000e+02,8.284201361521791524e-10
1.004218750000000000e+02,8.090595385332185370e-10
1.004375000000000000e+02,8.030330112022268201e-10
1.004531250000000000e+02,7.886172476770317509e-10
1.004687500000000000e+02,7.625858129051768032e-10
1.004843750000000000e+02,7.720985664454391517e-10
1.005000000000000000e+02,8.320840932410113126e-10
1.005156250000000000e+02,8.936441375210160776e-10
1.005312500000000000e+02,9.223386806034514744e-10
1.005468750000000000e+02,9.133886054949383253e-10
1.005625000000000000e+02,8.659253307797178237e-10
1.005781250000000000e+02,8.017505953743494895e-10
1.005937500000000000e+02,7.725283946063740123e-10
1.006093750000000000e+02,7.908313688386185161e-10
1.006250000000000000e+02,8.318636767559950383e-10
1.006406250000000000e+02,8.862704836629893782e-10
1.006562500000000000e+02,9.342710702896812671e-10
1.006718750000000000e+02,9.538174555053985198e-10
1.006875000000000000e+02,9.454490194482685206e-10
1.007031250000000000e+02,9.240470424659529742e-10
1.007187500000000000e+02,9.177878187544172679e-10
1.007343750000000000e+02,9.384636297277743671e-10
1.007500000000000000e+02,9.571673671078210805e-10
1.007656250000000000e+02,9.574872094710681968e-10
1.007812500000000000e+02,9.536486728694438225e-10
1.007968750000000000e+02,9.546279645891623165e-10
1.008125000000000000e+02,9.551534809630232608e-10
1.008281250000000000e+02,9.455608367000005923e-10
1.008437500000000000e+02,9.310203367198249191e-10
1.008593750000000000e+02,9.168398841395154566e-10
1.008750000000000000e+02,8.845288139263177446e-10
1.008906250000000000e+02,8.490840215067631984e-10
1.009062500000000000e+02,8.689369999658451697e-10
1.009218750000000000e+02,9.372995640380283271e-10
1.009375000000000000e+02,9.862284042965484881e-10
1.009531250000000000e+02,9.797739723753720922e-10
1.009687500000000000e+02,9.340789039718328277e-10
1.009843750000000000e+02,9.011459653660024520e-10
1.010000000000000000e+02,8.971953975851191439e-10
1.010156250000000000e+02,8.713171525075849651e-10
1.010312500000000000e+02,8.021352504944068020e-10
1.010468750000000000e+02,7.427860060943189684e-10
1.010625000000000000e+02,7.511701410865441332e-10
1.010781250000000000e+02,8.105105690086839876e-10
1.010937500000000000e+02,8.623518449330537644e-10
1.011093750000000000e+02,8.755523834223296013e-10
1.011250000000000000e+02,8.574449013808033931e-10
1.011406250000000000e+02,8.258611874659639434e-10
1.011562500000000000e+02,7.970047979024427626e-10
1.011718750000000000e+02,7.872891118312975810e-10
1.011875000000000000e+02,7.843981562692869897e-10
1.012031250000000000e+02,7.596026445189605993e-10
1.012187500000000000e+02,7.130697366483880069e-10
1.012343750000000000e+02,6.659222283782928871e-10
1.012500000000000000e+02,6.504474101885268736e-10
1.012656250000000000e+02,7.048183627429333788e-10
1.012812500000000000e+02,8.106168141376977296e-10
1.012968750000000000e+02,8.946578304048634899e-10
1.013125000000000000e+02,9.121894601539532054e-10
1.013281250000000000e+02,8.731624486110232003e-10
1.013437500000000000e+02,8.160445762432601297e-10
1.013593750000000000e+02,7.866297337073292468e-10
1.013750000000000000e+02,8.099273814127987674e-10
1.013906250000000000e+02,8.627651366747999788e-10
1.014062500000000000e+02,9.184104105887415639e-10
1.014218750000000000e+02,9.815768189577362313e-10
1.014375000000000000e+02,1.042104633616022009e-09
1.014531250000000000e+02,1.045631180493732445e-09
1.014687500000000000e+02,9.575605263054555244e-10
1.014843750000000000e+02,8.418885979243312288e-10
1.015000000000000000e+02,8.244227098248860795e-10
1.015156250000000000e+02,9.075760055880825792e-10
1.015312500000000000e+02,9.911141242441481794e-10
1.015468750000000000e+02,1.042135423843705802e-09
1.015625000000000000e+02,1.072383904732892313e-09
1.015781250000000000e+02,1.076432180211620476e-09
1.015937500000000000e+02,1.055217005666901339e-09
1.016093750000000000e+02,1.030253003711880933e-09
1.016250000000000000e+02,1.015052602774835398e-09
1.016406250000000000e+02,1.011399754972917369e-09
1.016562500000000000e+02,1.008450575639039359e-09
1.016718750000000000e+02,9.837188398821765931e-10
1.016875000000000000e+02,9.419544585911185329e-10
1.017031250000000000e+02,9.129429000795743066e-10
1.017187500000000000e+02,8.985702409286678816e-10
1.017343750000000000e+02,8.792531203900847081e-10
1.017500000000000000e+02,8.563936764065989283e-10
1.017656250000000000e+02,8.443436406010401702e-10
1.017812500000000000e+02,8.461770863191062766e-10
1.017968750000000000e+02,8.563255270530219547e-10
1.018125000000000000e+02,8.762953605616483700e-10
1.018281250000000000e+02,9.100855099390648750e-10
1.018437500000000000e+02,9.471196557207391628e-10
1.018593750000000000e+02,9.723973884363774149e-10
1.018750000000000000e+02,9.726854975579553036e-10
1.018906250000000000e+02,9.248084293674760480e-10
1.019062500000000000e+02,8.358401482238607558e-10
1.019218750000000000e+02,7.589402799650984310e-10
1.019375000000000000e+02,7.248465845204741152e-10
1.019531250000000000e+02,7.364633475451662642e-10
1.019687500000000000e+02,7.711919290461654381e-10
1.019843750000000000e+02,7.847793090523126969e-10
1.020000000000000000e+02,7.828119177452410809e-10
1.020156250000000000e+02,7.975456757368356028e-10
1.020312500000000000e+02,8.164492247325561394e-10
1.020468750000000000e+02,8.059306512029016885e-10
1.020625000000000000e+02,7.859985780188457268e-10
1.020781250000000000e+02,8.238695094178035653e-10
1.020937500000000000e+02,9.290429026980397401e-10
1.021093750000000000e+02,1.041508748602337392e-09
1.021250000000000000e+02,1.098203311307854287e-09
1.021406250000000000e+02,1.069300604102383433e-09
1.021562500000000000e+02,9.771702612173027374e-10
1.021718750000000000e+02,8.837814178113256356e-10
1.021875000000000000e+02,8.301334120097895652e-10
1.022031250000000000e+02,8.031880912088661135e-10
1.022187500000000000e+02,7.998396360726329434e-10
1.022343750000000000e+02,8.415715227868816734e-10
1.022500000000000000e+02,8.950337429364365526e-10
1.022656250000000000e+02,9.203661379873665517e-10
1.022812500000000000e+02,9.379215107364181258e-10
1.022968750000000000e+02,9.536423383031230443e-10
1.023125000000000000e+02,9.421211129114024058e-10
1.023281250000000000e+02,9.048447426864745640e-10
1.023437500000000000e+02,8.610577964207048524e-10
1.023593750000000000e+02,8.268420979685335008e-10
1.023750000000000000e+02,8.208288574342703419e-10
1.023906250000000000e+02,8.500995025928507110e-10
1.024062500000000000e+02,8.843021403613784141e-10
1.024218750000000000e+02,8.831523853956039574e-10
1.024375000000000000e+02,8.570376400716530752e-10
1.024531250000000000e+02,8.498390606895788942e-10
1.024687500000000000e+02,8.655326836836426363e-10
1.024843750000000000e+02,8.742955388324587139e-10
1.025000000000000000e+02,8.620247571528569405e-10
1.025156250000000000e+02,8.524371445941438375e-10
1.025312500000000000e+02,8.821052351202237102e-10
1.025468750000000000e+02,9.289394248044104789e-10
1.025625000000000000e+02,9.298771520142069391e-10
1.025781250000000000e+02,8.767946412498419047e-10
1.025937500000000000e+02,8.342868376819977732e-10
1.026093750000000000e+02,8.482498960568075943e-10
1.026250000000000000e+02,8.904417983902709934e-10
1.026406250000000000e+02,9.307498036878724246e-10
1.026562500000000000e+02,9.550240372555223458e-10
1.026718750000000000e+02,9.392093701512803657e-10
1.026875000000000000e+02,8.835366564685026543e-10
1.027031250000000000e+02,8.216755570667027465e-10
1.027187500000000000e+02,7.858937973789773481e-10
1.027343750000000000e+02,7.890078431877333704e-10
1.027500000000000000e+02,8.235798447833850711e-10
1.027656250000000000e+02,8.732774814548726106e-10
1.027812500000000000e+02,9.079875355136068489e-10
1.027968750000000000e+02,8.939140677073696730e-10
1.028125000000000000e+02,8.389863758982077139e-10
1.028281250000000000e+02,7.946021130914342181e-10
1.028437500000000000e+02,7.892792403914808166e-10
1.028593750000000000e+02,8.094775202180272277e-10
1.028750000000000000e+02,8.263152717039624054e-10
1.028906250000000000e+02,8.220557344051583718e-10
1.029062500000000000e+02,8.108631419776951230e-10
1.029218750000000000e+02,8.064962358830189598e-10
1.029375000000000000e+02,8.160475209572007955e-10
1.029531250000000000e+02,8.455770704916153238e-10
1.029687500000000000e+02,8.845050181720896894e-10
1.029843750000000000e+02,9.191623143492155827e-10
1.030000000000000000e+02,9.275051890211062041e-10
1.030156250000000000e+02,8.904780589778773726e-10
1.030312500000000000e+02,8.352688715729202098e-10
1.030468750000000000e+02,8.013165982851478131e-10
1.030625000000000000e+02,7.791100393569997156e-10
1.030781250000000000e+02,7.653741176384404672e-10
1.030937500000000000e+02,7.823062914901513735e-10
1.031093750000000000e+02,8.056870972302752013e-10
1.031250000000000000e+02,7.985251777890225984e-10
1.031406250000000000e+02,7.744683916734908915e-10
1.031562500000000000e+02,7.840211353399887447e-10
1.031718750000000000e+02,8.552398717737922251e-10
1.031875000000000000e+02,9.380824125047611222e-10
1.032031250000000000e+02,9.540028541850674653e-10
1.032187500000000000e+02,8.896829567305968825e-10
1.032343750000000000e+02,8.154303922735379936e-10
1.032500000000000000e+02,7.961363269634369199e-10
1.032656250000000000e+02,8.269427872142379459e-10
1.032812500000000000e+02,8.744247020523690147e-10
1.032968750000000000e+02,8.912979259580213262e-10
1.033125000000000000e+02,8.528914478037869653e-10
1.033281250000000000e+02,7.971405473242976443e-10
1.033437500000000000e+02,7.727458165067184958e-10
1.033593750000000000e+02,7.811943493453937779e-10
1.033750000000000000e+02,8.047388424645690807e-10
1.033906250000000000e+02,8.212214731619487802e-10
1.034062500000000000e+02,8.126141304492174326e-10
1.034218750000000000e+02,8.009833976088454360e-10
1.034375000000000000e+02,8.023619909185263556e-10
1.034531250000000000e+02,7.923719819151441357e-10
1.034687500000000000e+02,7.899766491733286855e-10
1.034843750000000000e+02,8.366198069742212268e-10
1.035000000000000000e+02,9.103275041515838512e-10
1.035156250000000000e+02,9.617786278888461275e-10
1.035312500000000000e+02,9.745692522445819356e-10
1.035468750000000000e+02,9.623527385308985865e-10
1.035625000000000000e+02,9.384174076487732232e-10
1.035781250000000000e+02,9.077481984039575293e-10
1.035937500000000000e+02,8.619206835929470720e-10
1.036093750000000000e+02,8.017834863685709549e-10
1.036250000000000000e+02,7.690599394961295173e-10
1.036406250000000000e+02,7.767325078988242203e-10
1.036562500000000000e+02,7.828835267526410105e-10
1.036718750000000000e+02,7.799052845904134905e-10
1.036875000000000000e+02,7.845364891128625860e-10
1.037031250000000000e+02,7.854788454613982278e-10
1.037187500000000000e+02,7.718998122602150583e-10
1.037343750000000000e+02,7.698404557267522641e-10
1.037500000000000000e+02,8.023580085369784045e-10
1.037656250000000000e+02,8.490070714642304776e-10
1.037812500000000000e+02,8.818094558029296725e-10
1.037968750000000000e+02,8.943873379660960393e-10
1.038125000000000000e+02,8.899996113762192082e-10
1.038281250000000000e+02,8.698386694477628875e-10
1.038437500000000000e+02,8.422262398002322600e-10
1.038593750000000000e+02,8.274165485332592186e-10
1.038750000000000000e+02,8.237358914530845907e-10
1.038906250000000000e+02,8.189051606047692881e-10
1.039062500000000000e+02,8.281161465032321444e-10
1.039218750000000000e+02,8.597535807993294179e-10
1.039375000000000000e+02,8.943367496829371560e-10
1.039531250000000000e+02,9.077899362368693614e-10
1.039687500000000000e+02,8.818334809457917330e-10
1.039843750000000000e+02,8.153866294921316747e-10
1.040000000000000000e+02,7.447889166249483318e-10
1.040156250000000000e+02,7.369373349411078001e-10
1.040312500000000000e+02,7.995023287795728834e-10
1.040468750000000000e+02,8.443518111150252828e-10
1.040625000000000000e+02,8.190496714746526779e-10
1.040781250000000000e+02,7.686981827330607870e-10
1.040937500000000000e+02,7.487945559741105133e-10
1.041093750000000000e+02,7.456915555968023705e-10
1.041250000000000000e+02,7.289633519007336269e-10
1.041406250000000000e+02,7.107981584096757259e-10
1.041562500000000000e+02,7.263009573592898978e-10
1.041718750000000000e+02,7.793111076574466866e-10
1.041875000000000000e+02,8.300925447611300287e-10
1.042031250000000000e+02,8.408957120282585242e-10
1.042187500000000000e+02,8.147390115471079071e-10
1.042343750000000000e+02,7.988799010396315150e-10
1.042500000000000000e+02,8.398595076520295526e-10
1.042656250000000000e+02,8.954303656086239344e-10
1.042812500000000000e+02,8.862969798107548473e-10
1.042968750000000000e+02,8.235251795439233013e-10
1.043125000000000000e+02,7.821675041112576589e-10
1.043281250000000000e+02,7.735896026389062181e-10
1.043437500000000000e+02,7.743021240135454081e-10
1.043593750000000000e+02,8.037949688612460775e-10
1.043750000000000000e+02,8.527159034570934894e-10
1.043906250000000000e+02,8.684450696576118444e-10
1.044062500000000000e+02,8.326944253589609311e-10
1.044218750000000000e+02,7.689468659908007742e-10
1.044375000000000000e+02,7.184834941952324065e-10
1.044531250000000000e+02,7.184356076095574648e-10
1.044687500000000000e+02,7.476696385248424015e-10
1.044843750000000000e+02,7.646612806415169657e-10
1.045000000000000000e+02,7.739944279873389969e-10
1.045156250000000000e+02,7.928490318386445834e-10
1.045312500000000000e+02,8.038273532581588509e-10
1.045468750000000000e+02,7.917458456733045250e-10
1.045625000000000000e+02,7.787383738239522834e-10
1.045781250000000000e+02,7.829283102937289643e-10
1.045937500000000000e+02,7.966793899790752827e-10
1.046093750000000000e+02,8.128412586293134236e-10
1.046250000000000000e+02,8.463669083278206135e-10
1.046406250000000000e+02,9.125526512897167821e-10
1.046562500000000000e+02,9.734514395985785420e-10
1.046718750000000000e+02,9.850394887422842294e-10
1.046875000000000000e+02,9.547993349559543758e-10
1.047031250000000000e+02,9.117015390514002336e-10
1.047187500000000000e+02,8.697665732888915278e-10
1.047343750000000000e+02,8.359020397354172516e-10
1.047500000000000000e+02,8.271312884204221829e-10
1.047656250000000000e+02,8.541178820453568963e-10
1.047812500000000000e+02,8.924956145668869671e-10
1.047968750000000000e+02,8.965503594171547076e-10
1.048125000000000000e+02,8.507520435732315173e-10
1.048281250000000000e+02,7.994733809452932080e-10
1.048437500000000000e+02,7.993924522442721333e-10
1.048593750000000000e+02,8.419744920298406149e-10
1.048750000000000000e+02,8.783683931032262820e-10
1.048906250000000000e+02,8.838025216513968633e-10
1.049062500000000000e+02,8.574246756433414416e-10
1.049218750000000000e+02,8.017054012327935862e-10
1.049375000000000000e+02,7.388425949537595537e-10
1.049531250000000000e+02,7.105936644073776312e-10
1.049687500000000000e+02,7.293894121829335234e-10
1.049843750000000000e+02,7.697492597195625762e-10
1.050000000000000000e+02,8.097154848176475374e-10
1.050156250000000000e+02,8.354333306899878746e-10
1.050312500000000000e+02,8.372629713963868124e-10
1.050468750000000000e+02,8.271535105522310550e-10
1.050625000000000000e+02,8.198372974168272383e-10
1.050781250000000000e+02,8.085734757859867098e-10
1.050937500000000000e+02,7.971058894580707024e-10
1.051093750000000000e+02,8.036650513352794583e-10
1.051250000000000000e+02,8.133202360649339846e-10
1.051406250000000000e+02,7.962004060761390700e-10
1.051562500000000000e+02,7.606145855719611445e-10
1.051718750000000000e+02,7.309675880611950679e-10
1.051875000000000000e+02,7.024363333957256116e-10
1.052031250000000000e+02,6.741265099314350937e-10
1.052187500000000000e+02,6.767733731503841057e-10
1.052343750000000000e+02,7.161791212337739126e-10
1.052500000000000000e+02,7.580014557505763849e-10
1.052656250000000000e+02,7.815166268543206253e-10
1.052812500000000000e+02,8.106264003678737004e-10
1.052968750000000000e+02,8.709745759563902078e-10
1.053125000000000000e+02,9.116083877642767831e-10
1.053281250000000000e+02,8.807302792229194671e-10
1.053437500000000000e+02,8.040296200928209625e-10
1.053593750000000000e+02,7.324226849205877740e-10
1.053750000000000000e+02,6.998357103179613537e-10
1.053906250000000000e+02,7.173334539051201960e-10
1.054062500000000000e+02,7.661637080395632881e-10
1.054218750000000000e+02,8.142624620594314025e-10
1.054375000000000000e+02,8.395764682085412416e-10
1.054531250000000000e+02,8.347867435910024085e-10
1.054687500000000000e+02,8.054302730603210866e-10
1.054843750000000000e+02,7.811903718970196851e-10
1.055000000000000000e+02,7.878052284406977932e-10
1.055156250000000000e+02,8.049012024767873604e-10
1.055312500000000000e+02,8.096866630971389895e-10
1.055468750000000000e+02,8.173019326874474360e-10
1.055625000000000000e+02,8.408024272566284094e-10
1.055781250000000000e+02,8.565512554535731268e-10
1.055937500000000000e+02,8.420759517856052198e-10
1.056093750000000000e+02,8.150218486929520766e-10
1.056250000000000000e+02,8.048785118217719275e-10
1.056406250000000000e+02,8.163517009215753649e-10
1.056562500000000000e+02,8.461596335155063412e-10
1.056718750000000000e+02,8.718322106712074348e-10
1.056875000000000000e+02,8.481018376982821867e-10
1.057031250000000000e+02,7.774444995858515979e-10
1.057187500000000000e+02,7.196391492220654265e-10
1.057343750000000000e+02,6.984366775734148178e-10
1.057500000000000000e+02,7.027691256046888534e-10
1.057656250000000000e+02,7.420847124114138559e-10
1.057812500000000000e+02,7.872746664283014593e-10
1.057968750000000000e+02,8.014977835559797725e-10
1.058125000000000000e+02,8.202644548106933186e-10
1.058281250000000000e+02,8.899654030864438828e-10
1.058437500000000000e+02,9.674090630061284314e-10
1.058593750000000000e+02,9.863380812275913012e-10
1.058750000000000000e+02,9.468538772533786317e-10
1.058906250000000000e+02,8.838861516814032566e-10
1.059062500000000000e+02,8.186324410007503061e-10
1.059218750000000000e+02,7.791536377553141188e-10
1.059375000000000000e+02,7.914004574816951113e-10
1.059531250000000000e+02,8.155309515771624936e-10
1.059687500000000000e+02,7.955374656995090110e-10
1.059843750000000000e+02,7.490368114383450626e-10
1.060000000000000000e+02,7.225483560417618769e-10
1.060156250000000000e+02,7.012225926866417282e-10
1.060312500000000000e+02,6.746488614928163984e-10
1.060468750000000000e+02,7.009214950417469122e-10
1.060625000000000000e+02,7.776117556847053974e-10
1.060781250000000000e+02,8.091957908610140776e-10
1.060937500000000000e+02,7.591417573103232964e-10
1.061093750000000000e+02,6.909748757235021526e-10
1.061250000000000000e+02,6.834072273534453356e-10
1.061406250000000000e+02,7.361712272067630158e-10
1.061562500000000000e+02,8.004184488603918586e-10
1.061718750000000000e+02,8.352790522310363325e-10
1.061875000000000000e+02,8.256358137835206092e-10
1.062031250000000000e+02,8.033653255823974448e-10
1.062187500000000000e+02,8.086991189438221047e-10
1.062343750000000000e+02,8.347319554053249045e-10
1.062500000000000000e+02,8.473683211575468330e-10
1.062656250000000000e+02,8.152581489274688960e-10
1.062812500000000000e+02,7.351035503420902300e-10
1.062968750000000000e+02,6.460092226881246794e-10
1.063125000000000000e+02,5.996334715962306693e-10
1.063281250000000000e+02,6.138081529396100618e-10
1.063437500000000000e+02,6.747937884961981904e-10
1.063593750000000000e+02,7.533808438588594481e-10
1.063750000000000000e+02,8.083482372615652525e-10
1.063906250000000000e+02,8.028645611149503396e-10
1.064062500000000000e+02,7.488724819326219961e-10
1.064218750000000000e+02,7.093711359325510064e-10
1.064375000000000000e+02,7.236592337133803885e-10
1.064531250000000000e+02,7.687691735891479974e-10
1.064687500000000000e+02,7.851315522458088407e-10
1.064843750000000000e+02,7.462855590898723892e-10
1.065000000000000000e+02,7.081146025350533574e-10
1.065156250000000000e+02,7.336140048267495722e-10
1.065312500000000000e+02,7.958834657748665820e-10
1.065468750000000000e+02,8.331294414866495121e-10
1.065625000000000000e+02,8.306970152174374267e-10
1.065781250000000000e+02,8.081687087807567194e-10
1.065937500000000000e+02,7.797978213676028774e-10
1.066093750000000000e+02,7.601299025387188462e-10
1.066250000000000000e+02,7.599406002423865108e-10
1.066406250000000000e+02,7.630223560354080948e-10
1.066562500000000000e+02,7.480996842583436325e-10
1.066718750000000000e+02,7.256961654044809426e-10
1.066875000000000000e+02,7.135364143236311157e-10
1.067031250000000000e+02,7.118315809707929382e-10
1.067187500000000000e+02,7.235341694238999792e-10
1.067343750000000000e+02,7.395532247817423873e-10
1.067500000000000000e+02,7.358951730378911133e-10
1.067656250000000000e+02,7.077689357685917602e-10
1.067812500000000000e+02,6.805200676269639357e-10
1.067968750000000000e+02,6.818427296611720936e-10
1.068125000000000000e+02,7.011121563400290312e-10
1.068281250000000000e+02,7.042758157602866629e-10
1.068437500000000000e+02,6.818222251238519073e-10
1.068593750000000000e+02,6.530170321942047177e-10
1.068750000000000000e+02,6.514048961394882710e-10
1.068906250000000000e+02,6.943895247687111722e-10
1.069062500000000000e+02,7.573299223468685260e-10
1.069218750000000000e+02,8.023741984645870224e-10
1.069375000000000000e+02,8.113793239821748697e-10
1.069531250000000000e+02,7.922851472804861229e-10
1.069687500000000000e+02,7.633533501101799286e-10
1.069843750000000000e+02,7.336166330672599269e-10
1.070000000000000000e+02,7.002189301620097104e-10
1.070156250000000000e+02,6.820937651884346280e-10
1.070312500000000000e+02,7.187342670324761677e-10
1.070468750000000000e+02,7.905672426480474011e-10
1.070625000000000000e+02,8.404986315393369432e-10
1.070781250000000000e+02,8.460598722404638865e-10
1.070937500000000000e+02,8.214028990707581943e-10
1.071093750000000000e+02,7.855189402299018498e-10
1.071250000000000000e+02,7.474602244795199581e-10
1.071406250000000000e+02,7.303532433106645924e-10
1.071562500000000000e+02,7.549042343130153286e-10
1.071718750000000000e+02,7.883210637719620911e-10
1.071875000000000000e+02,7.737245550511055098e-10
1.072031250000000000e+02,7.028185154388335434e-10
1.072187500000000000e+02,6.331378879501567519e-10
1.072343750000000000e+02,6.113407350555541188e-10
1.072500000000000000e+02,6.180206901479791733e-10
1.072656250000000000e+02,6.394160913760628273e-10
1.072812500000000000e+02,6.786930450747450525e-10
1.072968750000000000e+02,7.182012425748086269e-10
1.073125000000000000e+02,7.510109226680626269e-10
1.073281250000000000e+02,7.758571626249091032e-10
1.073437500000000000e+02,7.759649506558798855e-10
1.073593750000000000e+02,7.552907645880332222e-10
1.073750000000000000e+02,7.486634664183964843e-10
1.073906250000000000e+02,7.638974046314805306e-10
1.074062500000000000e+02,7.819356487352585755e-10
1.074218750000000000e+02,8.046431246106530010e-10
1.074375000000000000e+02,8.129693097380706360e-10
1.074531250000000000e+02,7.772216568351641512e-10
1.074687500000000000e+02,7.323142491604513183e-10
1.074843750000000000e+02,7.332074480775403444e-10
1.075000000000000000e+02,7.667640118500889327e-10
1.075156250000000000e+02,7.864712765404321581e-10
1.075312500000000000e+02,7.740277643086926279e-10
1.075468750000000000e+02,7.523974109865957377e-10
1.075625000000000000e+02,7.562594590546447522e-10
1.075781250000000000e+02,7.910606624373996540e-10
1.075937500000000000e+02,8.313927778645391956e-10
1.076093750000000000e+02,8.460635329242766954e-10
1.076250000000000000e+02,8.294123970726245345e-10
1.076406250000000000e+02,8.022688439578467118e-10
1.076562500000000000e+02,7.697902775577837684e-10
1.076718750000000000e+02,7.296443336161917189e-10
1.076875000000000000e+02,7.035909001642237080e-10
1.077031250000000000e+02,7.013673406033520203e-10
1.077187500000000000e+02,7.099178693417107347e-10
1.077343750000000000e+02,7.246224154461719481e-10
1.077500000000000000e+02,7.294512878555352510e-10
1.077656250000000000e+02,7.192384801114307838e-10
1.077812500000000000e+02,7.105708147365790287e-10
1.077968750000000000e+02,6.957173083381260757e-10
1.078125000000000000e+02,6.821259893409135769e-10
1.078281250000000000e+02,7.139886092134881813e-10
1.078437500000000000e+02,7.834976468512358846e-10
1.078593750000000000e+02,8.249228873203270354e-10
1.078750000000000000e+02,8.066583067458082973e-10
1.078906250000000000e+02,7.570160522365100745e-10
1.079062500000000000e+02,7.293192553362158427e-10
1.079218750000000000e+02,7.632667939864909406e-10
1.079375000000000000e+02,8.410559369911323803e-10
1.079531250000000000e+02,8.947074770950362437e-10
1.079687500000000000e+02,8.924025146396765838e-10
1.079843750000000000e+02,8.556534991948718327e-10
1.080000000000000000e+02,8.064117181265867904e-10
1.080156250000000000e+02,7.668740191971231731e-10
1.080312500000000000e+02,7.594857107256616127e-10
1.080468750000000000e+02,7.702817065870306848e-10
1.080625000000000000e+02,7.640486016342610791e-10
1.080781250000000000e+02,7.255979093690366090e-10
1.080937500000000000e+02,6.871226365478919687e-10
1.081093750000000000e+02,6.964392941637992814e-10
1.081250000000000000e+02,7.333317870657611366e-10
1.081406250000000000e+02,7.343321222158388312e-10
1.081562500000000000e+02,6.920013761930527437e-10
1.081718750000000000e+02,6.902064848273288329e-10
1.081875000000000000e+02,7.836655390103088257e-10
1.082031250000000000e+02,9.017566726568028493e-10
1.082187500000000000e+02,9.726960818632699001e-10
1.082343750000000000e+02,9.839656751953311861e-10
1.082500000000000000e+02,9.525804048720792867e-10
1.082656250000000000e+02,8.982794045729904052e-10
1.082812500000000000e+02,8.388144385085936145e-10
1.082968750000000000e+02,7.856069854474690906e-10
1.083125000000000000e+02,7.433772653316205210e-10
1.083281250000000000e+02,7.189267412200346102e-10
1.083437500000000000e+02,7.248697809161072353e-10
1.083593750000000000e+02,7.580574420940488078e-10
1.083750000000000000e+02,7.729335347441506247e-10
1.083906250000000000e+02,7.454935768758303342e-10
1.084062500000000000e+02,7.320038723838965044e-10
1.084218750000000000e+02,7.784538569295792527e-10
1.084375000000000000e+02,8.301840814078097030e-10
1.084531250000000000e+02,8.269775973080686325e-10
1.084687500000000000e+02,7.832848840633444674e-10
1.084843750000000000e+02,7.500166270745148173e-10
1.085000000000000000e+02,7.379903776570814212e-10
1.085156250000000000e+02,7.249219307234911756e-10
1.085312500000000000e+02,7.109891728543776444e-10
1.085468750000000000e+02,7.117706201963430902e-10
1.085625000000000000e+02,7.235457769494868041e-10
1.085781250000000000e+02,7.375298213602395397e-10
1.085937500000000000e+02,7.541406052004262242e-10
1.086093750000000000e+02,7.608659237553741337e-10
1.086250000000000000e+02,7.519882738548268344e-10
1.086406250000000000e+02,7.492308806708061482e-10
1.086562500000000000e+02,7.628324087229107075e-10
1.086718750000000000e+02,7.764421450217571250e-10
1.086875000000000000e+02,7.630411453445555873e-10
1.087031250000000000e+02,7.252530947187620938e-10
1.087187500000000000e+02,7.117890036602997203e-10
1.087343750000000000e+02,7.348002380871743224e-10
1.087500000000000000e+02,7.522492438918705012e-10
1.087656250000000000e+02,7.452594257458268738e-10
1.087812500000000000e+02,7.175018370868350923e-10
1.087968750000000000e+02,6.721194992882671214e-10
1.088125000000000000e+02,6.416302427628836658e-10
1.088281250000000000e+02,6.659429557228042838e-10
1.088437500000000000e+02,7.137722178063531753e-10
1.088593750000000000e+02,7.349245361504881044e-10
1.088750000000000000e+02,7.274195603437224554e-10
1.088906250000000000e+02,7.144464405337848309e-10
1.089062500000000000e+02,7.058381218150007496e-10
1.089218750000000000e+02,6.819174134471207269e-10
1.089375000000000000e+02,6.403484634988523248e-10
1.089531250000000000e+02,6.294254096385263031e-10
1.089687500000000000e+02,6.574234125997294880e-10
1.089843750000000000e+02,6.706627214181647195e-10
1.090000000000000000e+02,6.637506286191539259e-10
1.090156250000000000e+02,6.800643924980123894e-10
1.090312500000000000e+02,7.217032625095306773e-10
1.090468750000000000e+02,7.440942183186629085e-10
1.090625000000000000e+02,7.273352620942309266e-10
1.090781250000000000e+02,6.923110165585458277e-10
1.090937500000000000e+02,6.670462692248953879e-10
1.091093750000000000e+02,6.586738290729396673e-10
1.091250000000000000e+02,6.605595867295548937e-10
1.091406250000000000e+02,6.838418204869946543e-10
1.091562500000000000e+02,7.402904925608353150e-10
1.091718750000000000e+02,8.040975162847488430e-10
1.091875000000000000e+02,8.376318642805880619e-10
1.092031250000000000e+02,8.233102274815238389e-10
1.092187500000000000e+02,7.702947371943149858e-10
1.092343750000000000e+02,7.122451379508574783e-10
1.092500000000000000e+02,6.719121192751730027e-10
1.092656250000000000e+02,6.406329098455072977e-10
1.092812500000000000e+02,6.327788483600079424e-10
1.092968750000000000e+02,6.720838717977721051e-10
1.093125000000000000e+02,7.221276132367972042e-10
1.093281250000000000e+02,7.326078924450626823e-10
1.093437500000000000e+02,7.092137661188202965e-10
1.093593750000000000e+02,7.007994659328112610e-10
1.093750000000000000e+02,7.122444310752938499e-10
1.093906250000000000e+02,6.963388104754190270e-10
1.094062500000000000e+02,6.419550883843926728e-10
1.094218750000000000e+02,6.142136727909241404e-10
1.094375000000000000e+02,6.716853055055654039e-10
1.094531250000000000e+02,7.505478918405603749e-10
1.094687500000000000e+02,7.781217895524079271e-10
1.094843750000000000e+02,7.676731430097012343e-10
1.095000000000000000e+02,7.668390029326646398e-10
1.095156250000000000e+02,7.900349740057024797e-10
1.095312500000000000e+02,8.278121513388898642e-10
1.095468750000000000e+02,8.718367360451524168e-10
1.095625000000000000e+02,9.033293194995934617e-10
1.095781250000000000e+02,8.962330323573545963e-10
1.095937500000000000e+02,8.394886232685607820e-10
1.096093750000000000e+02,7.560106532261356610e-10
1.096250000000000000e+02,7.065045906991574199e-10
1.096406250000000000e+02,7.131157007133430744e-10
1.096562500000000000e+02,7.259942281307007694e-10
1.096718750000000000e+02,7.191922730280935226e-10
1.096875000000000000e+02,7.190186912870256394e-10
1.097031250000000000e+02,7.338937913748278046e-10
1.097187500000000000e+02,7.386439810642651470e-10
1.097343750000000000e+02,7.460804602214857299e-10
1.097500000000000000e+02,7.783449924819239133e-10
1.097656250000000000e+02,8.004461489924240910e-10
1.097812500000000000e+02,7.838610277414475035e-10
1.097968750000000000e+02,7.396900838908038651e-10
1.098125000000000000e+02,6.909491732171735137e-10
1.098281250000000000e+02,6.653712484853471342e-10
1.098437500000000000e+02,6.768748699726250179e-10
1.098593750000000000e+02,7.199450700048409098e-10
1.098750000000000000e+02,7.659264098728393796e-10
1.098906250000000000e+02,7.774001738099724527e-10
1.099062500000000000e+02,7.660698666871800718e-10
1.099218750000000000e+02,7.659741463291169626e-10
1.099375000000000000e+02,7.617942973179505522e-10
1.099531250000000000e+02,7.303925370585939672e-10
1.099687500000000000e+02,7.012386163560787413e-10
1.099843750000000000e+02,7.079102335980573861e-10
1.100000000000000000e+02,7.300110257584726757e-10
1.100156250000000000e+02,7.364258314205834858e-10
1.100312500000000000e+02,7.249113333316226994e-10
1.100468750000000000e+02,7.171760786923304462e-10
1.100625000000000000e+02,7.283925983383961944e-10
1.100781250000000000e+02,7.472343391977370779e-10
1.100937500000000000e+02,7.555795472738497418e-10
1.101093750000000000e+02,7.459013133594434311e-10
1.101250000000000000e+02,7.322351138937592549e-10
1.101406250000000000e+02,7.325512616877016154e-10
1.101562500000000000e+02,7.365137220050541653e-10
1.101718750000000000e+02,7.338019765552468913e-10
1.101875000000000000e+02,7.453518362277815170e-10
1.102031250000000000e+02,7.748898481948179544e-10
1.102187500000000000e+02,7.938035890147023200e-10
1.102343750000000000e+02,7.891448668373741977e-10
1.102500000000000000e+02,7.660706128362299056e-10
1.102656250000000000e+02,7.362745172386148501e-10
1.102812500000000000e+02,7.101761705161442841e-10
1.102968750000000000e+02,6.882334811481734294e-10
1.103125000000000000e+02,6.676340945575159045e-10
1.103281250000000000e+02,6.562762697363367611e-10
1.103437500000000000e+02,6.705488843240583214e-10
1.103593750000000000e+02,7.005299635671335568e-10
1.103750000000000000e+02,7.116388658233768694e-10
1.103906250000000000e+02,6.885474811115976794e-10
1.104062500000000000e+02,6.526306813643807354e-10
1.104218750000000000e+02,6.493012842464217712e-10
1.104375000000000000e+02,6.902249865396393368e-10
1.104531250000000000e+02,7.309079723448565136e-10
1.104687500000000000e+02,7.521691425484946572e-10
1.104843750000000000e+02,7.812114562952827442e-10
1.105000000000000000e+02,8.226945414968557371e-10
1.105156250000000000e+02,8.289037889356015965e-10
1.105312500000000000e+02,7.654267342067336334e-10
1.105468750000000000e+02,6.662626251883221857e-10
1.105625000000000000e+02,6.024006197030382096e-10
1.105781250000000000e+02,6.118098255583858176e-10
1.105937500000000000e+02,6.744190535175970741e-10
1.106093750000000000e+02,7.327477416089741775e-10
1.106250000000000000e+02,7.428573880146051390e-10
1.106406250000000000e+02,7.144006159802425098e-10
1.106562500000000000e+02,6.866901364920755391e-10
1.106718750000000000e+02,6.824009225340364818e-10
1.106875000000000000e+02,6.918119910357077640e-10
1.107031250000000000e+02,6.833710280111657364e-10
1.107187500000000000e+02,6.442093363213354427e-10
1.107343750000000000e+02,6.002813700413857295e-10
1.107500000000000000e+02,6.004210922825564863e-10
1.107656250000000000e+02,6.574727064260595406e-10
1.107812500000000000e+02,7.150911752794937008e-10
1.107968750000000000e+02,7.252694836037911941e-10
1.108125000000000000e+02,6.958751711474353439e-10
1.108281250000000000e+02,6.661114923384194371e-10
1.108437500000000000e+02,6.651432242797895931e-10
1.108593750000000000e+02,6.836051361655018465e-10
1.108750000000000000e+02,7.024392054821530128e-10
1.108906250000000000e+02,7.276982661563698601e-10
1.109062500000000000e+02,7.638116432096011262e-10
1.109218750000000000e+02,7.830731306122473988e-10
1.109375000000000000e+02,7.503282472080294727e-10
1.109531250000000000e+02,6.644483666821337850e-10
1.109687500000000000e+02,5.779340879792456467e-10
1.109843750000000000e+02,5.727318051931082326e-10
1.110000000000000000e+02,6.432571490459662061e-10
1.110156250000000000e+02,6.970945650243622126e-10
1.110312500000000000e+02,7.036030928650181610e-10
1.110468750000000000e+02,7.000016223348884449e-10
1.110625000000000000e+02,6.889685068131883907e-10
1.110781250000000000e+02,6.466007880154215784e-10
1.110937500000000000e+02,6.087803536368656700e-10
1.111093750000000000e+02,6.272903326930095622e-10
1.111250000000000000e+02,6.594240752530133942e-10
1.111406250000000000e+02,6.519821346133337555e-10
1.111562500000000000e+02,6.210844030227002960e-10
1.111718750000000000e+02,6.017488039404289572e-10
1.111875000000000000e+02,6.194929817549078583e-10
1.112031250000000000e+02,6.715074596329550922e-10
1.112187500000000000e+02,7.235205423240723186e-10
1.112343750000000000e+02,7.545441454154343192e-10
1.112500000000000000e+02,7.637020457301922070e-10
1.112656250000000000e+02,7.563496255167799124e-10
1.112812500000000000e+02,7.398734351309639381e-10
1.112968750000000000e+02,7.230174890676086697e-10
1.113125000000000000e+02,7.076485435921693717e-10
1.113281250000000000e+02,6.841015323856051582e-10
1.113437500000000000e+02,6.501407452280713762e-10
1.113593750000000000e+02,6.250808565204495347e-10
1.113750000000000000e+02,6.299857379473649167e-10
1.113906250000000000e+02,6.550920904320921275e-10
1.114062500000000000e+02,6.841533135341705474e-10
1.114218750000000000e+02,7.307069243380729146e-10
1.114375000000000000e+02,7.912555968227469055e-10
1.114531250000000000e+02,8.271271172410731825e-10
1.114687500000000000e+02,8.223139580159807147e-10
1.114843750000000000e+02,8.007258138579389782e-10
1.115000000000000000e+02,7.976975924400755454e-10
1.115156250000000000e+02,8.075323029909155345e-10
1.115312500000000000e+02,7.964183706897568618e-10
1.115468750000000000e+02,7.610581822947966276e-10
1.115625000000000000e+02,7.123470397759044402e-10
1.115781250000000000e+02,6.571654854960149916e-10
1.115937500000000000e+02,6.237644034490284962e-10
1.116093750000000000e+02,6.350855577122914957e-10
1.116250000000000000e+02,6.751143925760024222e-10
1.116406250000000000e+02,7.137838683753355549e-10
1.116562500000000000e+02,7.262969061271628627e-10
1.116718750000000000e+02,7.041625394787182426e-10
1.116875000000000000e+02,6.617634857203774427e-10
1.117031250000000000e+02,6.378726639115207581e-10
1.117187500000000000e+02,6.651201502046618759e-10
1.117343750000000000e+02,7.176517016930299773e-10
1.117500000000000000e+02,7.511250658124923757e-10
1.117656250000000000e+02,7.549074523331565397e-10
1.117812500000000000e+02,7.338274957290856214e-10
1.117968750000000000e+02,7.024903831069064673e-10
1.118125000000000000e+02,6.894485236875954238e-10
1.118281250000000000e+02,7.086091425335869988e-10
1.118437500000000000e+02,7.464835389206955043e-10
1.118593750000000000e+02,7.700748972463181394e-10
1.118750000000000000e+02,7.593865583697120885e-10
1.118906250000000000e+02,7.325372926036891792e-10
1.119062500000000000e+02,7.142922844380113886e-10
1.119218750000000000e+02,7.056354030240766118e-10
1.119375000000000000e+02,7.025572971175212061e-10
1.119531250000000000e+02,7.124303728577467687e-10
1.119687500000000000e+02,7.287839868447013866e-10
1.119843750000000000e+02,7.233926888986118168e-10
1.120000000000000000e+02,6.874876975975281109e-10
1.120156250000000000e+02,6.390311187963179367e-10
1.120312500000000000e+02,6.013981023681533934e-10
1.120468750000000000e+02,5.996862229191396538e-10
1.120625000000000000e+02,6.277515322138426376e-10
1.120781250000000000e+02,6.520755726146887586e-10
1.120937500000000000e+02,6.691656296304926806e-10
1.121093750000000000e+02,6.924154318742585930e-10
1.121250000000000000e+02,7.049914694308703692e-10
1.121406250000000000e+02,6.967019828743842969e-10
1.121562500000000000e+02,6.970731580052047016e-10
1.121718750000000000e+02,7.047911299400273082e-10
1.121875000000000000e+02,6.902064854660298288e-10
1.122031250000000000e+02,6.656174789671221781e-10
1.122187500000000000e+02,6.611999558179385834e-10
1.122343750000000000e+02,6.665696845155737177e-10
1.122500000000000000e+02,6.507353579508632895e-10
1.122656250000000000e+02,6.312524478106632521e-10
1.122812500000000000e+02,6.479903456056009907e-10
1.122968750000000000e+02,6.844884628328868506e-10
1.123125000000000000e+02,7.010773712186570638e-10
1.123281250000000000e+02,6.904324973726862260e-10
1.123437500000000000e+02,6.575588508692728327e-10
1.123593750000000000e+02,6.098483200352984647e-10
1.123750000000000000e+02,5.732490852446372376e-10
1.123906250000000000e+02,5.592010986966960172e-10
1.124062500000000000e+02,5.557243010054085101e-10
1.124218750000000000e+02,5.741075766579902195e-10
1.124375000000000000e+02,6.286268825506278462e-10
1.124531250000000000e+02,6.922595862123209289e-10
1.124687500000000000e+02,7.340978023921944408e-10
1.124843750000000000e+02,7.524088052111567128e-10
1.125000000000000000e+02,7.607520861449383919e-10
1.125156250000000000e+02,7.684704694944252031e-10
1.125312500000000000e+02,7.792472835209561648e-10
1.125468750000000000e+02,7.810482716123875508e-10
1.125625000000000000e+02,7.617154853849463652e-10
1.125781250000000000e+02,7.475324446838537787e-10
1.125937500000000000e+02,7.683550866797840490e-10
1.126093750000000000e+02,8.045549850034265490e-10
1.126250000000000000e+02,8.133107500634844452e-10
1.126406250000000000e+02,7.806767794092852651e-10
1.126562500000000000e+02,7.252313487841564823e-10
1.126718750000000000e+02,6.672141473855014873e-10
1.126875000000000000e+02,6.179477441472943577e-10
1.127031250000000000e+02,5.879106180388430285e-10
1.127187500000000000e+02,5.812547246803056435e-10
1.127343750000000000e+02,5.876363072423254751e-10
1.127500000000000000e+02,5.987206159808869273e-10
1.127656250000000000e+02,6.226495139444002090e-10
1.127812500000000000e+02,6.566119702501527115e-10
1.127968750000000000e+02,6.755647550180962072e-10
1.128125000000000000e+02,6.636628420370134225e-10
1.128281250000000000e+02,6.391636588604459633e-10
1.128437500000000000e+02,6.410695717935848082e-10
1.128593750000000000e+02,6.711718217820356330e-10
1.128750000000000000e+02,6.907287528616173361e-10
1.128906250000000000e+02,6.811395899546853097e-10
1.129062500000000000e+02,6.646747011845052562e-10
1.129218750000000000e+02,6.707391783170758862e-10
1.129375000000000000e+02,6.947381310171555290e-10
1.129531250000000000e+02,7.044658386614601851e-10
1.129687500000000000e+02,6.898428839031343102e-10
1.129843750000000000e+02,6.802027833207667845e-10
1.130000000000000000e+02,6.897459606371095169e-10
1.130156250000000000e+02,6.997875781009066309e-10
1.130312500000000000e+02,6.866562345098429238e-10
1.130468750000000000e+02,6.472479602754804307e-10
1.130625000000000000e+02,6.311775780708982410e-10
1.130781250000000000e+02,6.732476924209015106e-10
1.130937500000000000e+02,7.247590353524258110e-10
1.131093750000000000e+02,7.365033844579080891e-10
1.131250000000000000e+02,6.922144367686487776e-10
1.131406250000000000e+02,6.044995532627592210e-10
1.131562500000000000e+02,5.467433398317200365e-10
1.131718750000000000e+02,5.701649872163960206e-10
1.131875000000000000e+02,6.184443171528513610e-10
1.132031250000000000e+02,6.465435735292137532e-10
1.132187500000000000e+02,6.507610736792305479e-10
1.132343750000000000e+02,6.404010113682618188e-10
1.132500000000000000e+02,6.419295775201792829e-10
1.132656250000000000e+02,6.668472277627286234e-10
1.132812500000000000e+02,6.808158771022359556e-10
1.132968750000000000e+02,6.624851828352810652e-10
1.133125000000000000e+02,6.345474077388115163e-10
1.133281250000000000e+02,6.182887709935618332e-10
1.133437500000000000e+02,6.182627172707107568e-10
1.133593750000000000e+02,6.357447370671118589e-10
1.133750000000000000e+02,6.621957949809996944e-10
1.133906250000000000e+02,6.809814918495200967e-10
1.134062500000000000e+02,6.853345015569426522e-10
1.134218750000000000e+02,6.825685755339937981e-10
1.134375000000000000e+02,6.927900182621060745e-10
1.134531250000000000e+02,7.247717022899791065e-10
1.134687500000000000e+02,7.539770100962266797e-10
1.134843750000000000e+02,7.558150478721433824e-10
1.135000000000000000e+02,7.331955676568921375e-10
1.135156250000000000e+02,7.054604609322356975e-10
1.135312500000000000e+02,6.981764932486409517e-10
1.135468750000000000e+02,7.040265910606402496e-10
1.135625000000000000e+02,6.770876413994530270e-10
1.135781250000000000e+02,6.149768061444256930e-10
1.135937500000000000e+02,5.769821584496143573e-10
1.136093750000000000e+02,5.958648107492762988e-10
1.136250000000000000e+02,6.404795577444570882e-10
1.136406250000000000e+02,6.776574022378384162e-10
1.136562500000000000e+02,6.997860303362255676e-10
1.136718750000000000e+02,7.097372306614743511e-10
1.136875000000000000e+02,7.073300533830754326e-10
1.137031250000000000e+02,6.919847191803718133e-10
1.137187500000000000e+02,6.566455336460420965e-10
1.137343750000000000e+02,6.040622412853505060e-10
1.137500000000000000e+02,5.786279305254872446e-10
1.137656250000000000e+02,6.119657964763132771e-10
1.137812500000000000e+02,6.497370355949631985e-10
1.137968750000000000e+02,6.380682515435718700e-10
1.138125000000000000e+02,6.094508571080780455e-10
1.138281250000000000e+02,6.218211035265897968e-10
1.138437500000000000e+02,6.499408065377498514e-10
1.138593750000000000e+02,6.524256252890846741e-10
1.138750000000000000e+02,6.478930454970438779e-10
1.138906250000000000e+02,6.497620689523006422e-10
1.139062500000000000e+02,6.443438348217881684e-10
1.139218750000000000e+02,6.457594171067709427e-10
1.139375000000000000e+02,6.594415189277004377e-10
1.139531250000000000e+02,6.545177145177341458e-10
1.139687500000000000e+02,6.304527149772003447e-10
1.139843750000000000e+02,6.115406691185041505e-10
1.140000000000000000e+02,5.848195016186876123e-10
1.140156250000000000e+02,5.496620514198520827e-10
1.140312500000000000e+02,5.563387341552196868e-10
1.140468750000000000e+02,6.019220828713621650e-10
1.140625000000000000e+02,6.421425145437139938e-10
1.140781250000000000e+02,6.781435418238512032e-10
1.140937500000000000e+02,7.100071647352304437e-10
1.141093750000000000e+02,7.154445693759161659e-10
1.141250000000000000e+02,6.949886297240739443e-10
1.141406250000000000e+02,6.662687053724351101e-10
1.141562500000000000e+02,6.354158995935072134e-10
1.141718750000000000e+02,6.201413089700043532e-10
1.141875000000000000e+02,6.560967466294271221e-10
1.142031250000000000e+02,7.240818389072559190e-10
1.142187500000000000e+02,7.617215896034451499e-10
1.142343750000000000e+02,7.476165695140986727e-10
1.142500000000000000e+02,7.170908498778855121e-10
1.142656250000000000e+02,7.144787203779305327e-10
1.142812500000000000e+02,7.378733781513132855e-10
1.142968750000000000e+02,7.496821067454099352e-10
1.143125000000000000e+02,7.351169248436721626e-10
1.143281250000000000e+02,7.131173058362394846e-10
1.143437500000000000e+02,6.864537578690461969e-10
1.143593750000000000e+02,6.421827031658277042e-10
1.143750000000000000e+02,6.115780322961150181e-10
1.143906250000000000e+02,6.306743401308475163e-10
1.144062500000000000e+02,6.570018278403134045e-10
1.144218750000000000e+02,6.477584925010441086e-10
1.144375000000000000e+02,6.215296637817698355e-10
1.144531250000000000e+02,6.085894736916646612e-10
1.144687500000000000e+02,6.170653486647533574e-10
1.144843750000000000e+02,6.373324067169531258e-10
1.145000000000000000e+02,6.492267121338072743e-10
1.145156250000000000e+02,6.620162719698138775e-10
1.145312500000000000e+02,7.066351095975009289e-10
1.145468750000000000e+02,7.634225044179531508e-10
1.145625000000000000e+02,7.864783565466166802e-10
1.145781250000000000e+02,7.686499210404400614e-10
1.145937500000000000e+02,7.397771639332125533e-10
1.146093750000000000e+02,7.309138648836964036e-10
1.146250000000000000e+02,7.400613145707962376e-10
1.146406250000000000e+02,7.469275324772364483e-10
1.146562500000000000e+02,7.449180847220125111e-10
1.146718750000000000e+02,7.314760044890997833e-10
1.146875000000000000e+02,7.000387605434714678e-10
1.147031250000000000e+02,6.572308677260655678e-10
1.147187500000000000e+02,6.280519003892470046e-10
1.147343750000000000e+02,6.210776303934081117e-10
1.147500000000000000e+02,6.171232794066504903e-10
1.147656250000000000e+02,6.174492228066612611e-10
1.147812500000000000e+02,6.270990961387821721e-10
1.147968750000000000e+02,6.356310547631406071e-10
1.148125000000000000e+02,6.552874843803021170e-10
1.148281250000000000e+02,6.936730948060792705e-10
1.148437500000000000e+02,7.133229260464696831e-10
1.148593750000000000e+02,6.916312548090186025e-10
1.148750000000000000e+02,6.648273307195849553e-10
1.148906250000000000e+02,6.714649568094002282e-10
1.149062500000000000e+02,6.962219949118006221e-10
1.149218750000000000e+02,7.086778084866939991e-10
1.149375000000000000e+02,6.981396943457542293e-10
1.149531250000000000e+02,6.768241899215958897e-10
1.149687500000000000e+02,6.686842904631636471e-10
1.149843750000000000e+02,6.719493977135844397e-10
1.150000000000000000e+02,6.686853128915757717e-10
1.150156250000000000e+02,6.658899438428532424e-10
1.150312500000000000e+02,6.726246028818488824e-10
1.150468750000000000e+02,6.682591096210662781e-10
1.150625000000000000e+02,6.446599570335109682e-10
1.150781250000000000e+02,6.353020803037473689e-10
1.150937500000000000e+02,6.562300361090262433e-10
1.151093750000000000e+02,6.738088947888128404e-10
1.151250000000000000e+02,6.661367642866825564e-10
1.151406250000000000e+02,6.525940897129344528e-10
1.151562500000000000e+02,6.474323399487344353e-10
1.151718750000000000e+02,6.293388210291889091e-10
1.151875000000000000e+02,5.951107288024151165e-10
1.152031250000000000e+02,5.876889506988175262e-10
1.152187500000000000e+02,6.279479128610330536e-10
1.152343750000000000e+02,6.825850550791746395e-10
1.152500000000000000e+02,7.172946584922337787e-10
1.152656250000000000e+02,7.277703283505068177e-10
1.152812500000000000e+02,7.233493181593541436e-10
1.152968750000000000e+02,6.989672338505659551e-10
1.153125000000000000e+02,6.482626165108323185e-10
1.153281250000000000e+02,5.903398930798252136e-10
1.153437500000000000e+02,5.574928967973380267e-10
1.153593750000000000e+02,5.547912874834294021e-10
1.153750000000000000e+02,5.622309861655428487e-10
1.153906250000000000e+02,5.755904786796798895e-10
1.154062500000000000e+02,6.011244031922847279e-10
1.154218750000000000e+02,6.262795252298377021e-10
1.154375000000000000e+02,6.310842881195105899e-10
1.154531250000000000e+02,6.189752912075103738e-10
1.154687500000000000e+02,6.111558485332109821e-10
1.154843750000000000e+02,6.086850124534322715e-10
1.155000000000000000e+02,6.007701185638958612e-10
1.155156250000000000e+02,5.992381676130373799e-10
1.155312500000000000e+02,6.124914634292523968e-10
1.155468750000000000e+02,6.284763509839123752e-10
1.155625000000000000e+02,6.443917963549156584e-10
1.155781250000000000e+02,6.619672035357623080e-10
1.155937500000000000e+02,6.764437416398034728e-10
1.156093750000000000e+02,6.726894988451625240e-10
1.156250000000000000e+02,6.407469685338959119e-10
1.156406250000000000e+02,6.140127115058692852e-10
1.156562500000000000e+02,6.253965372175433226e-10
1.156718750000000000e+02,6.471716443999086277e-10
1.156875000000000000e+02,6.520501188437614125e-10
1.157031250000000000e+02,6.580419291307782940e-10
1.157187500000000000e+02,6.859623964240825130e-10
1.157343750000000000e+02,7.191015198385928437e-10
1.157500000000000000e+02,7.307439428135042821e-10
1.157656250000000000e+02,7.201309109379076240e-10
1.157812500000000000e+02,6.908234272206706358e-10
1.157968750000000000e+02,6.394708364197445373e-10
1.158125000000000000e+02,5.923857968452377445e-10
1.158281250000000000e+02,5.857818514818724449e-10
1.158437500000000000e+02,6.131271808820072622e-10
1.158593750000000000e+02,6.385253757098010373e-10
1.158750000000000000e+02,6.468649848679279537e-10
1.158906250000000000e+02,6.555863956025495595e-10
1.159062500000000000e+02,6.631457900772618666e-10
1.159218750000000000e+02,6.419920446420762434e-10
1.159375000000000000e+02,6.056588569943498507e-10
1.159531250000000000e+02,6.007580206793896703e-10
1.159687500000000000e+02,6.177005987854427781e-10
1.159843750000000000e+02,6.181207001609236945e-10
1.160000000000000000e+02,6.080929940219354600e-10
1.160156250000000000e+02,5.980335973583455277e-10
1.160312500000000000e+02,5.763918473523382534e-10
1.160468750000000000e+02,5.531662736264963870e-10
1.160625000000000000e+02,5.572582526214070750e-10
1.160781250000000000e+02,5.860176474875344125e-10
1.160937500000000000e+02,6.153135038410446042e-10
1.161093750000000000e+02,6.415402141940341565e-10
1.161250000000000000e+02,6.650325641377493890e-10
1.161406250000000000e+02,6.721005539799663392e-10
1.161562500000000000e+02,6.594190653240436162e-10
1.161718750000000000e+02,6.362467693438389111e-10
1.161875000000000000e+02,6.085946689561402368e-10
1.162031250000000000e+02,5.852627032550498392e-10
1.162187500000000000e+02,5.919191556838656970e-10
1.162343750000000000e+02,6.278910339773292591e-10
1.162500000000000000e+02,6.584484976246710207e-10
1.162656250000000000e+02,6.747141845856467952e-10
1.162812500000000000e+02,6.753660438302347572e-10
1.162968750000000000e+02,6.528550712166281200e-10
1.163125000000000000e+02,6.270303255666788505e-10
1.163281250000000000e+02,6.194878916950526254e-10
1.163437500000000000e+02,6.173037343889268570e-10
1.163593750000000000e+02,6.004870969392411382e-10
1.163750000000000000e+02,5.762830379581075495e-10
1.163906250000000000e+02,5.688632395476010646e-10
1.164062500000000000e+02,5.858378109055951429e-10
1.164218750000000000e+02,6.114813751842627178e-10
1.164375000000000000e+02,6.262798577046253224e-10
1.164531250000000000e+02,6.157891497338287248e-10
1.164687500000000000e+02,5.770230796814395199e-10
1.164843750000000000e+02,5.354789880829507633e-10
1.165000000000000000e+02,5.325344836094211334e-10
1.165156250000000000e+02,5.619204027310926979e-10
1.165312500000000000e+02,5.828488394108594382e-10
1.165468750000000000e+02,5.929434633301359109e-10
1.165625000000000000e+02,6.143459945443306008e-10
1.165781250000000000e+02,6.419100870333205556e-10
1.165937500000000000e+02,6.577277835390392057e-10
1.166093750000000000e+02,6.638154550315697697e-10
1.166250000000000000e+02,6.684370929289048762e-10
1.166406250000000000e+02,6.765711037862363545e-10
1.166562500000000000e+02,6.869263238584358421e-10
1.166718750000000000e+02,6.654145200899457113e-10
1.166875000000000000e+02,5.968317716814375570e-10
1.167031250000000000e+02,5.544381879352667205e-10
1.167187500000000000e+02,5.901393284650250336e-10
1.167343750000000000e+02,6.440136730646947020e-10
1.167500000000000000e+02,6.676835055301271451e-10
1.167656250000000000e+02,6.532184879114656702e-10
1.167812500000000000e+02,6.209456720785225442e-10
1.167968750000000000e+02,6.150617973258659059e-10
1.168125000000000000e+02,6.340810975328535715e-10
1.168281250000000000e+02,6.251405116657742200e-10
1.168437500000000000e+02,5.810860599780099531e-10
1.168593750000000000e+02,5.612531350126036549e-10
1.168750000000000000e+02,5.933571158924442084e-10
1.168906250000000000e+02,6.343503766276545638e-10
1.169062500000000000e+02,6.619583973148419304e-10
1.169218750000000000e+02,6.764179405535459074e-10
1.169375000000000000e+02,6.602723657393248549e-10
1.169531250000000000e+02,6.097935529382650788e-10
1.169687500000000000e+02,5.566492696280968988e-10
1.169843750000000000e+02,5.240229990917298802e-10
1.170000000000000000e+02,5.212974282292201106e-10
1.170156250000000000e+02,5.657783216315362581e-10
1.170312500000000000e+02,6.392593431406822386e-10
1.170468750000000000e+02,6.964040622362862869e-10
1.170625000000000000e+02,7.125053153749247505e-10
1.170781250000000000e+02,6.996834186140783654e-10
1.170937500000000000e+02,6.847901571180268100e-10
1.171093750000000000e+02,6.731026386773082730e-10
1.171250000000000000e+02,6.577861890500748272e-10
1.171406250000000000e+02,6.353822651717457428e-10
1.171562500000000000e+02,6.015129963074769632e-10
1.171718750000000000e+02,5.675021985061829853e-10
1.171875000000000000e+02,5.547384582317399900e-10
1.172031250000000000e+02,5.766410337238085303e-10
1.172187500000000000e+02,6.242029593612204507e-10
1.172343750000000000e+02,6.610812156785486546e-10
1.172500000000000000e+02,6.637146023523348762e-10
1.172656250000000000e+02,6.420609709392241215e-10
1.172812500000000000e+02,6.133027147981484285e-10
1.172968750000000000e+02,5.904879815232088357e-10
1.173125000000000000e+02,5.882881542304384040e-10
1.173281250000000000e+02,6.037869094583839806e-10
1.173437500000000000e+02,6.175021205062637150e-10
1.173593750000000000e+02,6.224222934143961934e-10
1.173750000000000000e+02,6.288233921745937353e-10
1.173906250000000000e+02,6.323230349813316915e-10
1.174062500000000000e+02,6.143001820194801060e-10
1.174218750000000000e+02,5.914197447103945676e-10
1.174375000000000000e+02,6.040604210946616543e-10
1.174531250000000000e+02,6.396320117355845218e-10
1.174687500000000000e+02,6.477831636608461282e-10
1.174843750000000000e+02,6.179597135681000839e-10
1.175000000000000000e+02,5.910539162975847935e-10
1.175156250000000000e+02,6.117614871978546245e-10
1.175312500000000000e+02,6.732118096882923848e-10
1.175468750000000000e+02,7.298466144157848057e-10
1.175625000000000000e+02,7.510954768435334261e-10
1.175781250000000000e+02,7.389687969096465242e-10
1.175937500000000000e+02,7.189851047665784475e-10
1.176093750000000000e+02,7.088278156104085322e-10
1.176250000000000000e+02,6.907253939959872105e-10
1.176406250000000000e+02,6.512331876034322321e-10
1.176562500000000000e+02,6.093775670804869656e-10
1.176718750000000000e+02,5.861304400034583564e-10
1.176875000000000000e+02,5.900129739261259319e-10
1.177031250000000000e+02,6.121480112409480668e-10
1.177187500000000000e+02,6.235202854589609162e-10
1.177343750000000000e+02,6.058415204834989559e-10
1.177500000000000000e+02,5.756072882786710236e-10
1.177656250000000000e+02,5.610467497591996993e-10
1.177812500000000000e+02,5.671232604943512034e-10
1.177968750000000000e+02,5.707820379330696817e-10
1.178125000000000000e+02,5.440471705348133206e-10
1.178281250000000000e+02,5.042363382880956863e-10
1.178437500000000000e+02,5.262007697473483525e-10
1.178593750000000000e+02,6.174275403869942870e-10
1.178750000000000000e+02,6.889137268932936898e-10
1.178906250000000000e+02,6.848335793816108640e-10
1.179062500000000000e+02,6.205619560995449234e-10
1.179218750000000000e+02,5.618590305430026950e-10
1.179375000000000000e+02,5.577389514084357302e-10
1.179531250000000000e+02,5.799190731357554608e-10
1.179687500000000000e+02,5.817569125468154378e-10
1.179843750000000000e+02,5.596383841529743785e-10
1.180000000000000000e+02,5.495908409404448827e-10
1.180156250000000000e+02,5.695689318516400984e-10
1.180312500000000000e+02,5.900248881986652854e-10
1.180468750000000000e+02,5.907546103050901764e-10
1.180625000000000000e+02,5.812881069594639004e-10
1.180781250000000000e+02,5.680003512603100736e-10
1.180937500000000000e+02,5.530005932275460417e-10
1.181093750000000000e+02,5.444909592662738234e-10
1.181250000000000000e+02,5.368804576391596261e-10
1.181406250000000000e+02,5.252543507778648922e-10
1.181562500000000000e+02,5.349178472515519871e-10
1.181718750000000000e+02,5.731369595907277323e-10
1.181875000000000000e+02,5.988554127663324327e-10
1.182031250000000000e+02,5.923210383481163446e-10
1.182187500000000000e+02,5.925763611458817766e-10
1.182343750000000000e+02,6.176534046577856632e-10
1.182500000000000000e+02,6.268325128157237454e-10
1.182656250000000000e+02,6.031230079896702317e-10
1.182812500000000000e+02,5.618920154639768673e-10
1.182968750000000000e+02,5.180876307153801280e-10
1.183125000000000000e+02,4.973847537720275079e-10
1.183281250000000000e+02,5.103018217133204122e-10
1.183437500000000000e+02,5.239075380440805750e-10
1.183593750000000000e+02,5.215234703143049796e-10
1.183750000000000000e+02,5.220749300946411225e-10
1.183906250000000000e+02,5.402129097914622627e-10
1.184062500000000000e+02,5.820982173570190977e-10
1.184218750000000000e+02,6.348745223298931349e-10
1.184375000000000000e+02,6.559133208529473568e-10
1.184531250000000000e+02,6.200128742069904240e-10
1.184687500000000000e+02,5.524862384714184347e-10
1.184843750000000000e+02,5.105705331993534663e-10
1.185000000000000000e+02,5.379567608480345725e-10
1.185156250000000000e+02,6.194159079678373646e-10
1.185312500000000000e+02,7.001138471140274976e-10
1.185468750000000000e+02,7.394961208686067110e-10
1.185625000000000000e+02,7.292968423354340724e-10
1.185781250000000000e+02,6.870039265098898046e-10
1.185937500000000000e+02,6.304248677864684672e-10
1.186093750000000000e+02,5.763267735509692186e-10
1.186250000000000000e+02,5.580255662470816638e-10
1.186406250000000000e+02,5.695046085595019891e-10
1.186562500000000000e+02,5.650124769840582109e-10
1.186718750000000000e+02,5.587113667455043358e-10
1.186875000000000000e+02,5.982212805340999157e-10
1.187031250000000000e+02,6.523623036297588129e-10
1.187187500000000000e+02,6.601895459586342032e-10
1.187343750000000000e+02,6.227931811995122639e-10
1.187500000000000000e+02,5.933512950040195835e-10
1.187656250000000000e+02,6.074287207008143249e-10
1.187812500000000000e+02,6.478531381563766655e-10
1.187968750000000000e+02,6.843560786316938717e-10
1.188125000000000000e+02,7.051341946840218629e-10
1.188281250000000000e+02,7.051609213756244541e-10
1.188437500000000000e+02,6.780472573229749582e-10
1.188593750000000000e+02,6.359156642155280002e-10
1.188750000000000000e+02,6.060964337825663761e-10
1.188906250000000000e+02,6.023624856050969721e-10
1.189062500000000000e+02,6.092967296104094778e-10
1.189218750000000000e+02,5.968935234550833315e-10
1.189375000000000000e+02,5.656110221199326658e-10
1.189531250000000000e+02,5.527711400516890238e-10
1.189687500000000000e+02,5.614363198325511634e-10
1.189843750000000000e+02,5.575187806038578716e-10
1.190000000000000000e+02,5.418779950778771481e-10
1.190156250000000000e+02,5.369784579224271234e-10
1.190312500000000000e+02,5.380932679464598554e-10
1.190468750000000000e+02,5.297844773674961556e-10
1.190625000000000000e+02,5.219311421548976098e-10
1.190781250000000000e+02,5.349293233071998204e-10
1.190937500000000000e+02,5.626595238500334041e-10
1.191093750000000000e+02,5.740813190610424027e-10
1.191250000000000000e+02,5.600026758381981976e-10
1.191406250000000000e+02,5.461123445373212725e-10
1.191562500000000000e+02,5.475852606923909598e-10
1.191718750000000000e+02,5.525096023314245463e-10
1.191875000000000000e+02,5.466810902191249153e-10
1.192031250000000000e+02,5.329318512074741172e-10
1.192187500000000000e+02,5.221130281124787115e-10
1.192343750000000000e+02,5.056687985702344435e-10
1.192500000000000000e+02,4.882917048904325059e-10
1.192656250000000000e+02,5.043628264139035170e-10
1.192812500000000000e+02,5.499954839852720149e-10
1.192968750000000000e+02,5.883579777061702797e-10
1.193125000000000000e+02,6.051605228405114924e-10
1.193281250000000000e+02,6.024791090811005025e-10
1.193437500000000000e+02,5.892474046170227455e-10
1.193593750000000000e+02,5.808794654690991495e-10
1.193750000000000000e+02,5.784839222107265659e-10
1.193906250000000000e+02,5.711131622686828508e-10
1.194062500000000000e+02,5.700970844291071010e-10
1.194218750000000000e+02,5.952982864377006125e-10
1.194375000000000000e+02,6.221943976517520682e-10
1.194531250000000000e+02,6.150064061046648018e-10
1.194687500000000000e+02,5.937932829039646804e-10
1.194843750000000000e+02,5.993632430867841483e-10
1.195000000000000000e+02,6.172004845585997660e-10
1.195156250000000000e+02,6.171971893622778610e-10
1.195312500000000000e+02,6.002341152473679827e-10
1.195468750000000000e+02,5.688874409495239936e-10
1.195625000000000000e+02,5.300472899673270578e-10
1.195781250000000000e+02,5.155210937544557443e-10
1.195937500000000000e+02,5.274250459711520805e-10
1.196093750000000000e+02,5.316306610430248083e-10
1.196250000000000000e+02,5.352995846212011318e-10
1.196406250000000000e+02,5.699334064186360352e-10
1.196562500000000000e+02,6.124447059064851860e-10
1.196718750000000000e+02,6.170548025988708253e-10
1.196875000000000000e+02,5.878655489054548498e-10
1.197031250000000000e+02,5.738244500534548529e-10
1.197187500000000000e+02,5.922077999004660671e-10
1.197343750000000000e+02,6.054971482754067456e-10
1.197500000000000000e+02,5.902217728138791028e-10
1.197656250000000000e+02,5.642307832740335818e-10
1.197812500000000000e+02,5.596329369482665667e-10
1.197968750000000000e+02,5.819115312499008227e-10
1.198125000000000000e+02,6.098740506867009766e-10
1.198281250000000000e+02,6.344127459396007759e-10
1.198437500000000000e+02,6.562433769682419818e-10
1.198593750000000000e+02,6.600597645642212780e-10
1.198750000000000000e+02,6.350544738090043372e-10
1.198906250000000000e+02,5.988695873815469026e-10
1.199062500000000000e+02,5.761948236777545207e-10
1.199218750000000000e+02,5.780033247281479134e-10
1.199375000000000000e+02,5.955074969178275062e-10
1.199531250000000000e+02,6.077328297333942310e-10
1.199687500000000000e+02,6.102576840866077766e-10
1.199843750000000000e+02,6.189725221359235893e-10
1.200000000000000000e+02,6.326687059840399772e-10
1.200156250000000000e+02,6.325868022256603371e-10
1.200312500000000000e+02,6.255638462654492570e-10
1.200468750000000000e+02,6.330105008874381591e-10
1.200625000000000000e+02,6.375559732118923323e-10
1.200781250000000000e+02,6.064690333098942513e-10
1.200937500000000000e+02,5.509657736371590483e-10
1.201093750000000000e+02,5.180471307173323921e-10
1.201250000000000000e+02,5.370756842238263218e-10
1.201406250000000000e+02,5.833087105777609119e-10
1.201562500000000000e+02,6.133433628445583724e-10
1.201718750000000000e+02,6.147735790248688927e-10
1.201875000000000000e+02,6.013165832983037106e-10
1.202031250000000000e+02,5.763828287748663325e-10
1.202187500000000000e+02,5.446062079717980288e-10
1.202343750000000000e+02,5.392986105374437495e-10
1.202500000000000000e+02,5.682967703429837990e-10
1.202656250000000000e+02,5.841912945219586809e-10
1.202812500000000000e+02,5.697271849769774215e-10
1.202968750000000000e+02,5.699152313721060884e-10
1.203125000000000000e+02,5.902695849201931820e-10
1.203281250000000000e+02,5.745634890824575208e-10
1.203437500000000000e+02,5.151960423233673047e-10
1.203593750000000000e+02,4.773734270831524564e-10
1.203750000000000000e+02,4.956883597786855585e-10
1.203906250000000000e+02,5.214031315735354053e-10
1.204062500000000000e+02,5.240325201161198789e-10
1.204218750000000000e+02,5.203437963729094381e-10
1.204375000000000000e+02,5.345383753956352093e-10
1.204531250000000000e+02,5.601466737869437150e-10
1.204687500000000000e+02,5.652322708337142032e-10
1.204843750000000000e+02,5.481937385441746942e-10
1.205000000000000000e+02,5.450034070197529057e-10
1.205156250000000000e+02,5.693012507193834423e-10
1.205312500000000000e+02,5.998767218954389504e-10
1.205468750000000000e+02,6.089130663193365585e-10
1.205625000000000000e+02,5.782201024897084116e-10
1.205781250000000000e+02,5.248517011172421714e-10
1.205937500000000000e+02,4.962058524207309377e-10
1.206093750000000000e+02,5.061079655495147497e-10
1.206250000000000000e+02,5.185058580545907940e-10
1.206406250000000000e+02,5.192270222310978486e-10
1.206562500000000000e+02,5.413625055295795076e-10
1.206718750000000000e+02,5.920709692763278917e-10
1.206875000000000000e+02,6.354495342949802218e-10
1.207031250000000000e+02,6.564758393165561523e-10
1.207187500000000000e+02,6.607696145079494676e-10
1.207343750000000000e+02,6.467813191928715906e-10
1.207500000000000000e+02,6.103764520039196053e-10
1.207656250000000000e+02,5.776102549554663872e-10
1.207812500000000000e+02,5.751901307576526866e-10
1.207968750000000000e+02,5.813098291421095825e-10
1.208125000000000000e+02,5.752160884219900885e-10
1.208281250000000000e+02,5.620246397594305242e-10
1.208437500000000000e+02,5.590168400091886167e-10
1.208593750000000000e+02,5.732791770607380564e-10
1.208750000000000000e+02,5.908925915694141934e-10
1.208906250000000000e+02,6.047952016906213493e-10
1.209062500000000000e+02,6.116673606184250871e-10
1.209218750000000000e+02,6.070895304461295180e-10
1.209375000000000000e+02,6.000042076862587125e-10
1.209531250000000000e+02,5.969967380893271025e-10
1.209687500000000000e+02,5.991168072109980772e-10
1.209843750000000000e+02,6.088779971637715466e-10
1.210000000000000000e+02,6.092916581920623791e-10
1.210156250000000000e+02,5.869554496933027339e-10
1.210312500000000000e+02,5.619954431368460827e-10
1.210468750000000000e+02,5.520904561423682346e-10
1.210625000000000000e+02,5.521820326544307496e-10
1.210781250000000000e+02,5.594419754873620912e-10
1.210937500000000000e+02,5.750162976102832804e-10
1.211093750000000000e+02,5.864561556417895787e-10
1.211250000000000000e+02,5.809311104357513652e-10
1.211406250000000000e+02,5.691000521592706629e-10
1.211562500000000000e+02,5.671454138339340343e-10
1.211718750000000000e+02,5.687577397093434894e-10
1.211875000000000000e+02,5.593553781462385291e-10
1.212031250000000000e+02,5.441983721914809470e-10
1.212187500000000000e+02,5.415164049955335547e-10
1.212343750000000000e+02,5.600659735717335713e-10
1.212500000000000000e+02,5.921338180073602226e-10
1.212656250000000000e+02,6.109315907285175374e-10
1.212812500000000000e+02,5.987015809418836983e-10
1.212968750000000000e+02,5.725445865208988628e-10
1.213125000000000000e+02,5.634848522088685702e-10
1.213281250000000000e+02,5.793431010454086868e-10
1.213437500000000000e+02,5.972297606547192248e-10
1.213593750000000000e+02,5.966388357010592474e-10
1.213750000000000000e+02,5.758322210445442701e-10
1.213906250000000000e+02,5.397858879871595291e-10
1.214062500000000000e+02,5.028557178508627792e-10
1.214218750000000000e+02,5.021781251029068918e-10
1.214375000000000000e+02,5.489762278778831914e-10
1.214531250000000000e+02,6.015613236778517219e-10
1.214687500000000000e+02,6.389740904627560999e-10
1.214843750000000000e+02,6.752411693969384711e-10
1.215000000000000000e+02,7.004129548403382132e-10
1.215156250000000000e+02,6.773338862764978986e-10
1.215312500000000000e+02,6.043536473012678427e-10
1.215468750000000000e+02,5.311770875020505002e-10
1.215625000000000000e+02,4.986052663618157713e-10
1.215781250000000000e+02,5.027533609321235919e-10
1.215937500000000000e+02,5.367118105994697825e-10
1.216093750000000000e+02,5.783166159489310945e-10
1.216250000000000000e+02,5.862154642656484186e-10
1.216406250000000000e+02,5.589052034508497672e-10
1.216562500000000000e+02,5.319899464323141057e-10
1.216718750000000000e+02,5.187506168074863587e-10
1.216875000000000000e+02,5.075766567428059689e-10
1.217031250000000000e+02,5.006869801472340584e-10
1.217187500000000000e+02,5.034227296800319252e-10
1.217343750000000000e+02,5.075430342498875597e-10
1.217500000000000000e+02,5.076437804036188528e-10
1.217656250000000000e+02,5.014057586259239223e-10
1.217812500000000000e+02,4.901412451157997942e-10
1.217968750000000000e+02,4.869695345090056695e-10
1.218125000000000000e+02,4.967096145329434018e-10
1.218281250000000000e+02,5.094890911718471747e-10
1.218437500000000000e+02,5.298299435792169842e-10
1.218593750000000000e+02,5.657273862976226323e-10
1.218750000000000000e+02,5.875318082372202480e-10
1.218906250000000000e+02,5.747939116563228661e-10
1.219062500000000000e+02,5.663976189609919514e-10
1.219218750000000000e+02,5.910622798356232342e-10
1.219375000000000000e+02,6.117276124150044829e-10
1.219531250000000000e+02,5.984161798313793663e-10
1.219687500000000000e+02,5.739717571017982061e-10
1.219843750000000000e+02,5.704002339924326241e-10
1.220000000000000000e+02,5.751108503319174439e-10
1.220156250000000000e+02,5.583459579800363538e-10
1.220312500000000000e+02,5.158437120484876955e-10
1.220468750000000000e+02,4.803263317933636779e-10
1.220625000000000000e+02,4.902083958394532752e-10
1.220781250000000000e+02,5.268904355086423557e-10
1.220937500000000000e+02,5.475337947490185340e-10
1.221093750000000000e+02,5.386421885855562542e-10
1.221250000000000000e+02,5.203379732160362818e-10
1.221406250000000000e+02,5.244846431212548093e-10
1.221562500000000000e+02,5.543636345547742717e-10
1.221718750000000000e+02,5.749747699921502435e-10
1.221875000000000000e+02,5.568608121654368014e-10
1.222031250000000000e+02,5.196370277620387413e-10
1.222187500000000000e+02,5.046763235918708241e-10
1.222343750000000000e+02,5.134969322846343968e-10
1.222500000000000000e+02,5.285700541091778716e-10
1.222656250000000000e+02,5.486011860592510480e-10
1.222812500000000000e+02,5.628057717754990540e-10
1.222968750000000000e+02,5.576739122973340340e-10
1.223125000000000000e+02,5.475297347410072983e-10
1.223281250000000000e+02,5.511195883239944454e-10
1.223437500000000000e+02,5.666885489102187914e-10
1.223593750000000000e+02,5.753064476842856004e-10
1.223750000000000000e+02,5.652693559995208748e-10
1.223906250000000000e+02,5.496569151036312046e-10
1.224062500000000000e+02,5.407575568553954460e-10
1.224218750000000000e+02,5.429149206688418410e-10
1.224375000000000000e+02,5.607227738156666412e-10
1.224531250000000000e+02,5.845662006971531009e-10
1.224687500000000000e+02,5.972421847761111709e-10
1.224843750000000000e+02,5.925992684070391053e-10
1.225000000000000000e+02,5.827136355322790481e-10
1.225156250000000000e+02,5.843323390244673042e-10
1.225312500000000000e+02,5.881066021097670630e-10
1.225468750000000000e+02,5.720797514140616138e-10
1.225625000000000000e+02,5.398603982529369107e-10
1.225781250000000000e+02,5.166719082934966843e-10
1.225937500000000000e+02,5.144989757805848211e-10
1.226093750000000000e+02,5.277596190452872741e-10
1.226250000000000000e+02,5.528964844175494362e-10
1.226406250000000000e+02,5.777851507713589825e-10
1.226562500000000000e+02,5.816562173999880626e-10
1.226718750000000000e+02,5.594982873523874002e-10
1.226875000000000000e+02,5.296530567022282935e-10
1.227031250000000000e+02,5.201936189248520800e-10
1.227187500000000000e+02,5.369546287360380792e-10
1.227343750000000000e+02,5.480957079544256862e-10
1.227500000000000000e+02,5.319767272197979529e-10
1.227656250000000000e+02,5.054058013013873554e-10
1.227812500000000000e+02,4.860629032067402507e-10
1.227968750000000000e+02,4.818668649224335215e-10
1.228125000000000000e+02,5.099672242130972850e-10
1.228281250000000000e+02,5.544698361758239421e-10
1.228437500000000000e+02,5.767566438317811211e-10
1.228593750000000000e+02,5.697015539266154957e-10
1.228750000000000000e+02,5.438712664250901836e-10
1.228906250000000000e+02,5.141809250466999931e-10
1.229062500000000000e+02,5.108626334856022677e-10
1.229218750000000000e+02,5.400312945922052568e-10
1.229375000000000000e+02,5.677628973367998967e-10
1.229531250000000000e+02,5.816376544702735011e-10
1.229687500000000000e+02,5.959342465665414421e-10
1.229843750000000000e+02,5.987527591602935116e-10
1.230000000000000000e+02,5.635498176302008616e-10
1.230156250000000000e+02,5.145832346295267238e-10
1.230312500000000000e+02,5.059136718749099877e-10
1.230468750000000000e+02,5.230956008827815493e-10
1.230625000000000000e+02,5.330239758841477259e-10
1.230781250000000000e+02,5.496458252310001868e-10
1.230937500000000000e+02,5.676508661830546251e-10
1.231093750000000000e+02,5.605289268128699122e-10
1.231250000000000000e+02,5.387120389060622041e-10
1.231406250000000000e+02,5.331002539010340476e-10
1.231562500000000000e+02,5.372793125619234827e-10
1.231718750000000000e+02,5.185725929142059544e-10
1.231875000000000000e+02,4.830551464217317407e-10
1.232031250000000000e+02,4.753912105712862541e-10
1.232187500000000000e+02,5.028404000109258316e-10
1.232343750000000000e+02,5.250645177003119774e-10
1.232500000000000000e+02,5.224740162492571238e-10
1.232656250000000000e+02,5.110453351985632688e-10
1.232812500000000000e+02,5.058405843072341721e-10
1.232968750000000000e+02,5.115002923307718250e-10
1.233125000000000000e+02,5.339285498071898745e-10
1.233281250000000000e+02,5.583223359023780006e-10
1.233437500000000000e+02,5.636880596430362930e-10
1.233593750000000000e+02,5.511546296218062532e-10
1.233750000000000000e+02,5.285689928661297589e-10
1.233906250000000000e+02,4.996346441079987978e-10
1.234062500000000000e+02,4.733557873854271186e-10
1.234218750000000000e+02,4.705162426843448573e-10
1.234375000000000000e+02,4.911801820551229207e-10
1.234531250000000000e+02,5.111333022154047363e-10
1.234687500000000000e+02,5.316450046069555154e-10
1.234843750000000000e+02,5.634148931997090296e-10
1.235000000000000000e+02,5.930042070976955358e-10
1.235156250000000000e+02,6.008326225399380697e-10
1.235312500000000000e+02,5.844618483747373721e-10
1.235468750000000000e+02,5.588592004108015960e-10
1.235625000000000000e+02,5.414128945510149117e-10
1.235781250000000000e+02,5.402346970981576157e-10
1.235937500000000000e+02,5.485865844233447382e-10
1.236093750000000000e+02,5.539355710663213878e-10
1.236250000000000000e+02,5.535064849126173026e-10
1.236406250000000000e+02,5.485202268856644509e-10
1.236562500000000000e+02,5.285336668986229283e-10
1.236718750000000000e+02,4.919707355283421512e-10
1.236875000000000000e+02,4.679377810742900411e-10
1.237031250000000000e+02,4.769751264061657217e-10
1.237187500000000000e+02,5.038732338126917034e-10
1.237343750000000000e+02,5.231526618453144818e-10
1.237500000000000000e+02,5.219466453919448379e-10
1.237656250000000000e+02,5.075385885828643645e-10
1.237812500000000000e+02,4.926678697124358702e-10
1.237968750000000000e+02,4.866931059577575644e-10
1.238125000000000000e+02,4.931222525629609594e-10
1.238281250000000000e+02,5.004577708515012105e-10
1.238437500000000000e+02,5.002431173535731109e-10
1.238593750000000000e+02,5.041349730271984642e-10
1.238750000000000000e+02,5.215292611372568846e-10
1.238906250000000000e+02,5.360440528599810938e-10
1.239062500000000000e+02,5.312682658289408444e-10
1.239218750000000000e+02,5.273924402205984069e-10
1.239375000000000000e+02,5.469193210249209088e-10
1.239531250000000000e+02,5.671702107564827486e-10
1.239687500000000000e+02,5.542895934217307172e-10
1.239843750000000000e+02,4.989368463577446416e-10
1.240000000000000000e+02,4.316174388886818392e-10
1.240156250000000000e+02,4.195135118438427684e-10
1.240312500000000000e+02,4.828902561765557225e-10
1.240468750000000000e+02,5.477828960427144295e-10
1.240625000000000000e+02,5.511801327469948633e-10
1.240781250000000000e+02,5.148121968463908531e-10
1.240937500000000000e+02,5.022888844702322033e-10
1.241093750000000000e+02,5.157686988085434879e-10
1.241250000000000000e+02,5.223527998057529945e-10
1.241406250000000000e+02,5.189177195432318791e-10
1.241562500000000000e+02,5.104527547574951492e-10
1.241718750000000000e+02,5.009898876744567433e-10
1.241875000000000000e+02,5.049928272393628979e-10
1.242031250000000000e+02,5.212607682804372294e-10
1.242187500000000000e+02,5.365422214483034564e-10
1.242343750000000000e+02,5.566612740497273766e-10
1.242500000000000000e+02,5.819882485688926858e-10
1.242656250000000000e+02,5.918995126789963454e-10
1.242812500000000000e+02,5.794555250267400641e-10
1.242968750000000000e+02,5.577346371015816606e-10
1.243125000000000000e+02,5.366029162112767049e-10
1.243281250000000000e+02,5.175042166869442635e-10
1.243437500000000000e+02,5.003269738073076467e-10
1.243593750000000000e+02,4.848768656167756206e-10
1.243750000000000000e+02,4.815303031186586620e-10
1.243906250000000000e+02,4.994902500145662121e-10
1.244062500000000000e+02,5.184431529799779119e-10
1.244218750000000000e+02,5.149704365067355474e-10
1.244375000000000000e+02,4.910218191471592804e-10
1.244531250000000000e+02,4.593198926316103383e-10
1.244687500000000000e+02,4.375843112952355110e-10
1.244843750000000000e+02,4.498910776494887283e-10
1.245000000000000000e+02,4.890102928290027755e-10
1.245156250000000000e+02,5.165507668563170984e-10
1.245312500000000000e+02,5.201756044587780224e-10
1.245468750000000000e+02,5.171845997519826990e-10
1.245625000000000000e+02,5.163561408881230754e-10
1.245781250000000000e+02,5.189518938216213668e-10
1.245937500000000000e+02,5.230777076606569731e-10
1.246093750000000000e+02,5.178218650833770260e-10
1.246250000000000000e+02,5.019453734772197212e-10
1.246406250000000000e+02,4.878218697701968526e-10
1.246562500000000000e+02,4.826893312876466531e-10
1.246718750000000000e+02,4.828350950536693675e-10
1.246875000000000000e+02,4.780170077842565095e-10
1.247031250000000000e+02,4.673546723835261710e-10
1.247187500000000000e+02,4.615785432776503745e-10
1.247343750000000000e+02,4.658053891226326916e-10
1.247500000000000000e+02,4.684028261837926778e-10
1.247656250000000000e+02,4.576641223461769354e-10
1.247812500000000000e+02,4.524393604497803717e-10
1.247968750000000000e+02,4.779695173996887645e-10
1.248125000000000000e+02,5.171562483698837951e-10
1.248281250000000000e+02,5.355096666428442873e-10
1.248437500000000000e+02,5.303254782627191859e-10
1.248593750000000000e+02,5.277030826267111223e-10
1.248750000000000000e+02,5.396522218609024929e-10
1.248906250000000000e+02,5.520024684745485640e-10
1.249062500000000000e+02,5.461862109413581355e-10
1.249218750000000000e+02,5.187042103450678178e-10
1.249375000000000000e+02,4.895517664955638827e-10
1.249531250000000000e+02,4.866204788214625199e-10
1.249687500000000000e+02,5.125020642439220079e-10
1.249843750000000000e+02,5.336939683751086854e-10
1.250000000000000000e+02,5.265734126870356947e-10
1.250156250000000000e+02,5.040100050337027723e-10
1.250312500000000000e+02,4.902691541487762074e-10
1.250468750000000000e+02,4.955618485111626440e-10
1.250625000000000000e+02,5.202324881333526926e-10
1.250781250000000000e+02,5.519236564538839116e-10
1.250937500000000000e+02,5.608313405791515286e-10
1.251093750000000000e+02,5.338136477731151908e-10
1.251250000000000000e+02,5.037296822378725217e-10
1.251406250000000000e+02,5.140119360652261352e-10
1.251562500000000000e+02,5.509256329634310531e-10
1.251718750000000000e+02,5.763088593081720231e-10
1.251875000000000000e+02,5.878633835014466787e-10
1.252031250000000000e+02,5.884158776674747193e-10
1.252187500000000000e+02,5.617644294450228318e-10
1.252343750000000000e+02,5.067092108472867854e-10
1.252500000000000000e+02,4.492951841320703456e-10
1.252656250000000000e+02,4.274867649421728394e-10
1.252812500000000000e+02,4.553354059052022573e-10
1.252968750000000000e+02,4.995373325243360375e-10
1.253125000000000000e+02,5.235693871708363933e-10
1.253281250000000000e+02,5.255295393219336463e-10
1.253437500000000000e+02,5.263032615629357203e-10
1.253593750000000000e+02,5.283488105561594484e-10
1.253750000000000000e+02,5.167102998185577877e-10
1.253906250000000000e+02,4.980825025690205004e-10
1.254062500000000000e+02,4.908265124378224614e-10
1.254218750000000000e+02,4.903803937073794545e-10
1.254375000000000000e+02,4.876197160250198704e-10
1.254531250000000000e+02,4.977642631725232322e-10
1.254687500000000000e+02,5.348960424010665967e-10
1.254843750000000000e+02,5.804330138638428407e-10
1.255000000000000000e+02,6.040926549460536255e-10
1.255156250000000000e+02,5.921046070568426945e-10
1.255312500000000000e+02,5.478984505830417313e-10
1.255468750000000000e+02,4.894309798235081501e-10
1.255625000000000000e+02,4.462727916156061805e-10
1.255781250000000000e+02,4.266517100031277118e-10
1.255937500000000000e+02,4.166226703449417164e-10
1.256093750000000000e+02,4.307974371758524348e-10
1.256250000000000000e+02,4.771483538686819965e-10
1.256406250000000000e+02,5.153370255606962964e-10
1.256562500000000000e+02,5.220562860918213839e-10
1.256718750000000000e+02,5.229435866962173921e-10
1.256875000000000000e+02,5.329427490778570575e-10
1.257031250000000000e+02,5.397752055920139016e-10
1.257187500000000000e+02,5.489289110521547033e-10
1.257343750000000000e+02,5.651201472028150929e-10
1.257500000000000000e+02,5.681289646935288825e-10
1.257656250000000000e+02,5.447659453632792184e-10
1.257812500000000000e+02,5.093691623278254694e-10
1.257968750000000000e+02,4.857838070107988773e-10
1.258125000000000000e+02,4.832356237290996780e-10
1.258281250000000000e+02,4.982130941945418878e-10
1.258437500000000000e+02,5.232646597065554930e-10
1.258593750000000000e+02,5.394822424853482466e-10
1.258750000000000000e+02,5.346414679890654695e-10
1.258906250000000000e+02,5.217266904569180847e-10
1.259062500000000000e+02,5.120475702942529962e-10
1.259218750000000000e+02,4.964591372816295854e-10
1.259375000000000000e+02,4.756157789491470372e-10
1.259531250000000000e+02,4.609426279128962838e-10
1.259687500000000000e+02,4.408942255787065344e-10
1.259843750000000000e+02,4.164192463489990673e-10
1.260000000000000000e+02,4.318882078763031466e-10
1.260156250000000000e+02,4.965257166037336147e-10
1.260312500000000000e+02,5.558271043329243931e-10
1.260468750000000000e+02,5.648147025881725382e-10
1.260625000000000000e+02,5.235375006316141909e-10
1.260781250000000000e+02,4.839798452007603017e-10
1.260937500000000000e+02,4.977705607652863488e-10
1.261093750000000000e+02,5.342684986830920629e-10
1.261250000000000000e+02,5.457259177582430966e-10
1.261406250000000000e+02,5.419624370962426062e-10
1.261562500000000000e+02,5.448355848524122961e-10
1.261718750000000000e+02,5.422073981566949348e-10
1.261875000000000000e+02,5.307936866750499018e-10
1.262031250000000000e+02,5.309419027162352230e-10
1.262187500000000000e+02,5.367584194126555549e-10
1.262343750000000000e+02,5.225673699795896854e-10
1.262500000000000000e+02,4.934781548032305727e-10
1.262656250000000000e+02,4.801657518547876015e-10
1.262812500000000000e+02,4.919345199933757821e-10
1.262968750000000000e+02,5.092493213302151419e-10
1.263125000000000000e+02,5.173821131356935506e-10
1.263281250000000000e+02,5.235394945578239425e-10
1.263437500000000000e+02,5.352481015794913518e-10
1.263593750000000000e+02,5.374875878345363740e-10
1.263750000000000000e+02,5.057245605597517069e-10
1.263906250000000000e+02,4.384629554764137274e-10
1.264062500000000000e+02,3.800724389477118761e-10
1.264218750000000000e+02,3.854883099210473668e-10
1.264375000000000000e+02,4.346188696492863557e-10
1.264531250000000000e+02,4.676387110999870456e-10
1.264687500000000000e+02,4.654071222914399552e-10
1.264843750000000000e+02,4.555671361439773623e-10
1.265000000000000000e+02,4.669878694790069921e-10
1.265156250000000000e+02,4.888483915246702507e-10
1.265312500000000000e+02,5.033583482136018255e-10
1.265468750000000000e+02,5.129669802898237450e-10
1.265625000000000000e+02,5.249875456328944846e-10
1.265781250000000000e+02,5.418987811541652163e-10
1.265937500000000000e+02,5.512109076272382266e-10
1.266093750000000000e+02,5.379203096148963207e-10
1.266250000000000000e+02,5.074455798284209216e-10
1.266406250000000000e+02,4.831575132463640818e-10
1.266562500000000000e+02,4.880890638640250982e-10
1.266718750000000000e+02,5.134872742156922744e-10
1.266875000000000000e+02,5.325951242200592569e-10
1.267031250000000000e+02,5.264780174066371939e-10
1.267187500000000000e+02,4.794266469013410331e-10
1.267343750000000000e+02,4.052601044121718079e-10
1.267500000000000000e+02,3.739458468271723195e-10
1.267656250000000000e+02,4.278196359680741877e-10
1.267812500000000000e+02,5.030450611613737313e-10
1.267968750000000000e+02,5.409324017119378061e-10
1.268125000000000000e+02,5.343300876973425275e-10
1.268281250000000000e+02,5.032924078612175192e-10
1.268437500000000000e+02,4.693848901606806136e-10
1.268593750000000000e+02,4.462655498640064187e-10
1.268750000000000000e+02,4.398517849857580967e-10
1.268906250000000000e+02,4.560417634151779497e-10
1.269062500000000000e+02,4.886933923642190891e-10
1.269218750000000000e+02,5.064089835875163523e-10
1.269375000000000000e+02,4.892055974004142701e-10
1.269531250000000000e+02,4.516770383601063530e-10
1.269687500000000000e+02,4.247011148791964706e-10
1.269843750000000000e+02,4.296663947802771457e-10
1.270000000000000000e+02,4.666117455963349997e-10
1.270156250000000000e+02,5.212377315254155253e-10
1.270312500000000000e+02,5.651623891879568313e-10
1.270468750000000000e+02,5.692592862473245430e-10
1.270625000000000000e+02,5.396469183100863693e-10
1.270781250000000000e+02,5.085335195238811113e-10
1.270937500000000000e+02,4.947392733323561838e-10
1.271093750000000000e+02,5.027866103773541837e-10
1.271250000000000000e+02,5.170090995814181538e-10
1.271406250000000000e+02,5.097316051030870441e-10
1.271562500000000000e+02,4.852356397111940118e-10
1.271718750000000000e+02,4.704993059157628512e-10
1.271875000000000000e+02,4.736819872589032951e-10
1.272031250000000000e+02,4.762884907432809349e-10
1.272187500000000000e+02,4.545474083769657988e-10
1.272343750000000000e+02,4.112126686406010135e-10
1.272500000000000000e+02,3.823631218295599947e-10
1.272656250000000000e+02,3.908042814034657382e-10
1.272812500000000000e+02,4.144763630360878743e-10
1.272968750000000000e+02,4.305266467925038065e-10
1.273125000000000000e+02,4.451429906116816656e-10
1.273281250000000000e+02,4.742898396366737720e-10
1.273437500000000000e+02,5.033909733798003585e-10
1.273593750000000000e+02,5.043698466287669322e-10
1.273750000000000000e+02,4.835981494724450860e-10
1.273906250000000000e+02,4.645014945846019831e-10
1.274062500000000000e+02,4.567733500772100706e-10
1.274218750000000000e+02,4.695683616408574986e-10
1.274375000000000000e+02,4.901956333768326007e-10
1.274531250000000000e+02,4.937664252916626843e-10
1.274687500000000000e+02,4.875871790127015391e-10
1.274843750000000000e+02,4.891184579097514302e-10
1.275000000000000000e+02,4.831849800810888625e-10
1.275156250000000000e+02,4.563928870704896236e-10
1.275312500000000000e+02,4.312661101951282270e-10
1.275468750000000000e+02,4.237948188479025405e-10
1.275625000000000000e+02,4.222628195241213363e-10
1.275781250000000000e+02,4.252840247172257170e-10
1.275937500000000000e+02,4.409951509799955429e-10
1.276093750000000000e+02,4.599418462491673859e-10
1.276250000000000000e+02,4.673927471101868589e-10
1.276406250000000000e+02,4.562196710770171065e-10
1.276562500000000000e+02,4.268780011295899984e-10
1.276718750000000000e+02,4.016851931092801702e-10
1.276875000000000000e+02,4.080247253360642096e-10
1.277031250000000000e+02,4.419668932961880026e-10
1.277187500000000000e+02,4.828166293650621325e-10
1.277343750000000000e+02,5.125237416588341188e-10
1.277500000000000000e+02,5.217811325892133528e-10
1.277656250000000000e+02,5.085912610765948270e-10
1.277812500000000000e+02,4.782885478459253831e-10
1.277968750000000000e+02,4.579759780778270938e-10
1.278125000000000000e+02,4.725716562407525998e-10
1.278281250000000000e+02,5.006294896707818678e-10
1.278437500000000000e+02,5.044122729149105475e-10
1.278593750000000000e+02,4.791337682017575534e-10
1.278750000000000000e+02,4.521564623411286695e-10
1.278906250000000000e+02,4.451955704049539589e-10
1.279062500000000000e+02,4.564796481485830547e-10
1.279218750000000000e+02,4.684431174866662297e-10
1.279375000000000000e+02,4.602746036379647069e-10
1.279531250000000000e+02,4.393735448805614542e-10
1.279687500000000000e+02,4.337939368216955838e-10
1.279843750000000000e+02,4.423544956803385729e-10
1.280000000000000000e+02,3.160348460805659043e-10
