0.000000000000000000e+00,1.360443069399618538e-07
1.562500000000000000e-02,2.144758026653051955e-07
3.125000000000000000e-02,2.535397853732700492e-07
4.687500000000000000e-02,2.766642440150976543e-07
6.250000000000000000e-02,2.797031489245270196e-07
7.812500000000000000e-02,2.712389157279254180e-07
9.375000000000000000e-02,2.565969342468135988e-07
1.093750000000000000e-01,2.453078458875450332e-07
1.250000000000000000e-01,2.451700857139922434e-07
1.406250000000000000e-01,2.450501650347607005e-07
1.562500000000000000e-01,2.337478126932731634e-07
1.718750000000000000e-01,2.261968042217912635e-07
1.875000000000000000e-01,2.439880064663316294e-07
2.031250000000000000e-01,2.704445485787722781e-07
2.187500000000000000e-01,2.802810907050387817e-07
2.343750000000000000e-01,2.735611992369752853e-07
2.500000000000000000e-01,2.657675541121620363e-07
2.656250000000000000e-01,2.731229546332150127e-07
2.812500000000000000e-01,2.933903664296640398e-07
2.968750000000000000e-01,3.082072670217094187e-07
3.125000000000000000e-01,3.061309935698937240e-07
3.281250000000000000e-01,2.868101142435945015e-07
3.437500000000000000e-01,2.620736738201654325e-07
3.593750000000000000e-01,2.488723760354745545e-07
3.750000000000000000e-01,2.498497490713622809e-07
3.906250000000000000e-01,2.606702527835598237e-07
4.062500000000000000e-01,2.741862216818952965e-07
4.218750000000000000e-01,2.771034382170981348e-07
4.375000000000000000e-01,2.680173816285424556e-07
4.531250000000000000e-01,2.584305918087635141e-07
4.687500000000000000e-01,2.536835197457381689e-07
4.843750000000000000e-01,2.571680228340649695e-07
5.000000000000000000e-01,2.718704098997230155e-07
5.156250000000000000e-01,2.867511350608900599e-07
5.312500000000000000e-01,2.943007997473581548e-07
5.468750000000000000e-01,2.998832612669329371e-07
5.625000000000000000e-01,3.034193107557811200e-07
5.781250000000000000e-01,2.958201646773813773e-07
5.937500000000000000e-01,2.745215598694005362e-07
6.093750000000000000e-01,2.547563302729171532e-07
6.250000000000000000e-01,2.560776490600438850e-07
6.406250000000000000e-01,2.703630856893943596e-07
6.562500000000000000e-01,2.750897123158673983e-07
6.718750000000000000e-01,2.671317093239174057e-07
6.875000000000000000e-01,2.660067387366819285e-07
7.031250000000000000e-01,2.871623470093838302e-07
7.187500000000000000e-01,3.157191656791903108e-07
7.343750000000000000e-01,3.269840967693220310e-07
7.500000000000000000e-01,3.113772875650792687e-07
7.656250000000000000e-01,2.794022034868027236e-07
7.812500000000000000e-01,2.563275721306456735e-07
7.968750000000000000e-01,2.580504161074758134e-07
8.125000000000000000e-01,2.773458116432334089e-07
8.281250000000000000e-01,3.008842132159212594e-07
8.437500000000000000e-01,3.123334667578821121e-07
8.593750000000000000e-01,3.001997568101560078e-07
8.750000000000000000e-01,2.699486998585007650e-07
8.906250000000000000e-01,2.366539733185813245e-07
9.062500000000000000e-01,2.148831451652850619e-07
9.218750000000000000e-01,2.089760843613953072e-07
9.375000000000000000e-01,2.199199789406721215e-07
9.531250000000000000e-01,2.527069544724179682e-07
9.687500000000000000e-01,2.898527626676931810e-07
9.843750000000000000e-01,3.045499513313279404e-07
1.000000000000000000e+00,2.939505423109436401e-07
1.015625000000000000e+00,2.805234232584518835e-07
1.031250000000000000e+00,2.857403085283152762e-07
1.046875000000000000e+00,3.050595154655111967e-07
1.062500000000000000e+00,3.189952858145519140e-07
1.078125000000000000e+00,3.150639707326566244e-07
1.093750000000000000e+00,2.938227477385093709e-07
1.109375000000000000e+00,2.734733442999700812e-07
1.125000000000000000e+00,2.750190572069136360e-07
1.140625000000000000e+00,2.925759125241236959e-07
1.156250000000000000e+00,3.127755303267736214e-07
1.171875000000000000e+00,3.284798225661173589e-07
1.187500000000000000e+00,3.308165362630714675e-07
1.203125000000000000e+00,3.177590798698016185e-07
1.218750000000000000e+00,2.952700245235258695e-07
1.234375000000000000e+00,2.677072150879608928e-07
1.250000000000000000e+00,2.452902085686617713e-07
1.265625000000000000e+00,2.503937829209426752e-07
1.281250000000000000e+00,2.794650065653458839e-07
1.296875000000000000e+00,3.046722261265211684e-07
1.312500000000000000e+00,3.131087482038247547e-07
1.328125000000000000e+00,3.085105805864646890e-07
1.343750000000000000e+00,3.028994426163769620e-07
1.359375000000000000e+00,3.017605975309270461e-07
1.375000000000000000e+00,2.977803919436843821e-07
1.390625000000000000e+00,2.894846930823595008e-07
1.406250000000000000e+00,2.839505620921578451e-07
1.421875000000000000e+00,2.830371377037248351e-07
1.437500000000000000e+00,2.811945671850940519e-07
1.453125000000000000e+00,2.739208659761942169e-07
1.468750000000000000e+00,2.629452648122683141e-07
1.484375000000000000e+00,2.527753541677953730e-07
1.500000000000000000e+00,2.450414274976474381e-07
1.515625000000000000e+00,2.398770347251553771e-07
1.531250000000000000e+00,2.445156505199271052e-07
1.546875000000000000e+00,2.603100396674832595e-07
1.562500000000000000e+00,2.758243499066336174e-07
1.578125000000000000e+00,2.871617141488188273e-07
1.593750000000000000e+00,2.993786784156797713e-07
1.609375000000000000e+00,3.092608702923223832e-07
1.625000000000000000e+00,3.056391068589628922e-07
1.640625000000000000e+00,2.887994267264580993e-07
1.656250000000000000e+00,2.784520180609254090e-07
1.671875000000000000e+00,2.916588099124658453e-07
1.687500000000000000e+00,3.119384183158131156e-07
1.703125000000000000e+00,3.121943364787546130e-07
1.718750000000000000e+00,2.903847453002433127e-07
1.734375000000000000e+00,2.668926906628054982e-07
1.750000000000000000e+00,2.593704215261167980e-07
1.765625000000000000e+00,2.663427026999819883e-07
1.781250000000000000e+00,2.751712594437873048e-07
1.796875000000000000e+00,2.783072843921871632e-07
1.812500000000000000e+00,2.737323041753052706e-07
1.828125000000000000e+00,2.599902522221744673e-07
1.843750000000000000e+00,2.475839443474699721e-07
1.859375000000000000e+00,2.565154100593455066e-07
1.875000000000000000e+00,2.774672292423737290e-07
1.890625000000000000e+00,2.855133735834360560e-07
1.906250000000000000e+00,2.814063380946206019e-07
1.921875000000000000e+00,2.774954768963296730e-07
1.937500000000000000e+00,2.760916338890514199e-07
1.953125000000000000e+00,2.822235236744723413e-07
1.968750000000000000e+00,2.989724460255570638e-07
1.984375000000000000e+00,3.144606348620526894e-07
2.000000000000000000e+00,3.188884291694786245e-07
2.015625000000000000e+00,3.111720447790969902e-07
2.031250000000000000e+00,2.999339755079990430e-07
2.046875000000000000e+00,2.975314395494399618e-07
2.062500000000000000e+00,2.990718742451035011e-07
2.078125000000000000e+00,2.946704988906103415e-07
2.093750000000000000e+00,2.917885412636564177e-07
2.109375000000000000e+00,2.973560300531206743e-07
2.125000000000000000e+00,3.031916059135171481e-07
2.140625000000000000e+00,3.081053227444388296e-07
2.156250000000000000e+00,3.160971365681934781e-07
2.171875000000000000e+00,3.205022329965063514e-07
2.187500000000000000e+00,3.175412373615743410e-07
2.203125000000000000e+00,3.138585889262061153e-07
2.218750000000000000e+00,3.147302789610443917e-07
2.234375000000000000e+00,3.179406376074465362e-07
2.250000000000000000e+00,3.192216629286676164e-07
2.265625000000000000e+00,3.131768775009430701e-07
2.281250000000000000e+00,2.972332938000739729e-07
2.296875000000000000e+00,2.908885737637833641e-07
2.312500000000000000e+00,3.346935661242495754e-07
2.328125000000000000e+00,4.247213944980767425e-07
2.343750000000000000e+00,5.077273059874734175e-07
2.359375000000000000e+00,5.496580296316590546e-07
2.375000000000000000e+00,5.480721922878075224e-07
2.390625000000000000e+00,5.070836878382441259e-07
2.406250000000000000e+00,4.362437010258269073e-07
2.421875000000000000e+00,3.670417057221034497e-07
2.437500000000000000e+00,3.292823295419144998e-07
2.453125000000000000e+00,3.223877359891522177e-07
2.468750000000000000e+00,3.395905882921899983e-07
2.484375000000000000e+00,3.675841215994420206e-07
2.500000000000000000e+00,3.819577429631697159e-07
2.515625000000000000e+00,3.750390247909753623e-07
2.531250000000000000e+00,3.554761558914941626e-07
2.546875000000000000e+00,3.323093542824103948e-07
2.562500000000000000e+00,3.209243724447731047e-07
2.578125000000000000e+00,3.301997605419570989e-07
2.593750000000000000e+00,3.483659744165197655e-07
2.609375000000000000e+00,3.628077035769169296e-07
2.625000000000000000e+00,3.652210946644858414e-07
2.640625000000000000e+00,3.536021636553025939e-07
2.656250000000000000e+00,3.444401012690693612e-07
2.671875000000000000e+00,3.585137826185942561e-07
2.687500000000000000e+00,3.856337138079480034e-07
2.703125000000000000e+00,3.946829210806249825e-07
2.718750000000000000e+00,3.797714124571321462e-07
2.734375000000000000e+00,3.595630255729686474e-07
2.750000000000000000e+00,3.394110328788966637e-07
2.765625000000000000e+00,3.193674752808310534e-07
2.781250000000000000e+00,3.116749575796521408e-07
2.796875000000000000e+00,3.164518120724740051e-07
2.812500000000000000e+00,3.221085739709929655e-07
2.828125000000000000e+00,3.183023098427776088e-07
2.843750000000000000e+00,2.951015418425070057e-07
2.859375000000000000e+00,2.553971155021952870e-07
2.875000000000000000e+00,2.220205869142663268e-07
2.890625000000000000e+00,2.205330816356726136e-07
2.906250000000000000e+00,2.458385665942752148e-07
2.921875000000000000e+00,2.793878796768640261e-07
2.937500000000000000e+00,3.232102277011380038e-07
2.953125000000000000e+00,3.763827419277787217e-07
2.968750000000000000e+00,4.202081651038650224e-07
2.984375000000000000e+00,4.411725295364234125e-07
3.000000000000000000e+00,4.368453545193120144e-07
3.015625000000000000e+00,4.074876984462991903e-07
3.031250000000000000e+00,3.602776865766345841e-07
3.046875000000000000e+00,3.156579608206159687e-07
3.062500000000000000e+00,3.030261734552737723e-07
3.078125000000000000e+00,3.254961450864640529e-07
3.093750000000000000e+00,3.518378198328017173e-07
3.109375000000000000e+00,3.635723242866152819e-07
3.125000000000000000e+00,3.589061858497064022e-07
3.140625000000000000e+00,3.425846817700134865e-07
3.156250000000000000e+00,3.289605777739134940e-07
3.171875000000000000e+00,3.290331783690349599e-07
3.187500000000000000e+00,3.367660430339343203e-07
3.203125000000000000e+00,3.474300867162487068e-07
3.218750000000000000e+00,3.712082946721904235e-07
3.234375000000000000e+00,4.028568050017737924e-07
3.250000000000000000e+00,4.089410615552956280e-07
3.265625000000000000e+00,3.732211384439299693e-07
3.281250000000000000e+00,3.222968890010963899e-07
3.296875000000000000e+00,2.873726448984499854e-07
3.312500000000000000e+00,2.617366838921317851e-07
3.328125000000000000e+00,2.332518627710647646e-07
3.343750000000000000e+00,2.144983262151493968e-07
3.359375000000000000e+00,2.175673237198825409e-07
3.375000000000000000e+00,2.318297613904098851e-07
3.390625000000000000e+00,2.388610013508235644e-07
3.406250000000000000e+00,2.324860434409331703e-07
3.421875000000000000e+00,2.263306922477446546e-07
3.437500000000000000e+00,2.405862418384584677e-07
3.453125000000000000e+00,2.805252402979413802e-07
3.468750000000000000e+00,3.290344776085497257e-07
3.484375000000000000e+00,3.547021086595128660e-07
3.500000000000000000e+00,3.421591579903969799e-07
3.515625000000000000e+00,3.176540889014015520e-07
3.531250000000000000e+00,3.174024908731455466e-07
3.546875000000000000e+00,3.309820420346334953e-07
3.562500000000000000e+00,3.406002762159195653e-07
3.578125000000000000e+00,3.509966330967384369e-07
3.593750000000000000e+00,3.535960018674574947e-07
3.609375000000000000e+00,3.412941905024155939e-07
3.625000000000000000e+00,3.301916625053793106e-07
3.640625000000000000e+00,3.243533340140565515e-07
3.656250000000000000e+00,3.080220876731403935e-07
3.671875000000000000e+00,2.758980136569571864e-07
3.687500000000000000e+00,2.414677165413872798e-07
3.703125000000000000e+00,2.229333046832893747e-07
3.718750000000000000e+00,2.146544035794509151e-07
3.734375000000000000e+00,2.003773918634024252e-07
3.750000000000000000e+00,1.905637688649482669e-07
3.765625000000000000e+00,2.093179094798298803e-07
3.781250000000000000e+00,2.512588330937143388e-07
3.796875000000000000e+00,2.927955616012601627e-07
3.812500000000000000e+00,3.192668084498656447e-07
3.828125000000000000e+00,3.332970284680429498e-07
3.843750000000000000e+00,3.487256470245027692e-07
3.859375000000000000e+00,3.653669738125339041e-07
3.875000000000000000e+00,3.701115412102512080e-07
3.890625000000000000e+00,3.620550750585117415e-07
3.906250000000000000e+00,3.555370578048297797e-07
3.921875000000000000e+00,3.581634112053717253e-07
3.937500000000000000e+00,3.578644954800747725e-07
3.953125000000000000e+00,3.443489393494515412e-07
3.968750000000000000e+00,3.202917300359370076e-07
3.984375000000000000e+00,2.906671309235187649e-07
4.000000000000000000e+00,2.656097174489459246e-07
4.015625000000000000e+00,2.613866741811518579e-07
4.031250000000000000e+00,2.741114252158168928e-07
4.046875000000000000e+00,2.816429321943635361e-07
4.062500000000000000e+00,2.792483732400911613e-07
4.078125000000000000e+00,2.847521367733685810e-07
4.093750000000000000e+00,3.100976787340536265e-07
4.109375000000000000e+00,3.377230955165793349e-07
4.125000000000000000e+00,3.443651375827465388e-07
4.140625000000000000e+00,3.260502889240944402e-07
4.156250000000000000e+00,2.931543755132346695e-07
4.171875000000000000e+00,2.626976011562645782e-07
4.187500000000000000e+00,2.498125466904341933e-07
4.203125000000000000e+00,2.520268989761742752e-07
4.218750000000000000e+00,2.594559785047525352e-07
4.234375000000000000e+00,2.688259676731990628e-07
4.250000000000000000e+00,2.779494351110046067e-07
4.265625000000000000e+00,2.840708270139456142e-07
4.281250000000000000e+00,2.836084175743072490e-07
4.296875000000000000e+00,2.700368485725478468e-07
4.312500000000000000e+00,2.417446911921270464e-07
4.328125000000000000e+00,2.118215898818016319e-07
4.343750000000000000e+00,1.950836889367289535e-07
4.359375000000000000e+00,1.893796899544186751e-07
4.375000000000000000e+00,1.822870061295996854e-07
4.390625000000000000e+00,1.672494609068978399e-07
4.406250000000000000e+00,1.537873543393943622e-07
4.421875000000000000e+00,1.616182168725813149e-07
4.437500000000000000e+00,1.908564483655845906e-07
4.453125000000000000e+00,2.180187732158570677e-07
4.468750000000000000e+00,2.248026905815873454e-07
4.484375000000000000e+00,2.159457393142260886e-07
4.500000000000000000e+00,2.135498973987540213e-07
4.515625000000000000e+00,2.281596905744455555e-07
4.531250000000000000e+00,2.535702814337079480e-07
4.546875000000000000e+00,2.805008194317945366e-07
4.562500000000000000e+00,2.954675896779861091e-07
4.578125000000000000e+00,2.943919565310809023e-07
4.593750000000000000e+00,2.897594831154576839e-07
4.609375000000000000e+00,2.874823457675374895e-07
4.625000000000000000e+00,2.830970308016614819e-07
4.640625000000000000e+00,2.799130893101148607e-07
4.656250000000000000e+00,2.769307770294868498e-07
4.671875000000000000e+00,2.677365149388996471e-07
4.687500000000000000e+00,2.625433430637419530e-07
4.703125000000000000e+00,2.767111671935793669e-07
4.718750000000000000e+00,3.079075734459968269e-07
4.734375000000000000e+00,3.370076949726441458e-07
4.750000000000000000e+00,3.463861129993202050e-07
4.765625000000000000e+00,3.368833489134704578e-07
4.781250000000000000e+00,3.180306328217546908e-07
4.796875000000000000e+00,2.892593231096725720e-07
4.812500000000000000e+00,2.545438633358681368e-07
4.828125000000000000e+00,2.361202060777152255e-07
4.843750000000000000e+00,2.447638601681515536e-07
4.859375000000000000e+00,2.719532968451276940e-07
4.875000000000000000e+00,3.042660704622735733e-07
4.890625000000000000e+00,3.261511324478900278e-07
4.906250000000000000e+00,3.323274615778458898e-07
4.921875000000000000e+00,3.263700781538715240e-07
4.937500000000000000e+00,3.072356656272005159e-07
4.953125000000000000e+00,2.719175475042108785e-07
4.968750000000000000e+00,2.271411749874517446e-07
4.984375000000000000e+00,1.990889722262711086e-07
5.000000000000000000e+00,2.142589765953117542e-07
5.015625000000000000e+00,2.531482324940553716e-07
5.031250000000000000e+00,2.842491361497224538e-07
5.046875000000000000e+00,2.958016447393124550e-07
5.062500000000000000e+00,2.899475991351811094e-07
5.078125000000000000e+00,2.765262674726250746e-07
5.093750000000000000e+00,2.631189820838521352e-07
5.109375000000000000e+00,2.478235818706423743e-07
5.125000000000000000e+00,2.302909227115779949e-07
5.140625000000000000e+00,2.205437388220933015e-07
5.156250000000000000e+00,2.289184881581495833e-07
5.171875000000000000e+00,2.485245928294606525e-07
5.187500000000000000e+00,2.581876795391239333e-07
5.203125000000000000e+00,2.479266127327631892e-07
5.218750000000000000e+00,2.311787082110518986e-07
5.234375000000000000e+00,2.274426123908035344e-07
5.250000000000000000e+00,2.346451767425919825e-07
5.265625000000000000e+00,2.386815612905359687e-07
5.281250000000000000e+00,2.388561914800235863e-07
5.296875000000000000e+00,2.414699165225515830e-07
5.312500000000000000e+00,2.447373593718426546e-07
5.328125000000000000e+00,2.418749483128908839e-07
5.343750000000000000e+00,2.331695123802298535e-07
5.359375000000000000e+00,2.269787688196455556e-07
5.375000000000000000e+00,2.291086549935714529e-07
5.390625000000000000e+00,2.375246146701261263e-07
5.406250000000000000e+00,2.394216311948514026e-07
5.421875000000000000e+00,2.235548082909623131e-07
5.437500000000000000e+00,1.986772995582252308e-07
5.453125000000000000e+00,1.865215499778496812e-07
5.468750000000000000e+00,1.906330345894957309e-07
5.484375000000000000e+00,1.972485679389874653e-07
5.500000000000000000e+00,2.044629695029688152e-07
5.515625000000000000e+00,2.126315599998129776e-07
5.531250000000000000e+00,2.165937637773715028e-07
5.546875000000000000e+00,2.230517988300222621e-07
5.562500000000000000e+00,2.454298621924855080e-07
5.578125000000000000e+00,2.773633104233554114e-07
5.593750000000000000e+00,2.997435785931051404e-07
5.609375000000000000e+00,3.100438528149012149e-07
5.625000000000000000e+00,3.198161193760946638e-07
5.640625000000000000e+00,3.255011505822004058e-07
5.656250000000000000e+00,3.114827960075941385e-07
5.671875000000000000e+00,2.808169179560590934e-07
5.687500000000000000e+00,2.560246574081728865e-07
5.703125000000000000e+00,2.441822351727165969e-07
5.718750000000000000e+00,2.308407250260452612e-07
5.734375000000000000e+00,2.146819764436360028e-07
5.750000000000000000e+00,2.058791112314214374e-07
5.765625000000000000e+00,2.020457391820079393e-07
5.781250000000000000e+00,1.961518600409836000e-07
5.796875000000000000e+00,1.877376976353906441e-07
5.812500000000000000e+00,1.773362617823254942e-07
5.828125000000000000e+00,1.709784425958613669e-07
5.843750000000000000e+00,1.812889133551062597e-07
5.859375000000000000e+00,2.074649463222159930e-07
5.875000000000000000e+00,2.315064383574131051e-07
5.890625000000000000e+00,2.375682359267172862e-07
5.906250000000000000e+00,2.288740681480705942e-07
5.921875000000000000e+00,2.268970240734086972e-07
5.937500000000000000e+00,2.369712244272373075e-07
5.953125000000000000e+00,2.359257678852653605e-07
5.968750000000000000e+00,2.175900304224420466e-07
5.984375000000000000e+00,2.019975450917120131e-07
6.000000000000000000e+00,1.949959428058996336e-07
6.015625000000000000e+00,1.809271435514996368e-07
6.031250000000000000e+00,1.577632451086478275e-07
6.046875000000000000e+00,1.407485864390174071e-07
6.062500000000000000e+00,1.377861570460353680e-07
6.078125000000000000e+00,1.442107360608210307e-07
6.093750000000000000e+00,1.562185758900237580e-07
6.109375000000000000e+00,1.695789708112801461e-07
6.125000000000000000e+00,1.788295243650702616e-07
6.140625000000000000e+00,1.846764392827936323e-07
6.156250000000000000e+00,1.930439304349476089e-07
6.171875000000000000e+00,2.040268051824353444e-07
6.187500000000000000e+00,2.079531720076911630e-07
6.203125000000000000e+00,1.986449760291117369e-07
6.218750000000000000e+00,1.796745356910235932e-07
6.234375000000000000e+00,1.564752847022299661e-07
6.250000000000000000e+00,1.373554103927701105e-07
6.265625000000000000e+00,1.337678176437115904e-07
6.281250000000000000e+00,1.437146276190918651e-07
6.296875000000000000e+00,1.543407475446381361e-07
6.312500000000000000e+00,1.583077007340203697e-07
6.328125000000000000e+00,1.554998135946949958e-07
6.343750000000000000e+00,1.482155022245448893e-07
6.359375000000000000e+00,1.393675340682810841e-07
6.375000000000000000e+00,1.366888897158416604e-07
6.390625000000000000e+00,1.454083929239674874e-07
6.406250000000000000e+00,1.541779258791393458e-07
6.421875000000000000e+00,1.478415155461149592e-07
6.437500000000000000e+00,1.254719419170870962e-07
6.453125000000000000e+00,1.036043712414727366e-07
6.468750000000000000e+00,1.031195827465473164e-07
6.484375000000000000e+00,1.177651334666730558e-07
6.500000000000000000e+00,1.311510596071866577e-07
6.515625000000000000e+00,1.431392108665679254e-07
6.531250000000000000e+00,1.563135312526971378e-07
6.546875000000000000e+00,1.689348834246729344e-07
6.562500000000000000e+00,1.789497724515573582e-07
6.578125000000000000e+00,1.827279132530140573e-07
6.593750000000000000e+00,1.768622823681619735e-07
6.609375000000000000e+00,1.629349275881386995e-07
6.625000000000000000e+00,1.517148119873172287e-07
6.640625000000000000e+00,1.598040062938318794e-07
6.656250000000000000e+00,1.867950155002460923e-07
6.671875000000000000e+00,2.098274507946462438e-07
6.687500000000000000e+00,2.111496317487864887e-07
6.703125000000000000e+00,1.917710361094526730e-07
6.718750000000000000e+00,1.640742538983576202e-07
6.734375000000000000e+00,1.402991750761872560e-07
6.750000000000000000e+00,1.291580625961840712e-07
6.765625000000000000e+00,1.363921608004683361e-07
6.781250000000000000e+00,1.529404673204600313e-07
6.796875000000000000e+00,1.609365190287833005e-07
6.812500000000000000e+00,1.558299527457204988e-07
6.828125000000000000e+00,1.439369292892222132e-07
6.843750000000000000e+00,1.327548629009181151e-07
6.859375000000000000e+00,1.290158567093896193e-07
6.875000000000000000e+00,1.335758880569926071e-07
6.890625000000000000e+00,1.399036911809884389e-07
6.906250000000000000e+00,1.424381504740054436e-07
6.921875000000000000e+00,1.410857174313400431e-07
6.937500000000000000e+00,1.386134661291914982e-07
6.953125000000000000e+00,1.386490723566523374e-07
6.968750000000000000e+00,1.430029346907622231e-07
6.984375000000000000e+00,1.494792345189544152e-07
7.000000000000000000e+00,1.537145551030758603e-07
7.015625000000000000e+00,1.531470524674825044e-07
7.031250000000000000e+00,1.527769184704449171e-07
7.046875000000000000e+00,1.600458993180477230e-07
7.062500000000000000e+00,1.713269614645744902e-07
7.078125000000000000e+00,1.786738411707334745e-07
7.093750000000000000e+00,1.800274461421542353e-07
7.109375000000000000e+00,1.762121339388657937e-07
7.125000000000000000e+00,1.705642313052742827e-07
7.140625000000000000e+00,1.648496731633587234e-07
7.156250000000000000e+00,1.535548281470469171e-07
7.171875000000000000e+00,1.357029568563759392e-07
7.187500000000000000e+00,1.218387899840978986e-07
7.203125000000000000e+00,1.163434748193246836e-07
7.218750000000000000e+00,1.132998339330219107e-07
7.234375000000000000e+00,1.107740185358245678e-07
7.250000000000000000e+00,1.077629271823221976e-07
7.265625000000000000e+00,1.055281242326824555e-07
7.281250000000000000e+00,1.111249783296077675e-07
7.296875000000000000e+00,1.274299421520545619e-07
7.312500000000000000e+00,1.466237345461226311e-07
7.328125000000000000e+00,1.578474981642110520e-07
7.343750000000000000e+00,1.589658919047160470e-07
7.359375000000000000e+00,1.570325525444479136e-07
7.375000000000000000e+00,1.552053131043059032e-07
7.390625000000000000e+00,1.488760033434491227e-07
7.406250000000000000e+00,1.393308523693925352e-07
7.421875000000000000e+00,1.391308934074535121e-07
7.437500000000000000e+00,1.522543263717125732e-07
7.453125000000000000e+00,1.635758203176082292e-07
7.468750000000000000e+00,1.672744219479397553e-07
7.484375000000000000e+00,1.716083088659141217e-07
7.500000000000000000e+00,1.770304530334212398e-07
7.515625000000000000e+00,1.771760508002526350e-07
7.531250000000000000e+00,1.717576875082616416e-07
7.546875000000000000e+00,1.631012109709956830e-07
7.562500000000000000e+00,1.505270817856804826e-07
7.578125000000000000e+00,1.380454051771501147e-07
7.593750000000000000e+00,1.364318131337285264e-07
7.609375000000000000e+00,1.457530206874957620e-07
7.625000000000000000e+00,1.536523294113321767e-07
7.640625000000000000e+00,1.539396306439505465e-07
7.656250000000000000e+00,1.523784517685235126e-07
7.671875000000000000e+00,1.552049253407928918e-07
7.687500000000000000e+00,1.593015375403068792e-07
7.703125000000000000e+00,1.610934129049378774e-07
7.718750000000000000e+00,1.594328268742690268e-07
7.734375000000000000e+00,1.520555146955636097e-07
7.750000000000000000e+00,1.386649046320697499e-07
7.765625000000000000e+00,1.234456587152707346e-07
7.781250000000000000e+00,1.140494184114546966e-07
7.796875000000000000e+00,1.113758880030631969e-07
7.812500000000000000e+00,1.076104154814506076e-07
7.828125000000000000e+00,1.033523035285451563e-07
7.843750000000000000e+00,1.074193748529708970e-07
7.859375000000000000e+00,1.156582629591555984e-07
7.875000000000000000e+00,1.183467683028273147e-07
7.890625000000000000e+00,1.203044020149287098e-07
7.906250000000000000e+00,1.308573200004744058e-07
7.921875000000000000e+00,1.450946722860630552e-07
7.937500000000000000e+00,1.529466375212733466e-07
7.953125000000000000e+00,1.528246587989238024e-07
7.968750000000000000e+00,1.491905378640723818e-07
7.984375000000000000e+00,1.444598957724660701e-07
8.000000000000000000e+00,1.372496979343801238e-07
8.015625000000000000e+00,1.273047234133974890e-07
8.031250000000000000e+00,1.167078279863177974e-07
8.046875000000000000e+00,1.065676915503578799e-07
8.062500000000000000e+00,9.829897869296928619e-08
8.078125000000000000e+00,9.755079216718082279e-08
8.093750000000000000e+00,1.071414097736617169e-07
8.109375000000000000e+00,1.214027000088299104e-07
8.125000000000000000e+00,1.338945206716717970e-07
8.140625000000000000e+00,1.411452153296717313e-07
8.156250000000000000e+00,1.403982907478806509e-07
8.171875000000000000e+00,1.311583467366760686e-07
8.187500000000000000e+00,1.187739008680077428e-07
8.203125000000000000e+00,1.102483645238081053e-07
8.218750000000000000e+00,1.092463152615156277e-07
8.234375000000000000e+00,1.162147083031580003e-07
8.250000000000000000e+00,1.260822544692495280e-07
8.265625000000000000e+00,1.327737854033227409e-07
8.281250000000000000e+00,1.362275595778074779e-07
8.296875000000000000e+00,1.384314890147414745e-07
8.312500000000000000e+00,1.396219722838789982e-07
8.328125000000000000e+00,1.406779414781400751e-07
8.343750000000000000e+00,1.406178002729453936e-07
8.359375000000000000e+00,1.356195852532268221e-07
8.375000000000000000e+00,1.272996011322953400e-07
8.390625000000000000e+00,1.245213912928543054e-07
8.406250000000000000e+00,1.312305649925108814e-07
8.421875000000000000e+00,1.384970879402719491e-07
8.437500000000000000e+00,1.367227808088364155e-07
8.453125000000000000e+00,1.319124598047285958e-07
8.468750000000000000e+00,1.377112986767958987e-07
8.484375000000000000e+00,1.488593226561415522e-07
8.500000000000000000e+00,1.539419686641825216e-07
8.515625000000000000e+00,1.528007831583509300e-07
8.531250000000000000e+00,1.483220220427790781e-07
8.546875000000000000e+00,1.447047796300812504e-07
8.562500000000000000e+00,1.457770586494428925e-07
8.578125000000000000e+00,1.486462647445932834e-07
8.593750000000000000e+00,1.514344678913518067e-07
8.609375000000000000e+00,1.560007538189417339e-07
8.625000000000000000e+00,1.590332713828770991e-07
8.640625000000000000e+00,1.539104876441950521e-07
8.656250000000000000e+00,1.421692606779488896e-07
8.671875000000000000e+00,1.320543296869096815e-07
8.687500000000000000e+00,1.261177466745983175e-07
8.703125000000000000e+00,1.221703352693012471e-07
8.718750000000000000e+00,1.251375028147144965e-07
8.734375000000000000e+00,1.424446500322861996e-07
8.750000000000000000e+00,1.669910800451084371e-07
8.765625000000000000e+00,1.856218376385013340e-07
8.781250000000000000e+00,1.931646836510375546e-07
8.796875000000000000e+00,1.908825121997302955e-07
8.812500000000000000e+00,1.840002165125969129e-07
8.828125000000000000e+00,1.754965516558034131e-07
8.843750000000000000e+00,1.633139527433928682e-07
8.859375000000000000e+00,1.484708139681875271e-07
8.875000000000000000e+00,1.327377012701047062e-07
8.890625000000000000e+00,1.150898963416901265e-07
8.906250000000000000e+00,9.933422204264901475e-08
8.921875000000000000e+00,9.230391377468698239e-08
8.937500000000000000e+00,9.130290352851937539e-08
8.953125000000000000e+00,9.104915144306206532e-08
8.968750000000000000e+00,9.212657265728345626e-08
8.984375000000000000e+00,9.421538998921426510e-08
9.000000000000000000e+00,9.550154453039132296e-08
9.015625000000000000e+00,9.689198904265357967e-08
9.031250000000000000e+00,1.017893196426255848e-07
9.046875000000000000e+00,1.107327959802928959e-07
9.062500000000000000e+00,1.188951429026629271e-07
9.078125000000000000e+00,1.195487716953936651e-07
9.093750000000000000e+00,1.108180274457307982e-07
9.109375000000000000e+00,1.016938372582476285e-07
9.125000000000000000e+00,1.019287109943113627e-07
9.140625000000000000e+00,1.072595099933536814e-07
9.156250000000000000e+00,1.121316124389832389e-07
9.171875000000000000e+00,1.160194424564995959e-07
9.187500000000000000e+00,1.183919782096084459e-07
9.203125000000000000e+00,1.185948815884657533e-07
9.218750000000000000e+00,1.164394086857132980e-07
9.234375000000000000e+00,1.124442876356346661e-07
9.250000000000000000e+00,1.075970908560112611e-07
9.265625000000000000e+00,1.035937453887464552e-07
9.281250000000000000e+00,1.027190833735909271e-07
9.296875000000000000e+00,1.052770746427321613e-07
9.312500000000000000e+00,1.099916149681905673e-07
9.328125000000000000e+00,1.155723636325508154e-07
9.343750000000000000e+00,1.197857674674628325e-07
9.359375000000000000e+00,1.203790296160286609e-07
9.375000000000000000e+00,1.157511935150326138e-07
9.390625000000000000e+00,1.072091165321484239e-07
9.406250000000000000e+00,1.003729111489806840e-07
9.421875000000000000e+00,9.911219401990969140e-08
9.437500000000000000e+00,1.012800150793305573e-07
9.453125000000000000e+00,1.048508970541304352e-07
9.468750000000000000e+00,1.102097723699066721e-07
9.484375000000000000e+00,1.155178954858658728e-07
9.500000000000000000e+00,1.163729288974026311e-07
9.515625000000000000e+00,1.093972587363009319e-07
9.531250000000000000e+00,9.763190637861651457e-08
9.546875000000000000e+00,9.085889324784875111e-08
9.562500000000000000e+00,9.148055100865439655e-08
9.578125000000000000e+00,9.129495523184855481e-08
9.593750000000000000e+00,8.674488663833027286e-08
9.609375000000000000e+00,8.110735377020947725e-08
9.625000000000000000e+00,7.780095480659611204e-08
9.640625000000000000e+00,8.016551488034528589e-08
9.656250000000000000e+00,9.286637881866307483e-08
9.671875000000000000e+00,1.128133070193919005e-07
9.687500000000000000e+00,1.279922699579203815e-07
9.703125000000000000e+00,1.299369857204397499e-07
9.718750000000000000e+00,1.233072443290176055e-07
9.734375000000000000e+00,1.202531114522615331e-07
9.750000000000000000e+00,1.207251870465146364e-07
9.765625000000000000e+00,1.165873885179230353e-07
9.781250000000000000e+00,1.077881489628240382e-07
9.796875000000000000e+00,9.742255882479971840e-08
9.812500000000000000e+00,8.816795075536777265e-08
9.828125000000000000e+00,8.349611057895868999e-08
9.843750000000000000e+00,8.237020004845654465e-08
9.859375000000000000e+00,8.391875666603229015e-08
9.875000000000000000e+00,9.191423594571358643e-08
9.890625000000000000e+00,1.012518255257554674e-07
9.906250000000000000e+00,1.016014731371106455e-07
9.921875000000000000e+00,9.280307784043551547e-08
9.937500000000000000e+00,8.471188310349995859e-08
9.953125000000000000e+00,8.549319837685898744e-08
9.968750000000000000e+00,9.354802811551491952e-08
9.984375000000000000e+00,1.052183499444271563e-07
1.000000000000000000e+01,1.180095223932934471e-07
1.001562500000000000e+01,1.269939644116017448e-07
1.003125000000000000e+01,1.288965515836551514e-07
1.004687500000000000e+01,1.278780150218291278e-07
1.006250000000000000e+01,1.283464719912959373e-07
1.007812500000000000e+01,1.291266146211537363e-07
1.009375000000000000e+01,1.310511132307681043e-07
1.010937500000000000e+01,1.361597888999869539e-07
1.012500000000000000e+01,1.431103722000134253e-07
1.014062500000000000e+01,1.493551990293651072e-07
1.015625000000000000e+01,1.512732219257257905e-07
1.017187500000000000e+01,1.446881776535858010e-07
1.018750000000000000e+01,1.309561370901401003e-07
1.020312500000000000e+01,1.184055793399236422e-07
1.021875000000000000e+01,1.132137955333800430e-07
1.023437500000000000e+01,1.129185672621286238e-07
1.025000000000000000e+01,1.106970062440446815e-07
1.026562500000000000e+01,1.023267581618993325e-07
1.028125000000000000e+01,9.016978750512517420e-08
1.029687500000000000e+01,7.988252945611625724e-08
1.031250000000000000e+01,7.587215197046912425e-08
1.032812500000000000e+01,7.900639899830194146e-08
1.034375000000000000e+01,8.439168886411855343e-08
1.035937500000000000e+01,8.659051245390163744e-08
1.037500000000000000e+01,8.488891269836127277e-08
1.039062500000000000e+01,8.290351596819140183e-08
1.040625000000000000e+01,8.297201685042454847e-08
1.042187500000000000e+01,8.284107842873664388e-08
1.043750000000000000e+01,8.155732413780184901e-08
1.045312500000000000e+01,8.209371420352214034e-08
1.046875000000000000e+01,8.735399465230050344e-08
1.048437500000000000e+01,9.778277299141493059e-08
1.050000000000000000e+01,1.121861678287743379e-07
1.051562500000000000e+01,1.266887508318409582e-07
1.053125000000000000e+01,1.348367101825765871e-07
1.054687500000000000e+01,1.347244093817216286e-07
1.056250000000000000e+01,1.318491622818360356e-07
1.057812500000000000e+01,1.298285897117798996e-07
1.059375000000000000e+01,1.278704031811249716e-07
1.060937500000000000e+01,1.263360900147558791e-07
1.062500000000000000e+01,1.254185019693848011e-07
1.064062500000000000e+01,1.235197418074837585e-07
1.065625000000000000e+01,1.187988500013708458e-07
1.067187500000000000e+01,1.122323759389415997e-07
1.068750000000000000e+01,1.065405383941722141e-07
1.070312500000000000e+01,1.000375170102861634e-07
1.071875000000000000e+01,9.194481147466808830e-08
1.073437500000000000e+01,8.699265535560347234e-08
1.075000000000000000e+01,8.615541711545210954e-08
1.076562500000000000e+01,8.539245153547308926e-08
1.078125000000000000e+01,8.192514241745564814e-08
1.079687500000000000e+01,7.519961461411889900e-08
1.081250000000000000e+01,6.849173987024503316e-08
1.082812500000000000e+01,6.950351362869939729e-08
1.084375000000000000e+01,7.779634636889593954e-08
1.085937500000000000e+01,8.330911115443632838e-08
1.087500000000000000e+01,8.173497158986026906e-08
1.089062500000000000e+01,7.707045900906048511e-08
1.090625000000000000e+01,7.479677894278233914e-08
1.092187500000000000e+01,7.709144286743468922e-08
1.093750000000000000e+01,8.340831849641001508e-08
1.095312500000000000e+01,9.064001659768861749e-08
1.096875000000000000e+01,9.469562811578084448e-08
1.098437500000000000e+01,9.444857648310763506e-08
1.100000000000000000e+01,9.090116701303191767e-08
1.101562500000000000e+01,8.659334255954908787e-08
1.103125000000000000e+01,8.655105575326256808e-08
1.104687500000000000e+01,9.209701910678602287e-08
1.106250000000000000e+01,9.715496947657965215e-08
1.107812500000000000e+01,9.722268802866771389e-08
1.109375000000000000e+01,9.611681340699216740e-08
1.110937500000000000e+01,9.842691338568080947e-08
1.112500000000000000e+01,1.006328050332870110e-07
1.114062500000000000e+01,9.745334963644869937e-08
1.115625000000000000e+01,9.225185713960985821e-08
1.117187500000000000e+01,9.436721954461036929e-08
1.118750000000000000e+01,1.011798822266981697e-07
1.120312500000000000e+01,1.054347370525139943e-07
1.121875000000000000e+01,1.074076018079888840e-07
1.123437500000000000e+01,1.052054259593067950e-07
1.125000000000000000e+01,9.637665980292069941e-08
1.126562500000000000e+01,8.584068585745124374e-08
1.128125000000000000e+01,7.931901068703744338e-08
1.129687500000000000e+01,7.423009053632719934e-08
1.131250000000000000e+01,6.777817869939197813e-08
1.132812500000000000e+01,6.493518700181636505e-08
1.134375000000000000e+01,6.928513927877033787e-08
1.135937500000000000e+01,7.452618423720422575e-08
1.137500000000000000e+01,7.452285880217007161e-08
1.139062500000000000e+01,7.197480510539602012e-08
1.140625000000000000e+01,7.506790931143533535e-08
1.142187500000000000e+01,8.539796694063414164e-08
1.143750000000000000e+01,9.700479699275271222e-08
1.145312500000000000e+01,1.044144175044436310e-07
1.146875000000000000e+01,1.047030576053340706e-07
1.148437500000000000e+01,9.896360692821892321e-08
1.150000000000000000e+01,9.190787915006104778e-08
1.151562500000000000e+01,8.878749220331322326e-08
1.153125000000000000e+01,9.090579036068674541e-08
1.154687500000000000e+01,9.596566219732510506e-08
1.156250000000000000e+01,1.023286523996799715e-07
1.157812500000000000e+01,1.077856572024480044e-07
1.159375000000000000e+01,1.099146696421079558e-07
1.160937500000000000e+01,1.072466041854478717e-07
1.162500000000000000e+01,9.951233108461752695e-08
1.164062500000000000e+01,8.973602340495896878e-08
1.165625000000000000e+01,8.082582952119230329e-08
1.167187500000000000e+01,7.415958837780926358e-08
1.168750000000000000e+01,7.467996443662704096e-08
1.170312500000000000e+01,8.284459842646113991e-08
1.171875000000000000e+01,9.104480964267458977e-08
1.173437500000000000e+01,9.457655648029107164e-08
1.175000000000000000e+01,9.313836876940985018e-08
1.176562500000000000e+01,8.852817427385586949e-08
1.178125000000000000e+01,8.415624341907476257e-08
1.179687500000000000e+01,8.207374471868941201e-08
1.181250000000000000e+01,8.238418839788325695e-08
1.182812500000000000e+01,8.559533395140819516e-08
1.184375000000000000e+01,9.038259868868684155e-08
1.185937500000000000e+01,9.346207940239907083e-08
1.187500000000000000e+01,9.396999804482669722e-08
1.189062500000000000e+01,9.339283491855122250e-08
1.190625000000000000e+01,9.218965579674731386e-08
1.192187500000000000e+01,8.983790394951990287e-08
1.193750000000000000e+01,8.708190928035333322e-08
1.195312500000000000e+01,8.617054295263444142e-08
1.196875000000000000e+01,8.787634369566581603e-08
1.198437500000000000e+01,8.772921552200724457e-08
1.200000000000000000e+01,8.317160530323610937e-08
1.201562500000000000e+01,8.082237376310365253e-08
1.203125000000000000e+01,8.488525345087715984e-08
1.204687500000000000e+01,9.175069355605882294e-08
1.206250000000000000e+01,9.995215612719006109e-08
1.207812500000000000e+01,1.070598681203369035e-07
1.209375000000000000e+01,1.083580352331904645e-07
1.210937500000000000e+01,1.032873610074328362e-07
1.212500000000000000e+01,9.572871840324498257e-08
1.214062500000000000e+01,9.056001279895055502e-08
1.215625000000000000e+01,9.074629354690213667e-08
1.217187500000000000e+01,9.445778782122315797e-08
1.218750000000000000e+01,9.910162466395420927e-08
1.220312500000000000e+01,1.031915343748124420e-07
1.221875000000000000e+01,1.040342099696619776e-07
1.223437500000000000e+01,1.007474359443280999e-07
1.225000000000000000e+01,9.459045200904505502e-08
1.226562500000000000e+01,8.519102367298367993e-08
1.228125000000000000e+01,7.318056949150515824e-08
1.229687500000000000e+01,6.359304575649835697e-08
1.231250000000000000e+01,5.951641507445070699e-08
1.232812500000000000e+01,5.739457757868439912e-08
1.234375000000000000e+01,5.484534163573579938e-08
1.235937500000000000e+01,5.405568369684350313e-08
1.237500000000000000e+01,5.597713654227663638e-08
1.239062500000000000e+01,5.859509649676464077e-08
1.240625000000000000e+01,5.980802350577953855e-08
1.242187500000000000e+01,5.807385598177222967e-08
1.243750000000000000e+01,5.361254685415087538e-08
1.245312500000000000e+01,4.918605160200798863e-08
1.246875000000000000e+01,4.730040550384941593e-08
1.248437500000000000e+01,4.835124159349616164e-08
1.250000000000000000e+01,5.096623024192324572e-08
1.251562500000000000e+01,5.224857755341882387e-08
1.253125000000000000e+01,5.328711507496626676e-08
1.254687500000000000e+01,5.858435919109299763e-08
1.256250000000000000e+01,6.609538725842654757e-08
1.257812500000000000e+01,7.159865975090993970e-08
1.259375000000000000e+01,7.513962403256446862e-08
1.260937500000000000e+01,7.546903811048391166e-08
1.262500000000000000e+01,6.996754330803388574e-08
1.264062500000000000e+01,6.195791492383544658e-08
1.265625000000000000e+01,5.857578327706255951e-08
1.267187500000000000e+01,6.206962899635242810e-08
1.268750000000000000e+01,7.034433573701041700e-08
1.270312500000000000e+01,8.004163162446632634e-08
1.271875000000000000e+01,8.771264105533219637e-08
1.273437500000000000e+01,9.213504242577288103e-08
1.275000000000000000e+01,9.378420752697870036e-08
1.276562500000000000e+01,9.177556541320815977e-08
1.278125000000000000e+01,8.494609270360086267e-08
1.279687500000000000e+01,7.739434587559530075e-08
1.281250000000000000e+01,7.730300035145601989e-08
1.282812500000000000e+01,8.329844106209159879e-08
1.284375000000000000e+01,8.536067474597679589e-08
1.285937500000000000e+01,8.155174088057406011e-08
1.287500000000000000e+01,8.075119715967107683e-08
1.289062500000000000e+01,8.744731054423190518e-08
1.290625000000000000e+01,9.496756666117104318e-08
1.292187500000000000e+01,9.753971802147433135e-08
1.293750000000000000e+01,9.500738324782333600e-08
1.295312500000000000e+01,9.019795109842204450e-08
1.296875000000000000e+01,8.561270963446045066e-08
1.298437500000000000e+01,8.179446556539522392e-08
1.300000000000000000e+01,7.873040733345955838e-08
1.301562500000000000e+01,7.849220854705757810e-08
1.303125000000000000e+01,8.063630781850304801e-08
1.304687500000000000e+01,7.960860830229244263e-08
1.306250000000000000e+01,7.177350058071409307e-08
1.307812500000000000e+01,6.035108790811979229e-08
1.309375000000000000e+01,5.229014802017916492e-08
1.310937500000000000e+01,5.068586949318908530e-08
1.312500000000000000e+01,5.496491635871168603e-08
1.314062500000000000e+01,6.257221070520289862e-08
1.315625000000000000e+01,6.978322242899523646e-08
1.317187500000000000e+01,7.477357653794801976e-08
1.318750000000000000e+01,7.665491049358847685e-08
1.320312500000000000e+01,7.645265749922575044e-08
1.321875000000000000e+01,7.915021311743432442e-08
1.323437500000000000e+01,8.667106112367921661e-08
1.325000000000000000e+01,9.234907553396710433e-08
1.326562500000000000e+01,9.064154743583197184e-08
1.328125000000000000e+01,8.547833839381738229e-08
1.329687500000000000e+01,8.371070442049167851e-08
1.331250000000000000e+01,8.299560431212354496e-08
1.332812500000000000e+01,7.827811176476238429e-08
1.334375000000000000e+01,7.080811163466814235e-08
1.335937500000000000e+01,6.492836199609648874e-08
1.337500000000000000e+01,6.377903142880445880e-08
1.339062500000000000e+01,6.585354865954526506e-08
1.340625000000000000e+01,6.639640293248471159e-08
1.342187500000000000e+01,6.315761283623901869e-08
1.343750000000000000e+01,5.820489262166979568e-08
1.345312500000000000e+01,5.699952624398556602e-08
1.346875000000000000e+01,6.170716116547779882e-08
1.348437500000000000e+01,6.628600012082769030e-08
1.350000000000000000e+01,6.572887761264025266e-08
1.351562500000000000e+01,6.244954204375027043e-08
1.353125000000000000e+01,6.153612116382094130e-08
1.354687500000000000e+01,6.413665591676371014e-08
1.356250000000000000e+01,6.781707684484191335e-08
1.357812500000000000e+01,7.080918828685373212e-08
1.359375000000000000e+01,7.422279666308558486e-08
1.360937500000000000e+01,7.982741179066969350e-08
1.362500000000000000e+01,8.499932906971219590e-08
1.364062500000000000e+01,8.578219541606470068e-08
1.365625000000000000e+01,8.393722662623244022e-08
1.367187500000000000e+01,8.516761968303507976e-08
1.368750000000000000e+01,8.960173892132366573e-08
1.370312500000000000e+01,9.061686580954657446e-08
1.371875000000000000e+01,8.450343511419809574e-08
1.373437500000000000e+01,7.542084183740663266e-08
1.375000000000000000e+01,7.015766373055436997e-08
1.376562500000000000e+01,6.914118411702792747e-08
1.378125000000000000e+01,6.815917434335231360e-08
1.379687500000000000e+01,6.633077377727300508e-08
1.381250000000000000e+01,6.653816407047778267e-08
1.382812500000000000e+01,6.953090896709211139e-08
1.384375000000000000e+01,7.286534668511146431e-08
1.385937500000000000e+01,7.485483512249678114e-08
1.387500000000000000e+01,7.468504907032757312e-08
1.389062500000000000e+01,7.146750343609080893e-08
1.390625000000000000e+01,6.639493176613429404e-08
1.392187500000000000e+01,6.276671755784577564e-08
1.393750000000000000e+01,6.132711021677646282e-08
1.395312500000000000e+01,5.992213916048457979e-08
1.396875000000000000e+01,5.816392338598054855e-08
1.398437500000000000e+01,5.722945236470237792e-08
1.400000000000000000e+01,5.706041321432589018e-08
1.401562500000000000e+01,5.600422423395432659e-08
1.403125000000000000e+01,5.229259707938560638e-08
1.404687500000000000e+01,4.721791453375880308e-08
1.406250000000000000e+01,4.542193828964160749e-08
1.407812500000000000e+01,5.007227792994634780e-08
1.409375000000000000e+01,5.885358965519460608e-08
1.410937500000000000e+01,6.620015938435893946e-08
1.412500000000000000e+01,6.842482341316142844e-08
1.414062500000000000e+01,6.626300638494691879e-08
1.415625000000000000e+01,6.409249062454118153e-08
1.417187500000000000e+01,6.574246227778294862e-08
1.418750000000000000e+01,6.946422938269867328e-08
1.420312500000000000e+01,7.119928236850760472e-08
1.421875000000000000e+01,6.982635383554019518e-08
1.423437500000000000e+01,6.666112696452921281e-08
1.425000000000000000e+01,6.324146132378917851e-08
1.426562500000000000e+01,5.963208729010924648e-08
1.428125000000000000e+01,5.510380339345154378e-08
1.429687500000000000e+01,5.056946700942097277e-08
1.431250000000000000e+01,4.779314542961470034e-08
1.432812500000000000e+01,4.742405182469930371e-08
1.434375000000000000e+01,4.799348498395289209e-08
1.435937500000000000e+01,4.810335853867837067e-08
1.437500000000000000e+01,4.877825610601333737e-08
1.439062500000000000e+01,5.169380464128085225e-08
1.440625000000000000e+01,5.834381951214438441e-08
1.442187500000000000e+01,6.638953205238316174e-08
1.443750000000000000e+01,6.829025264727985297e-08
1.445312500000000000e+01,6.218884121248388678e-08
1.446875000000000000e+01,5.761830064976975682e-08
1.448437500000000000e+01,6.011228995870098530e-08
1.450000000000000000e+01,6.364790047939381751e-08
1.451562500000000000e+01,6.593041862454700143e-08
1.453125000000000000e+01,6.744272940727182441e-08
1.454687500000000000e+01,6.747715860211556099e-08
1.456250000000000000e+01,6.597084381709345783e-08
1.457812500000000000e+01,6.244633594583435071e-08
1.459375000000000000e+01,5.628677766071337773e-08
1.460937500000000000e+01,4.904696278798548328e-08
1.462500000000000000e+01,4.406011382738543414e-08
1.464062500000000000e+01,4.363559037523830492e-08
1.465625000000000000e+01,4.673348431015967003e-08
1.467187500000000000e+01,5.145596776500147277e-08
1.468750000000000000e+01,5.622733324467048426e-08
1.470312500000000000e+01,5.904031087752456253e-08
1.471875000000000000e+01,6.070200249366262423e-08
1.473437500000000000e+01,6.358586106104480071e-08
1.475000000000000000e+01,6.663988090192267537e-08
1.476562500000000000e+01,6.840090016626581716e-08
1.478125000000000000e+01,7.033569541737371859e-08
1.479687500000000000e+01,7.261530445294316222e-08
1.481250000000000000e+01,7.327521312512581571e-08
1.482812500000000000e+01,7.319915535166809400e-08
1.484375000000000000e+01,7.418585781288846428e-08
1.485937500000000000e+01,7.405653697120688908e-08
1.487500000000000000e+01,6.916832344032448731e-08
1.489062500000000000e+01,5.923050099473954080e-08
1.490625000000000000e+01,4.849671127164124069e-08
1.492187500000000000e+01,4.407546976658087438e-08
1.493750000000000000e+01,4.759978159851389982e-08
1.495312500000000000e+01,5.408478587590223738e-08
1.496875000000000000e+01,6.057396307762247823e-08
1.498437500000000000e+01,6.414571378853512010e-08
1.500000000000000000e+01,6.264403910511787154e-08
1.501562500000000000e+01,5.903204276675895552e-08
1.503125000000000000e+01,6.081271232920812059e-08
1.504687500000000000e+01,6.845573090329750879e-08
1.506250000000000000e+01,7.512578058371159619e-08
1.507812500000000000e+01,7.877124733663722444e-08
1.509375000000000000e+01,7.933036522163086592e-08
1.510937500000000000e+01,7.457622075295004266e-08
1.512500000000000000e+01,6.429309078242241319e-08
1.514062500000000000e+01,5.300166162468957945e-08
1.515625000000000000e+01,4.711975804759083402e-08
1.517187500000000000e+01,4.892530895577941969e-08
1.518750000000000000e+01,5.335731719131106436e-08
1.520312500000000000e+01,5.496135137571912670e-08
1.521875000000000000e+01,5.429022386725164359e-08
1.523437500000000000e+01,5.570958621494408748e-08
1.525000000000000000e+01,6.150259280170466121e-08
1.526562500000000000e+01,6.906570715750745779e-08
1.528125000000000000e+01,7.359953573790904874e-08
1.529687500000000000e+01,7.280689759775555312e-08
1.531250000000000000e+01,6.822501458895805053e-08
1.532812500000000000e+01,6.274216823051723153e-08
1.534375000000000000e+01,5.995818739194022687e-08
1.535937500000000000e+01,6.113371749771744900e-08
1.537500000000000000e+01,6.078078128658208975e-08
1.539062500000000000e+01,5.485292153452629512e-08
1.540625000000000000e+01,4.708454328321259058e-08
1.542187500000000000e+01,4.338899423727706677e-08
1.543750000000000000e+01,4.372589818603752335e-08
1.545312500000000000e+01,4.429420867029222335e-08
1.546875000000000000e+01,4.371246798098544530e-08
1.548437500000000000e+01,4.401704223862345160e-08
1.550000000000000000e+01,4.570820794784173095e-08
1.551562500000000000e+01,4.620071019812119640e-08
1.553125000000000000e+01,4.512317653749547990e-08
1.554687500000000000e+01,4.422285565310071248e-08
1.556250000000000000e+01,4.487135841186969141e-08
1.557812500000000000e+01,4.699882927140724782e-08
1.559375000000000000e+01,4.906337803956350149e-08
1.560937500000000000e+01,4.968464877647361862e-08
1.562500000000000000e+01,4.833714417606336602e-08
1.564062500000000000e+01,4.645675681575259491e-08
1.565625000000000000e+01,4.814254353352328246e-08
1.567187500000000000e+01,5.483983184359169966e-08
1.568750000000000000e+01,6.222807361806124720e-08
1.570312500000000000e+01,6.548810998588223634e-08
1.571875000000000000e+01,6.329767379637827968e-08
1.573437500000000000e+01,5.867544946107862795e-08
1.575000000000000000e+01,5.548863097324397581e-08
1.576562500000000000e+01,5.446730913751453160e-08
1.578125000000000000e+01,5.460618893816668429e-08
1.579687500000000000e+01,5.531314415325112339e-08
1.581250000000000000e+01,5.651723096663179213e-08
1.582812500000000000e+01,5.777228345582912983e-08
1.584375000000000000e+01,5.761121592242576623e-08
1.585937500000000000e+01,5.550797098092602620e-08
1.587500000000000000e+01,5.364739576359797260e-08
1.589062500000000000e+01,5.368221765731753543e-08
1.590625000000000000e+01,5.404585493156932964e-08
1.592187500000000000e+01,5.279759352281249828e-08
1.593750000000000000e+01,4.977958105006119750e-08
1.595312500000000000e+01,4.754266340266463945e-08
1.596875000000000000e+01,4.820148862103829617e-08
1.598437500000000000e+01,4.929174634365499197e-08
1.600000000000000000e+01,4.857054611355559884e-08
1.601562500000000000e+01,4.706737379096187778e-08
1.603125000000000000e+01,4.863245630547199151e-08
1.604687500000000000e+01,5.581567867969616710e-08
1.606250000000000000e+01,6.435371891432974586e-08
1.607812500000000000e+01,7.017993524338787599e-08
1.609375000000000000e+01,7.465471512461702338e-08
1.610937500000000000e+01,7.992904176621612134e-08
1.612500000000000000e+01,8.444502929382909750e-08
1.614062500000000000e+01,8.498725404404634871e-08
1.615625000000000000e+01,8.100378171769603383e-08
1.617187500000000000e+01,7.602169204399736470e-08
1.618750000000000000e+01,7.462803840712237973e-08
1.620312500000000000e+01,7.827200932264209630e-08
1.621875000000000000e+01,8.423909788983432803e-08
1.623437500000000000e+01,8.847550415866591224e-08
1.625000000000000000e+01,8.841461155678087496e-08
1.626562500000000000e+01,8.388209745430590036e-08
1.628125000000000000e+01,7.683482339693135788e-08
1.629687500000000000e+01,7.035597511636484379e-08
1.631250000000000000e+01,6.617921093045186936e-08
1.632812500000000000e+01,6.371352476574038068e-08
1.634375000000000000e+01,6.193764569449138380e-08
1.635937500000000000e+01,5.945871942302746729e-08
1.637500000000000000e+01,5.653494544682877448e-08
1.639062500000000000e+01,5.834331037233537594e-08
1.640625000000000000e+01,6.919585982579812019e-08
1.642187500000000000e+01,8.478323190103695200e-08
1.643750000000000000e+01,9.774587581791870806e-08
1.645312500000000000e+01,1.039469209055471068e-07
1.646875000000000000e+01,1.044526609700726354e-07
1.648437500000000000e+01,1.028837902240037814e-07
1.650000000000000000e+01,1.024993677075930779e-07
1.651562500000000000e+01,1.065371891364651542e-07
1.653125000000000000e+01,1.124051447077061779e-07
1.654687500000000000e+01,1.123555044087216315e-07
1.656250000000000000e+01,1.035638279614848410e-07
1.657812500000000000e+01,8.973434757322973512e-08
1.659375000000000000e+01,7.488889413311044919e-08
1.660937500000000000e+01,6.164080830520315727e-08
1.662500000000000000e+01,5.307215388680664273e-08
1.664062500000000000e+01,4.885519931687538652e-08
1.665625000000000000e+01,4.723175015626328714e-08
1.667187500000000000e+01,4.959480968930473562e-08
1.668750000000000000e+01,5.462104397359708042e-08
1.670312500000000000e+01,5.927497445025304019e-08
1.671875000000000000e+01,6.350031022360387915e-08
1.673437500000000000e+01,6.750803078048041817e-08
1.675000000000000000e+01,7.044415037261385018e-08
1.676562500000000000e+01,7.149129999569808285e-08
1.678125000000000000e+01,6.989329855524104047e-08
1.679687500000000000e+01,6.542687220722252730e-08
1.681250000000000000e+01,5.758307728325605124e-08
1.682812500000000000e+01,4.715129796715135310e-08
1.684375000000000000e+01,3.941959017462391530e-08
1.685937500000000000e+01,3.914135624587846487e-08
1.687500000000000000e+01,4.293443844098992937e-08
1.689062500000000000e+01,4.590204810176677851e-08
1.690625000000000000e+01,4.631378683594600557e-08
1.692187500000000000e+01,4.448531733215673353e-08
1.693750000000000000e+01,4.228964906142636689e-08
1.695312500000000000e+01,4.139890556194763580e-08
1.696875000000000000e+01,4.224932793697871254e-08
1.698437500000000000e+01,4.462126005871456680e-08
1.700000000000000000e+01,4.751028824948741271e-08
1.701562500000000000e+01,4.950659853568770889e-08
1.703125000000000000e+01,4.986824484213740647e-08
1.704687500000000000e+01,4.895422974801364398e-08
1.706250000000000000e+01,4.695316186363532771e-08
1.707812500000000000e+01,4.492782397165455247e-08
1.709375000000000000e+01,4.553032899933238622e-08
1.710937500000000000e+01,4.897455717886467304e-08
1.712500000000000000e+01,5.241579325652025656e-08
1.714062500000000000e+01,5.336217051510470981e-08
1.715625000000000000e+01,5.254604259109616486e-08
1.717187500000000000e+01,5.212518434169005118e-08
1.718750000000000000e+01,5.166042192986209479e-08
1.720312500000000000e+01,5.074218260423265737e-08
1.721875000000000000e+01,5.109075494045034988e-08
1.723437500000000000e+01,5.249308535859227461e-08
1.725000000000000000e+01,5.204347321805952017e-08
1.726562500000000000e+01,4.885736874156346542e-08
1.728125000000000000e+01,4.484907159543675205e-08
1.729687500000000000e+01,4.265540080353483641e-08
1.731250000000000000e+01,4.542426903883517687e-08
1.732812500000000000e+01,5.212678716039759577e-08
1.734375000000000000e+01,5.675302868588422861e-08
1.735937500000000000e+01,5.563939399243425472e-08
1.737500000000000000e+01,5.052957316039951509e-08
1.739062500000000000e+01,4.714325046896067894e-08
1.740625000000000000e+01,4.828683202741172681e-08
1.742187500000000000e+01,5.039998691198248421e-08
1.743750000000000000e+01,5.057132913703285024e-08
1.745312500000000000e+01,4.913249860498131104e-08
1.746875000000000000e+01,4.860470449306105075e-08
1.748437500000000000e+01,4.996009706949063578e-08
1.750000000000000000e+01,5.063634693168991527e-08
1.751562500000000000e+01,4.877755359986274599e-08
1.753125000000000000e+01,4.502349479633237162e-08
1.754687500000000000e+01,4.064792357410305610e-08
1.756250000000000000e+01,3.697876407551917522e-08
1.757812500000000000e+01,3.511529040353091676e-08
1.759375000000000000e+01,3.467121680226086612e-08
1.760937500000000000e+01,3.476198578934535384e-08
1.762500000000000000e+01,3.559005267082173824e-08
1.764062500000000000e+01,3.663938407971522163e-08
1.765625000000000000e+01,3.621673042780418677e-08
1.767187500000000000e+01,3.491872673462807051e-08
1.768750000000000000e+01,3.475831943250387542e-08
1.770312500000000000e+01,3.659164551297715242e-08
1.771875000000000000e+01,4.072805818969250355e-08
1.773437500000000000e+01,4.584393377887577138e-08
1.775000000000000000e+01,4.989616572031011676e-08
1.776562500000000000e+01,5.257565893444826671e-08
1.778125000000000000e+01,5.411328756250403709e-08
1.779687500000000000e+01,5.352910172061852572e-08
1.781250000000000000e+01,5.028401103953844814e-08
1.782812500000000000e+01,4.634272777359451819e-08
1.784375000000000000e+01,4.375158201111365399e-08
1.785937500000000000e+01,4.163560943049220768e-08
1.787500000000000000e+01,3.948979052605186079e-08
1.789062500000000000e+01,3.962116229200252503e-08
1.790625000000000000e+01,4.275857085913134500e-08
1.792187500000000000e+01,4.595889239082579963e-08
1.793750000000000000e+01,4.633360417345262365e-08
1.795312500000000000e+01,4.372140810627596913e-08
1.796875000000000000e+01,4.046837640253568214e-08
1.798437500000000000e+01,3.894112051048594177e-08
1.800000000000000000e+01,3.892501519468813498e-08
1.801562500000000000e+01,3.832510911899900271e-08
1.803125000000000000e+01,3.574055062716723967e-08
1.804687500000000000e+01,3.127934657988941919e-08
1.806250000000000000e+01,2.673873297939353102e-08
1.807812500000000000e+01,2.467890687959865620e-08
1.809375000000000000e+01,2.555768230506688750e-08
1.810937500000000000e+01,2.726214114823920117e-08
1.812500000000000000e+01,2.789954303754848244e-08
1.814062500000000000e+01,2.762973612735269581e-08
1.815625000000000000e+01,2.770370836389605191e-08
1.817187500000000000e+01,2.875527241276896465e-08
1.818750000000000000e+01,3.023733326175473866e-08
1.820312500000000000e+01,3.079585996931673605e-08
1.821875000000000000e+01,3.049618205280152164e-08
1.823437500000000000e+01,3.170920321554743021e-08
1.825000000000000000e+01,3.502852916963612970e-08
1.826562500000000000e+01,3.837177528905038252e-08
1.828125000000000000e+01,4.079227838569067702e-08
1.829687500000000000e+01,4.250555464903353679e-08
1.831250000000000000e+01,4.345669674961485320e-08
1.832812500000000000e+01,4.352266510074936886e-08
1.834375000000000000e+01,4.268411058431554297e-08
1.835937500000000000e+01,4.099340394828403112e-08
1.837500000000000000e+01,3.905762471738633978e-08
1.839062500000000000e+01,3.844649275824836684e-08
1.840625000000000000e+01,4.012664833846277813e-08
1.842187500000000000e+01,4.273267800375794719e-08
1.843750000000000000e+01,4.510061107135795951e-08
1.845312500000000000e+01,4.764535108273910162e-08
1.846875000000000000e+01,4.992167119511740731e-08
1.848437500000000000e+01,5.050003820251937162e-08
1.850000000000000000e+01,4.933687736977626729e-08
1.851562500000000000e+01,4.727720000953345970e-08
1.853125000000000000e+01,4.430797868244483215e-08
1.854687500000000000e+01,4.015881284880962742e-08
1.856250000000000000e+01,3.530843110983900008e-08
1.857812500000000000e+01,3.120552291343652675e-08
1.859375000000000000e+01,2.928147465771768036e-08
1.860937500000000000e+01,2.964666866500381071e-08
1.862500000000000000e+01,3.108797033151229476e-08
1.864062500000000000e+01,3.243088736551355800e-08
1.865625000000000000e+01,3.340312892211302705e-08
1.867187500000000000e+01,3.381957342051139988e-08
1.868750000000000000e+01,3.364142281484108171e-08
1.870312500000000000e+01,3.456254922573592325e-08
1.871875000000000000e+01,3.910836994117865131e-08
1.873437500000000000e+01,4.625240493410938271e-08
1.875000000000000000e+01,5.148309367646966652e-08
1.876562500000000000e+01,5.163026407946291153e-08
1.878125000000000000e+01,4.827633853673205890e-08
1.879687500000000000e+01,4.567635996357135671e-08
1.881250000000000000e+01,4.464175344313075336e-08
1.882812500000000000e+01,4.296582243995266348e-08
1.884375000000000000e+01,4.020197268387232179e-08
1.885937500000000000e+01,3.699460750214450248e-08
1.887500000000000000e+01,3.321729398393732379e-08
1.889062500000000000e+01,3.026428301045092388e-08
1.890625000000000000e+01,2.974220189043208697e-08
1.892187500000000000e+01,3.081354553574921038e-08
1.893750000000000000e+01,3.247930023555753217e-08
1.895312500000000000e+01,3.357895383195856728e-08
1.896875000000000000e+01,3.337178499263096914e-08
1.898437500000000000e+01,3.274309738073054181e-08
1.900000000000000000e+01,3.278723344954418726e-08
1.901562500000000000e+01,3.360067691026008576e-08
1.903125000000000000e+01,3.486162428200411910e-08
1.904687500000000000e+01,3.652438560408486984e-08
1.906250000000000000e+01,3.919108930716985632e-08
1.907812500000000000e+01,4.265492757175204401e-08
1.909375000000000000e+01,4.573570058886128570e-08
1.910937500000000000e+01,4.702027511320102852e-08
1.912500000000000000e+01,4.571664478280025910e-08
1.914062500000000000e+01,4.383974909644326092e-08
1.915625000000000000e+01,4.401019912591112560e-08
1.917187500000000000e+01,4.524396685686437969e-08
1.918750000000000000e+01,4.452077106182174047e-08
1.920312500000000000e+01,4.099128916246533549e-08
1.921875000000000000e+01,3.668733837363237876e-08
1.923437500000000000e+01,3.327443109942998072e-08
1.925000000000000000e+01,3.128596933787542053e-08
1.926562500000000000e+01,3.164529277249747928e-08
1.928125000000000000e+01,3.448544210644472072e-08
1.929687500000000000e+01,3.893855282899331428e-08
1.931250000000000000e+01,4.282125361087046833e-08
1.932812500000000000e+01,4.362810122669179932e-08
1.934375000000000000e+01,4.193415516935576410e-08
1.935937500000000000e+01,4.122999345332284871e-08
1.937500000000000000e+01,4.225445786135598237e-08
1.939062500000000000e+01,4.236345369890460865e-08
1.940625000000000000e+01,4.129593022049492392e-08
1.942187500000000000e+01,4.121362214825930642e-08
1.943750000000000000e+01,4.184115827512453468e-08
1.945312500000000000e+01,4.192123980426472716e-08
1.946875000000000000e+01,4.354080877127466879e-08
1.948437500000000000e+01,4.891667061723743623e-08
1.950000000000000000e+01,5.573798374135151551e-08
1.951562500000000000e+01,5.967498318903297931e-08
1.953125000000000000e+01,5.866726605452066921e-08
1.954687500000000000e+01,5.353879224975755134e-08
1.956250000000000000e+01,4.700232816247717663e-08
1.957812500000000000e+01,4.309616153678641038e-08
1.959375000000000000e+01,4.234441500513026197e-08
1.960937500000000000e+01,4.046638466588001244e-08
1.962500000000000000e+01,3.621828838863320802e-08
1.964062500000000000e+01,3.317247298586167288e-08
1.965625000000000000e+01,3.362980539338460474e-08
1.967187500000000000e+01,3.499882686084384466e-08
1.968750000000000000e+01,3.447072587796662998e-08
1.970312500000000000e+01,3.207363256415514581e-08
1.971875000000000000e+01,2.931968602411055428e-08
1.973437500000000000e+01,2.769799413231512820e-08
1.975000000000000000e+01,2.843883800597327839e-08
1.976562500000000000e+01,3.109217029985555220e-08
1.978125000000000000e+01,3.354700827437389522e-08
1.979687500000000000e+01,3.438978592315492458e-08
1.981250000000000000e+01,3.379862934408700584e-08
1.982812500000000000e+01,3.246993574538406495e-08
1.984375000000000000e+01,3.077857866692436618e-08
1.985937500000000000e+01,2.931469726591281596e-08
1.987500000000000000e+01,2.902170972576472246e-08
1.989062500000000000e+01,2.940143640971294981e-08
1.990625000000000000e+01,2.912732519359133991e-08
1.992187500000000000e+01,2.916406707844729844e-08
1.993750000000000000e+01,3.181643713370656161e-08
1.995312500000000000e+01,3.649421724680166614e-08
1.996875000000000000e+01,4.025487308528891348e-08
1.998437500000000000e+01,4.193745328238874324e-08
2.000000000000000000e+01,4.213080841469217062e-08
2.001562500000000000e+01,4.110053855284653649e-08
2.003125000000000000e+01,3.927550450654278323e-08
2.004687500000000000e+01,3.716358388567671174e-08
2.006250000000000000e+01,3.444659810904363507e-08
2.007812500000000000e+01,3.083089315839773754e-08
2.009375000000000000e+01,2.685776712184090491e-08
2.010937500000000000e+01,2.420733888427218981e-08
2.012500000000000000e+01,2.475777043532825068e-08
2.014062500000000000e+01,2.768927297429291235e-08
2.015625000000000000e+01,3.119043830453105299e-08
2.017187500000000000e+01,3.536131708838202492e-08
2.018750000000000000e+01,4.014776976394961534e-08
2.020312500000000000e+01,4.407720011781877153e-08
2.021875000000000000e+01,4.579822219933962423e-08
2.023437500000000000e+01,4.497359863158567729e-08
2.025000000000000000e+01,4.249192458178100294e-08
2.026562500000000000e+01,4.058319847910664750e-08
2.028125000000000000e+01,4.068011077687121602e-08
2.029687500000000000e+01,4.118736052360156814e-08
2.031250000000000000e+01,4.089903650942135015e-08
2.032812500000000000e+01,4.074832341923113779e-08
2.034375000000000000e+01,4.092793649310171294e-08
2.035937500000000000e+01,4.109006995523320543e-08
2.037500000000000000e+01,4.127763264644603865e-08
2.039062500000000000e+01,4.150192778239235900e-08
2.040625000000000000e+01,4.237609631017682062e-08
2.042187500000000000e+01,4.384373369149400402e-08
2.043750000000000000e+01,4.351074859477544875e-08
2.045312500000000000e+01,3.946179713381004083e-08
2.046875000000000000e+01,3.402502170679312871e-08
2.048437500000000000e+01,3.175840362604517307e-08
2.050000000000000000e+01,3.299088372815199206e-08
2.051562500000000000e+01,3.527167064644892176e-08
2.053125000000000000e+01,3.712783859923690091e-08
2.054687500000000000e+01,3.778592287883153681e-08
2.056250000000000000e+01,3.775671748213070127e-08
2.057812500000000000e+01,3.806967439261171363e-08
2.059375000000000000e+01,3.863851180141867363e-08
2.060937500000000000e+01,3.831552427555120397e-08
2.062500000000000000e+01,3.632916939212013024e-08
2.064062500000000000e+01,3.337481023479150951e-08
2.065625000000000000e+01,3.088294867629340187e-08
2.067187500000000000e+01,2.995874703012194004e-08
2.068750000000000000e+01,3.112189565354233448e-08
2.070312500000000000e+01,3.343644552853218290e-08
2.071875000000000000e+01,3.460707208027808681e-08
2.073437500000000000e+01,3.355337833709781556e-08
2.075000000000000000e+01,3.226218134979279329e-08
2.076562500000000000e+01,3.316710273621286189e-08
2.078125000000000000e+01,3.519533983867011556e-08
2.079687500000000000e+01,3.646283180088959932e-08
2.081250000000000000e+01,3.760024946942884483e-08
2.082812500000000000e+01,4.002771645961948776e-08
2.084375000000000000e+01,4.243909142749190326e-08
2.085937500000000000e+01,4.186952832960161500e-08
2.087500000000000000e+01,3.808522214042655280e-08
2.089062500000000000e+01,3.475144016744429793e-08
2.090625000000000000e+01,3.548142801583835408e-08
2.092187500000000000e+01,3.866122334921801864e-08
2.093750000000000000e+01,4.070959493354447355e-08
2.095312500000000000e+01,4.048265644939924166e-08
2.096875000000000000e+01,3.852304580893140487e-08
2.098437500000000000e+01,3.612195863561021222e-08
2.100000000000000000e+01,3.466580826742148922e-08
2.101562500000000000e+01,3.475780748427245350e-08
2.103125000000000000e+01,3.592344111168222228e-08
2.104687500000000000e+01,3.711144502275869680e-08
2.106250000000000000e+01,3.833062259586004348e-08
2.107812500000000000e+01,3.977503666614886487e-08
2.109375000000000000e+01,4.059977456932015285e-08
2.110937500000000000e+01,4.078683983259486519e-08
2.112500000000000000e+01,4.160372188585456520e-08
2.114062500000000000e+01,4.291752872001523093e-08
2.115625000000000000e+01,4.375055761495920775e-08
2.117187500000000000e+01,4.493334662288410125e-08
2.118750000000000000e+01,4.746363191433792605e-08
2.120312500000000000e+01,5.041517955507872878e-08
2.121875000000000000e+01,5.258625523054769446e-08
2.123437500000000000e+01,5.366922513837376853e-08
2.125000000000000000e+01,5.332823968212747060e-08
2.126562500000000000e+01,5.082556417918671769e-08
2.128125000000000000e+01,4.584956995314782723e-08
2.129687500000000000e+01,4.022745329736333274e-08
2.131250000000000000e+01,3.701586287086010424e-08
2.132812500000000000e+01,3.548857104802894516e-08
2.134375000000000000e+01,3.271336023778001419e-08
2.135937500000000000e+01,2.842708050571384725e-08
2.137500000000000000e+01,2.420351873557143977e-08
2.139062500000000000e+01,2.185083569076421793e-08
2.140625000000000000e+01,2.223424663931434435e-08
2.142187500000000000e+01,2.409323347245641033e-08
2.143750000000000000e+01,2.547800306573118197e-08
2.145312500000000000e+01,2.540596305300373595e-08
2.146875000000000000e+01,2.478441109404726665e-08
2.148437500000000000e+01,2.574433451311585308e-08
2.150000000000000000e+01,2.874629610680832663e-08
2.151562500000000000e+01,3.218841727966293658e-08
2.153125000000000000e+01,3.454818501848700574e-08
2.154687500000000000e+01,3.524904170254566016e-08
2.156250000000000000e+01,3.487526273521512576e-08
2.157812500000000000e+01,3.449456430888639860e-08
2.159375000000000000e+01,3.461043580902789570e-08
2.160937500000000000e+01,3.502867792180754856e-08
2.162500000000000000e+01,3.509035926251882742e-08
2.164062500000000000e+01,3.478363672415026324e-08
2.165625000000000000e+01,3.517919870449152690e-08
2.167187500000000000e+01,3.683533613443675468e-08
2.168750000000000000e+01,3.823368202756201666e-08
2.170312500000000000e+01,3.712409976097462867e-08
2.171875000000000000e+01,3.361736666759108209e-08
2.173437500000000000e+01,3.031669897709618222e-08
2.175000000000000000e+01,2.858305194319988493e-08
2.176562500000000000e+01,2.777037474543630496e-08
2.178125000000000000e+01,2.801916907233393883e-08
2.179687500000000000e+01,2.882719584612190039e-08
2.181250000000000000e+01,2.866382804987681632e-08
2.182812500000000000e+01,2.748901927797872168e-08
2.184375000000000000e+01,2.651750273746463610e-08
2.185937500000000000e+01,2.610422740967306303e-08
2.187500000000000000e+01,2.541404685938952335e-08
2.189062500000000000e+01,2.422952975853085666e-08
2.190625000000000000e+01,2.328995339206754353e-08
2.192187500000000000e+01,2.281325206846743482e-08
2.193750000000000000e+01,2.301301677567630847e-08
2.195312500000000000e+01,2.457397028945857671e-08
2.196875000000000000e+01,2.703651621288823541e-08
2.198437500000000000e+01,3.034781345256299838e-08
2.200000000000000000e+01,3.568554819508600218e-08
2.201562500000000000e+01,4.165810582436471629e-08
2.203125000000000000e+01,4.442046987896867414e-08
2.204687500000000000e+01,4.297710293561326503e-08
2.206250000000000000e+01,4.076168345577081942e-08
2.207812500000000000e+01,3.939481859228492097e-08
2.209375000000000000e+01,3.646992747719074281e-08
2.210937500000000000e+01,3.151990039860263554e-08
2.212500000000000000e+01,2.712199285762927685e-08
2.214062500000000000e+01,2.523254578326066606e-08
2.215625000000000000e+01,2.475871856500285171e-08
2.217187500000000000e+01,2.418451386862618425e-08
2.218750000000000000e+01,2.404126569656672103e-08
2.220312500000000000e+01,2.536380231308820042e-08
2.221875000000000000e+01,2.763792946464569322e-08
2.223437500000000000e+01,2.983841780001609006e-08
2.225000000000000000e+01,3.135211544638420131e-08
2.226562500000000000e+01,3.197776147231189448e-08
2.228125000000000000e+01,3.229706724721964782e-08
2.229687500000000000e+01,3.292694427365018946e-08
2.231250000000000000e+01,3.325659049680815629e-08
2.232812500000000000e+01,3.247904640693526499e-08
2.234375000000000000e+01,3.072859151046033136e-08
2.235937500000000000e+01,2.863980308732515329e-08
2.237500000000000000e+01,2.714342866008592446e-08
2.239062500000000000e+01,2.704559808125539121e-08
2.240625000000000000e+01,2.802755017323272998e-08
2.242187500000000000e+01,2.886821523710866224e-08
2.243750000000000000e+01,2.873427247157432232e-08
2.245312500000000000e+01,2.773095896385892936e-08
2.246875000000000000e+01,2.655102765697938641e-08
2.248437500000000000e+01,2.551147027971701717e-08
2.250000000000000000e+01,2.454593291029324398e-08
2.251562500000000000e+01,2.446096048940621397e-08
2.253125000000000000e+01,2.540217470452074638e-08
2.254687500000000000e+01,2.576525325301526682e-08
2.256250000000000000e+01,2.506758033524426678e-08
2.257812500000000000e+01,2.491879952247278691e-08
2.259375000000000000e+01,2.626619691959206065e-08
2.260937500000000000e+01,2.758090567264651555e-08
2.262500000000000000e+01,2.751189698158663072e-08
2.264062500000000000e+01,2.683735371547729302e-08
2.265625000000000000e+01,2.642696838914907336e-08
2.267187500000000000e+01,2.626507855257078635e-08
2.268750000000000000e+01,2.721754568334329069e-08
2.270312500000000000e+01,2.976769329384632759e-08
2.271875000000000000e+01,3.250869363055219889e-08
2.273437500000000000e+01,3.454290663850266383e-08
2.275000000000000000e+01,3.545908361032891854e-08
2.276562500000000000e+01,3.419443292998520028e-08
2.278125000000000000e+01,3.161085269857551094e-08
2.279687500000000000e+01,3.058597254494344862e-08
2.281250000000000000e+01,3.107887697600484078e-08
2.282812500000000000e+01,3.098624765392507195e-08
2.284375000000000000e+01,3.077273239527981732e-08
2.285937500000000000e+01,3.159704929399533626e-08
2.287500000000000000e+01,3.213977255122519484e-08
2.289062500000000000e+01,3.106770996399419530e-08
2.290625000000000000e+01,2.931301551406312174e-08
2.292187500000000000e+01,2.837437920374531659e-08
2.293750000000000000e+01,2.872841742775169607e-08
2.295312500000000000e+01,2.962483000602446657e-08
2.296875000000000000e+01,3.046149040608879186e-08
2.298437500000000000e+01,3.153804157143143250e-08
2.300000000000000000e+01,3.267758952755367376e-08
2.301562500000000000e+01,3.308120002926513502e-08
2.303125000000000000e+01,3.203386745591925726e-08
2.304687500000000000e+01,2.981062935070306533e-08
2.306250000000000000e+01,2.827790093472007573e-08
2.307812500000000000e+01,2.834505557625026940e-08
2.309375000000000000e+01,2.822115090407582842e-08
2.310937500000000000e+01,2.690871033660570498e-08
2.312500000000000000e+01,2.527737119348841222e-08
2.314062500000000000e+01,2.396430103434008091e-08
2.315625000000000000e+01,2.260608726365409460e-08
2.317187500000000000e+01,2.069709865445129296e-08
2.318750000000000000e+01,1.903712540214706369e-08
2.320312500000000000e+01,1.920183746101172357e-08
2.321875000000000000e+01,2.062720401609050143e-08
2.323437500000000000e+01,2.214846210735629017e-08
2.325000000000000000e+01,2.380236043904801974e-08
2.326562500000000000e+01,2.502262986264255612e-08
2.328125000000000000e+01,2.592879050670362835e-08
2.329687500000000000e+01,2.779021209128808000e-08
2.331250000000000000e+01,2.962709863001307016e-08
2.332812500000000000e+01,2.958528618352614071e-08
2.334375000000000000e+01,2.828342014195356748e-08
2.335937500000000000e+01,2.754439770747310805e-08
2.337500000000000000e+01,2.733225672303976627e-08
2.339062500000000000e+01,2.645300172596586539e-08
2.340625000000000000e+01,2.546103428216846241e-08
2.342187500000000000e+01,2.624571946455463626e-08
2.343750000000000000e+01,2.857193872854442931e-08
2.345312500000000000e+01,3.012217924503580962e-08
2.346875000000000000e+01,2.936210983187890594e-08
2.348437500000000000e+01,2.619879994915188192e-08
2.350000000000000000e+01,2.190178677563768937e-08
2.351562500000000000e+01,1.889188289855396132e-08
2.353125000000000000e+01,1.831961712653872011e-08
2.354687500000000000e+01,1.885429560008735313e-08
2.356250000000000000e+01,1.990257839475857424e-08
2.357812500000000000e+01,2.215260387616304798e-08
2.359375000000000000e+01,2.525156168460211989e-08
2.360937500000000000e+01,2.770678428558975300e-08
2.362500000000000000e+01,2.881838783204190469e-08
2.364062500000000000e+01,2.906381071558495187e-08
2.365625000000000000e+01,2.853901535091996951e-08
2.367187500000000000e+01,2.725753648857642509e-08
2.368750000000000000e+01,2.613772703511776218e-08
2.370312500000000000e+01,2.605958246161745706e-08
2.371875000000000000e+01,2.716584411980572949e-08
2.373437500000000000e+01,2.837505077460492054e-08
2.375000000000000000e+01,2.800137356547371653e-08
2.376562500000000000e+01,2.566327689170719358e-08
2.378125000000000000e+01,2.219333796695050567e-08
2.379687500000000000e+01,1.922874609466961484e-08
2.381250000000000000e+01,1.884250336583524957e-08
2.382812500000000000e+01,2.044569981721878702e-08
2.384375000000000000e+01,2.208639982590179613e-08
2.385937500000000000e+01,2.362556656521499068e-08
2.387500000000000000e+01,2.603899601778188953e-08
2.389062500000000000e+01,2.938483545522572286e-08
2.390625000000000000e+01,3.251684092456377995e-08
2.392187500000000000e+01,3.398821983327795938e-08
2.393750000000000000e+01,3.242482553284653791e-08
2.395312500000000000e+01,2.834531679315570092e-08
2.396875000000000000e+01,2.454245581661658484e-08
2.398437500000000000e+01,2.265180521216423425e-08
2.400000000000000000e+01,2.193616111006770664e-08
2.401562500000000000e+01,2.184610232838276089e-08
2.403125000000000000e+01,2.236420734128010686e-08
2.404687500000000000e+01,2.350141098991481723e-08
2.406250000000000000e+01,2.491784519520562028e-08
2.407812500000000000e+01,2.573507942666873704e-08
2.409375000000000000e+01,2.650401062294193406e-08
2.410937500000000000e+01,2.874686485381536068e-08
2.412500000000000000e+01,3.189885362042533226e-08
2.414062500000000000e+01,3.439449449349557835e-08
2.415625000000000000e+01,3.534484347090303977e-08
2.417187500000000000e+01,3.457850735863466289e-08
2.418750000000000000e+01,3.274203694652124297e-08
2.420312500000000000e+01,3.073591023361640757e-08
2.421875000000000000e+01,2.949292384214997774e-08
2.423437500000000000e+01,2.957556614017516834e-08
2.425000000000000000e+01,3.030611596090374918e-08
2.426562500000000000e+01,3.102069575947402887e-08
2.428125000000000000e+01,3.113686179999239170e-08
2.429687500000000000e+01,2.957370462536787489e-08
2.431250000000000000e+01,2.673123455545077689e-08
2.432812500000000000e+01,2.476246528623686082e-08
2.434375000000000000e+01,2.462170073708219842e-08
2.435937500000000000e+01,2.511547901155476096e-08
2.437500000000000000e+01,2.512329722600193764e-08
2.439062500000000000e+01,2.475050781832236458e-08
2.440625000000000000e+01,2.444679968262142947e-08
2.442187500000000000e+01,2.439187962726556935e-08
2.443750000000000000e+01,2.479512073070159767e-08
2.445312500000000000e+01,2.533256904730995740e-08
2.446875000000000000e+01,2.616235342951567014e-08
2.448437500000000000e+01,2.811370617442747492e-08
2.450000000000000000e+01,3.029989957558815421e-08
2.451562500000000000e+01,3.132948364558596736e-08
2.453125000000000000e+01,3.131151130422618565e-08
2.454687500000000000e+01,3.099789258040567241e-08
2.456250000000000000e+01,3.064796852681852136e-08
2.457812500000000000e+01,3.010870288466120748e-08
2.459375000000000000e+01,2.985836796486762100e-08
2.460937500000000000e+01,3.083392864043900438e-08
2.462500000000000000e+01,3.243274369434760621e-08
2.464062500000000000e+01,3.248214289063556126e-08
2.465625000000000000e+01,2.990871574805079974e-08
2.467187500000000000e+01,2.617584315749005533e-08
2.468750000000000000e+01,2.339110284601672964e-08
2.470312500000000000e+01,2.162209440877688953e-08
2.471875000000000000e+01,2.012641692843091886e-08
2.473437500000000000e+01,1.927723596417706451e-08
2.475000000000000000e+01,1.935877560131350932e-08
2.476562500000000000e+01,1.963527171094127253e-08
2.478125000000000000e+01,1.925531992256094797e-08
2.479687500000000000e+01,1.821762260392096536e-08
2.481250000000000000e+01,1.747199393285998368e-08
2.482812500000000000e+01,1.862465464005915477e-08
2.484375000000000000e+01,2.141508783873182399e-08
2.485937500000000000e+01,2.331602991556217543e-08
2.487500000000000000e+01,2.298278567154395551e-08
2.489062500000000000e+01,2.149411542791761119e-08
2.490625000000000000e+01,2.100984010430969488e-08
2.492187500000000000e+01,2.236347859856972217e-08
2.493750000000000000e+01,2.472764369033370505e-08
2.495312500000000000e+01,2.670265710857884813e-08
2.496875000000000000e+01,2.690584628703913379e-08
2.498437500000000000e+01,2.541491696714049794e-08
2.500000000000000000e+01,2.374576121182500312e-08
2.501562500000000000e+01,2.302331169384372701e-08
2.503125000000000000e+01,2.317450884670964807e-08
2.504687500000000000e+01,2.356282824115454376e-08
2.506250000000000000e+01,2.355803581733918439e-08
2.507812500000000000e+01,2.238827421627808372e-08
2.509375000000000000e+01,1.991871015178619129e-08
2.510937500000000000e+01,1.777527933204207192e-08
2.512500000000000000e+01,1.764859179022756614e-08
2.514062500000000000e+01,1.861364382952281331e-08
2.515625000000000000e+01,1.884809887585215065e-08
2.517187500000000000e+01,1.773398004442724412e-08
2.518750000000000000e+01,1.588304622265300499e-08
2.520312500000000000e+01,1.446382515649594467e-08
2.521875000000000000e+01,1.412772744364035668e-08
2.523437500000000000e+01,1.476353737993165419e-08
2.525000000000000000e+01,1.643973121143872730e-08
2.526562500000000000e+01,1.901730713109734338e-08
2.528125000000000000e+01,2.123721250955810185e-08
2.529687500000000000e+01,2.192099521913559264e-08
2.531250000000000000e+01,2.116088630690545779e-08
2.532812500000000000e+01,1.990551607434119751e-08
2.534375000000000000e+01,1.872606418241582665e-08
2.535937500000000000e+01,1.764469454464428140e-08
2.537500000000000000e+01,1.715759480554240497e-08
2.539062500000000000e+01,1.828570768582445717e-08
2.540625000000000000e+01,2.089784845939506620e-08
2.542187500000000000e+01,2.325441782221804328e-08
2.543750000000000000e+01,2.385679382039056484e-08
2.545312500000000000e+01,2.243595081956498612e-08
2.546875000000000000e+01,2.001799682998054584e-08
2.548437500000000000e+01,1.828413831531943413e-08
2.550000000000000000e+01,1.778810304232902226e-08
2.551562500000000000e+01,1.733546176724327156e-08
2.553125000000000000e+01,1.588732117905772752e-08
2.554687500000000000e+01,1.424922228983549591e-08
2.556250000000000000e+01,1.415721733651732621e-08
2.557812500000000000e+01,1.528111469562994343e-08
2.559375000000000000e+01,1.594088828340056570e-08
2.560937500000000000e+01,1.556335841627752171e-08
2.562500000000000000e+01,1.482988115386840653e-08
2.564062500000000000e+01,1.515192427592338260e-08
2.565625000000000000e+01,1.679411414130791385e-08
2.567187500000000000e+01,1.867917354191757483e-08
2.568750000000000000e+01,2.076489316961349044e-08
2.570312500000000000e+01,2.313682967639520111e-08
2.571875000000000000e+01,2.481436384574077165e-08
2.573437500000000000e+01,2.568922395478804269e-08
2.575000000000000000e+01,2.679918705809954231e-08
2.576562500000000000e+01,2.819974811504333012e-08
2.578125000000000000e+01,2.871445243329855279e-08
2.579687500000000000e+01,2.727986369212026887e-08
2.581250000000000000e+01,2.406130551881236614e-08
2.582812500000000000e+01,2.081672760137412194e-08
2.584375000000000000e+01,1.927426017082381246e-08
2.585937500000000000e+01,1.897766370650946137e-08
2.587500000000000000e+01,1.838029310171764279e-08
2.589062500000000000e+01,1.656377880830497698e-08
2.590625000000000000e+01,1.380063720485579913e-08
2.592187500000000000e+01,1.160708415686007070e-08
2.593750000000000000e+01,1.155370035875146007e-08
2.595312500000000000e+01,1.327201455156634607e-08
2.596875000000000000e+01,1.527270432567455518e-08
2.598437500000000000e+01,1.679505050428916679e-08
2.600000000000000000e+01,1.799823264695560044e-08
2.601562500000000000e+01,1.930064790163655088e-08
2.603125000000000000e+01,2.072394999190285613e-08
2.604687500000000000e+01,2.213328300560103641e-08
2.606250000000000000e+01,2.311974743000352176e-08
2.607812500000000000e+01,2.276871500471352534e-08
2.609375000000000000e+01,2.118263491796761649e-08
2.610937500000000000e+01,1.987854887373604841e-08
2.612500000000000000e+01,1.951551134269123701e-08
2.614062500000000000e+01,1.930593220668016093e-08
2.615625000000000000e+01,1.911766317471472785e-08
2.617187500000000000e+01,1.991868950400986374e-08
2.618750000000000000e+01,2.173817774893376626e-08
2.620312500000000000e+01,2.329131926526450641e-08
2.621875000000000000e+01,2.379358588831109739e-08
2.623437500000000000e+01,2.334873843320168528e-08
2.625000000000000000e+01,2.204844382434267389e-08
2.626562500000000000e+01,2.057073265166289874e-08
2.628125000000000000e+01,2.062439318785043025e-08
2.629687500000000000e+01,2.249552457856456310e-08
2.631250000000000000e+01,2.461890239037940205e-08
2.632812500000000000e+01,2.577437808452156424e-08
2.634375000000000000e+01,2.621064369622206050e-08
2.635937500000000000e+01,2.675594715413727985e-08
2.637500000000000000e+01,2.661542019955772510e-08
2.639062500000000000e+01,2.447256373609672766e-08
2.640625000000000000e+01,2.118786135288047005e-08
2.642187500000000000e+01,1.867088608202799637e-08
2.643750000000000000e+01,1.723604702928543099e-08
2.645312500000000000e+01,1.662431827520539122e-08
2.646875000000000000e+01,1.725153332790666481e-08
2.648437500000000000e+01,1.892543062376515113e-08
2.650000000000000000e+01,2.069713299539941932e-08
2.651562500000000000e+01,2.218659132469618774e-08
2.653125000000000000e+01,2.312580397361749306e-08
2.654687500000000000e+01,2.286387720952135444e-08
2.656250000000000000e+01,2.194333000266920860e-08
2.657812500000000000e+01,2.188958170038658134e-08
2.659375000000000000e+01,2.276673419459483060e-08
2.660937500000000000e+01,2.367682554854286908e-08
2.662500000000000000e+01,2.482381151921733687e-08
2.664062500000000000e+01,2.639193342887590668e-08
2.665625000000000000e+01,2.722158249464179011e-08
2.667187500000000000e+01,2.651911904708767556e-08
2.668750000000000000e+01,2.454526115987635333e-08
2.670312500000000000e+01,2.223956905155901880e-08
2.671875000000000000e+01,2.136552427012420805e-08
2.673437500000000000e+01,2.207921235925775188e-08
2.675000000000000000e+01,2.182637433830601773e-08
2.676562500000000000e+01,1.944317875445104634e-08
2.678125000000000000e+01,1.692373613374509791e-08
2.679687500000000000e+01,1.643811309000148678e-08
2.681250000000000000e+01,1.757222883968621361e-08
2.682812500000000000e+01,1.930148551824143636e-08
2.684375000000000000e+01,2.066805807868466123e-08
2.685937500000000000e+01,2.098098759110070170e-08
2.687500000000000000e+01,2.070955816120933832e-08
2.689062500000000000e+01,2.081007674447129969e-08
2.690625000000000000e+01,2.139076479405270762e-08
2.692187500000000000e+01,2.164939288472310104e-08
2.693750000000000000e+01,2.127259096290410601e-08
2.695312500000000000e+01,2.106897206163513916e-08
2.696875000000000000e+01,2.152474496271155225e-08
2.698437500000000000e+01,2.188171951295050701e-08
2.700000000000000000e+01,2.176543615086794332e-08
2.701562500000000000e+01,2.142950069659615043e-08
2.703125000000000000e+01,2.064091739391153989e-08
2.704687500000000000e+01,1.967379566963845877e-08
2.706250000000000000e+01,1.937845681902630543e-08
2.707812500000000000e+01,1.939781525449107214e-08
2.709375000000000000e+01,1.899048674656153804e-08
2.710937500000000000e+01,1.848039897456947905e-08
2.712500000000000000e+01,1.856340339003755424e-08
2.714062500000000000e+01,1.900037497885903222e-08
2.715625000000000000e+01,1.876695938452410473e-08
2.717187500000000000e+01,1.747485495236583769e-08
2.718750000000000000e+01,1.572460733229077439e-08
2.720312500000000000e+01,1.406035089807883583e-08
2.721875000000000000e+01,1.287990706183461316e-08
2.723437500000000000e+01,1.297244703776878272e-08
2.725000000000000000e+01,1.467625110456720082e-08
2.726562500000000000e+01,1.729853499639869608e-08
2.728125000000000000e+01,1.949544722158948064e-08
2.729687500000000000e+01,2.013225080561790144e-08
2.731250000000000000e+01,1.909056080227409583e-08
2.732812500000000000e+01,1.711095711173050441e-08
2.734375000000000000e+01,1.510948313529250123e-08
2.735937500000000000e+01,1.403845235188477319e-08
2.737500000000000000e+01,1.435184961922208770e-08
2.739062500000000000e+01,1.524919865554466880e-08
2.740625000000000000e+01,1.616277959090379235e-08
2.742187500000000000e+01,1.768789270197104551e-08
2.743750000000000000e+01,2.008599976889220739e-08
2.745312500000000000e+01,2.217278498649365306e-08
2.746875000000000000e+01,2.297669210354990912e-08
2.748437500000000000e+01,2.343576754984908262e-08
2.750000000000000000e+01,2.480820805794910362e-08
2.751562500000000000e+01,2.630701396201203121e-08
2.753125000000000000e+01,2.651677024681879128e-08
2.754687500000000000e+01,2.530006490760077810e-08
2.756250000000000000e+01,2.397310644796827304e-08
2.757812500000000000e+01,2.354693071398993871e-08
2.759375000000000000e+01,2.300860708808240848e-08
2.760937500000000000e+01,2.117711330944601848e-08
2.762500000000000000e+01,1.847137446397872189e-08
2.764062500000000000e+01,1.646991684673638739e-08
2.765625000000000000e+01,1.644714027488121316e-08
2.767187500000000000e+01,1.793629191195853491e-08
2.768750000000000000e+01,1.983291515816973690e-08
2.770312500000000000e+01,2.142174446370411325e-08
2.771875000000000000e+01,2.187373464038541519e-08
2.773437500000000000e+01,2.096750776238453553e-08
2.775000000000000000e+01,1.946759556886938139e-08
2.776562500000000000e+01,1.779302982108927956e-08
2.778125000000000000e+01,1.585579291469875298e-08
2.779687500000000000e+01,1.404488307737996380e-08
2.781250000000000000e+01,1.303665870500378090e-08
2.782812500000000000e+01,1.287069344056109890e-08
2.784375000000000000e+01,1.292431986503880760e-08
2.785937500000000000e+01,1.334489361785471888e-08
2.787500000000000000e+01,1.457447731613648913e-08
2.789062500000000000e+01,1.557489478363129183e-08
2.790625000000000000e+01,1.533899925205156988e-08
2.792187500000000000e+01,1.467700553864035739e-08
2.793750000000000000e+01,1.513083283559779171e-08
2.795312500000000000e+01,1.664936002475528367e-08
2.796875000000000000e+01,1.795243325053662599e-08
2.798437500000000000e+01,1.836355131843083716e-08
2.800000000000000000e+01,1.816614653979889592e-08
2.801562500000000000e+01,1.788490013094954223e-08
2.803125000000000000e+01,1.767706805486000978e-08
2.804687500000000000e+01,1.702538558211117279e-08
2.806250000000000000e+01,1.544230518258431596e-08
2.807812500000000000e+01,1.348038578930131494e-08
2.809375000000000000e+01,1.190248084779349561e-08
2.810937500000000000e+01,1.083960474462710824e-08
2.812500000000000000e+01,1.050811087888931131e-08
2.814062500000000000e+01,1.076065168087641574e-08
2.815625000000000000e+01,1.096297347526025223e-08
2.817187500000000000e+01,1.131942125670199079e-08
2.818750000000000000e+01,1.214203847439378488e-08
2.820312500000000000e+01,1.275089854347756614e-08
2.821875000000000000e+01,1.242344338000721221e-08
2.823437500000000000e+01,1.144312761597274474e-08
2.825000000000000000e+01,1.092287094413550849e-08
2.826562500000000000e+01,1.106368659401823516e-08
2.828125000000000000e+01,1.100567813270437492e-08
2.829687500000000000e+01,1.091573412555542198e-08
2.831250000000000000e+01,1.148890330452365733e-08
2.832812500000000000e+01,1.225073980698130321e-08
2.834375000000000000e+01,1.263498350856619972e-08
2.835937500000000000e+01,1.295199463215852471e-08
2.837500000000000000e+01,1.361232304896917676e-08
2.839062500000000000e+01,1.449242630232676996e-08
2.840625000000000000e+01,1.514860271296277346e-08
2.842187500000000000e+01,1.562899895266987037e-08
2.843750000000000000e+01,1.638963369073100834e-08
2.845312500000000000e+01,1.707008804483992733e-08
2.846875000000000000e+01,1.711956061584886921e-08
2.848437500000000000e+01,1.686243071328917174e-08
2.850000000000000000e+01,1.658907982132443774e-08
2.851562500000000000e+01,1.573918417344652825e-08
2.853125000000000000e+01,1.389196180618608575e-08
2.854687500000000000e+01,1.221259243355741118e-08
2.856250000000000000e+01,1.208350777952209621e-08
2.857812500000000000e+01,1.243416118235944945e-08
2.859375000000000000e+01,1.214619549589372438e-08
2.860937500000000000e+01,1.157053482136641647e-08
2.862500000000000000e+01,1.104459612189391167e-08
2.864062500000000000e+01,1.075489645736835145e-08
2.865625000000000000e+01,1.142233494318897965e-08
2.867187500000000000e+01,1.299847989991796596e-08
2.868750000000000000e+01,1.446644173450447985e-08
2.870312500000000000e+01,1.543210749956068934e-08
2.871875000000000000e+01,1.606722295957566939e-08
2.873437500000000000e+01,1.652811175616530390e-08
2.875000000000000000e+01,1.701606694780008898e-08
2.876562500000000000e+01,1.777157729967918082e-08
2.878125000000000000e+01,1.894010769208074730e-08
2.879687500000000000e+01,2.013749949739671273e-08
2.881250000000000000e+01,2.033410720785850672e-08
2.882812500000000000e+01,1.895046669460372431e-08
2.884375000000000000e+01,1.685778550834311630e-08
2.885937500000000000e+01,1.576460292696868203e-08
2.887500000000000000e+01,1.600136350513342056e-08
2.889062500000000000e+01,1.660868822557209663e-08
2.890625000000000000e+01,1.704855692041191117e-08
2.892187500000000000e+01,1.751998841242294949e-08
2.893750000000000000e+01,1.871900800104061270e-08
2.895312500000000000e+01,2.036266742201254164e-08
2.896875000000000000e+01,2.106258946291737857e-08
2.898437500000000000e+01,2.049558298605952492e-08
2.900000000000000000e+01,2.018501346381075333e-08
2.901562500000000000e+01,2.125696597288926009e-08
2.903125000000000000e+01,2.231893801828735825e-08
2.904687500000000000e+01,2.176647514126409219e-08
2.906250000000000000e+01,1.981866265565165478e-08
2.907812500000000000e+01,1.745231192078687495e-08
2.909375000000000000e+01,1.525000702768552647e-08
2.910937500000000000e+01,1.413584607918822734e-08
2.912500000000000000e+01,1.488728372656415000e-08
2.914062500000000000e+01,1.623590019839547000e-08
2.915625000000000000e+01,1.678067592848314128e-08
2.917187500000000000e+01,1.650278838200468675e-08
2.918750000000000000e+01,1.581904784075513874e-08
2.920312500000000000e+01,1.486514820199546605e-08
2.921875000000000000e+01,1.372800022694836047e-08
2.923437500000000000e+01,1.298873727239181177e-08
2.925000000000000000e+01,1.372211054396970615e-08
2.926562500000000000e+01,1.580360728909393728e-08
2.928125000000000000e+01,1.761307674526462668e-08
2.929687500000000000e+01,1.799255709459458693e-08
2.931250000000000000e+01,1.688918174761842865e-08
2.932812500000000000e+01,1.478635507527333634e-08
2.934375000000000000e+01,1.241847893948528412e-08
2.935937500000000000e+01,1.092055938244858645e-08
2.937500000000000000e+01,1.092983207979094070e-08
2.939062500000000000e+01,1.171706485423955703e-08
2.940625000000000000e+01,1.244272338290145592e-08
2.942187500000000000e+01,1.278746948113879780e-08
2.943750000000000000e+01,1.270413765770396732e-08
2.945312500000000000e+01,1.234696852905802728e-08
2.946875000000000000e+01,1.195537429706054128e-08
2.948437500000000000e+01,1.166452042136708592e-08
2.950000000000000000e+01,1.147491840017982309e-08
2.951562500000000000e+01,1.123874033859063465e-08
2.953125000000000000e+01,1.121698681702764316e-08
2.954687500000000000e+01,1.204054338877467944e-08
2.956250000000000000e+01,1.371126857064136233e-08
2.957812500000000000e+01,1.594145303125302999e-08
2.959375000000000000e+01,1.764157633987042880e-08
2.960937500000000000e+01,1.707346987963538836e-08
2.962500000000000000e+01,1.411837245615902789e-08
2.964062500000000000e+01,1.099017408694218844e-08
2.965625000000000000e+01,1.019832956442785107e-08
2.967187500000000000e+01,1.171668635770106977e-08
2.968750000000000000e+01,1.404135952687809936e-08
2.970312500000000000e+01,1.612535953437776282e-08
2.971875000000000000e+01,1.752226002638905984e-08
2.973437500000000000e+01,1.803536663579070892e-08
2.975000000000000000e+01,1.738895934455725796e-08
2.976562500000000000e+01,1.584492442162513131e-08
2.978125000000000000e+01,1.431763715051438114e-08
2.979687500000000000e+01,1.348786226132221133e-08
2.981250000000000000e+01,1.333110568964001381e-08
2.982812500000000000e+01,1.324712179905777201e-08
2.984375000000000000e+01,1.268328861756368261e-08
2.985937500000000000e+01,1.174821429262383282e-08
2.987500000000000000e+01,1.139447644353000649e-08
2.989062500000000000e+01,1.234007381245760011e-08
2.990625000000000000e+01,1.368015738249322985e-08
2.992187500000000000e+01,1.420441534434574759e-08
2.993750000000000000e+01,1.395066352838776553e-08
2.995312500000000000e+01,1.399468794288970058e-08
2.996875000000000000e+01,1.507966410829513642e-08
2.998437500000000000e+01,1.684767428583589202e-08
3.000000000000000000e+01,1.843740094573549303e-08
3.001562500000000000e+01,1.904324569038572053e-08
3.003125000000000000e+01,1.824379286152873260e-08
3.004687500000000000e+01,1.625394485134947994e-08
3.006250000000000000e+01,1.381449165826460390e-08
3.007812500000000000e+01,1.205164608572798189e-08
3.009375000000000000e+01,1.187583271574686977e-08
3.010937500000000000e+01,1.261775931643487962e-08
3.012500000000000000e+01,1.290731122191338520e-08
3.014062500000000000e+01,1.253210076122461014e-08
3.015625000000000000e+01,1.240466378960908414e-08
3.017187500000000000e+01,1.296006873762738262e-08
3.018750000000000000e+01,1.330196803999682826e-08
3.020312500000000000e+01,1.246576217476094692e-08
3.021875000000000000e+01,1.073456873301813970e-08
3.023437500000000000e+01,9.650409386377395951e-09
3.025000000000000000e+01,1.026381178072973875e-08
3.026562500000000000e+01,1.196861184589271642e-08
3.028125000000000000e+01,1.408984606266995737e-08
3.029687500000000000e+01,1.599512200966017367e-08
3.031250000000000000e+01,1.667030076219415643e-08
3.032812500000000000e+01,1.563724147830809723e-08
3.034375000000000000e+01,1.381462851922258621e-08
3.035937500000000000e+01,1.272014321332504428e-08
3.037500000000000000e+01,1.251472861625689266e-08
3.039062500000000000e+01,1.254031049001641457e-08
3.040625000000000000e+01,1.296704332248090308e-08
3.042187500000000000e+01,1.378167877638928162e-08
3.043750000000000000e+01,1.405392085638368869e-08
3.045312500000000000e+01,1.326752597447790422e-08
3.046875000000000000e+01,1.211800818339096671e-08
3.048437500000000000e+01,1.154078383960954808e-08
3.050000000000000000e+01,1.150875337887272834e-08
3.051562500000000000e+01,1.184441260651303573e-08
3.053125000000000000e+01,1.267318634818695185e-08
3.054687500000000000e+01,1.362992982634149985e-08
3.056250000000000000e+01,1.437119051992771695e-08
3.057812500000000000e+01,1.484506606056029919e-08
3.059375000000000000e+01,1.479574448920115236e-08
3.060937500000000000e+01,1.407992605225275999e-08
3.062500000000000000e+01,1.306396510036770082e-08
3.064062500000000000e+01,1.228490763443479683e-08
3.065625000000000000e+01,1.216509519413870636e-08
3.067187500000000000e+01,1.271764141454842777e-08
3.068750000000000000e+01,1.314644181179870170e-08
3.070312500000000000e+01,1.274681285780193179e-08
3.071875000000000000e+01,1.183638069855514691e-08
3.073437500000000000e+01,1.123516189444511956e-08
3.075000000000000000e+01,1.133899897325026890e-08
3.076562500000000000e+01,1.213275901211542273e-08
3.078125000000000000e+01,1.321192912709779665e-08
3.079687500000000000e+01,1.399883529479762514e-08
3.081250000000000000e+01,1.449724685170897747e-08
3.082812500000000000e+01,1.514424010358540635e-08
3.084375000000000000e+01,1.613443187026138570e-08
3.085937500000000000e+01,1.712932789186520578e-08
3.087500000000000000e+01,1.751875818122728680e-08
3.089062500000000000e+01,1.715897867840729035e-08
3.090625000000000000e+01,1.621307389172393858e-08
3.092187500000000000e+01,1.478625545625071807e-08
3.093750000000000000e+01,1.320850546177600761e-08
3.095312500000000000e+01,1.179995195240740182e-08
3.096875000000000000e+01,1.078184586537693672e-08
3.098437500000000000e+01,1.036241895370047597e-08
3.100000000000000000e+01,1.019380530046593195e-08
3.101562500000000000e+01,9.944062236619999952e-09
3.103125000000000000e+01,1.011427344024494067e-08
3.104687500000000000e+01,1.088339231019160620e-08
3.106250000000000000e+01,1.164218781011607273e-08
3.107812500000000000e+01,1.205704208526823115e-08
3.109375000000000000e+01,1.234358742255566390e-08
3.110937500000000000e+01,1.293118801201312633e-08
3.112500000000000000e+01,1.375874413664002857e-08
3.114062500000000000e+01,1.420071535023663188e-08
3.115625000000000000e+01,1.391592037884189596e-08
3.117187500000000000e+01,1.298113554404844039e-08
3.118750000000000000e+01,1.150713763475071541e-08
3.120312500000000000e+01,9.993586238908058541e-09
3.121875000000000000e+01,9.217851901907373601e-09
3.123437500000000000e+01,9.219493313835503776e-09
3.125000000000000000e+01,9.745950000624616318e-09
3.126562500000000000e+01,1.064301280929205287e-08
3.128125000000000000e+01,1.157379705535692647e-08
3.129687500000000000e+01,1.235830838709563462e-08
3.131250000000000000e+01,1.299671633359897740e-08
3.132812500000000000e+01,1.356250067106201775e-08
3.134375000000000000e+01,1.395543860592456276e-08
3.135937500000000000e+01,1.372647809205311554e-08
3.137500000000000000e+01,1.287316746856794668e-08
3.139062500000000000e+01,1.220140589634021537e-08
3.140625000000000000e+01,1.208968757847714501e-08
3.142187500000000000e+01,1.215355999666648814e-08
3.143750000000000000e+01,1.223250516301731947e-08
3.145312500000000000e+01,1.218892509645044402e-08
3.146875000000000000e+01,1.173113701341605058e-08
3.148437500000000000e+01,1.107272017623313506e-08
3.150000000000000000e+01,1.067377667313883835e-08
3.151562500000000000e+01,1.057805253883733481e-08
3.153125000000000000e+01,1.052920420005836927e-08
3.154687500000000000e+01,1.021305394389580084e-08
3.156250000000000000e+01,9.538501738346371233e-09
3.157812500000000000e+01,8.802232599523803405e-09
3.159375000000000000e+01,8.289779456139518263e-09
3.160937500000000000e+01,8.118739253842019229e-09
3.162500000000000000e+01,8.383229261024093256e-09
3.164062500000000000e+01,8.900919542852191469e-09
3.165625000000000000e+01,9.170973570888483177e-09
3.167187500000000000e+01,8.865711812179369846e-09
3.168750000000000000e+01,8.254061073415839797e-09
3.170312500000000000e+01,7.929013510998766227e-09
3.171875000000000000e+01,8.090676522553185843e-09
3.173437500000000000e+01,8.265034331059097655e-09
3.175000000000000000e+01,7.967088887186344998e-09
3.176562500000000000e+01,7.401891772246463510e-09
3.178125000000000000e+01,7.171517431784473419e-09
3.179687500000000000e+01,7.429748146951060384e-09
3.181250000000000000e+01,7.849011110887729976e-09
3.182812500000000000e+01,8.170225362748421149e-09
3.184375000000000000e+01,8.291133330471522971e-09
3.185937500000000000e+01,8.249811126097346918e-09
3.187500000000000000e+01,8.391937245498473829e-09
3.189062500000000000e+01,9.000854600395548476e-09
3.190625000000000000e+01,9.876331476562368411e-09
3.192187500000000000e+01,1.072281408834644603e-08
3.193750000000000000e+01,1.156261956235292108e-08
3.195312500000000000e+01,1.228749162789287832e-08
3.196875000000000000e+01,1.233741678652700005e-08
3.198437500000000000e+01,1.146376236497959450e-08
3.200000000000000000e+01,1.026375476315852998e-08
3.201562500000000000e+01,9.496832758475217510e-09
3.203125000000000000e+01,9.302756352296322774e-09
3.204687500000000000e+01,9.554256275761892178e-09
3.206250000000000000e+01,1.007306358098677289e-08
3.207812500000000000e+01,1.040962036611210272e-08
3.209375000000000000e+01,1.040727907718206873e-08
3.210937500000000000e+01,1.041475361183692329e-08
3.212500000000000000e+01,1.051232862199470664e-08
3.214062500000000000e+01,1.030654593477966259e-08
3.215625000000000000e+01,9.702589109861510587e-09
3.217187500000000000e+01,9.172096391507092103e-09
3.218750000000000000e+01,9.020789897052726732e-09
3.220312500000000000e+01,9.145296459867744776e-09
3.221875000000000000e+01,9.409601395452902028e-09
3.223437500000000000e+01,9.633492086369744999e-09
3.225000000000000000e+01,9.943314790825597080e-09
3.226562500000000000e+01,1.078868632793497864e-08
3.228125000000000000e+01,1.206800991871971180e-08
3.229687500000000000e+01,1.309741518437421222e-08
3.231250000000000000e+01,1.336867264483213570e-08
3.232812500000000000e+01,1.310696445427381947e-08
3.234375000000000000e+01,1.287307849951394775e-08
3.235937500000000000e+01,1.255090648449990851e-08
3.237500000000000000e+01,1.148058901100523774e-08
3.239062500000000000e+01,9.868477877982564277e-09
3.240625000000000000e+01,9.109598813845103923e-09
3.242187500000000000e+01,9.483725734904584314e-09
3.243750000000000000e+01,9.656506531917397456e-09
3.245312500000000000e+01,9.007719044837353314e-09
3.246875000000000000e+01,8.329914644725324901e-09
3.248437500000000000e+01,8.665895624137430822e-09
3.250000000000000000e+01,9.493955865787093212e-09
3.251562500000000000e+01,9.885187915055396058e-09
3.253125000000000000e+01,9.780121545776773559e-09
3.254687500000000000e+01,9.604139396991219135e-09
3.256250000000000000e+01,9.787222257587831087e-09
3.257812500000000000e+01,1.043618064421122840e-08
3.259375000000000000e+01,1.142219566951588723e-08
3.260937500000000000e+01,1.256665273390678622e-08
3.262500000000000000e+01,1.348635398460874743e-08
3.264062500000000000e+01,1.375336923603042514e-08
3.265625000000000000e+01,1.347847944287083946e-08
3.267187500000000000e+01,1.323082824320832787e-08
3.268750000000000000e+01,1.315714627911728473e-08
3.270312500000000000e+01,1.290500262506140659e-08
3.271875000000000000e+01,1.218854264758815784e-08
3.273437500000000000e+01,1.111659578126154481e-08
3.275000000000000000e+01,1.022630219078046039e-08
3.276562500000000000e+01,9.652195652617180932e-09
3.278125000000000000e+01,8.914158024331848942e-09
3.279687500000000000e+01,7.994575652651235638e-09
3.281250000000000000e+01,7.595020975902464803e-09
3.282812500000000000e+01,8.070711065724572401e-09
3.284375000000000000e+01,8.728937987484218044e-09
3.285937500000000000e+01,9.079145893824650007e-09
3.287500000000000000e+01,9.421432715863730416e-09
3.289062500000000000e+01,9.971406543300856267e-09
3.290625000000000000e+01,1.038995003289711822e-08
3.292187500000000000e+01,1.045372589585675238e-08
3.293750000000000000e+01,1.033808370032476422e-08
3.295312500000000000e+01,1.016840023497834862e-08
3.296875000000000000e+01,1.022586404812134765e-08
3.298437500000000000e+01,1.079206471096027288e-08
3.300000000000000000e+01,1.134824764706845749e-08
3.301562500000000000e+01,1.143358441494617251e-08
3.303125000000000000e+01,1.131313899292052817e-08
3.304687500000000000e+01,1.106548383235592953e-08
3.306250000000000000e+01,1.044125982725483266e-08
3.307812500000000000e+01,9.811166393486332594e-09
3.309375000000000000e+01,9.987103174846696709e-09
3.310937500000000000e+01,1.102297548008629277e-08
3.312500000000000000e+01,1.240386445741467039e-08
3.314062500000000000e+01,1.375996001833750655e-08
3.315625000000000000e+01,1.456430034103056914e-08
3.317187500000000000e+01,1.422725904290795159e-08
3.318750000000000000e+01,1.280306309116466467e-08
3.320312500000000000e+01,1.132598777509914318e-08
3.321875000000000000e+01,1.088668558592296838e-08
3.323437500000000000e+01,1.127123489964304104e-08
3.325000000000000000e+01,1.191009065457567567e-08
3.326562500000000000e+01,1.258358546885681598e-08
3.328125000000000000e+01,1.313543342549274431e-08
3.329687500000000000e+01,1.352381592585990272e-08
3.331250000000000000e+01,1.335749704598125438e-08
3.332812500000000000e+01,1.229548626104964793e-08
3.334375000000000000e+01,1.091070627270116530e-08
3.335937500000000000e+01,1.007304750429742549e-08
3.337500000000000000e+01,9.841298543002879483e-09
3.339062500000000000e+01,1.001063261797096844e-08
3.340625000000000000e+01,1.073198005409687255e-08
3.342187500000000000e+01,1.171858857008501659e-08
3.343750000000000000e+01,1.224989875317309344e-08
3.345312500000000000e+01,1.205250433512619620e-08
3.346875000000000000e+01,1.153277875410354828e-08
3.348437500000000000e+01,1.123502872776767254e-08
3.350000000000000000e+01,1.105585738474355762e-08
3.351562500000000000e+01,1.080754576562084912e-08
3.353125000000000000e+01,1.100329497684244916e-08
3.354687500000000000e+01,1.166524800413250521e-08
3.356250000000000000e+01,1.195724689476964939e-08
3.357812500000000000e+01,1.176133881397893946e-08
3.359375000000000000e+01,1.166901134309212995e-08
3.360937500000000000e+01,1.181776207163619743e-08
3.362500000000000000e+01,1.192796423816429318e-08
3.364062500000000000e+01,1.169623711128839861e-08
3.365625000000000000e+01,1.116917207265572759e-08
3.367187500000000000e+01,1.065918586774739682e-08
3.368750000000000000e+01,1.010513064286715502e-08
3.370312500000000000e+01,9.489133575014090804e-09
3.371875000000000000e+01,9.283470957437225441e-09
3.373437500000000000e+01,9.680527648042266918e-09
3.375000000000000000e+01,1.033759337710328405e-08
3.376562500000000000e+01,1.082050036733349376e-08
3.378125000000000000e+01,1.065341059871678118e-08
3.379687500000000000e+01,9.647392595419053624e-09
3.381250000000000000e+01,8.353483721599150654e-09
3.382812500000000000e+01,7.682253310333481254e-09
3.384375000000000000e+01,7.914468622400870969e-09
3.385937500000000000e+01,8.474698985907606591e-09
3.387500000000000000e+01,8.723299476956421626e-09
3.389062500000000000e+01,8.521272760878509416e-09
3.390625000000000000e+01,8.305252459322038464e-09
3.392187500000000000e+01,8.576988393727632599e-09
3.393750000000000000e+01,9.234500372408167302e-09
3.395312500000000000e+01,9.931812752820508770e-09
3.396875000000000000e+01,1.062657152635756976e-08
3.398437500000000000e+01,1.104719450235505472e-08
3.400000000000000000e+01,1.054730397582942454e-08
3.401562500000000000e+01,9.198601321400072821e-09
3.403125000000000000e+01,7.866210402583020350e-09
3.404687500000000000e+01,7.011715294233518405e-09
3.406250000000000000e+01,6.608641438196351539e-09
3.407812500000000000e+01,6.803514263862562640e-09
3.409375000000000000e+01,7.439282381967200759e-09
3.410937500000000000e+01,8.192228450038795465e-09
3.412500000000000000e+01,8.968068470533652716e-09
3.414062500000000000e+01,9.625197862690908896e-09
3.415625000000000000e+01,9.985608507000732428e-09
3.417187500000000000e+01,9.872147924836349176e-09
3.418750000000000000e+01,9.511676718176335010e-09
3.420312500000000000e+01,9.808452901354330896e-09
3.421875000000000000e+01,1.078986350541513011e-08
3.423437500000000000e+01,1.133210905045804400e-08
3.425000000000000000e+01,1.104267889632779642e-08
3.426562500000000000e+01,1.044185226753084753e-08
3.428125000000000000e+01,9.934556981489661974e-09
3.429687500000000000e+01,9.676870041542751890e-09
3.431250000000000000e+01,9.631256716752403675e-09
3.432812500000000000e+01,9.508315568629270750e-09
3.434375000000000000e+01,9.262992635785238764e-09
3.435937500000000000e+01,9.055783902837657083e-09
3.437500000000000000e+01,8.909805746875575206e-09
3.439062500000000000e+01,8.899575494023539635e-09
3.440625000000000000e+01,9.108853851432228097e-09
3.442187500000000000e+01,9.248339984111872482e-09
3.443750000000000000e+01,9.007114301624295750e-09
3.445312500000000000e+01,8.402621496368909699e-09
3.446875000000000000e+01,7.699210381182955509e-09
3.448437500000000000e+01,7.273076492135281295e-09
3.450000000000000000e+01,7.339419351125583613e-09
3.451562500000000000e+01,7.838887418007902680e-09
3.453125000000000000e+01,8.516702786789158645e-09
3.454687500000000000e+01,9.039497572526341310e-09
3.456250000000000000e+01,9.290790313951760523e-09
3.457812500000000000e+01,9.343791492677863923e-09
3.459375000000000000e+01,9.165806410652266804e-09
3.460937500000000000e+01,8.836869070193805213e-09
3.462500000000000000e+01,8.701830907030915890e-09
3.464062500000000000e+01,8.827072742832818566e-09
3.465625000000000000e+01,9.144387229809984581e-09
3.467187500000000000e+01,9.749486812300380663e-09
3.468750000000000000e+01,1.024278118647073237e-08
3.470312500000000000e+01,1.018726040366482283e-08
3.471875000000000000e+01,9.815684181736408206e-09
3.473437500000000000e+01,9.440787917351173980e-09
3.475000000000000000e+01,8.948624915482507412e-09
3.476562500000000000e+01,8.248169937955217183e-09
3.478125000000000000e+01,7.636241702613757366e-09
3.479687500000000000e+01,7.235534319230234351e-09
3.481250000000000000e+01,6.743699806879839956e-09
3.482812500000000000e+01,6.393195913609491098e-09
3.484375000000000000e+01,6.657870070975027967e-09
3.485937500000000000e+01,7.217560012067539478e-09
3.487500000000000000e+01,7.612419906051786156e-09
3.489062500000000000e+01,7.675060596039082395e-09
3.490625000000000000e+01,7.388800689499785206e-09
3.492187500000000000e+01,7.080762464794244592e-09
3.493750000000000000e+01,7.167054126777050360e-09
3.495312500000000000e+01,7.391688044482145250e-09
3.496875000000000000e+01,7.283600939624031113e-09
3.498437500000000000e+01,6.981751032021036789e-09
3.500000000000000000e+01,6.873034274977955133e-09
3.501562500000000000e+01,6.926878106822689694e-09
3.503125000000000000e+01,6.965916923517043547e-09
3.504687500000000000e+01,7.019534208543145096e-09
3.506250000000000000e+01,7.130889825850904481e-09
3.507812500000000000e+01,7.231248545677044287e-09
3.509375000000000000e+01,7.205263514283742692e-09
3.510937500000000000e+01,6.959446618258746171e-09
3.512500000000000000e+01,6.646225636630323156e-09
3.514062500000000000e+01,6.652892371143847870e-09
3.515625000000000000e+01,7.089588665367888027e-09
3.517187500000000000e+01,7.685764638402253218e-09
3.518750000000000000e+01,8.164859555832590841e-09
3.520312500000000000e+01,8.418631957932016991e-09
3.521875000000000000e+01,8.565343219706637902e-09
3.523437500000000000e+01,8.799802341555847563e-09
3.525000000000000000e+01,9.128275974286545758e-09
3.526562500000000000e+01,9.365966142873125253e-09
3.528125000000000000e+01,9.503871427500783113e-09
3.529687500000000000e+01,9.765827928753358224e-09
3.531250000000000000e+01,1.004255311757989004e-08
3.532812500000000000e+01,9.961925109415468768e-09
3.534375000000000000e+01,9.717911287441622756e-09
3.535937500000000000e+01,9.963959672643832987e-09
3.537500000000000000e+01,1.078458918543482845e-08
3.539062500000000000e+01,1.151120926045870888e-08
3.540625000000000000e+01,1.153749803292353466e-08
3.542187500000000000e+01,1.098448642004454384e-08
3.543750000000000000e+01,1.062328205938963647e-08
3.545312500000000000e+01,1.079140088731875134e-08
3.546875000000000000e+01,1.079991849614759283e-08
3.548437500000000000e+01,1.033433264532070487e-08
3.550000000000000000e+01,1.012915967970323326e-08
3.551562500000000000e+01,1.027747500360399038e-08
3.553125000000000000e+01,9.944345328520946443e-09
3.554687500000000000e+01,8.950701547389482708e-09
3.556250000000000000e+01,7.973505118629262338e-09
3.557812500000000000e+01,7.874601377689962509e-09
3.559375000000000000e+01,8.730509692460820901e-09
3.560937500000000000e+01,9.898898386099930135e-09
3.562500000000000000e+01,1.089878634226963263e-08
3.564062500000000000e+01,1.143027955409768671e-08
3.565625000000000000e+01,1.140411891425359309e-08
3.567187500000000000e+01,1.108240864473752655e-08
3.568750000000000000e+01,1.077901917270757731e-08
3.570312500000000000e+01,1.061310734656855285e-08
3.571875000000000000e+01,1.054203763445641664e-08
3.573437500000000000e+01,1.032258434809228481e-08
3.575000000000000000e+01,9.626947578023059126e-09
3.576562500000000000e+01,8.624144047646140529e-09
3.578125000000000000e+01,8.029260214012574101e-09
3.579687500000000000e+01,8.113068559456647163e-09
3.581250000000000000e+01,8.324006922307359948e-09
3.582812500000000000e+01,8.186193174384252972e-09
3.584375000000000000e+01,7.944377976432950615e-09
3.585937500000000000e+01,8.123409772935921849e-09
3.587500000000000000e+01,8.615911442066272439e-09
3.589062500000000000e+01,9.038925121420467332e-09
3.590625000000000000e+01,9.335759142713263586e-09
3.592187500000000000e+01,9.543300210505673109e-09
3.593750000000000000e+01,9.628378721024105725e-09
3.595312500000000000e+01,9.572963578953435600e-09
3.596875000000000000e+01,9.457479521307038250e-09
3.598437500000000000e+01,9.503569724280598546e-09
3.600000000000000000e+01,9.905361231686405070e-09
3.601562500000000000e+01,1.034756932696175133e-08
3.603125000000000000e+01,1.023239158182367979e-08
3.604687500000000000e+01,9.548558812354104564e-09
3.606250000000000000e+01,8.940601772835826340e-09
3.607812500000000000e+01,8.838457013771602193e-09
3.609375000000000000e+01,9.111158162610055380e-09
3.610937500000000000e+01,9.512359976707942275e-09
3.612500000000000000e+01,1.002551081684335551e-08
3.614062500000000000e+01,1.075599154559637029e-08
3.615625000000000000e+01,1.159439736505513836e-08
3.617187500000000000e+01,1.235601906630173162e-08
3.618750000000000000e+01,1.281523599074960287e-08
3.620312500000000000e+01,1.256304632632730396e-08
3.621875000000000000e+01,1.142204519728518412e-08
3.623437500000000000e+01,9.848835201320567171e-09
3.625000000000000000e+01,8.733494291681669850e-09
3.626562500000000000e+01,8.607423201157685409e-09
3.628125000000000000e+01,9.014370186769640902e-09
3.629687500000000000e+01,9.290276057811184272e-09
3.631250000000000000e+01,9.223051020452655055e-09
3.632812500000000000e+01,8.808043815086693338e-09
3.634375000000000000e+01,8.412395304473208887e-09
3.635937500000000000e+01,8.765307286804144611e-09
3.637500000000000000e+01,9.757157450888812863e-09
3.639062500000000000e+01,1.063997068637775665e-08
3.640625000000000000e+01,1.100888278973747640e-08
3.642187500000000000e+01,1.090251769958851590e-08
3.643750000000000000e+01,1.064569389323798365e-08
3.645312500000000000e+01,1.038531204664646527e-08
3.646875000000000000e+01,9.855091516576526384e-09
3.648437500000000000e+01,8.846164492876932442e-09
3.650000000000000000e+01,7.556873953884453185e-09
3.651562500000000000e+01,6.316823591867764493e-09
3.653125000000000000e+01,5.341133609412661123e-09
3.654687500000000000e+01,4.775405211831275014e-09
3.656250000000000000e+01,4.636163669780883843e-09
3.657812500000000000e+01,4.776137128361483674e-09
3.659375000000000000e+01,5.117313543182630795e-09
3.660937500000000000e+01,5.653572839465679566e-09
3.662500000000000000e+01,6.223623016456167458e-09
3.664062500000000000e+01,6.523398816004518446e-09
3.665625000000000000e+01,6.499038978164641247e-09
3.667187500000000000e+01,6.542022116994144820e-09
3.668750000000000000e+01,6.784058701169921493e-09
3.670312500000000000e+01,6.843234219208591987e-09
3.671875000000000000e+01,6.564812443520343696e-09
3.673437500000000000e+01,6.266844390520754197e-09
3.675000000000000000e+01,6.274579873392719021e-09
3.676562500000000000e+01,6.653521965681059944e-09
3.678125000000000000e+01,7.424908673355178387e-09
3.679687500000000000e+01,8.455333172807275076e-09
3.681250000000000000e+01,9.361094403666701962e-09
3.682812500000000000e+01,9.787402004814666948e-09
3.684375000000000000e+01,9.735895873981106821e-09
3.685937500000000000e+01,9.519779944323357618e-09
3.687500000000000000e+01,9.357980488026521481e-09
3.689062500000000000e+01,9.212898524822097280e-09
3.690625000000000000e+01,8.960090425651919191e-09
3.692187500000000000e+01,8.466050667009970002e-09
3.693750000000000000e+01,7.765169697390450189e-09
3.695312500000000000e+01,7.107718975985299518e-09
3.696875000000000000e+01,6.651580801005227254e-09
3.698437500000000000e+01,6.311722024300671753e-09
3.700000000000000000e+01,6.011556766092185534e-09
3.701562500000000000e+01,5.886378085179285343e-09
3.703125000000000000e+01,6.089438020693879096e-09
3.704687500000000000e+01,6.600694314175167518e-09
3.706250000000000000e+01,7.340823300994367160e-09
3.707812500000000000e+01,8.142035893143770469e-09
3.709375000000000000e+01,8.681096523174354347e-09
3.710937500000000000e+01,8.717422108146041709e-09
3.712500000000000000e+01,8.404208806601102195e-09
3.714062500000000000e+01,8.114853684887560646e-09
3.715625000000000000e+01,8.091157138616456967e-09
3.717187500000000000e+01,8.581870407992343551e-09
3.718750000000000000e+01,9.510005462907014968e-09
3.720312500000000000e+01,1.022599455519008103e-08
3.721875000000000000e+01,1.029653532072319236e-08
3.723437500000000000e+01,9.701287825129063167e-09
3.725000000000000000e+01,8.478741755971124604e-09
3.726562500000000000e+01,6.973125404983291772e-09
3.728125000000000000e+01,5.976528535313350106e-09
3.729687500000000000e+01,5.940831933070817616e-09
3.731250000000000000e+01,6.497554044337833536e-09
3.732812500000000000e+01,7.101194849598165022e-09
3.734375000000000000e+01,7.643170793961142328e-09
3.735937500000000000e+01,8.386915540811895773e-09
3.737500000000000000e+01,9.149566999900452276e-09
3.739062500000000000e+01,9.234370739901180267e-09
3.740625000000000000e+01,8.362967086389487097e-09
3.742187500000000000e+01,7.154845594552835137e-09
3.743750000000000000e+01,6.469632507014009030e-09
3.745312500000000000e+01,6.280488398982117859e-09
3.746875000000000000e+01,6.128777952912327754e-09
3.748437500000000000e+01,5.952597707532061389e-09
3.750000000000000000e+01,5.961421957304371330e-09
3.751562500000000000e+01,6.274539157267394896e-09
3.753125000000000000e+01,6.847228966737654158e-09
3.754687500000000000e+01,7.475056160646497369e-09
3.756250000000000000e+01,7.716410350900302076e-09
3.757812500000000000e+01,7.458833287833747103e-09
3.759375000000000000e+01,7.172935679574908196e-09
3.760937500000000000e+01,7.063351498947894583e-09
3.762500000000000000e+01,6.819507154722886223e-09
3.764062500000000000e+01,6.487905113387049958e-09
3.765625000000000000e+01,6.398428537953183667e-09
3.767187500000000000e+01,6.318154484752488294e-09
3.768750000000000000e+01,5.841820686085476493e-09
3.770312500000000000e+01,5.238413962929999222e-09
3.771875000000000000e+01,5.073141404495687494e-09
3.773437500000000000e+01,5.211393424491668136e-09
3.775000000000000000e+01,5.157143857044627258e-09
3.776562500000000000e+01,4.893269172067406236e-09
3.778125000000000000e+01,4.911357638606883213e-09
3.779687500000000000e+01,5.359349996106690923e-09
3.781250000000000000e+01,5.772112496709290862e-09
3.782812500000000000e+01,5.856821166651568420e-09
3.784375000000000000e+01,5.677263001146560447e-09
3.785937500000000000e+01,5.539076638847019196e-09
3.787500000000000000e+01,5.681649678722400871e-09
3.789062500000000000e+01,6.013098070313401500e-09
3.790625000000000000e+01,6.352444688873326283e-09
3.792187500000000000e+01,6.561591306033628148e-09
3.793750000000000000e+01,6.566176762767540161e-09
3.795312500000000000e+01,6.458654264950009029e-09
3.796875000000000000e+01,6.385327061132167530e-09
3.798437500000000000e+01,6.364092318069026360e-09
3.800000000000000000e+01,6.431083740041558587e-09
3.801562500000000000e+01,6.747218357187696683e-09
3.803125000000000000e+01,7.425734943244943353e-09
3.804687500000000000e+01,8.198916087125664219e-09
3.806250000000000000e+01,8.506637927569926564e-09
3.807812500000000000e+01,8.091314491886543166e-09
3.809375000000000000e+01,7.188180025336701692e-09
3.810937500000000000e+01,6.230309289492479723e-09
3.812500000000000000e+01,5.496106807381659047e-09
3.814062500000000000e+01,5.011176747090692726e-09
3.815625000000000000e+01,4.772813572823877734e-09
3.817187500000000000e+01,4.857074259679991545e-09
3.818750000000000000e+01,5.161056740063275094e-09
3.820312500000000000e+01,5.482214048711255379e-09
3.821875000000000000e+01,5.881346781911967488e-09
3.823437500000000000e+01,6.486115020088515851e-09
3.825000000000000000e+01,7.110186744238260652e-09
3.826562500000000000e+01,7.406751329974420492e-09
3.828125000000000000e+01,7.285018393518241302e-09
3.829687500000000000e+01,6.983231293824476846e-09
3.831250000000000000e+01,6.752416548197991452e-09
3.832812500000000000e+01,6.824778341249167349e-09
3.834375000000000000e+01,7.387462057947611997e-09
3.835937500000000000e+01,8.188574474170539019e-09
3.837500000000000000e+01,8.768968310695796500e-09
3.839062500000000000e+01,8.976605302083408057e-09
3.840625000000000000e+01,8.981763399385424305e-09
3.842187500000000000e+01,8.995410543958749086e-09
3.843750000000000000e+01,9.296948945041181177e-09
3.845312500000000000e+01,9.988084597409341794e-09
3.846875000000000000e+01,1.053483025620632061e-08
3.848437500000000000e+01,1.040651434103807380e-08
3.850000000000000000e+01,9.750515408560670968e-09
3.851562500000000000e+01,9.033505254732044167e-09
3.853125000000000000e+01,8.526689809462027611e-09
3.854687500000000000e+01,8.313794356030496389e-09
3.856250000000000000e+01,8.127377245653002991e-09
3.857812500000000000e+01,7.581012839439649965e-09
3.859375000000000000e+01,6.896206435382434602e-09
3.860937500000000000e+01,6.570256821554253257e-09
3.862500000000000000e+01,6.463963350365840388e-09
3.864062500000000000e+01,6.116854572001904380e-09
3.865625000000000000e+01,5.478034752593904210e-09
3.867187500000000000e+01,4.819003201169399493e-09
3.868750000000000000e+01,4.369463726492502941e-09
3.870312500000000000e+01,4.259920149621086713e-09
3.871875000000000000e+01,4.509739628025153009e-09
3.873437500000000000e+01,4.920288661885322048e-09
3.875000000000000000e+01,5.236260965862270366e-09
3.876562500000000000e+01,5.370383437355929827e-09
3.878125000000000000e+01,5.541436967979523456e-09
3.879687500000000000e+01,6.219487399428313966e-09
3.881250000000000000e+01,7.378540149559729072e-09
3.882812500000000000e+01,8.335118548667491868e-09
3.884375000000000000e+01,8.637837108901360396e-09
3.885937500000000000e+01,8.411808575638437115e-09
3.887500000000000000e+01,7.938195100935209405e-09
3.889062500000000000e+01,7.344318946182845407e-09
3.890625000000000000e+01,6.621350362775632713e-09
3.892187500000000000e+01,5.794773097551352234e-09
3.893750000000000000e+01,5.258746512342911564e-09
3.895312500000000000e+01,5.372168093826162015e-09
3.896875000000000000e+01,5.805073320540926073e-09
3.898437500000000000e+01,6.127096284511333501e-09
3.900000000000000000e+01,6.162671373886316493e-09
3.901562500000000000e+01,5.869696061773052887e-09
3.903125000000000000e+01,5.454541571114050808e-09
3.904687500000000000e+01,5.326686981577373174e-09
3.906250000000000000e+01,5.562398889658957115e-09
3.907812500000000000e+01,5.874063706872402459e-09
3.909375000000000000e+01,6.223841282622512646e-09
3.910937500000000000e+01,6.747317954182737605e-09
3.912500000000000000e+01,7.305002554096314911e-09
3.914062500000000000e+01,7.705358744665495240e-09
3.915625000000000000e+01,7.910300113871417589e-09
3.917187500000000000e+01,7.786558637774122922e-09
3.918750000000000000e+01,7.224093726198917615e-09
3.920312500000000000e+01,6.450277897204829256e-09
3.921875000000000000e+01,5.970783392414759347e-09
3.923437500000000000e+01,6.312209175478275631e-09
3.925000000000000000e+01,7.344109528123820327e-09
3.926562500000000000e+01,8.256524697544433071e-09
3.928125000000000000e+01,8.491775716742395837e-09
3.929687500000000000e+01,8.112514731517303930e-09
3.931250000000000000e+01,7.484334746426312789e-09
3.932812500000000000e+01,6.936867760992748467e-09
3.934375000000000000e+01,6.741622074414122831e-09
3.935937500000000000e+01,6.994891661444512098e-09
3.937500000000000000e+01,7.520944898720772415e-09
3.939062500000000000e+01,7.921658354297384448e-09
3.940625000000000000e+01,7.850320258018339286e-09
3.942187500000000000e+01,7.415903474741195322e-09
3.943750000000000000e+01,7.068792923280040923e-09
3.945312500000000000e+01,6.975312399231535063e-09
3.946875000000000000e+01,6.975151226834793540e-09
3.948437500000000000e+01,6.893455777524939241e-09
3.950000000000000000e+01,6.623833382716392092e-09
3.951562500000000000e+01,6.242795786704059613e-09
3.953125000000000000e+01,5.977282138922648001e-09
3.954687500000000000e+01,5.917178278669036018e-09
3.956250000000000000e+01,5.964102180234724393e-09
3.957812500000000000e+01,6.189579585036879594e-09
3.959375000000000000e+01,6.670351066201581910e-09
3.960937500000000000e+01,7.136949786210547004e-09
3.962500000000000000e+01,7.330080479135502428e-09
3.964062500000000000e+01,7.324301545220213041e-09
3.965625000000000000e+01,7.206127114895957101e-09
3.967187500000000000e+01,6.880266280573649171e-09
3.968750000000000000e+01,6.382270319049022197e-09
3.970312500000000000e+01,5.879506710689411327e-09
3.971875000000000000e+01,5.434746955249590847e-09
3.973437500000000000e+01,5.103528432191698878e-09
3.975000000000000000e+01,5.001022701738190393e-09
3.976562500000000000e+01,5.143844976229063239e-09
3.978125000000000000e+01,5.326320181651503981e-09
3.979687500000000000e+01,5.429340724373124495e-09
3.981250000000000000e+01,5.882226705521106796e-09
3.982812500000000000e+01,6.941770444986439950e-09
3.984375000000000000e+01,7.968614463269104081e-09
3.985937500000000000e+01,8.344731313004700316e-09
3.987500000000000000e+01,8.023698335003523417e-09
3.989062500000000000e+01,7.343988880860017578e-09
3.990625000000000000e+01,6.734252595158769527e-09
3.992187500000000000e+01,6.430931238562212427e-09
3.993750000000000000e+01,6.309127920086251308e-09
3.995312500000000000e+01,6.128141867138088827e-09
3.996875000000000000e+01,6.035081036029857613e-09
3.998437500000000000e+01,6.388298779628988297e-09
4.000000000000000000e+01,6.948268041732426386e-09
4.001562500000000000e+01,7.242911399688280083e-09
4.003125000000000000e+01,7.162340329931068065e-09
4.004687500000000000e+01,6.796302191156379292e-09
4.006250000000000000e+01,6.478277498561036728e-09
4.007812500000000000e+01,6.549870036182738509e-09
4.009375000000000000e+01,6.765270983685978402e-09
4.010937500000000000e+01,6.789045550100255189e-09
4.012500000000000000e+01,6.684055294797617860e-09
4.014062500000000000e+01,6.631118326685616279e-09
4.015625000000000000e+01,6.559303213880194149e-09
4.017187500000000000e+01,6.174975381503628038e-09
4.018750000000000000e+01,5.538510028925608670e-09
4.020312500000000000e+01,5.077831350261821737e-09
4.021875000000000000e+01,4.873395750451095951e-09
4.023437500000000000e+01,4.870123639805676056e-09
4.025000000000000000e+01,5.184429862737817954e-09
4.026562500000000000e+01,5.603315747546037534e-09
4.028125000000000000e+01,5.819530814296348136e-09
4.029687500000000000e+01,5.866791558706150643e-09
4.031250000000000000e+01,5.893906099363881944e-09
4.032812500000000000e+01,5.816261592083542835e-09
4.034375000000000000e+01,5.458951095300359694e-09
4.035937500000000000e+01,4.886374943032551281e-09
4.037500000000000000e+01,4.388820993274377718e-09
4.039062500000000000e+01,4.188068216802957608e-09
4.040625000000000000e+01,4.257678065969029357e-09
4.042187500000000000e+01,4.554836942299416908e-09
4.043750000000000000e+01,5.070342455033015224e-09
4.045312500000000000e+01,5.611637440114312681e-09
4.046875000000000000e+01,5.857716332357614777e-09
4.048437500000000000e+01,5.589582240704839046e-09
4.050000000000000000e+01,5.011125362242046014e-09
4.051562500000000000e+01,4.696323362315544729e-09
4.053125000000000000e+01,4.763730011573739542e-09
4.054687500000000000e+01,4.845912773666399486e-09
4.056250000000000000e+01,4.796048352137561353e-09
4.057812500000000000e+01,4.603382838994729589e-09
4.059375000000000000e+01,4.219883372006538778e-09
4.060937500000000000e+01,3.717299659536208216e-09
4.062500000000000000e+01,3.304694549356101821e-09
4.064062500000000000e+01,3.161939328311064337e-09
4.065625000000000000e+01,3.392938329859002386e-09
4.067187500000000000e+01,3.865217425721968639e-09
4.068750000000000000e+01,4.209326551243011459e-09
4.070312500000000000e+01,4.298510239000722508e-09
4.071875000000000000e+01,4.288300815880028127e-09
4.073437500000000000e+01,4.342043006778103802e-09
4.075000000000000000e+01,4.697351240111546401e-09
4.076562500000000000e+01,5.281120446845282654e-09
4.078125000000000000e+01,5.635550240267529109e-09
4.079687500000000000e+01,5.608775487380290578e-09
4.081250000000000000e+01,5.396052206856153583e-09
4.082812500000000000e+01,5.202549826331043141e-09
4.084375000000000000e+01,5.280956443074797214e-09
4.085937500000000000e+01,5.699069631084438388e-09
4.087500000000000000e+01,6.020373132158501803e-09
4.089062500000000000e+01,5.857793953924928074e-09
4.090625000000000000e+01,5.236063351202932414e-09
4.092187500000000000e+01,4.500591290453137629e-09
4.093750000000000000e+01,4.065538179314473409e-09
4.095312500000000000e+01,3.983702553558095683e-09
4.096875000000000000e+01,4.028978453880055893e-09
4.098437500000000000e+01,4.076889908549805338e-09
4.100000000000000000e+01,4.156523913511057321e-09
4.101562500000000000e+01,4.419775700320432902e-09
4.103125000000000000e+01,4.955583224733784904e-09
4.104687500000000000e+01,5.620022440081484641e-09
4.106250000000000000e+01,6.099183924232420268e-09
4.107812500000000000e+01,6.157995120606530401e-09
4.109375000000000000e+01,5.947916917063840734e-09
4.110937500000000000e+01,5.926601418728314761e-09
4.112500000000000000e+01,6.368712158486824990e-09
4.114062500000000000e+01,7.150762179395915394e-09
4.115625000000000000e+01,7.901361425560289690e-09
4.117187500000000000e+01,8.302915134295999450e-09
4.118750000000000000e+01,8.376954741259942618e-09
4.120312500000000000e+01,8.342792176209440796e-09
4.121875000000000000e+01,8.260584313468247534e-09
4.123437500000000000e+01,8.021270887036855397e-09
4.125000000000000000e+01,7.587160947032755472e-09
4.126562500000000000e+01,7.069165932127201410e-09
4.128125000000000000e+01,6.677886292801995537e-09
4.129687500000000000e+01,6.460180304552548986e-09
4.131250000000000000e+01,6.226471135952542829e-09
4.132812500000000000e+01,5.879616881478226522e-09
4.134375000000000000e+01,5.431966980551290234e-09
4.135937500000000000e+01,4.940190485594944349e-09
4.137500000000000000e+01,4.515623706460043706e-09
4.139062500000000000e+01,4.153224485207172221e-09
4.140625000000000000e+01,3.792967199704229082e-09
4.142187500000000000e+01,3.713409763231568075e-09
4.143750000000000000e+01,4.144137363791229669e-09
4.145312500000000000e+01,4.578934130638638047e-09
4.146875000000000000e+01,4.667560015788671347e-09
4.148437500000000000e+01,4.690331592198444365e-09
4.150000000000000000e+01,4.882654361318134922e-09
4.151562500000000000e+01,5.141036238124349415e-09
4.153125000000000000e+01,5.407169485408386238e-09
4.154687500000000000e+01,5.739524945422176908e-09
4.156250000000000000e+01,6.160309029210355830e-09
4.157812500000000000e+01,6.542384463718755796e-09
4.159375000000000000e+01,6.681591819885873191e-09
4.160937500000000000e+01,6.516168194116713559e-09
4.162500000000000000e+01,6.232356144635604053e-09
4.164062500000000000e+01,6.040915465707556464e-09
4.165625000000000000e+01,6.005443488993101921e-09
4.167187500000000000e+01,5.963701317682015840e-09
4.168750000000000000e+01,5.624644610604367715e-09
4.170312500000000000e+01,4.974942201272805623e-09
4.171875000000000000e+01,4.316479101641733579e-09
4.173437500000000000e+01,3.951055490370874464e-09
4.175000000000000000e+01,3.962922405248767603e-09
4.176562500000000000e+01,4.119077406653925432e-09
4.178125000000000000e+01,4.174767421089010711e-09
4.179687500000000000e+01,4.353938217612869551e-09
4.181250000000000000e+01,4.928586586546524815e-09
4.182812500000000000e+01,5.560315781530673637e-09
4.184375000000000000e+01,5.831359479821548369e-09
4.185937500000000000e+01,5.639085724122554616e-09
4.187500000000000000e+01,5.142602673720344592e-09
4.189062500000000000e+01,4.725763611371356452e-09
4.190625000000000000e+01,4.614776882393517226e-09
4.192187500000000000e+01,4.526323395395079727e-09
4.193750000000000000e+01,4.197627196767454315e-09
4.195312500000000000e+01,3.862348313657139325e-09
4.196875000000000000e+01,3.970933004991547562e-09
4.198437500000000000e+01,4.629566948767951731e-09
4.200000000000000000e+01,5.517628785171984464e-09
4.201562500000000000e+01,6.156460129910411808e-09
4.203125000000000000e+01,6.449740496472267271e-09
4.204687500000000000e+01,6.766800509160049619e-09
4.206250000000000000e+01,7.093466494506390009e-09
4.207812500000000000e+01,6.984172194909229586e-09
4.209375000000000000e+01,6.406378046523908469e-09
4.210937500000000000e+01,5.721269217819707284e-09
4.212500000000000000e+01,5.096670276370937326e-09
4.214062500000000000e+01,4.519433992383130677e-09
4.215625000000000000e+01,4.057024276450691403e-09
4.217187500000000000e+01,3.778147360361934173e-09
4.218750000000000000e+01,3.755596126566551601e-09
4.220312500000000000e+01,3.924587774724343823e-09
4.221875000000000000e+01,4.072039652919948622e-09
4.223437500000000000e+01,4.070934623588445183e-09
4.225000000000000000e+01,3.917025105558756448e-09
4.226562500000000000e+01,3.748048751843025109e-09
4.228125000000000000e+01,3.809355654183674836e-09
4.229687500000000000e+01,4.178966716956351261e-09
4.231250000000000000e+01,4.640882644298218211e-09
4.232812500000000000e+01,5.064110267568585270e-09
4.234375000000000000e+01,5.504178476962954437e-09
4.235937500000000000e+01,5.812705791445230468e-09
4.237500000000000000e+01,5.759031537571779827e-09
4.239062500000000000e+01,5.499593714106231901e-09
4.240625000000000000e+01,5.410022229000258867e-09
4.242187500000000000e+01,5.461898994902181445e-09
4.243750000000000000e+01,5.264856598004793323e-09
4.245312500000000000e+01,4.712156899772282797e-09
4.246875000000000000e+01,4.175106781023301617e-09
4.248437500000000000e+01,3.980678869108004080e-09
4.250000000000000000e+01,3.991432926464007362e-09
4.251562500000000000e+01,4.020378435715572322e-09
4.253125000000000000e+01,4.107759683510356110e-09
4.254687500000000000e+01,4.376761831947817377e-09
4.256250000000000000e+01,4.865978041867030331e-09
4.257812500000000000e+01,5.260568781512341041e-09
4.259375000000000000e+01,5.086276928099244119e-09
4.260937500000000000e+01,4.448427089356508258e-09
4.262500000000000000e+01,4.050701286810290889e-09
4.264062500000000000e+01,4.075782591656814560e-09
4.265625000000000000e+01,4.084094772970855212e-09
4.267187500000000000e+01,4.051388250938983861e-09
4.268750000000000000e+01,4.183755863242081677e-09
4.270312500000000000e+01,4.331991795263199237e-09
4.271875000000000000e+01,4.377073154161497100e-09
4.273437500000000000e+01,4.506181573010805503e-09
4.275000000000000000e+01,4.845846823943440128e-09
4.276562500000000000e+01,5.333228819446408045e-09
4.278125000000000000e+01,5.718025814970661581e-09
4.279687500000000000e+01,5.792086809606028825e-09
4.281250000000000000e+01,5.663678153569600593e-09
4.282812500000000000e+01,5.504319893554219315e-09
4.284375000000000000e+01,5.282189599962421818e-09
4.285937500000000000e+01,4.919649216543391619e-09
4.287500000000000000e+01,4.437385802015023576e-09
4.289062500000000000e+01,3.991874515731815519e-09
4.290625000000000000e+01,3.764560795834492890e-09
4.292187500000000000e+01,3.754665383934539092e-09
4.293750000000000000e+01,3.817296265798729993e-09
4.295312500000000000e+01,3.823634121341526180e-09
4.296875000000000000e+01,3.833780750816420855e-09
4.298437500000000000e+01,4.044977932404927446e-09
4.300000000000000000e+01,4.448106713187199985e-09
4.301562500000000000e+01,4.876928085616384470e-09
4.303125000000000000e+01,5.324220469797304219e-09
4.304687500000000000e+01,5.819074388122901949e-09
4.306250000000000000e+01,6.179293691244976892e-09
4.307812500000000000e+01,6.181916667852616737e-09
4.309375000000000000e+01,5.881671302126612304e-09
4.310937500000000000e+01,5.650828018979891800e-09
4.312500000000000000e+01,5.767420562779401653e-09
4.314062500000000000e+01,5.974844758724483902e-09
4.315625000000000000e+01,5.976761359995406879e-09
4.317187500000000000e+01,5.870728854254465029e-09
4.318750000000000000e+01,5.666338362896284647e-09
4.320312500000000000e+01,5.231718935908859854e-09
4.321875000000000000e+01,4.845530054831661976e-09
4.323437500000000000e+01,4.895664766925018916e-09
4.325000000000000000e+01,5.112065897526524046e-09
4.326562500000000000e+01,5.030821075475031768e-09
4.328125000000000000e+01,4.835989044498927229e-09
4.329687500000000000e+01,5.086953333701239340e-09
4.331250000000000000e+01,5.560206715824132577e-09
4.332812500000000000e+01,5.617755394457067707e-09
4.334375000000000000e+01,5.195411222089632357e-09
4.335937500000000000e+01,4.688775010359936804e-09
4.337500000000000000e+01,4.332659385425786938e-09
4.339062500000000000e+01,4.112780469892606483e-09
4.340625000000000000e+01,4.091221813816456106e-09
4.342187500000000000e+01,4.339765194091366081e-09
4.343750000000000000e+01,4.761549931521871563e-09
4.345312500000000000e+01,5.113275055701068597e-09
4.346875000000000000e+01,5.179171523453760467e-09
4.348437500000000000e+01,4.873919676733898734e-09
4.350000000000000000e+01,4.286458629978726982e-09
4.351562500000000000e+01,3.836685893163986529e-09
4.353125000000000000e+01,3.982905501695776983e-09
4.354687500000000000e+01,4.438449524038651070e-09
4.356250000000000000e+01,4.736902593336277706e-09
4.357812500000000000e+01,4.918699802948605567e-09
4.359375000000000000e+01,5.260551281684835707e-09
4.360937500000000000e+01,5.742244370204118440e-09
4.362500000000000000e+01,5.964533300651247668e-09
4.364062500000000000e+01,5.716318080270770639e-09
4.365625000000000000e+01,5.265184045758473685e-09
4.367187500000000000e+01,4.885494638172595322e-09
4.368750000000000000e+01,4.563746556124099307e-09
4.370312500000000000e+01,4.291499534574198041e-09
4.371875000000000000e+01,4.017699613393240468e-09
4.373437500000000000e+01,3.705736363853164441e-09
4.375000000000000000e+01,3.659439105314298001e-09
4.376562500000000000e+01,4.007262620595760047e-09
4.378125000000000000e+01,4.425265833046674730e-09
4.379687500000000000e+01,4.806481226804818047e-09
4.381250000000000000e+01,5.167431087490353364e-09
4.382812500000000000e+01,5.287533204440079735e-09
4.384375000000000000e+01,5.066133215985970039e-09
4.385937500000000000e+01,4.804244461730815422e-09
4.387500000000000000e+01,4.711755183081638527e-09
4.389062500000000000e+01,4.573250901630449480e-09
4.390625000000000000e+01,4.252568859371483993e-09
4.392187500000000000e+01,3.924281326564512894e-09
4.393750000000000000e+01,3.860407980141339532e-09
4.395312500000000000e+01,4.090725934735182039e-09
4.396875000000000000e+01,4.422609309119161339e-09
4.398437500000000000e+01,4.877713614577848557e-09
4.400000000000000000e+01,5.552537303417002776e-09
4.401562500000000000e+01,6.321968119769883872e-09
4.403125000000000000e+01,6.911075153329685469e-09
4.404687500000000000e+01,7.133522239184767642e-09
4.406250000000000000e+01,7.107822094318690510e-09
4.407812500000000000e+01,7.011146345450193341e-09
4.409375000000000000e+01,6.864941104390443095e-09
4.410937500000000000e+01,6.578234504635381731e-09
4.412500000000000000e+01,5.964477011456951452e-09
4.414062500000000000e+01,5.175787275133150365e-09
4.415625000000000000e+01,4.733136142243263182e-09
4.417187500000000000e+01,4.695237883042694628e-09
4.418750000000000000e+01,4.733475622871678270e-09
4.420312500000000000e+01,4.769700960011065522e-09
4.421875000000000000e+01,4.849059639859506115e-09
4.423437500000000000e+01,4.874691280153406602e-09
4.425000000000000000e+01,4.712004122353814825e-09
4.426562500000000000e+01,4.473849396927090228e-09
4.428125000000000000e+01,4.287681720728117498e-09
4.429687500000000000e+01,4.085977401849807860e-09
4.431250000000000000e+01,3.907393724653318716e-09
4.432812500000000000e+01,3.885788513678476589e-09
4.434375000000000000e+01,4.054953773393417044e-09
4.435937500000000000e+01,4.399664442350899840e-09
4.437500000000000000e+01,4.883648520315721820e-09
4.439062500000000000e+01,5.428022385206568312e-09
4.440625000000000000e+01,5.847774963608255851e-09
4.442187500000000000e+01,5.956584538973167022e-09
4.443750000000000000e+01,5.836347641066658753e-09
4.445312500000000000e+01,5.892930798182262833e-09
4.446875000000000000e+01,6.455680169499120959e-09
4.448437500000000000e+01,7.366891118985378202e-09
4.450000000000000000e+01,8.095083701081259962e-09
4.451562500000000000e+01,8.109624398215090358e-09
4.453125000000000000e+01,7.213291712399944589e-09
4.454687500000000000e+01,5.783871840405317395e-09
4.456250000000000000e+01,4.637036679016271364e-09
4.457812500000000000e+01,4.067009078120711033e-09
4.459375000000000000e+01,3.673158917073690910e-09
4.460937500000000000e+01,3.468340480656110673e-09
4.462500000000000000e+01,3.576549489334810326e-09
4.464062500000000000e+01,3.750078582524215488e-09
4.465625000000000000e+01,3.847205548122781245e-09
4.467187500000000000e+01,4.080152628044200252e-09
4.468750000000000000e+01,4.675928882828794717e-09
4.470312500000000000e+01,5.480007651261826033e-09
4.471875000000000000e+01,6.276536003541543070e-09
4.473437500000000000e+01,6.940473038585478158e-09
4.475000000000000000e+01,7.359235977389282530e-09
4.476562500000000000e+01,7.581246504061651377e-09
4.478125000000000000e+01,7.700761581169004105e-09
4.479687500000000000e+01,7.718053529466271684e-09
4.481250000000000000e+01,7.729604628028030797e-09
4.482812500000000000e+01,7.765566335393462527e-09
4.484375000000000000e+01,7.560134106303850074e-09
4.485937500000000000e+01,6.933323202469052638e-09
4.487500000000000000e+01,6.144341895160039767e-09
4.489062500000000000e+01,5.669189123311861344e-09
4.490625000000000000e+01,5.586038913339478039e-09
4.492187500000000000e+01,5.534053574799387437e-09
4.493750000000000000e+01,5.410514521966950335e-09
4.495312500000000000e+01,5.312530260744289646e-09
4.496875000000000000e+01,5.165619996768519876e-09
4.498437500000000000e+01,4.943450298260438776e-09
4.500000000000000000e+01,4.762847793148354284e-09
4.501562500000000000e+01,4.653997884432353348e-09
4.503125000000000000e+01,4.534418771666331607e-09
4.504687500000000000e+01,4.443358638663511038e-09
4.506250000000000000e+01,4.539874735145670289e-09
4.507812500000000000e+01,4.755457859400223349e-09
4.509375000000000000e+01,4.779002828260701111e-09
4.510937500000000000e+01,4.498731712183286773e-09
4.512500000000000000e+01,4.118699174632563891e-09
4.514062500000000000e+01,3.929266493201110281e-09
4.515625000000000000e+01,4.045103573593726290e-09
4.517187500000000000e+01,4.310456550180344563e-09
4.518750000000000000e+01,4.513027254753084881e-09
4.520312500000000000e+01,4.565645659642303476e-09
4.521875000000000000e+01,4.485272412184213363e-09
4.523437500000000000e+01,4.298401004744005172e-09
4.525000000000000000e+01,4.096404610292188834e-09
4.526562500000000000e+01,4.088831539897036350e-09
4.528125000000000000e+01,4.307262723940360866e-09
4.529687500000000000e+01,4.494649700369660286e-09
4.531250000000000000e+01,4.500402809994173956e-09
4.532812500000000000e+01,4.416030319963608064e-09
4.534375000000000000e+01,4.289601390353625029e-09
4.535937500000000000e+01,4.111562647007771155e-09
4.537500000000000000e+01,3.973992599650223210e-09
4.539062500000000000e+01,3.889396982303355987e-09
4.540625000000000000e+01,3.865976704557307439e-09
4.542187500000000000e+01,4.080027054667410771e-09
4.543750000000000000e+01,4.469220134627830227e-09
4.545312500000000000e+01,4.620393501778820356e-09
4.546875000000000000e+01,4.375953949414971536e-09
4.548437500000000000e+01,4.152072758692854046e-09
4.550000000000000000e+01,4.366837207495106407e-09
4.551562500000000000e+01,4.807771491726794178e-09
4.553125000000000000e+01,5.106726452650718791e-09
4.554687500000000000e+01,5.167482714630415519e-09
4.556250000000000000e+01,5.228634321494213866e-09
4.557812500000000000e+01,5.625885761482555844e-09
4.559375000000000000e+01,6.171852767397107950e-09
4.560937500000000000e+01,6.289426662126644415e-09
4.562500000000000000e+01,5.858943370289210005e-09
4.564062500000000000e+01,5.470613816644833478e-09
4.565625000000000000e+01,5.441376256460578085e-09
4.567187500000000000e+01,5.256625913009154082e-09
4.568750000000000000e+01,4.661907866987046635e-09
4.570312500000000000e+01,4.032381476278816824e-09
4.571875000000000000e+01,3.746479063602476229e-09
4.573437500000000000e+01,3.780074003220418634e-09
4.575000000000000000e+01,3.923661907662349231e-09
4.576562500000000000e+01,4.009547213587266685e-09
4.578125000000000000e+01,3.962353067546222374e-09
4.579687500000000000e+01,3.847948467873135572e-09
4.581250000000000000e+01,3.924357348917250217e-09
4.582812500000000000e+01,4.290364136994775385e-09
4.584375000000000000e+01,4.729472197011608705e-09
4.585937500000000000e+01,5.076142039472891767e-09
4.587500000000000000e+01,5.202431838988926923e-09
4.589062500000000000e+01,5.025777794791974198e-09
4.590625000000000000e+01,4.663082177370910009e-09
4.592187500000000000e+01,4.333478320997244576e-09
4.593750000000000000e+01,4.165068546398164366e-09
4.595312500000000000e+01,4.079102722810812480e-09
4.596875000000000000e+01,4.050215536132260707e-09
4.598437500000000000e+01,4.269965960150853016e-09
4.600000000000000000e+01,4.782043896563839792e-09
4.601562500000000000e+01,5.368459339866587188e-09
4.603125000000000000e+01,5.737356167562532233e-09
4.604687500000000000e+01,5.730655681995323344e-09
4.606250000000000000e+01,5.519034847904068270e-09
4.607812500000000000e+01,5.393007786569157619e-09
4.609375000000000000e+01,5.244068039673782324e-09
4.610937500000000000e+01,4.817992273076520657e-09
4.612500000000000000e+01,4.266439324772544972e-09
4.614062500000000000e+01,3.926261761732301106e-09
4.615625000000000000e+01,3.882488996953813915e-09
4.617187500000000000e+01,4.038949308190132980e-09
4.618750000000000000e+01,4.287915952126186460e-09
4.620312500000000000e+01,4.638600279099180145e-09
4.621875000000000000e+01,5.115092124398218473e-09
4.623437500000000000e+01,5.541333610572313119e-09
4.625000000000000000e+01,5.762953251960638123e-09
4.626562500000000000e+01,5.774084790766758395e-09
4.628125000000000000e+01,5.645791414194004308e-09
4.629687500000000000e+01,5.439872853865737843e-09
4.631250000000000000e+01,5.195799008117170789e-09
4.632812500000000000e+01,5.022577455122957684e-09
4.634375000000000000e+01,4.975166041793035609e-09
4.635937500000000000e+01,4.901747764205667790e-09
4.637500000000000000e+01,4.650620566832816497e-09
4.639062500000000000e+01,4.345731366435327755e-09
4.640625000000000000e+01,4.251892043919088556e-09
4.642187500000000000e+01,4.301044325126324129e-09
4.643750000000000000e+01,4.273974766409062372e-09
4.645312500000000000e+01,4.228469800937023495e-09
4.646875000000000000e+01,4.238751987337622048e-09
4.648437500000000000e+01,4.178066634407213659e-09
4.650000000000000000e+01,4.088756611289720415e-09
4.651562500000000000e+01,4.189076069804291799e-09
4.653125000000000000e+01,4.388261260851629311e-09
4.654687500000000000e+01,4.435431995113443841e-09
4.656250000000000000e+01,4.324449521467041444e-09
4.657812500000000000e+01,4.227690187699096754e-09
4.659375000000000000e+01,4.261150181611997469e-09
4.660937500000000000e+01,4.400953448688242148e-09
4.662500000000000000e+01,4.514354383891018619e-09
4.664062500000000000e+01,4.468631875321647406e-09
4.665625000000000000e+01,4.374891877563312109e-09
4.667187500000000000e+01,4.537446236740817895e-09
4.668750000000000000e+01,4.922245201791672127e-09
4.670312500000000000e+01,5.212115059039907909e-09
4.671875000000000000e+01,5.310126492002973209e-09
4.673437500000000000e+01,5.372193006141318458e-09
4.675000000000000000e+01,5.448373317628238035e-09
4.676562500000000000e+01,5.342351673744386131e-09
4.678125000000000000e+01,5.024676005403599155e-09
4.679687500000000000e+01,4.809974092522421835e-09
4.681250000000000000e+01,4.936291574578746079e-09
4.682812500000000000e+01,5.310320680982985923e-09
4.684375000000000000e+01,5.675591159645590371e-09
4.685937500000000000e+01,5.820306644931363427e-09
4.687500000000000000e+01,5.738388297298992616e-09
4.689062500000000000e+01,5.493893264174732558e-09
4.690625000000000000e+01,5.169193752841330217e-09
4.692187500000000000e+01,5.120228972768243022e-09
4.693750000000000000e+01,5.572840951939448458e-09
4.695312500000000000e+01,6.122984591566989301e-09
4.696875000000000000e+01,6.388527067625959009e-09
4.698437500000000000e+01,6.377472124248902795e-09
4.700000000000000000e+01,6.201170936749622373e-09
4.701562500000000000e+01,5.828667154424304770e-09
4.703125000000000000e+01,5.220432607245669897e-09
4.704687500000000000e+01,4.543434092474189149e-09
4.706250000000000000e+01,4.134551915236621122e-09
4.707812500000000000e+01,4.203454304951560762e-09
4.709375000000000000e+01,4.595273041500260260e-09
4.710937500000000000e+01,4.938041844800124511e-09
4.712500000000000000e+01,5.009090569179111723e-09
4.714062500000000000e+01,4.931398848701714588e-09
4.715625000000000000e+01,4.928893194398706480e-09
4.717187500000000000e+01,5.097394822577717175e-09
4.718750000000000000e+01,5.420771246259914516e-09
4.720312500000000000e+01,5.773723717162128834e-09
4.721875000000000000e+01,6.087709052959276246e-09
4.723437500000000000e+01,6.416514013245074293e-09
4.725000000000000000e+01,6.724591825306494406e-09
4.726562500000000000e+01,6.972696293250473983e-09
4.728125000000000000e+01,7.237086139394763575e-09
4.729687500000000000e+01,7.376099341944647597e-09
4.731250000000000000e+01,7.071890035112338902e-09
4.732812500000000000e+01,6.340292842100460626e-09
4.734375000000000000e+01,5.756876717019753397e-09
4.735937500000000000e+01,5.945248614422885240e-09
4.737500000000000000e+01,6.563399899558354901e-09
4.739062500000000000e+01,6.826229506811148015e-09
4.740625000000000000e+01,6.526679883769947947e-09
4.742187500000000000e+01,5.977148849698163271e-09
4.743750000000000000e+01,5.409119456707616543e-09
4.745312500000000000e+01,4.811339852499129359e-09
4.746875000000000000e+01,4.244117156853772824e-09
4.748437500000000000e+01,3.901356637343551838e-09
4.750000000000000000e+01,3.813355584894342805e-09
4.751562500000000000e+01,3.738422801675673600e-09
4.753125000000000000e+01,3.587559199936202578e-09
4.754687500000000000e+01,3.469344427935646726e-09
4.756250000000000000e+01,3.461356134842271936e-09
4.757812500000000000e+01,3.583564234636106214e-09
4.759375000000000000e+01,3.668372378545299985e-09
4.760937500000000000e+01,3.580670198854806765e-09
4.762500000000000000e+01,3.482813577034351241e-09
4.764062500000000000e+01,3.568614866175104157e-09
4.765625000000000000e+01,3.815217346044412764e-09
4.767187500000000000e+01,4.167166343546718469e-09
4.768750000000000000e+01,4.683731507695848929e-09
4.770312500000000000e+01,5.300236109531531359e-09
4.771875000000000000e+01,5.753317277644342667e-09
4.773437500000000000e+01,5.821727708765914200e-09
4.775000000000000000e+01,5.454280628023107842e-09
4.776562500000000000e+01,4.864484666292895019e-09
4.778125000000000000e+01,4.433619886148512201e-09
4.779687500000000000e+01,4.260664568788122022e-09
4.781250000000000000e+01,4.136226065530461457e-09
4.782812500000000000e+01,4.001201972477596273e-09
4.784375000000000000e+01,4.045213510856484370e-09
4.785937500000000000e+01,4.327878013482746131e-09
4.787500000000000000e+01,4.622428807080739829e-09
4.789062500000000000e+01,4.730259223881880446e-09
4.790625000000000000e+01,4.543740150361318192e-09
4.792187500000000000e+01,4.066439358193799758e-09
4.793750000000000000e+01,3.542740509059582195e-09
4.795312500000000000e+01,3.241814223403408757e-09
4.796875000000000000e+01,3.119536514152705301e-09
4.798437500000000000e+01,3.040979884997178676e-09
4.800000000000000000e+01,3.016269515862954083e-09
4.801562500000000000e+01,3.004020394734393065e-09
4.803125000000000000e+01,2.980464657086364178e-09
4.804687500000000000e+01,3.090233285851562217e-09
4.806250000000000000e+01,3.286879056252681653e-09
4.807812500000000000e+01,3.416813787927965547e-09
4.809375000000000000e+01,3.534349404903260439e-09
4.810937500000000000e+01,3.612040430571121809e-09
4.812500000000000000e+01,3.528904047560835590e-09
4.814062500000000000e+01,3.436408374230354375e-09
4.815625000000000000e+01,3.556310731273499396e-09
4.817187500000000000e+01,3.778870080700637432e-09
4.818750000000000000e+01,3.885066145203386546e-09
4.820312500000000000e+01,3.826707720625193126e-09
4.821875000000000000e+01,3.737873414602601806e-09
4.823437500000000000e+01,3.736225058774076919e-09
4.825000000000000000e+01,3.783262056326298681e-09
4.826562500000000000e+01,3.857005478089180347e-09
4.828125000000000000e+01,4.015251505670082211e-09
4.829687500000000000e+01,4.326306738120556808e-09
4.831250000000000000e+01,4.744609835071520110e-09
4.832812500000000000e+01,5.083375100553797799e-09
4.834375000000000000e+01,5.195435894241570106e-09
4.835937500000000000e+01,5.096394980155879986e-09
4.837500000000000000e+01,4.854036283087613240e-09
4.839062500000000000e+01,4.479100670233231284e-09
4.840625000000000000e+01,4.223929244435164847e-09
4.842187500000000000e+01,4.411146512445327019e-09
4.843750000000000000e+01,4.696461048730729459e-09
4.845312500000000000e+01,4.605756517541303064e-09
4.846875000000000000e+01,4.167217817075488692e-09
4.848437500000000000e+01,3.658653522111304834e-09
4.850000000000000000e+01,3.301673688778612334e-09
4.851562500000000000e+01,3.283799016326769609e-09
4.853125000000000000e+01,3.609201664475110660e-09
4.854687500000000000e+01,3.994608116966894980e-09
4.856250000000000000e+01,4.161975336581617448e-09
4.857812500000000000e+01,4.063108713163224157e-09
4.859375000000000000e+01,3.822291793554014541e-09
4.860937500000000000e+01,3.593607195460711866e-09
4.862500000000000000e+01,3.569921910912864160e-09
4.864062500000000000e+01,3.836437199356423680e-09
4.865625000000000000e+01,4.176795926042482320e-09
4.867187500000000000e+01,4.290272193662214722e-09
4.868750000000000000e+01,4.125743403544326765e-09
4.870312500000000000e+01,3.941470352550460609e-09
4.871875000000000000e+01,3.938196465369283801e-09
4.873437500000000000e+01,4.020668256998820031e-09
4.875000000000000000e+01,4.068034185043623017e-09
4.876562500000000000e+01,4.076591584385981981e-09
4.878125000000000000e+01,3.990782725154814902e-09
4.879687500000000000e+01,3.684072903133104325e-09
4.881250000000000000e+01,3.227797476577879673e-09
4.882812500000000000e+01,2.878100256331978145e-09
4.884375000000000000e+01,2.736768303312661615e-09
4.885937500000000000e+01,2.839240703313781513e-09
4.887500000000000000e+01,3.250656313819159811e-09
4.889062500000000000e+01,3.819701075196920979e-09
4.890625000000000000e+01,4.279591892778369859e-09
4.892187500000000000e+01,4.456038322484265549e-09
4.893750000000000000e+01,4.283500266652212816e-09
4.895312500000000000e+01,3.794260802179996798e-09
4.896875000000000000e+01,3.216977393282112407e-09
4.898437500000000000e+01,2.947760966476249201e-09
4.900000000000000000e+01,3.122480900924110912e-09
4.901562500000000000e+01,3.453733774122708153e-09
4.903125000000000000e+01,3.683941016946890000e-09
4.904687500000000000e+01,3.781421187417954564e-09
4.906250000000000000e+01,3.848476138424606090e-09
4.907812500000000000e+01,3.916173961035390237e-09
4.909375000000000000e+01,3.890933805027269888e-09
4.910937500000000000e+01,3.791440075485060275e-09
4.912500000000000000e+01,3.775511127345154096e-09
4.914062500000000000e+01,3.778869128681619121e-09
4.915625000000000000e+01,3.540514481270424837e-09
4.917187500000000000e+01,3.080284259665436451e-09
4.918750000000000000e+01,2.782611048202959315e-09
4.920312500000000000e+01,2.852576904559574562e-09
4.921875000000000000e+01,3.053061487615629158e-09
4.923437500000000000e+01,3.138646935922950971e-09
4.925000000000000000e+01,3.058684921478784308e-09
4.926562500000000000e+01,2.887835668636373913e-09
4.928125000000000000e+01,2.657996382951507115e-09
4.929687500000000000e+01,2.417177797324597470e-09
4.931250000000000000e+01,2.312345887022184407e-09
4.932812500000000000e+01,2.454019637004671695e-09
4.934375000000000000e+01,2.792793412485857157e-09
4.935937500000000000e+01,3.117378772887266425e-09
4.937500000000000000e+01,3.228094618275276797e-09
4.939062500000000000e+01,3.149888155210959509e-09
4.940625000000000000e+01,3.165958003973579081e-09
4.942187500000000000e+01,3.488500379482067204e-09
4.943750000000000000e+01,3.970415875034433000e-09
4.945312500000000000e+01,4.358506462244932640e-09
4.946875000000000000e+01,4.486507323229376497e-09
4.948437500000000000e+01,4.313095251371932048e-09
4.950000000000000000e+01,3.996356511122667731e-09
4.951562500000000000e+01,3.739370519554358019e-09
4.953125000000000000e+01,3.553520924854999202e-09
4.954687500000000000e+01,3.548369118775610596e-09
4.956250000000000000e+01,3.959628108365178396e-09
4.957812500000000000e+01,4.454526332849611475e-09
4.959375000000000000e+01,4.512861173722994877e-09
4.960937500000000000e+01,4.159055998861571046e-09
4.962500000000000000e+01,3.806024979228517087e-09
4.964062500000000000e+01,3.701078642188580049e-09
4.965625000000000000e+01,3.727009964791861180e-09
4.967187500000000000e+01,3.712375541872970937e-09
4.968750000000000000e+01,3.682326141474461654e-09
4.970312500000000000e+01,3.715805951879577861e-09
4.971875000000000000e+01,3.690639029446128555e-09
4.973437500000000000e+01,3.501691764303310062e-09
4.975000000000000000e+01,3.310723217103481700e-09
4.976562500000000000e+01,3.255986286875826775e-09
4.978125000000000000e+01,3.252304195653326481e-09
4.979687500000000000e+01,3.337627418154190579e-09
4.981250000000000000e+01,3.627816227092169339e-09
4.982812500000000000e+01,3.926710228899953151e-09
4.984375000000000000e+01,3.937511254860133570e-09
4.985937500000000000e+01,3.642468400597286485e-09
4.987500000000000000e+01,3.357417121727515181e-09
4.989062500000000000e+01,3.338408289284010129e-09
4.990625000000000000e+01,3.430305068330828185e-09
4.992187500000000000e+01,3.425282549610645228e-09
4.993750000000000000e+01,3.299540606044226673e-09
4.995312500000000000e+01,3.140882653076972117e-09
4.996875000000000000e+01,3.113222472189910803e-09
4.998437500000000000e+01,3.267419155290789071e-09
5.000000000000000000e+01,3.501011809070819424e-09
5.001562500000000000e+01,3.755387014634972056e-09
5.003125000000000000e+01,3.987405769458166467e-09
5.004687500000000000e+01,4.123147241528337657e-09
5.006250000000000000e+01,4.137044947719205324e-09
5.007812500000000000e+01,4.026582060320374539e-09
5.009375000000000000e+01,3.770932981331425741e-09
5.010937500000000000e+01,3.430220055496522718e-09
5.012500000000000000e+01,3.135577338185535674e-09
5.014062500000000000e+01,3.008731801828111304e-09
5.015625000000000000e+01,3.102920523658841237e-09
5.017187500000000000e+01,3.301253885536548416e-09
5.018750000000000000e+01,3.431005418356067446e-09
5.020312500000000000e+01,3.395455262479519129e-09
5.021875000000000000e+01,3.205286290170644898e-09
5.023437500000000000e+01,2.955375807043151427e-09
5.025000000000000000e+01,2.710812219495167158e-09
5.026562500000000000e+01,2.448005230785853177e-09
5.028125000000000000e+01,2.187798641601762024e-09
5.029687500000000000e+01,2.136871634664202958e-09
5.031250000000000000e+01,2.475252951236378401e-09
5.032812500000000000e+01,3.031494533355738113e-09
5.034375000000000000e+01,3.508689928606621400e-09
5.035937500000000000e+01,3.763504928901895735e-09
5.037500000000000000e+01,3.762947188201788976e-09
5.039062500000000000e+01,3.507275749305411684e-09
5.040625000000000000e+01,3.186916582805374422e-09
5.042187500000000000e+01,3.084071081154620817e-09
5.043750000000000000e+01,3.178265423414107219e-09
5.045312500000000000e+01,3.329884122161529061e-09
5.046875000000000000e+01,3.471252794378522790e-09
5.048437500000000000e+01,3.597103534549119199e-09
5.050000000000000000e+01,3.868362685318059565e-09
5.051562500000000000e+01,4.329197266570981438e-09
5.053125000000000000e+01,4.680967213143602308e-09
5.054687500000000000e+01,4.648701719079183881e-09
5.056250000000000000e+01,4.229641828674841739e-09
5.057812500000000000e+01,3.571920416325399451e-09
5.059375000000000000e+01,2.889833809042865542e-09
5.060937500000000000e+01,2.543836944472597618e-09
5.062500000000000000e+01,2.635365485239777137e-09
5.064062500000000000e+01,2.835786868905762991e-09
5.065625000000000000e+01,2.962698978755300925e-09
5.067187500000000000e+01,3.017113486224268098e-09
5.068750000000000000e+01,3.040024489444492753e-09
5.070312500000000000e+01,3.051240188567786938e-09
5.071875000000000000e+01,3.076598714544639625e-09
5.073437500000000000e+01,3.202880108879432777e-09
5.075000000000000000e+01,3.440143717147515737e-09
5.076562500000000000e+01,3.632349084847465963e-09
5.078125000000000000e+01,3.684041983873330044e-09
5.079687500000000000e+01,3.700811872812388874e-09
5.081250000000000000e+01,3.826974245793229252e-09
5.082812500000000000e+01,4.070622087263307846e-09
5.084375000000000000e+01,4.318248300081999168e-09
5.085937500000000000e+01,4.489951555586460496e-09
5.087500000000000000e+01,4.627334188467773478e-09
5.089062500000000000e+01,4.704585194730460699e-09
5.090625000000000000e+01,4.564026730752711318e-09
5.092187500000000000e+01,4.195748163586062652e-09
5.093750000000000000e+01,3.856226986715062779e-09
5.095312500000000000e+01,3.689178638902642361e-09
5.096875000000000000e+01,3.507470529563477942e-09
5.098437500000000000e+01,3.219722118881688680e-09
5.100000000000000000e+01,2.966588480620144378e-09
5.101562500000000000e+01,2.801971963057170247e-09
5.103125000000000000e+01,2.675751327826565486e-09
5.104687500000000000e+01,2.573625693669676323e-09
5.106250000000000000e+01,2.511395265438375256e-09
5.107812500000000000e+01,2.531451980701615124e-09
5.109375000000000000e+01,2.584541461124778835e-09
5.110937500000000000e+01,2.637482946764215012e-09
5.112500000000000000e+01,2.867173100515402892e-09
5.114062500000000000e+01,3.343587259806190161e-09
5.115625000000000000e+01,3.852607522894620235e-09
5.117187500000000000e+01,4.253945966203658110e-09
5.118750000000000000e+01,4.547896761530841262e-09
5.120312500000000000e+01,4.661900597543966329e-09
5.121875000000000000e+01,4.515416518612365141e-09
5.123437500000000000e+01,4.223927609344672173e-09
5.125000000000000000e+01,4.017603339353087946e-09
5.126562500000000000e+01,3.941282265856115307e-09
5.128125000000000000e+01,3.808500303231423170e-09
5.129687500000000000e+01,3.531739432962821772e-09
5.131250000000000000e+01,3.278651154952848556e-09
5.132812500000000000e+01,3.241084885533829575e-09
5.134375000000000000e+01,3.291033882201960037e-09
5.135937500000000000e+01,3.170461455807441806e-09
5.137500000000000000e+01,2.900752083446380709e-09
5.139062500000000000e+01,2.679929757829644785e-09
5.140625000000000000e+01,2.537066431147961903e-09
5.142187500000000000e+01,2.415091689778661835e-09
5.143750000000000000e+01,2.346429143524297740e-09
5.145312500000000000e+01,2.354880372186860226e-09
5.146875000000000000e+01,2.478605954609160736e-09
5.148437500000000000e+01,2.747867089236289790e-09
5.150000000000000000e+01,3.011591782181241783e-09
5.151562500000000000e+01,3.098611851383582912e-09
5.153125000000000000e+01,3.003020295593368094e-09
5.154687500000000000e+01,2.885032499065066172e-09
5.156250000000000000e+01,2.974249523904279333e-09
5.157812500000000000e+01,3.234646191495801432e-09
5.159375000000000000e+01,3.412399085557213967e-09
5.160937500000000000e+01,3.405664232879547677e-09
5.162500000000000000e+01,3.249735216337130712e-09
5.164062500000000000e+01,2.987870291216971890e-09
5.165625000000000000e+01,2.727612204802291481e-09
5.167187500000000000e+01,2.603756653496377346e-09
5.168750000000000000e+01,2.580122840765365214e-09
5.170312500000000000e+01,2.541745063237316242e-09
5.171875000000000000e+01,2.470547218828324240e-09
5.173437500000000000e+01,2.482766341708295811e-09
5.175000000000000000e+01,2.698584438459368592e-09
5.176562500000000000e+01,2.970160109181291250e-09
5.178125000000000000e+01,3.108219796577254201e-09
5.179687500000000000e+01,3.192097321246583747e-09
5.181250000000000000e+01,3.350088622424926301e-09
5.182812500000000000e+01,3.482501133660613135e-09
5.184375000000000000e+01,3.408351456683069863e-09
5.185937500000000000e+01,3.123839550700875613e-09
5.187500000000000000e+01,2.778267086581788021e-09
5.189062500000000000e+01,2.466619502726899483e-09
5.190625000000000000e+01,2.319582001350249704e-09
5.192187500000000000e+01,2.449556280426886346e-09
5.193750000000000000e+01,2.656074738218023761e-09
5.195312500000000000e+01,2.749508108542525139e-09
5.196875000000000000e+01,2.736994877095870096e-09
5.198437500000000000e+01,2.771214060670028579e-09
5.200000000000000000e+01,2.977803305337259665e-09
5.201562500000000000e+01,3.163986555458406133e-09
5.203125000000000000e+01,3.133933641518885000e-09
5.204687500000000000e+01,3.026552564480201986e-09
5.206250000000000000e+01,3.037558249571894601e-09
5.207812500000000000e+01,3.097336033067567325e-09
5.209375000000000000e+01,3.066490077274306054e-09
5.210937500000000000e+01,2.917108785202448253e-09
5.212500000000000000e+01,2.711769038338960841e-09
5.214062500000000000e+01,2.565710607876924173e-09
5.215625000000000000e+01,2.516635749559890694e-09
5.217187500000000000e+01,2.516299006694209100e-09
5.218750000000000000e+01,2.512609037505529263e-09
5.220312500000000000e+01,2.440150322729282715e-09
5.221875000000000000e+01,2.343433010856550912e-09
5.223437500000000000e+01,2.377977123660159320e-09
5.225000000000000000e+01,2.567645341864851232e-09
5.226562500000000000e+01,2.835615364954814542e-09
5.228125000000000000e+01,3.143481211585791880e-09
5.229687500000000000e+01,3.363296458636939223e-09
5.231250000000000000e+01,3.349587801295002464e-09
5.232812500000000000e+01,3.140213121954725909e-09
5.234375000000000000e+01,2.912171801888302419e-09
5.235937500000000000e+01,2.906663112548437143e-09
5.237500000000000000e+01,3.202232737023377557e-09
5.239062500000000000e+01,3.503300780085954251e-09
5.240625000000000000e+01,3.589614457742619134e-09
5.242187500000000000e+01,3.543013950124009437e-09
5.243750000000000000e+01,3.463225257797261685e-09
5.245312500000000000e+01,3.288054645769831297e-09
5.246875000000000000e+01,3.018847174450591705e-09
5.248437500000000000e+01,2.888306838395575992e-09
5.250000000000000000e+01,2.987014950861880770e-09
5.251562500000000000e+01,3.034333583934670315e-09
5.253125000000000000e+01,2.918707276243473840e-09
5.254687500000000000e+01,2.890340277265605360e-09
5.256250000000000000e+01,3.094339190189929972e-09
5.257812500000000000e+01,3.319631220657350608e-09
5.259375000000000000e+01,3.342249827271785852e-09
5.260937500000000000e+01,3.231407987955008160e-09
5.262500000000000000e+01,3.238082534482910654e-09
5.264062500000000000e+01,3.413684554638597622e-09
5.265625000000000000e+01,3.600906137344398989e-09
5.267187500000000000e+01,3.669727828440772770e-09
5.268750000000000000e+01,3.616188278971391281e-09
5.270312500000000000e+01,3.498096319414553298e-09
5.271875000000000000e+01,3.301987823379252726e-09
5.273437500000000000e+01,3.025764819049092264e-09
5.275000000000000000e+01,2.817320392482646359e-09
5.276562500000000000e+01,2.836085183825156855e-09
5.278125000000000000e+01,3.048966123692146464e-09
5.279687500000000000e+01,3.306830067002737465e-09
5.281250000000000000e+01,3.550748010507930248e-09
5.282812500000000000e+01,3.831719754837583835e-09
5.284375000000000000e+01,4.128806381654582018e-09
5.285937500000000000e+01,4.260564113337574433e-09
5.287500000000000000e+01,4.072034551480852908e-09
5.289062500000000000e+01,3.663724719638739388e-09
5.290625000000000000e+01,3.334000945751284141e-09
5.292187500000000000e+01,3.263613526191494891e-09
5.293750000000000000e+01,3.352633089620531044e-09
5.295312500000000000e+01,3.382303305821968892e-09
5.296875000000000000e+01,3.270068077139800715e-09
5.298437500000000000e+01,3.155656609892259553e-09
5.300000000000000000e+01,3.161126051696541030e-09
5.301562500000000000e+01,3.206726160926614759e-09
5.303125000000000000e+01,3.160063706432096767e-09
5.304687500000000000e+01,2.963573133967348902e-09
5.306250000000000000e+01,2.720985764940644605e-09
5.307812500000000000e+01,2.690319903684153509e-09
5.309375000000000000e+01,2.869562226922154383e-09
5.310937500000000000e+01,2.964193032818384601e-09
5.312500000000000000e+01,2.870110179183270921e-09
5.314062500000000000e+01,2.717142384383312620e-09
5.315625000000000000e+01,2.654238450549415482e-09
5.317187500000000000e+01,2.687098582485631251e-09
5.318750000000000000e+01,2.728300202528024259e-09
5.320312500000000000e+01,2.753800819184276744e-09
5.321875000000000000e+01,2.809482750351788488e-09
5.323437500000000000e+01,2.875044582152534225e-09
5.325000000000000000e+01,2.816066919780668208e-09
5.326562500000000000e+01,2.682715687647482671e-09
5.328125000000000000e+01,2.800893476328318995e-09
5.329687500000000000e+01,3.112166786746675890e-09
5.331250000000000000e+01,3.224341494770233415e-09
5.332812500000000000e+01,3.086032870349167937e-09
5.334375000000000000e+01,2.940791399403312197e-09
5.335937500000000000e+01,2.920936814831535181e-09
5.337500000000000000e+01,2.986033998949384162e-09
5.339062500000000000e+01,3.116041938655320600e-09
5.340625000000000000e+01,3.284854845268448500e-09
5.342187500000000000e+01,3.425055881263472486e-09
5.343750000000000000e+01,3.485756536650086085e-09
5.345312500000000000e+01,3.438096316803992999e-09
5.346875000000000000e+01,3.267246044390603970e-09
5.348437500000000000e+01,3.000035329293762285e-09
5.350000000000000000e+01,2.726351425929292170e-09
5.351562500000000000e+01,2.525283472147332064e-09
5.353125000000000000e+01,2.379827356052656756e-09
5.354687500000000000e+01,2.355329607900263322e-09
5.356250000000000000e+01,2.593506250482861425e-09
5.357812500000000000e+01,2.889247448213561336e-09
5.359375000000000000e+01,2.938339178372494926e-09
5.360937500000000000e+01,2.765755951034848154e-09
5.362500000000000000e+01,2.572237326457881610e-09
5.364062500000000000e+01,2.507733953797696209e-09
5.365625000000000000e+01,2.638808433999305916e-09
5.367187500000000000e+01,2.814360623829959622e-09
5.368750000000000000e+01,2.845788982955854189e-09
5.370312500000000000e+01,2.748268024116474588e-09
5.371875000000000000e+01,2.623658173439195645e-09
5.373437500000000000e+01,2.552158942592067475e-09
5.375000000000000000e+01,2.601830353145506902e-09
5.376562500000000000e+01,2.686344850442566387e-09
5.378125000000000000e+01,2.688532424615383315e-09
5.379687500000000000e+01,2.708204259646990922e-09
5.381250000000000000e+01,2.799434551776741276e-09
5.382812500000000000e+01,2.804795125579753282e-09
5.384375000000000000e+01,2.681156246337499761e-09
5.385937500000000000e+01,2.543536894082474318e-09
5.387500000000000000e+01,2.471102371408267846e-09
5.389062500000000000e+01,2.495544457942352102e-09
5.390625000000000000e+01,2.563477578486081528e-09
5.392187500000000000e+01,2.590482223077035671e-09
5.393750000000000000e+01,2.594730670641728870e-09
5.395312500000000000e+01,2.591087580380556815e-09
5.396875000000000000e+01,2.520541381599826044e-09
5.398437500000000000e+01,2.385428859079898871e-09
5.400000000000000000e+01,2.252656145202633655e-09
5.401562500000000000e+01,2.189848092464238266e-09
5.403125000000000000e+01,2.269521379211180490e-09
5.404687500000000000e+01,2.464099810656636631e-09
5.406250000000000000e+01,2.671761853224871622e-09
5.407812500000000000e+01,2.795629798083148859e-09
5.409375000000000000e+01,2.797619306264632813e-09
5.410937500000000000e+01,2.733254741614420259e-09
5.412500000000000000e+01,2.639023664702466796e-09
5.414062500000000000e+01,2.542372091184716388e-09
5.415625000000000000e+01,2.508585025878505086e-09
5.417187500000000000e+01,2.563099999241132894e-09
5.418750000000000000e+01,2.707026538577579186e-09
5.420312500000000000e+01,2.885049041644407289e-09
5.421875000000000000e+01,2.986576060137891489e-09
5.423437500000000000e+01,2.929331787569195113e-09
5.425000000000000000e+01,2.691752719581419782e-09
5.426562500000000000e+01,2.356432880244464035e-09
5.428125000000000000e+01,2.091052141021369689e-09
5.429687500000000000e+01,1.985592585189543684e-09
5.431250000000000000e+01,1.987329378547073519e-09
5.432812500000000000e+01,2.005419154587440307e-09
5.434375000000000000e+01,2.011883248270421264e-09
5.435937500000000000e+01,2.068213926493403299e-09
5.437500000000000000e+01,2.178390761072053408e-09
5.439062500000000000e+01,2.262170384509045367e-09
5.440625000000000000e+01,2.357765971171241688e-09
5.442187500000000000e+01,2.493997300996770255e-09
5.443750000000000000e+01,2.543213933765845081e-09
5.445312500000000000e+01,2.430873752268143569e-09
5.446875000000000000e+01,2.231516322083936289e-09
5.448437500000000000e+01,2.149350041507564376e-09
5.450000000000000000e+01,2.324661555049241352e-09
5.451562500000000000e+01,2.553508907335574018e-09
5.453125000000000000e+01,2.582838462289139949e-09
5.454687500000000000e+01,2.432275818157342888e-09
5.456250000000000000e+01,2.285966670665115220e-09
5.457812500000000000e+01,2.196858595685932748e-09
5.459375000000000000e+01,2.101013236276449290e-09
5.460937500000000000e+01,2.017314583536203806e-09
5.462500000000000000e+01,1.990402214421080810e-09
5.464062500000000000e+01,2.006941394977969915e-09
5.465625000000000000e+01,2.075640609269644712e-09
5.467187500000000000e+01,2.241181177212241062e-09
5.468750000000000000e+01,2.412933046984376593e-09
5.470312500000000000e+01,2.433892595735163220e-09
5.471875000000000000e+01,2.311764781894258576e-09
5.473437500000000000e+01,2.176699345421604465e-09
5.475000000000000000e+01,2.123911849325624596e-09
5.476562500000000000e+01,2.157889633082292186e-09
5.478125000000000000e+01,2.186507650718056678e-09
5.479687500000000000e+01,2.200035261538274867e-09
5.481250000000000000e+01,2.321298463574746633e-09
5.482812500000000000e+01,2.488131746203458856e-09
5.484375000000000000e+01,2.525566139938247830e-09
5.485937500000000000e+01,2.476871678937053047e-09
5.487500000000000000e+01,2.500496456531152079e-09
5.489062500000000000e+01,2.558941471304017137e-09
5.490625000000000000e+01,2.518959457491771071e-09
5.492187500000000000e+01,2.405979093564006805e-09
5.493750000000000000e+01,2.313403958994256069e-09
5.495312500000000000e+01,2.243984967200047757e-09
5.496875000000000000e+01,2.183641286941722069e-09
5.498437500000000000e+01,2.146494429174332491e-09
5.500000000000000000e+01,2.112352257389238268e-09
5.501562500000000000e+01,2.054830665112571414e-09
5.503125000000000000e+01,2.007951950635930334e-09
5.504687500000000000e+01,2.030755967468728233e-09
5.506250000000000000e+01,2.134168741721319071e-09
5.507812500000000000e+01,2.229044582009560976e-09
5.509375000000000000e+01,2.195333430049255177e-09
5.510937500000000000e+01,2.037621243005738168e-09
5.512500000000000000e+01,1.884361983990496318e-09
5.514062500000000000e+01,1.837068779943945164e-09
5.515625000000000000e+01,1.882033177889949591e-09
5.517187500000000000e+01,1.969580701494887784e-09
5.518750000000000000e+01,2.079682724769936296e-09
5.520312500000000000e+01,2.183851253980500690e-09
5.521875000000000000e+01,2.210769784417079599e-09
5.523437500000000000e+01,2.111833190169165548e-09
5.525000000000000000e+01,1.948978455934614695e-09
5.526562500000000000e+01,1.852423012001225423e-09
5.528125000000000000e+01,1.853670989716836778e-09
5.529687500000000000e+01,1.873847674460541528e-09
5.531250000000000000e+01,1.938103094954220094e-09
5.532812500000000000e+01,2.133637169628239487e-09
5.534375000000000000e+01,2.400319470794555943e-09
5.535937500000000000e+01,2.624061872712499754e-09
5.537500000000000000e+01,2.723654194631296207e-09
5.539062500000000000e+01,2.637638877129384639e-09
5.540625000000000000e+01,2.427922464333005960e-09
5.542187500000000000e+01,2.261086312453023957e-09
5.543750000000000000e+01,2.149929291645723578e-09
5.545312500000000000e+01,1.982916775177724944e-09
5.546875000000000000e+01,1.800531639218851835e-09
5.548437500000000000e+01,1.758867162409871509e-09
5.550000000000000000e+01,1.830764314378472911e-09
5.551562500000000000e+01,1.853341024287791132e-09
5.553125000000000000e+01,1.772490659858635444e-09
5.554687500000000000e+01,1.628309686832417516e-09
5.556250000000000000e+01,1.498377885838005654e-09
5.557812500000000000e+01,1.462635906993909648e-09
5.559375000000000000e+01,1.523298233915516584e-09
5.560937500000000000e+01,1.616977201154435876e-09
5.562500000000000000e+01,1.694094767742548669e-09
5.564062500000000000e+01,1.719051939244985656e-09
5.565625000000000000e+01,1.681887567356956939e-09
5.567187500000000000e+01,1.621396715416151828e-09
5.568750000000000000e+01,1.568694592787515598e-09
5.570312500000000000e+01,1.519160915650031609e-09
5.571875000000000000e+01,1.478091822264262017e-09
5.573437500000000000e+01,1.449635270780221975e-09
5.575000000000000000e+01,1.420887795495932457e-09
5.576562500000000000e+01,1.421082747133295227e-09
5.578125000000000000e+01,1.469122629917885905e-09
5.579687500000000000e+01,1.533549335427425500e-09
5.581250000000000000e+01,1.618160561301240651e-09
5.582812500000000000e+01,1.713861242931338104e-09
5.584375000000000000e+01,1.770074428519462049e-09
5.585937500000000000e+01,1.763429320276181182e-09
5.587500000000000000e+01,1.709010965535713942e-09
5.589062500000000000e+01,1.648198896894571471e-09
5.590625000000000000e+01,1.664437850815179908e-09
5.592187500000000000e+01,1.818410774363893941e-09
5.593750000000000000e+01,2.004608996116029123e-09
5.595312500000000000e+01,2.097831386897205168e-09
5.596875000000000000e+01,2.112203039430357628e-09
5.598437500000000000e+01,2.096624126328327382e-09
5.600000000000000000e+01,2.090849649463665980e-09
5.601562500000000000e+01,2.136797913682510789e-09
5.603125000000000000e+01,2.213631055835867024e-09
5.604687500000000000e+01,2.311945357824902599e-09
5.606250000000000000e+01,2.442542090119421853e-09
5.607812500000000000e+01,2.504010768534371444e-09
5.609375000000000000e+01,2.472088651384145178e-09
5.610937500000000000e+01,2.569167571831061336e-09
5.612500000000000000e+01,2.852588238258533748e-09
5.614062500000000000e+01,3.048623332600227688e-09
5.615625000000000000e+01,2.984107136837539238e-09
5.617187500000000000e+01,2.764207342470525499e-09
5.618750000000000000e+01,2.617870914609465513e-09
5.620312500000000000e+01,2.573853654014310909e-09
5.621875000000000000e+01,2.439212348125005946e-09
5.623437500000000000e+01,2.178721215617206433e-09
5.625000000000000000e+01,1.980182285966130645e-09
5.626562500000000000e+01,1.921723038025312002e-09
5.628125000000000000e+01,1.905037217036473970e-09
5.629687500000000000e+01,1.908841269970826858e-09
5.631250000000000000e+01,1.978545493309393631e-09
5.632812500000000000e+01,2.043322125020679295e-09
5.634375000000000000e+01,1.961635192542052723e-09
5.635937500000000000e+01,1.718863171977381515e-09
5.637500000000000000e+01,1.464093169132751704e-09
5.639062500000000000e+01,1.381391231466377630e-09
5.640625000000000000e+01,1.482127935958647046e-09
5.642187500000000000e+01,1.596002944154840883e-09
5.643750000000000000e+01,1.626964775671330072e-09
5.645312500000000000e+01,1.595471343640347477e-09
5.646875000000000000e+01,1.591198802934591219e-09
5.648437500000000000e+01,1.684398306530986091e-09
5.650000000000000000e+01,1.767874338810127484e-09
5.651562500000000000e+01,1.718117918288344416e-09
5.653125000000000000e+01,1.584441984045398224e-09
5.654687500000000000e+01,1.538627954147008230e-09
5.656250000000000000e+01,1.738442939772928492e-09
5.657812500000000000e+01,2.156472190879973899e-09
5.659375000000000000e+01,2.637937415687914680e-09
5.660937500000000000e+01,3.112073037549841689e-09
5.662500000000000000e+01,3.592561774515912809e-09
5.664062500000000000e+01,4.159264388956962761e-09
5.665625000000000000e+01,4.930331466053023755e-09
5.667187500000000000e+01,5.833203683571401029e-09
5.668750000000000000e+01,6.586575368505485296e-09
5.670312500000000000e+01,7.019759328412504620e-09
5.671875000000000000e+01,7.116836673993326756e-09
5.673437500000000000e+01,6.755740976356406612e-09
5.675000000000000000e+01,5.854715816559002492e-09
5.676562500000000000e+01,4.701713992782214215e-09
5.678125000000000000e+01,3.726898598498271787e-09
5.679687500000000000e+01,3.058277760360671695e-09
5.681250000000000000e+01,2.643253254151077432e-09
5.682812500000000000e+01,2.433358314359602562e-09
5.684375000000000000e+01,2.286800321623278447e-09
5.685937500000000000e+01,2.119485851008843960e-09
5.687500000000000000e+01,2.018644285429795117e-09
5.689062500000000000e+01,2.064075498095532427e-09
5.690625000000000000e+01,2.139932464957032715e-09
5.692187500000000000e+01,2.153682237499904089e-09
5.693750000000000000e+01,2.198832297180772280e-09
5.695312500000000000e+01,2.277524335411845148e-09
5.696875000000000000e+01,2.285923674527986583e-09
5.698437500000000000e+01,2.260072392093791961e-09
5.700000000000000000e+01,2.210792217961078722e-09
5.701562500000000000e+01,2.034748658210785232e-09
5.703125000000000000e+01,1.758746579463956168e-09
5.704687500000000000e+01,1.544308066624515079e-09
5.706250000000000000e+01,1.446734951465780748e-09
5.707812500000000000e+01,1.404902089796972223e-09
5.709375000000000000e+01,1.403796908346050648e-09
5.710937500000000000e+01,1.469470851327086342e-09
5.712500000000000000e+01,1.599055847088421001e-09
5.714062500000000000e+01,1.747881929279103702e-09
5.715625000000000000e+01,1.858917855707944064e-09
5.717187500000000000e+01,1.874314229544275944e-09
5.718750000000000000e+01,1.791706614342976980e-09
5.720312500000000000e+01,1.660427461598843427e-09
5.721875000000000000e+01,1.500064203148915274e-09
5.723437500000000000e+01,1.367701123903519044e-09
5.725000000000000000e+01,1.339779442245766502e-09
5.726562500000000000e+01,1.367259743555326882e-09
5.728125000000000000e+01,1.407957212608727418e-09
5.729687500000000000e+01,1.485574842510644659e-09
5.731250000000000000e+01,1.587876171708424923e-09
5.732812500000000000e+01,1.681223476779132510e-09
5.734375000000000000e+01,1.740861863784439746e-09
5.735937500000000000e+01,1.784341291656892832e-09
5.737500000000000000e+01,1.876095743221438156e-09
5.739062500000000000e+01,1.994153609252994218e-09
5.740625000000000000e+01,2.020092564799369773e-09
5.742187500000000000e+01,1.915654853511643909e-09
5.743750000000000000e+01,1.775433803707188701e-09
5.745312500000000000e+01,1.707074768864530756e-09
5.746875000000000000e+01,1.699842442658441760e-09
5.748437500000000000e+01,1.672873382053131966e-09
5.750000000000000000e+01,1.628252450569711540e-09
5.751562500000000000e+01,1.640804244799500466e-09
5.753125000000000000e+01,1.710719707906954924e-09
5.754687500000000000e+01,1.771839085684782413e-09
5.756250000000000000e+01,1.829470108969151354e-09
5.757812500000000000e+01,1.915367233265420000e-09
5.759375000000000000e+01,1.977422864757576343e-09
5.760937500000000000e+01,1.989873573024364490e-09
5.762500000000000000e+01,2.013272491016225447e-09
5.764062500000000000e+01,2.084121206905730171e-09
5.765625000000000000e+01,2.138871189403591409e-09
5.767187500000000000e+01,2.062083900484552869e-09
5.768750000000000000e+01,1.819302777206320412e-09
5.770312500000000000e+01,1.510839560799253165e-09
5.771875000000000000e+01,1.280750560682452502e-09
5.773437500000000000e+01,1.184896242178336627e-09
5.775000000000000000e+01,1.188815784905686289e-09
5.776562500000000000e+01,1.221318630472373457e-09
5.778125000000000000e+01,1.222630024872866221e-09
5.779687500000000000e+01,1.223578042448102217e-09
5.781250000000000000e+01,1.280828384972313183e-09
5.782812500000000000e+01,1.344678166704096439e-09
5.784375000000000000e+01,1.335073465786878978e-09
5.785937500000000000e+01,1.294163721421965486e-09
5.787500000000000000e+01,1.318343552899640602e-09
5.789062500000000000e+01,1.373472975577226206e-09
5.790625000000000000e+01,1.378071981261917284e-09
5.792187500000000000e+01,1.348459191213927486e-09
5.793750000000000000e+01,1.346327401820093727e-09
5.795312500000000000e+01,1.356143645331049299e-09
5.796875000000000000e+01,1.322360541130012157e-09
5.798437500000000000e+01,1.254035615602660584e-09
5.800000000000000000e+01,1.191215719488516909e-09
5.801562500000000000e+01,1.139217095885923160e-09
5.803125000000000000e+01,1.094434983494970612e-09
5.804687500000000000e+01,1.083817214248975619e-09
5.806250000000000000e+01,1.119185365480172214e-09
5.807812500000000000e+01,1.187287988497157048e-09
5.809375000000000000e+01,1.287105587332405922e-09
5.810937500000000000e+01,1.394095126776392980e-09
5.812500000000000000e+01,1.443331891958905926e-09
5.814062500000000000e+01,1.395598155234742660e-09
5.815625000000000000e+01,1.308132154557335427e-09
5.817187500000000000e+01,1.281322579999947673e-09
5.818750000000000000e+01,1.308550196732831647e-09
5.820312500000000000e+01,1.324811133530382832e-09
5.821875000000000000e+01,1.325890656731248264e-09
5.823437500000000000e+01,1.319154578358345377e-09
5.825000000000000000e+01,1.271135964270881579e-09
5.826562500000000000e+01,1.167925654476335011e-09
5.828125000000000000e+01,1.064591330336530855e-09
5.829687500000000000e+01,1.023104824743836227e-09
5.831250000000000000e+01,1.040576214797969337e-09
5.832812500000000000e+01,1.073864060966504652e-09
5.834375000000000000e+01,1.100571263511783176e-09
5.835937500000000000e+01,1.112278885560968772e-09
5.837500000000000000e+01,1.082986425331551048e-09
5.839062500000000000e+01,1.016280644911059482e-09
5.840625000000000000e+01,9.589744931600431380e-10
5.842187500000000000e+01,9.369770544475275338e-10
5.843750000000000000e+01,9.659054358909910411e-10
5.845312500000000000e+01,1.074071207342637622e-09
5.846875000000000000e+01,1.229086319612645885e-09
5.848437500000000000e+01,1.338864880552395236e-09
5.850000000000000000e+01,1.356989409151755588e-09
5.851562500000000000e+01,1.321551821644385316e-09
5.853125000000000000e+01,1.275012413604291565e-09
5.854687500000000000e+01,1.229250674897651576e-09
5.856250000000000000e+01,1.175784149357258875e-09
5.857812500000000000e+01,1.065550422649937319e-09
5.859375000000000000e+01,8.906132244013694763e-10
5.860937500000000000e+01,7.410647720962684814e-10
5.862500000000000000e+01,6.892249604301325675e-10
5.864062500000000000e+01,6.958583842346223483e-10
5.865625000000000000e+01,7.229526545657383562e-10
5.867187500000000000e+01,7.702702941810138930e-10
5.868750000000000000e+01,8.251487027302439132e-10
5.870312500000000000e+01,8.554627055779519366e-10
5.871875000000000000e+01,8.367054157011928834e-10
5.873437500000000000e+01,7.960634594788232188e-10
5.875000000000000000e+01,7.975330908152378286e-10
5.876562500000000000e+01,8.514516000823526383e-10
5.878125000000000000e+01,9.103932763277898087e-10
5.879687500000000000e+01,9.230563922583166672e-10
5.881250000000000000e+01,8.607331240141546148e-10
5.882812500000000000e+01,7.720189041545753711e-10
5.884375000000000000e+01,7.359437688383650227e-10
5.885937500000000000e+01,7.418161225226171581e-10
5.887500000000000000e+01,7.664113579853256237e-10
5.889062500000000000e+01,8.065581828820803849e-10
5.890625000000000000e+01,8.373565212327832477e-10
5.892187500000000000e+01,8.596073168505943410e-10
5.893750000000000000e+01,8.927064474620080663e-10
5.895312500000000000e+01,9.218020697064550862e-10
5.896875000000000000e+01,9.352144098534925815e-10
5.898437500000000000e+01,9.768445697251485604e-10
5.900000000000000000e+01,1.061922195981721884e-09
5.901562500000000000e+01,1.116068803382736797e-09
5.903125000000000000e+01,1.076231117278708071e-09
5.904687500000000000e+01,9.769301737071612775e-10
5.906250000000000000e+01,9.309463523354017198e-10
5.907812500000000000e+01,9.796046350440062953e-10
5.909375000000000000e+01,1.046873402449083449e-09
5.910937500000000000e+01,1.086935367338987292e-09
5.912500000000000000e+01,1.084989635382439016e-09
5.914062500000000000e+01,1.028710493916968795e-09
5.915625000000000000e+01,9.508515813614401160e-10
5.917187500000000000e+01,9.145293190410906837e-10
5.918750000000000000e+01,9.757267438319008031e-10
5.920312500000000000e+01,1.106733517298526273e-09
5.921875000000000000e+01,1.193203959992085366e-09
5.923437500000000000e+01,1.170883566793201891e-09
5.925000000000000000e+01,1.078703203581938753e-09
5.926562500000000000e+01,9.882786858697635168e-10
5.928125000000000000e+01,9.313035203620226725e-10
5.929687500000000000e+01,9.130838811489405643e-10
5.931250000000000000e+01,9.125894159127748106e-10
5.932812500000000000e+01,8.777216562307141343e-10
5.934375000000000000e+01,8.025001216816834007e-10
5.935937500000000000e+01,7.439969389389563326e-10
5.937500000000000000e+01,7.129793075383622786e-10
5.939062500000000000e+01,6.693240670087196443e-10
5.940625000000000000e+01,6.114349835264899291e-10
5.942187500000000000e+01,5.695153373663610895e-10
5.943750000000000000e+01,5.578088674873470637e-10
5.945312500000000000e+01,5.711296767869573171e-10
5.946875000000000000e+01,5.976827488984035590e-10
5.948437500000000000e+01,6.147936617702663641e-10
5.950000000000000000e+01,6.151896063359897684e-10
5.951562500000000000e+01,6.186631430029544542e-10
5.953125000000000000e+01,6.141272016251007084e-10
5.954687500000000000e+01,5.673341435470207569e-10
5.956250000000000000e+01,4.995256840652233940e-10
5.957812500000000000e+01,4.722608126392016047e-10
5.959375000000000000e+01,4.950743083709012806e-10
5.960937500000000000e+01,5.201454991448473656e-10
5.962500000000000000e+01,5.141958539322331668e-10
5.964062500000000000e+01,4.820332217226805657e-10
5.965625000000000000e+01,4.444061989664530212e-10
5.967187500000000000e+01,4.100313292586072810e-10
5.968750000000000000e+01,3.689428283682637800e-10
5.970312500000000000e+01,3.181815573837232642e-10
5.971875000000000000e+01,2.789960412192566308e-10
5.973437500000000000e+01,2.638416968159745256e-10
5.975000000000000000e+01,2.627478901092139043e-10
5.976562500000000000e+01,2.753861534347178053e-10
5.978125000000000000e+01,3.035034440526176145e-10
5.979687500000000000e+01,3.365831624100049361e-10
5.981250000000000000e+01,3.630083342282939423e-10
5.982812500000000000e+01,3.726303877496070272e-10
5.984375000000000000e+01,3.592636268712924693e-10
5.985937500000000000e+01,3.237474332765975691e-10
5.987500000000000000e+01,2.755483262787565811e-10
5.989062500000000000e+01,2.317578102230618396e-10
5.990625000000000000e+01,2.004312575589630288e-10
5.992187500000000000e+01,1.752172625197211458e-10
5.993750000000000000e+01,1.514724383979431704e-10
5.995312500000000000e+01,1.305116507037223095e-10
5.996875000000000000e+01,1.130930762522853038e-10
5.998437500000000000e+01,1.012292014281220536e-10
6.000000000000000000e+01,9.755849363960930443e-11
6.001562500000000000e+01,9.688192528062943566e-11
6.003125000000000000e+01,9.655658022932634186e-11
6.004687500000000000e+01,1.034151350991744119e-10
6.006250000000000000e+01,1.210260603205665001e-10
6.007812500000000000e+01,1.491050266172028567e-10
6.009375000000000000e+01,1.882084855238573204e-10
6.010937500000000000e+01,2.279842426341334115e-10
6.012500000000000000e+01,2.512300738692055799e-10
6.014062500000000000e+01,2.543722537263834830e-10
6.015625000000000000e+01,2.508668776144034012e-10
6.017187500000000000e+01,2.505458940657256501e-10
6.018750000000000000e+01,2.481487188682908304e-10
6.020312500000000000e+01,2.440546082794305264e-10
6.021875000000000000e+01,2.497826755068192115e-10
6.023437500000000000e+01,2.629923987842879787e-10
6.025000000000000000e+01,2.709233291931466560e-10
6.026562500000000000e+01,2.712943722367599950e-10
6.028125000000000000e+01,2.730264273201557310e-10
6.029687500000000000e+01,2.819865686614385978e-10
6.031250000000000000e+01,2.900551920830850658e-10
6.032812500000000000e+01,2.979227316167429665e-10
6.034375000000000000e+01,3.251982742779404900e-10
6.035937500000000000e+01,3.789588281727114066e-10
6.037500000000000000e+01,4.398769239844412937e-10
6.039062500000000000e+01,4.780200719701887827e-10
6.040625000000000000e+01,4.767244841025509182e-10
6.042187500000000000e+01,4.542421996238523376e-10
6.043750000000000000e+01,4.582366521962820157e-10
6.045312500000000000e+01,4.936411396456650611e-10
6.046875000000000000e+01,5.122620828254892319e-10
6.048437500000000000e+01,4.947343401056922839e-10
6.050000000000000000e+01,4.633903548721049204e-10
6.051562500000000000e+01,4.511364618329263107e-10
6.053125000000000000e+01,4.691375745100018290e-10
6.054687500000000000e+01,4.942931637673719422e-10
6.056250000000000000e+01,5.126220826735430674e-10
6.057812500000000000e+01,5.502972142339296853e-10
6.059375000000000000e+01,6.135852627157793553e-10
6.060937500000000000e+01,6.534428838105110729e-10
6.062500000000000000e+01,6.481281162679937360e-10
6.064062500000000000e+01,6.280225439646895093e-10
6.065625000000000000e+01,6.282405024369437208e-10
6.067187500000000000e+01,6.738887775543669829e-10
6.068750000000000000e+01,7.729146572228535365e-10
6.070312500000000000e+01,8.973675257393887402e-10
6.071875000000000000e+01,9.969828892566930772e-10
6.073437500000000000e+01,1.040739845798150604e-09
6.075000000000000000e+01,1.045167626693839752e-09
6.076562500000000000e+01,1.044888558458757681e-09
6.078125000000000000e+01,1.035809003536118387e-09
6.079687500000000000e+01,9.920254646858180860e-10
6.081250000000000000e+01,9.148231063989065810e-10
6.082812500000000000e+01,8.473539372174423292e-10
6.084375000000000000e+01,8.319834445773191830e-10
6.085937500000000000e+01,8.563158270251171300e-10
6.087500000000000000e+01,8.816522827622446205e-10
6.089062500000000000e+01,8.845750688147717982e-10
6.090625000000000000e+01,8.696207515135100197e-10
6.092187500000000000e+01,8.533860616764835628e-10
6.093750000000000000e+01,8.536575616280335290e-10
6.095312500000000000e+01,9.073676019797681851e-10
6.096875000000000000e+01,1.047452668697050163e-09
6.098437500000000000e+01,1.225188328675423474e-09
6.100000000000000000e+01,1.325245732041905012e-09
6.101562500000000000e+01,1.274740530897641272e-09
6.103125000000000000e+01,1.107794960751024499e-09
6.104687500000000000e+01,9.193918930640347830e-10
6.106250000000000000e+01,7.857088418653684556e-10
6.107812500000000000e+01,7.645120748254709079e-10
6.109375000000000000e+01,8.486922319542398398e-10
6.110937500000000000e+01,9.378422464577814547e-10
6.112500000000000000e+01,9.517787236295525992e-10
6.114062500000000000e+01,8.754039504637107452e-10
6.115625000000000000e+01,7.626116315174990628e-10
6.117187500000000000e+01,7.080625378752923770e-10
6.118750000000000000e+01,7.302466656967818631e-10
6.120312500000000000e+01,7.511090204845477021e-10
6.121875000000000000e+01,7.250057518796442282e-10
6.123437500000000000e+01,6.912873640589658818e-10
6.125000000000000000e+01,7.043271901233177198e-10
6.126562500000000000e+01,7.368854737004268079e-10
6.128125000000000000e+01,7.611131682323878522e-10
6.129687500000000000e+01,8.023942830847524392e-10
6.131250000000000000e+01,8.571064255665411180e-10
6.132812500000000000e+01,9.057100599255585287e-10
6.134375000000000000e+01,9.590750922668078260e-10
6.135937500000000000e+01,1.010854711120413628e-09
6.137500000000000000e+01,1.019683367375749300e-09
6.139062500000000000e+01,9.611705480416652755e-10
6.140625000000000000e+01,8.839679091228410257e-10
6.142187500000000000e+01,8.718999510722015836e-10
6.143750000000000000e+01,9.121508512132327948e-10
6.145312500000000000e+01,9.213462760758807143e-10
6.146875000000000000e+01,8.603887870983433144e-10
6.148437500000000000e+01,7.507553805330134694e-10
6.150000000000000000e+01,6.624944813145471118e-10
6.151562500000000000e+01,6.827911374728980759e-10
6.153125000000000000e+01,8.059931495956167271e-10
6.154687500000000000e+01,9.494806082278682538e-10
6.156250000000000000e+01,1.058102823478949443e-09
6.157812500000000000e+01,1.119361264501171523e-09
6.159375000000000000e+01,1.164493485209209789e-09
6.160937500000000000e+01,1.231830901560268347e-09
6.162500000000000000e+01,1.305503399240936406e-09
6.164062500000000000e+01,1.339696473469084675e-09
6.165625000000000000e+01,1.317038013198607195e-09
6.167187500000000000e+01,1.239449863731776005e-09
6.168750000000000000e+01,1.119844247539486792e-09
6.170312500000000000e+01,1.005578257562168929e-09
6.171875000000000000e+01,9.257315082947936089e-10
6.173437500000000000e+01,8.499204625288992505e-10
6.175000000000000000e+01,7.927327822430409432e-10
6.176562500000000000e+01,8.222735914348682929e-10
6.178125000000000000e+01,9.194419245523704616e-10
6.179687500000000000e+01,9.911929776927504996e-10
6.181250000000000000e+01,9.831067182711205534e-10
6.182812500000000000e+01,9.352247533007623537e-10
6.184375000000000000e+01,9.394532292651362730e-10
6.185937500000000000e+01,9.927023100256360299e-10
6.187500000000000000e+01,1.013457357730174998e-09
6.189062500000000000e+01,1.003493714997291729e-09
6.190625000000000000e+01,1.036387225174879134e-09
6.192187500000000000e+01,1.101508599793278489e-09
6.193750000000000000e+01,1.128972705257349159e-09
6.195312500000000000e+01,1.112093190094665006e-09
6.196875000000000000e+01,1.101200247079371419e-09
6.198437500000000000e+01,1.173448104774571623e-09
6.200000000000000000e+01,1.331078913242283947e-09
6.201562500000000000e+01,1.461471316211255755e-09
6.203125000000000000e+01,1.490709023380411187e-09
6.204687500000000000e+01,1.438752851290358637e-09
6.206250000000000000e+01,1.368060366338308129e-09
6.207812500000000000e+01,1.337434643024978813e-09
6.209375000000000000e+01,1.338129494510914506e-09
6.210937500000000000e+01,1.297625724932487666e-09
6.212500000000000000e+01,1.193557275646244906e-09
6.214062500000000000e+01,1.081698930171122046e-09
6.215625000000000000e+01,9.934321966552019590e-10
6.217187500000000000e+01,9.215438455396646978e-10
6.218750000000000000e+01,8.996963742881791203e-10
6.220312500000000000e+01,9.250608009234886879e-10
6.221875000000000000e+01,9.296918543105690655e-10
6.223437500000000000e+01,9.055835462938046344e-10
6.225000000000000000e+01,8.945235712907698604e-10
6.226562500000000000e+01,9.033576654671769390e-10
6.228125000000000000e+01,9.188544272938924524e-10
6.229687500000000000e+01,9.443282992667660751e-10
6.231250000000000000e+01,9.838798940395378078e-10
6.232812500000000000e+01,1.023944799849578407e-09
6.234375000000000000e+01,1.043100274440223647e-09
6.235937500000000000e+01,1.030128439545639737e-09
6.237500000000000000e+01,1.013763332512643590e-09
6.239062500000000000e+01,1.039588986599142010e-09
6.240625000000000000e+01,1.089976527104177619e-09
6.242187500000000000e+01,1.100030063727094309e-09
6.243750000000000000e+01,1.050111475234275603e-09
6.245312500000000000e+01,9.910684128718074300e-10
6.246875000000000000e+01,9.798623316748118221e-10
6.248437500000000000e+01,1.022405797616129678e-09
6.250000000000000000e+01,1.097055868449787784e-09
6.251562500000000000e+01,1.169246986422071518e-09
6.253125000000000000e+01,1.189733598679880846e-09
6.254687500000000000e+01,1.152019702506664787e-09
6.256250000000000000e+01,1.125736435850102432e-09
6.257812500000000000e+01,1.144550105970413444e-09
6.259375000000000000e+01,1.120362982365859063e-09
6.260937500000000000e+01,1.001655596590098964e-09
6.262500000000000000e+01,8.645542092472942998e-10
6.264062500000000000e+01,7.857227769379288797e-10
6.265625000000000000e+01,7.449610125887113903e-10
6.267187500000000000e+01,7.022164404692825604e-10
6.268750000000000000e+01,6.612004280847343302e-10
6.270312500000000000e+01,6.683880078533138313e-10
6.271875000000000000e+01,7.519023240168287117e-10
6.273437500000000000e+01,8.655329462489448036e-10
6.275000000000000000e+01,9.414107691640190918e-10
6.276562500000000000e+01,9.481638125573591198e-10
6.278125000000000000e+01,8.935468949745211864e-10
6.279687500000000000e+01,7.929883485871375254e-10
6.281250000000000000e+01,6.665946747086529386e-10
6.282812500000000000e+01,5.680993522813418289e-10
6.284375000000000000e+01,5.483589229357280008e-10
6.285937500000000000e+01,5.913144940350469391e-10
6.287500000000000000e+01,6.665829342858869459e-10
6.289062500000000000e+01,7.727298889884384553e-10
6.290625000000000000e+01,9.152254895535115027e-10
6.292187500000000000e+01,1.076808392281840989e-09
6.293750000000000000e+01,1.212838749168218956e-09
6.295312500000000000e+01,1.286212826304027817e-09
6.296875000000000000e+01,1.298965405165077763e-09
6.298437500000000000e+01,1.297893698896686536e-09
6.300000000000000000e+01,1.326138210430107677e-09
6.301562500000000000e+01,1.369767459008379576e-09
6.303125000000000000e+01,1.394499344519986233e-09
6.304687500000000000e+01,1.391356054456494718e-09
6.306250000000000000e+01,1.373355132599772541e-09
6.307812500000000000e+01,1.357738330659031868e-09
6.309375000000000000e+01,1.346468790565637674e-09
6.310937500000000000e+01,1.334423406754448838e-09
6.312500000000000000e+01,1.316504338168650921e-09
6.314062500000000000e+01,1.278090231195737830e-09
6.315625000000000000e+01,1.212196420578466001e-09
6.317187500000000000e+01,1.135630605565058908e-09
6.318750000000000000e+01,1.056740657220089004e-09
6.320312500000000000e+01,9.843190352849371593e-10
6.321875000000000000e+01,9.446291222985288332e-10
6.323437500000000000e+01,9.315323610598327652e-10
6.325000000000000000e+01,9.167351278412883495e-10
6.326562500000000000e+01,9.023679581111125658e-10
6.328125000000000000e+01,9.015560413727020660e-10
6.329687500000000000e+01,9.109839108749224138e-10
6.331250000000000000e+01,9.255745267556815804e-10
6.332812500000000000e+01,9.321788282284460384e-10
6.334375000000000000e+01,9.109251651693069618e-10
6.335937500000000000e+01,8.703534436997601101e-10
6.337500000000000000e+01,8.489463690174468586e-10
6.339062500000000000e+01,8.445570133872712581e-10
6.340625000000000000e+01,8.158762426320879646e-10
6.342187500000000000e+01,7.852905017891109512e-10
6.343750000000000000e+01,8.113875287360776252e-10
6.345312500000000000e+01,8.780133057730023396e-10
6.346875000000000000e+01,9.347341217689156974e-10
6.348437500000000000e+01,9.531938380316377443e-10
6.350000000000000000e+01,9.315874709336798949e-10
6.351562500000000000e+01,9.287902712554602179e-10
6.353125000000000000e+01,9.916443485605446834e-10
6.354687500000000000e+01,1.052642589606794686e-09
6.356250000000000000e+01,1.058819596109574930e-09
6.357812500000000000e+01,1.075223634182539479e-09
6.359375000000000000e+01,1.153494804874665300e-09
6.360937500000000000e+01,1.216380468727281418e-09
6.362500000000000000e+01,1.202002147470440585e-09
6.364062500000000000e+01,1.132806389019170575e-09
6.365625000000000000e+01,1.033940126660272762e-09
6.367187500000000000e+01,9.215589068891066588e-10
6.368750000000000000e+01,8.376074670427298061e-10
6.370312500000000000e+01,7.987310840172315387e-10
6.371875000000000000e+01,7.965821422096663611e-10
6.373437500000000000e+01,8.225087885897295094e-10
6.375000000000000000e+01,8.373681607652461333e-10
6.376562500000000000e+01,8.143481700038998475e-10
6.378125000000000000e+01,7.847826571787818340e-10
6.379687500000000000e+01,8.257714452957480455e-10
6.381250000000000000e+01,9.489757009512062527e-10
6.382812500000000000e+01,1.064026284698103261e-09
6.384375000000000000e+01,1.109737058647973360e-09
6.385937500000000000e+01,1.093635263128998166e-09
6.387500000000000000e+01,1.059991692151975977e-09
6.389062500000000000e+01,1.055988148803204711e-09
6.390625000000000000e+01,1.072020053117150523e-09
6.392187500000000000e+01,1.067501075337162143e-09
6.393750000000000000e+01,1.035044381742191723e-09
6.395312500000000000e+01,9.772567333787762791e-10
6.396875000000000000e+01,8.954313217878483913e-10
6.398437500000000000e+01,7.963461279480909875e-10
6.400000000000000000e+01,6.971487390436185199e-10
6.401562500000000000e+01,6.354625545589105948e-10
6.403125000000000000e+01,6.254784370504479270e-10
6.404687500000000000e+01,6.480299764273800495e-10
6.406250000000000000e+01,6.953055624544259493e-10
6.407812500000000000e+01,7.558375714548608522e-10
6.409375000000000000e+01,7.895905826458337200e-10
6.410937500000000000e+01,7.687770859315021993e-10
6.412500000000000000e+01,7.136082662289414139e-10
6.414062500000000000e+01,6.847087097796474068e-10
6.415625000000000000e+01,7.214678704720073674e-10
6.417187500000000000e+01,7.932113519318038168e-10
6.418750000000000000e+01,8.565525642536398500e-10
6.420312500000000000e+01,8.997452629394939423e-10
6.421875000000000000e+01,9.334890438627358817e-10
6.423437500000000000e+01,9.602725474540255697e-10
6.425000000000000000e+01,9.525667605283392728e-10
6.426562500000000000e+01,8.989957144185469712e-10
6.428125000000000000e+01,8.676385213137618924e-10
6.429687500000000000e+01,9.300315319084427107e-10
6.431250000000000000e+01,1.013514560501558477e-09
6.432812500000000000e+01,1.027875245551633293e-09
6.434375000000000000e+01,1.006117731689769369e-09
6.435937500000000000e+01,1.008711932461125820e-09
6.437500000000000000e+01,1.008491198504665353e-09
6.439062500000000000e+01,9.608493495738521052e-10
6.440625000000000000e+01,8.766505291656480940e-10
6.442187500000000000e+01,8.158509813895614298e-10
6.443750000000000000e+01,8.107437808215062773e-10
6.445312500000000000e+01,8.124924033887986965e-10
6.446875000000000000e+01,7.971399375620940502e-10
6.448437500000000000e+01,8.036311147671452959e-10
6.450000000000000000e+01,8.423417948998112040e-10
6.451562500000000000e+01,8.872571556491013835e-10
6.453125000000000000e+01,9.235158143534908342e-10
6.454687500000000000e+01,9.395874621326034675e-10
6.456250000000000000e+01,9.147306131276937995e-10
6.457812500000000000e+01,8.408314654086006416e-10
6.459375000000000000e+01,7.772909269741922594e-10
6.460937500000000000e+01,8.244109654162856817e-10
6.462500000000000000e+01,9.601744992753277362e-10
6.464062500000000000e+01,1.078781835060421694e-09
6.465625000000000000e+01,1.129408325650415853e-09
6.467187500000000000e+01,1.111037002397794760e-09
6.468750000000000000e+01,1.042991592507846785e-09
6.470312500000000000e+01,9.826576714180104515e-10
6.471875000000000000e+01,9.954318306982771582e-10
6.473437500000000000e+01,1.048894960487505773e-09
6.475000000000000000e+01,1.074263768705630686e-09
6.476562500000000000e+01,1.076544726150327346e-09
6.478125000000000000e+01,1.062324913296785884e-09
6.479687500000000000e+01,9.896771850391353736e-10
6.481250000000000000e+01,8.662604284102373595e-10
6.482812500000000000e+01,7.767649992017517409e-10
6.484375000000000000e+01,7.661936905393478318e-10
6.485937500000000000e+01,8.105662240676419871e-10
6.487500000000000000e+01,8.822321658336756244e-10
6.489062500000000000e+01,9.497352297414205690e-10
6.490625000000000000e+01,9.853685759059406567e-10
6.492187500000000000e+01,9.868726731468862469e-10
6.493750000000000000e+01,9.828361918593436894e-10
6.495312500000000000e+01,1.003056223481723308e-09
6.496875000000000000e+01,1.036291515509657587e-09
6.498437500000000000e+01,1.035198841206017654e-09
6.500000000000000000e+01,9.709418580789619211e-10
6.501562500000000000e+01,8.639309992653496119e-10
6.503125000000000000e+01,7.662102204308067595e-10
6.504687500000000000e+01,7.283784143151560702e-10
6.506250000000000000e+01,7.471165579435342646e-10
6.507812500000000000e+01,7.758348262399337970e-10
6.509375000000000000e+01,8.193060223647035994e-10
6.510937500000000000e+01,9.210320545586700125e-10
6.512500000000000000e+01,1.059660374444755794e-09
6.514062500000000000e+01,1.150311746713479564e-09
6.515625000000000000e+01,1.136947875911387840e-09
6.517187500000000000e+01,1.056418442363648373e-09
6.518750000000000000e+01,1.000754012297202528e-09
6.520312500000000000e+01,9.916169437779037923e-10
6.521875000000000000e+01,9.854899618739091286e-10
6.523437500000000000e+01,9.833552676783950078e-10
6.525000000000000000e+01,9.974551090363148572e-10
6.526562500000000000e+01,9.944694009150307037e-10
6.528125000000000000e+01,9.439308370232297675e-10
6.529687500000000000e+01,8.568344992545003862e-10
6.531250000000000000e+01,7.666909408688866622e-10
6.532812500000000000e+01,7.136336905451289222e-10
6.534375000000000000e+01,7.152317814872869635e-10
6.535937500000000000e+01,7.451862414907124218e-10
6.537500000000000000e+01,7.836505494615472428e-10
6.539062500000000000e+01,8.171562220023801110e-10
6.540625000000000000e+01,8.210171810922728441e-10
6.542187500000000000e+01,8.036665720324128532e-10
6.543750000000000000e+01,7.962975448860716426e-10
6.545312500000000000e+01,7.875921021304167103e-10
6.546875000000000000e+01,7.552500550413220035e-10
6.548437500000000000e+01,7.268098210633082314e-10
6.550000000000000000e+01,7.354029185717663220e-10
6.551562500000000000e+01,7.874575348064378425e-10
6.553125000000000000e+01,8.759866393353487099e-10
6.554687500000000000e+01,9.665425670244339779e-10
6.556250000000000000e+01,1.023811907975452530e-09
6.557812500000000000e+01,1.024733706915881302e-09
6.559375000000000000e+01,9.654068773144963477e-10
6.560937500000000000e+01,9.135501769226544319e-10
6.562500000000000000e+01,9.451012335032187437e-10
6.564062500000000000e+01,9.927648533324433925e-10
6.565625000000000000e+01,9.628099786170843188e-10
6.567187500000000000e+01,8.742334409955723649e-10
6.568750000000000000e+01,8.041521163030138522e-10
6.570312500000000000e+01,7.633609366913702854e-10
6.571875000000000000e+01,7.064743500994698983e-10
6.573437500000000000e+01,6.446188732046723571e-10
6.575000000000000000e+01,6.336504530707595633e-10
6.576562500000000000e+01,6.659071296046402004e-10
6.578125000000000000e+01,6.887705675776815504e-10
6.579687500000000000e+01,6.922056503237607563e-10
6.581250000000000000e+01,6.823325989142580947e-10
6.582812500000000000e+01,6.469422209835022447e-10
6.584375000000000000e+01,6.025622778746331990e-10
6.585937500000000000e+01,6.018593468150184212e-10
6.587500000000000000e+01,6.641533492624961673e-10
6.589062500000000000e+01,7.530302056432108025e-10
6.590625000000000000e+01,8.298372614904385286e-10
6.592187500000000000e+01,8.953114957274485047e-10
6.593750000000000000e+01,9.700177984464839286e-10
6.595312500000000000e+01,1.060701589982953584e-09
6.596875000000000000e+01,1.149220173415427116e-09
6.598437500000000000e+01,1.201514101120558192e-09
6.600000000000000000e+01,1.209570774789825845e-09
6.601562500000000000e+01,1.213809752103805977e-09
6.603125000000000000e+01,1.238909997963328733e-09
6.604687500000000000e+01,1.244291190953035913e-09
6.606250000000000000e+01,1.194468915584426819e-09
6.607812500000000000e+01,1.116262911057495785e-09
6.609375000000000000e+01,1.066835364662695950e-09
6.610937500000000000e+01,1.066098016250555656e-09
6.612500000000000000e+01,1.076981390389797413e-09
6.614062500000000000e+01,1.053822625089855178e-09
6.615625000000000000e+01,1.011095283503973696e-09
6.617187500000000000e+01,1.002724657612355057e-09
6.618750000000000000e+01,1.002959144404385120e-09
6.620312500000000000e+01,9.683601789802287136e-10
6.621875000000000000e+01,9.390682369068891683e-10
6.623437500000000000e+01,9.462410836009652415e-10
6.625000000000000000e+01,9.633812873544168672e-10
6.626562500000000000e+01,9.626240071087982123e-10
6.628125000000000000e+01,9.370822997217841532e-10
6.629687500000000000e+01,8.996930324109536319e-10
6.631250000000000000e+01,8.709851397380173931e-10
6.632812500000000000e+01,8.683744698896663371e-10
6.634375000000000000e+01,8.919902670484064732e-10
6.635937500000000000e+01,9.098025279671818293e-10
6.637500000000000000e+01,9.071092394039893914e-10
6.639062500000000000e+01,9.338513935558931418e-10
6.640625000000000000e+01,1.035949415929052770e-09
6.642187500000000000e+01,1.178627058181701738e-09
6.643750000000000000e+01,1.304486324156341513e-09
6.645312500000000000e+01,1.395709848139959577e-09
6.646875000000000000e+01,1.451414229517177447e-09
6.648437500000000000e+01,1.434602042223699071e-09
6.650000000000000000e+01,1.310864742861399699e-09
6.651562500000000000e+01,1.124956845055513040e-09
6.653125000000000000e+01,9.701613427672804832e-10
6.654687500000000000e+01,9.034090847924538121e-10
6.656250000000000000e+01,9.073676793948807227e-10
6.657812500000000000e+01,9.124973320811358591e-10
6.659375000000000000e+01,8.920928607776060131e-10
6.660937500000000000e+01,8.909563578270366596e-10
6.662500000000000000e+01,9.306504178223594559e-10
6.664062500000000000e+01,1.010539027365940045e-09
6.665625000000000000e+01,1.133840650771175197e-09
6.667187500000000000e+01,1.248201713775557813e-09
6.668750000000000000e+01,1.279073945088067134e-09
6.670312500000000000e+01,1.219390720214675255e-09
6.671875000000000000e+01,1.155453889911896719e-09
6.673437500000000000e+01,1.172386182982188627e-09
6.675000000000000000e+01,1.228052627401001043e-09
6.676562500000000000e+01,1.227426251810654328e-09
6.678125000000000000e+01,1.147330648247374482e-09
6.679687500000000000e+01,1.031313170306754436e-09
6.681250000000000000e+01,9.335614625956291936e-10
6.682812500000000000e+01,8.707069304035981284e-10
6.684375000000000000e+01,8.263290255771523256e-10
6.685937500000000000e+01,7.972021268369067025e-10
6.687500000000000000e+01,7.897265800660721755e-10
6.689062500000000000e+01,7.838922899573588756e-10
6.690625000000000000e+01,7.600122037330961135e-10
6.692187500000000000e+01,7.301191570507747300e-10
6.693750000000000000e+01,7.196815380584172388e-10
6.695312500000000000e+01,7.394052287701307870e-10
6.696875000000000000e+01,7.643543636307522755e-10
6.698437500000000000e+01,7.634848360314598594e-10
6.700000000000000000e+01,7.509219116231418333e-10
6.701562500000000000e+01,7.740552499927156908e-10
6.703125000000000000e+01,8.261202139267918470e-10
6.704687500000000000e+01,8.601110329174577259e-10
6.706250000000000000e+01,8.788611560334517250e-10
6.707812500000000000e+01,8.975904825697054018e-10
6.709375000000000000e+01,9.052518585311474329e-10
6.710937500000000000e+01,9.093701017087923613e-10
6.712500000000000000e+01,9.203368499817627118e-10
6.714062500000000000e+01,9.193339679218598499e-10
6.715625000000000000e+01,8.975244025387181901e-10
6.717187500000000000e+01,8.680279354250186888e-10
6.718750000000000000e+01,8.584859823895272801e-10
6.720312500000000000e+01,8.856569208776025964e-10
6.721875000000000000e+01,8.955726019269700127e-10
6.723437500000000000e+01,8.555045310077717276e-10
6.725000000000000000e+01,8.390624322344432035e-10
6.726562500000000000e+01,8.940896418388574604e-10
6.728125000000000000e+01,1.000636945879430622e-09
6.729687500000000000e+01,1.160695262530524074e-09
6.731250000000000000e+01,1.341330611586796686e-09
6.732812500000000000e+01,1.491433924943556812e-09
6.734375000000000000e+01,1.585747866508384868e-09
6.735937500000000000e+01,1.586758882731362153e-09
6.737500000000000000e+01,1.458227568142068768e-09
6.739062500000000000e+01,1.237367294431033209e-09
6.740625000000000000e+01,1.036760504669564838e-09
6.742187500000000000e+01,9.508364604504794028e-10
6.743750000000000000e+01,9.715815343869977297e-10
6.745312500000000000e+01,1.005701945786755708e-09
6.746875000000000000e+01,9.716419183058580451e-10
6.748437500000000000e+01,8.804985214023346295e-10
6.750000000000000000e+01,8.064442241553469147e-10
6.751562500000000000e+01,7.903094358861421494e-10
6.753125000000000000e+01,8.289962679493109643e-10
6.754687500000000000e+01,8.990893826632081466e-10
6.756250000000000000e+01,9.475672717106503537e-10
6.757812500000000000e+01,9.387893888368432246e-10
6.759375000000000000e+01,8.874964262814318957e-10
6.760937500000000000e+01,8.430135153092868751e-10
6.762500000000000000e+01,8.595062549417116096e-10
6.764062500000000000e+01,9.460312334133390725e-10
6.765625000000000000e+01,1.059325474342965793e-09
6.767187500000000000e+01,1.148583626828395162e-09
6.768750000000000000e+01,1.190465489085844959e-09
6.770312500000000000e+01,1.186240583780678340e-09
6.771875000000000000e+01,1.141716955203450701e-09
6.773437500000000000e+01,1.077501310107004389e-09
6.775000000000000000e+01,1.049422585868880771e-09
6.776562500000000000e+01,1.111137597539705755e-09
6.778125000000000000e+01,1.225890050056936918e-09
6.779687500000000000e+01,1.306262758785141430e-09
6.781250000000000000e+01,1.317287426529618577e-09
6.782812500000000000e+01,1.274765047575782407e-09
6.784375000000000000e+01,1.188607762535853940e-09
6.785937500000000000e+01,1.061676144895273237e-09
6.787500000000000000e+01,9.400853815324619995e-10
6.789062500000000000e+01,8.815078281410777745e-10
6.790625000000000000e+01,8.696847450488169762e-10
6.792187500000000000e+01,8.610549012957472551e-10
6.793750000000000000e+01,8.461982080312831781e-10
6.795312500000000000e+01,8.408439884745468641e-10
6.796875000000000000e+01,8.650777239772010713e-10
6.798437500000000000e+01,9.110444456046367054e-10
6.800000000000000000e+01,9.517079334837508655e-10
6.801562500000000000e+01,9.814095999575678080e-10
6.803125000000000000e+01,1.003458459234926312e-09
6.804687500000000000e+01,9.987513731318337968e-10
6.806250000000000000e+01,9.478529136359608149e-10
6.807812500000000000e+01,8.670106313577706551e-10
6.809375000000000000e+01,8.053869022459474521e-10
6.810937500000000000e+01,8.183498720442988310e-10
6.812500000000000000e+01,9.251937094423049781e-10
6.814062500000000000e+01,1.063636210131593611e-09
6.815625000000000000e+01,1.175643249941423089e-09
6.817187500000000000e+01,1.268830607553697586e-09
6.818750000000000000e+01,1.343911440404588067e-09
6.820312500000000000e+01,1.371631649040679204e-09
6.821875000000000000e+01,1.343160513979541256e-09
6.823437500000000000e+01,1.287380488699599560e-09
6.825000000000000000e+01,1.253359923538745825e-09
6.826562500000000000e+01,1.244155597491227600e-09
6.828125000000000000e+01,1.200842609585198914e-09
6.829687500000000000e+01,1.114530878798962772e-09
6.831250000000000000e+01,1.036899323805092523e-09
6.832812500000000000e+01,9.805985226086953474e-10
6.834375000000000000e+01,9.397263747578270589e-10
6.835937500000000000e+01,9.140034431945018026e-10
6.837500000000000000e+01,8.749391650422177294e-10
6.839062500000000000e+01,8.247523932493926802e-10
6.840625000000000000e+01,7.967416928940783800e-10
6.842187500000000000e+01,7.872472721327589446e-10
6.843750000000000000e+01,7.776545545437499445e-10
6.845312500000000000e+01,7.634652991006785904e-10
6.846875000000000000e+01,7.681423647485496935e-10
6.848437500000000000e+01,8.138513649135193193e-10
6.850000000000000000e+01,8.622634310253542232e-10
6.851562500000000000e+01,8.753463852268991648e-10
6.853125000000000000e+01,8.629338966032009498e-10
6.854687500000000000e+01,8.391320600321532875e-10
6.856250000000000000e+01,7.914498467362204909e-10
6.857812500000000000e+01,7.134634613695091134e-10
6.859375000000000000e+01,6.399479413656054731e-10
6.860937500000000000e+01,6.266446681954755487e-10
6.862500000000000000e+01,6.746290525992103302e-10
6.864062500000000000e+01,7.151311253736200472e-10
6.865625000000000000e+01,7.104045264329848862e-10
6.867187500000000000e+01,7.017663297761382867e-10
6.868750000000000000e+01,7.281861876781949385e-10
6.870312500000000000e+01,7.637250557835147859e-10
6.871875000000000000e+01,7.970445534113943545e-10
6.873437500000000000e+01,8.411850249709758183e-10
6.875000000000000000e+01,8.945112818644452072e-10
6.876562500000000000e+01,9.533816863598576605e-10
6.878125000000000000e+01,1.006732521574377155e-09
6.879687500000000000e+01,1.038652067920868755e-09
6.881250000000000000e+01,1.055132083591280540e-09
6.882812500000000000e+01,1.097752250998888990e-09
6.884375000000000000e+01,1.194198709642514784e-09
6.885937500000000000e+01,1.293808676413523757e-09
6.887500000000000000e+01,1.335455363326717007e-09
6.889062500000000000e+01,1.321684162043595252e-09
6.890625000000000000e+01,1.267058711935854726e-09
6.892187500000000000e+01,1.177485350806864024e-09
6.893750000000000000e+01,1.076781749941386413e-09
6.895312500000000000e+01,9.894396657159288570e-10
6.896875000000000000e+01,9.379157229253028992e-10
6.898437500000000000e+01,9.156590409167207259e-10
6.900000000000000000e+01,9.123042904567472406e-10
6.901562500000000000e+01,9.905014865726934142e-10
6.903125000000000000e+01,1.168359512232130727e-09
6.904687500000000000e+01,1.313234645958968201e-09
6.906250000000000000e+01,1.310427493175001031e-09
6.907812500000000000e+01,1.188459997386484648e-09
6.909375000000000000e+01,1.104005709373156238e-09
6.910937500000000000e+01,1.155253769289827765e-09
6.912500000000000000e+01,1.247052173819409801e-09
6.914062500000000000e+01,1.289011441115852049e-09
6.915625000000000000e+01,1.276413742295955444e-09
6.917187500000000000e+01,1.211087709874674213e-09
6.918750000000000000e+01,1.099994740662344056e-09
6.920312500000000000e+01,9.805674309362453935e-10
6.921875000000000000e+01,8.814627472666288378e-10
6.923437500000000000e+01,8.192510798186679392e-10
6.925000000000000000e+01,8.110384832342963315e-10
6.926562500000000000e+01,8.511333904938336929e-10
6.928125000000000000e+01,9.188203877489434762e-10
6.929687500000000000e+01,9.907346297692917767e-10
6.931250000000000000e+01,1.053020031333045272e-09
6.932812500000000000e+01,1.097446590762509852e-09
6.934375000000000000e+01,1.128729054043660840e-09
6.935937500000000000e+01,1.188114266064511365e-09
6.937500000000000000e+01,1.286295863603020240e-09
6.939062500000000000e+01,1.370863206722227329e-09
6.940625000000000000e+01,1.413684334600851646e-09
6.942187500000000000e+01,1.419556388265359505e-09
6.943750000000000000e+01,1.373394812728907794e-09
6.945312500000000000e+01,1.276395805175781964e-09
6.946875000000000000e+01,1.203982680698835433e-09
6.948437500000000000e+01,1.230949943033293553e-09
6.950000000000000000e+01,1.305104835711365506e-09
6.951562500000000000e+01,1.326248974476658677e-09
6.953125000000000000e+01,1.297158123920694445e-09
6.954687500000000000e+01,1.302258548059394539e-09
6.956250000000000000e+01,1.348076123252948397e-09
6.957812500000000000e+01,1.355568620342540618e-09
6.959375000000000000e+01,1.316235705631794133e-09
6.960937500000000000e+01,1.299373103411489909e-09
6.962500000000000000e+01,1.311799194906138359e-09
6.964062500000000000e+01,1.324144769931203275e-09
6.965625000000000000e+01,1.358800474047129757e-09
6.967187500000000000e+01,1.424407381395708008e-09
6.968750000000000000e+01,1.483741050090629641e-09
6.970312500000000000e+01,1.510653532120126112e-09
6.971875000000000000e+01,1.495353284356636356e-09
6.973437500000000000e+01,1.428889037827275579e-09
6.975000000000000000e+01,1.339645267288641996e-09
6.976562500000000000e+01,1.252159956638173975e-09
6.978125000000000000e+01,1.139513642256649223e-09
6.979687500000000000e+01,1.017027390179342588e-09
6.981250000000000000e+01,9.237979116671463875e-10
6.982812500000000000e+01,8.588419017745312218e-10
6.984375000000000000e+01,8.641145814075694689e-10
6.985937500000000000e+01,9.544306622011261882e-10
6.987500000000000000e+01,1.032164863809262280e-09
6.989062500000000000e+01,1.037885582741973841e-09
6.990625000000000000e+01,1.010710969083924662e-09
6.992187500000000000e+01,1.001608071122106383e-09
6.993750000000000000e+01,1.016203868376819285e-09
6.995312500000000000e+01,1.063736418134466663e-09
6.996875000000000000e+01,1.141020201010661594e-09
6.998437500000000000e+01,1.179848766797248398e-09
7.000000000000000000e+01,1.133748049786903734e-09
7.001562500000000000e+01,1.059940442673775777e-09
7.003125000000000000e+01,1.039620433173313425e-09
7.004687500000000000e+01,1.055333398170102738e-09
7.006250000000000000e+01,1.069948160748428970e-09
7.007812500000000000e+01,1.095357356333948404e-09
7.009375000000000000e+01,1.135414138289445860e-09
7.010937500000000000e+01,1.197612140126547242e-09
7.012500000000000000e+01,1.290515378558010264e-09
7.014062500000000000e+01,1.361876982805553906e-09
7.015625000000000000e+01,1.348946601346925831e-09
7.017187500000000000e+01,1.257734456957669177e-09
7.018750000000000000e+01,1.140528406748133126e-09
7.020312500000000000e+01,1.053986138089039870e-09
7.021875000000000000e+01,1.040919798496050710e-09
7.023437500000000000e+01,1.077170961116122503e-09
7.025000000000000000e+01,1.092599922710172270e-09
7.026562500000000000e+01,1.061044278070374499e-09
7.028125000000000000e+01,1.009234688011394367e-09
7.029687500000000000e+01,9.694984488890692792e-10
7.031250000000000000e+01,9.500411327898970140e-10
7.032812500000000000e+01,9.296191354599206041e-10
7.034375000000000000e+01,9.032294850634273549e-10
7.035937500000000000e+01,8.929818100117762082e-10
7.037500000000000000e+01,9.111980341111204519e-10
7.039062500000000000e+01,9.514829241750012914e-10
7.040625000000000000e+01,9.914825737984423707e-10
7.042187500000000000e+01,1.030209668378299671e-09
7.043750000000000000e+01,1.090266620865285347e-09
7.045312500000000000e+01,1.160111740904782288e-09
7.046875000000000000e+01,1.206356551072783663e-09
7.048437500000000000e+01,1.209477827571400095e-09
7.050000000000000000e+01,1.173435137274450319e-09
7.051562500000000000e+01,1.123137081875342868e-09
7.053125000000000000e+01,1.093327893182303917e-09
7.054687500000000000e+01,1.115622963463437767e-09
7.056250000000000000e+01,1.183032641553169090e-09
7.057812500000000000e+01,1.246643938898935258e-09
7.059375000000000000e+01,1.292976531531528695e-09
7.060937500000000000e+01,1.346089876952885138e-09
7.062500000000000000e+01,1.379332165416177582e-09
7.064062500000000000e+01,1.376332832082539001e-09
7.065625000000000000e+01,1.397973626252872157e-09
7.067187500000000000e+01,1.459014190334232834e-09
7.068750000000000000e+01,1.489302877080625285e-09
7.070312500000000000e+01,1.438018015402109568e-09
7.071875000000000000e+01,1.318600764193547264e-09
7.073437500000000000e+01,1.203335254196635737e-09
7.075000000000000000e+01,1.158897637098949412e-09
7.076562500000000000e+01,1.168951544400701584e-09
7.078125000000000000e+01,1.169449640884557973e-09
7.079687500000000000e+01,1.140773247995555243e-09
7.081250000000000000e+01,1.106022335019851127e-09
7.082812500000000000e+01,1.114501446768475085e-09
7.084375000000000000e+01,1.202589871408557806e-09
7.085937500000000000e+01,1.326646140603591350e-09
7.087500000000000000e+01,1.432882994022593174e-09
7.089062500000000000e+01,1.477564741689864887e-09
7.090625000000000000e+01,1.432916201445472973e-09
7.092187500000000000e+01,1.329229407657319068e-09
7.093750000000000000e+01,1.211771704642257299e-09
7.095312500000000000e+01,1.106375972216194184e-09
7.096875000000000000e+01,1.035777441132228574e-09
7.098437500000000000e+01,9.893753241540687626e-10
7.100000000000000000e+01,9.323598950181507433e-10
7.101562500000000000e+01,8.711817151726886076e-10
7.103125000000000000e+01,8.472317008501573155e-10
7.104687500000000000e+01,8.693636236913517797e-10
7.106250000000000000e+01,9.036289768132998388e-10
7.107812500000000000e+01,9.099661301765938985e-10
7.109375000000000000e+01,8.712218347257386747e-10
7.110937500000000000e+01,8.109101706707923748e-10
7.112500000000000000e+01,7.668273706916665050e-10
7.114062500000000000e+01,7.437151073752793242e-10
7.115625000000000000e+01,7.252508857363336051e-10
7.117187500000000000e+01,7.030555443342939936e-10
7.118750000000000000e+01,6.837144315841362746e-10
7.120312500000000000e+01,6.965548969791189798e-10
7.121875000000000000e+01,7.494730890882649962e-10
7.123437500000000000e+01,8.189078170621652008e-10
7.125000000000000000e+01,9.035853288922499181e-10
7.126562500000000000e+01,1.009550331660532939e-09
7.128125000000000000e+01,1.109827111163155354e-09
7.129687500000000000e+01,1.155752691358107786e-09
7.131250000000000000e+01,1.139500518953883378e-09
7.132812500000000000e+01,1.110651264199518747e-09
7.134375000000000000e+01,1.101575831631349753e-09
7.135937500000000000e+01,1.095433051380867967e-09
7.137500000000000000e+01,1.079114772324611365e-09
7.139062500000000000e+01,1.075560377969777617e-09
7.140625000000000000e+01,1.111513178313042814e-09
7.142187500000000000e+01,1.150481318840062234e-09
7.143750000000000000e+01,1.136316537493819093e-09
7.145312500000000000e+01,1.084218933808421012e-09
7.146875000000000000e+01,1.049837673111194126e-09
7.148437500000000000e+01,1.035444754293611828e-09
7.150000000000000000e+01,1.002592011933629609e-09
7.151562500000000000e+01,9.339581963654388992e-10
7.153125000000000000e+01,8.558413349723532099e-10
7.154687500000000000e+01,8.228908105371396864e-10
7.156250000000000000e+01,8.349617020303653786e-10
7.157812500000000000e+01,8.476720541106779439e-10
7.159375000000000000e+01,8.470046069324725932e-10
7.160937500000000000e+01,8.438047870808180540e-10
7.162500000000000000e+01,8.706710460263382575e-10
7.164062500000000000e+01,9.508995897878553952e-10
7.165625000000000000e+01,1.054194518075039800e-09
7.167187500000000000e+01,1.126951132378195742e-09
7.168750000000000000e+01,1.155489090045911820e-09
7.170312500000000000e+01,1.205253544027060778e-09
7.171875000000000000e+01,1.315656462388189886e-09
7.173437500000000000e+01,1.387132977475801477e-09
7.175000000000000000e+01,1.321579182286355304e-09
7.176562500000000000e+01,1.181034684808528253e-09
7.178125000000000000e+01,1.130636916127634681e-09
7.179687500000000000e+01,1.166031921436510003e-09
7.181250000000000000e+01,1.154730104267456247e-09
7.182812500000000000e+01,1.105920361142055591e-09
7.184375000000000000e+01,1.104143762717550191e-09
7.185937500000000000e+01,1.128209226284073137e-09
7.187500000000000000e+01,1.110105443392810281e-09
7.189062500000000000e+01,1.061327157560621067e-09
7.190625000000000000e+01,1.022327952712106121e-09
7.192187500000000000e+01,9.864117279397060538e-10
7.193750000000000000e+01,9.320048509623433542e-10
7.195312500000000000e+01,8.562403601656047467e-10
7.196875000000000000e+01,8.118398419033929144e-10
7.198437500000000000e+01,8.724391961363672529e-10
7.200000000000000000e+01,9.916839986282087026e-10
7.201562500000000000e+01,1.099047588514799342e-09
7.203125000000000000e+01,1.205490288412715048e-09
7.204687500000000000e+01,1.283043610060830552e-09
7.206250000000000000e+01,1.258322695241640927e-09
7.207812500000000000e+01,1.122805874369538138e-09
7.209375000000000000e+01,9.261177230542797086e-10
7.210937500000000000e+01,7.743038192489346467e-10
7.212500000000000000e+01,7.755339341765789875e-10
7.214062500000000000e+01,8.372822541233572365e-10
7.215625000000000000e+01,8.301321551754639203e-10
7.217187500000000000e+01,7.496728623890118417e-10
7.218750000000000000e+01,6.691574108439088253e-10
7.220312500000000000e+01,6.744547250906570711e-10
7.221875000000000000e+01,7.575030909594461026e-10
7.223437500000000000e+01,8.316661891604983966e-10
7.225000000000000000e+01,8.535101315150674661e-10
7.226562500000000000e+01,8.390135042767531647e-10
7.228125000000000000e+01,8.205742837410313678e-10
7.229687500000000000e+01,8.266286599246862342e-10
7.231250000000000000e+01,8.561745287983695805e-10
7.232812500000000000e+01,8.748707449671224749e-10
7.234375000000000000e+01,8.939977993252503034e-10
7.235937500000000000e+01,9.536151104256410804e-10
7.237500000000000000e+01,1.016216629656612216e-09
7.239062500000000000e+01,1.024164500971721837e-09
7.240625000000000000e+01,9.872498764489249635e-10
7.242187500000000000e+01,9.506638873879127893e-10
7.243750000000000000e+01,9.267721925940840313e-10
7.245312500000000000e+01,8.892348107551863918e-10
7.246875000000000000e+01,8.308450480765137574e-10
7.248437500000000000e+01,7.926987276731393767e-10
7.250000000000000000e+01,8.021763257094001042e-10
7.251562500000000000e+01,8.184536693694469534e-10
7.253125000000000000e+01,8.067603739140931419e-10
7.254687500000000000e+01,7.807452506773818774e-10
7.256250000000000000e+01,7.543261089966799205e-10
7.257812500000000000e+01,7.355333685394447744e-10
7.259375000000000000e+01,7.475889708298740808e-10
7.260937500000000000e+01,7.931003126386821832e-10
7.262500000000000000e+01,8.580822459019814907e-10
7.264062500000000000e+01,9.094986339201176042e-10
7.265625000000000000e+01,9.000004219844936643e-10
7.267187500000000000e+01,8.424828238946785016e-10
7.268750000000000000e+01,8.028573836204216505e-10
7.270312500000000000e+01,8.038120074111844155e-10
7.271875000000000000e+01,8.209951296599797336e-10
7.273437500000000000e+01,8.525842248489414854e-10
7.275000000000000000e+01,9.052731635493635922e-10
7.276562500000000000e+01,9.771220556649411152e-10
7.278125000000000000e+01,1.052554697871763648e-09
7.279687500000000000e+01,1.083309697879098944e-09
7.281250000000000000e+01,1.046556265416054024e-09
7.282812500000000000e+01,9.768289788246735765e-10
7.284375000000000000e+01,9.026394228112737093e-10
7.285937500000000000e+01,8.186522670446457375e-10
7.287500000000000000e+01,7.330518036520587786e-10
7.289062500000000000e+01,6.888316292921551948e-10
7.290625000000000000e+01,7.047870823510641493e-10
7.292187500000000000e+01,7.438817638542182880e-10
7.293750000000000000e+01,7.720180716810313609e-10
7.295312500000000000e+01,7.839713715532870284e-10
7.296875000000000000e+01,7.826776851559359080e-10
7.298437500000000000e+01,7.578602843187429757e-10
7.300000000000000000e+01,7.019135310706475950e-10
7.301562500000000000e+01,6.484111996175169657e-10
7.303125000000000000e+01,6.465240118806066339e-10
7.304687500000000000e+01,6.897257471685611202e-10
7.306250000000000000e+01,7.262367479676653816e-10
7.307812500000000000e+01,7.201201956380015435e-10
7.309375000000000000e+01,6.847402306711245590e-10
7.310937500000000000e+01,6.600965523365331077e-10
7.312500000000000000e+01,6.749115187872815133e-10
7.314062500000000000e+01,7.302025585299018906e-10
7.315625000000000000e+01,7.711048710867481684e-10
7.317187500000000000e+01,7.604150798802663814e-10
7.318750000000000000e+01,7.467739702351557652e-10
7.320312500000000000e+01,7.790331699088373599e-10
7.321875000000000000e+01,8.369467082910255351e-10
7.323437500000000000e+01,8.887235329315903529e-10
7.325000000000000000e+01,9.133702465637143028e-10
7.326562500000000000e+01,9.147119832109548391e-10
7.328125000000000000e+01,9.099941754070965921e-10
7.329687500000000000e+01,8.725095046247211701e-10
7.331250000000000000e+01,7.904989329300179693e-10
7.332812500000000000e+01,7.401128620861336467e-10
7.334375000000000000e+01,7.688794646121856044e-10
7.335937500000000000e+01,8.154043174299116920e-10
7.337500000000000000e+01,8.205753337548268004e-10
7.339062500000000000e+01,7.701918103163808707e-10
7.340625000000000000e+01,6.956918036078655550e-10
7.342187500000000000e+01,6.622552448471842344e-10
7.343750000000000000e+01,6.907289832852962379e-10
7.345312500000000000e+01,7.290928845866196337e-10
7.346875000000000000e+01,7.241940876453900399e-10
7.348437500000000000e+01,6.768669097157614556e-10
7.350000000000000000e+01,6.330272109501105235e-10
7.351562500000000000e+01,6.100428625470775133e-10
7.353125000000000000e+01,5.993772738883517805e-10
7.354687500000000000e+01,6.195162388621120974e-10
7.356250000000000000e+01,6.698271484690112881e-10
7.357812500000000000e+01,7.112025509875368855e-10
7.359375000000000000e+01,7.171732686799600570e-10
7.360937500000000000e+01,6.841017860838366988e-10
7.362500000000000000e+01,6.311945174859805105e-10
7.364062500000000000e+01,6.000584863977834133e-10
7.365625000000000000e+01,6.009266246137181016e-10
7.367187500000000000e+01,6.075461168753176051e-10
7.368750000000000000e+01,6.175427415625579541e-10
7.370312500000000000e+01,6.363474347060587109e-10
7.371875000000000000e+01,6.573872804569594095e-10
7.373437500000000000e+01,6.790309403693742259e-10
7.375000000000000000e+01,6.955785658640598486e-10
7.376562500000000000e+01,6.937103676588980967e-10
7.378125000000000000e+01,6.731299743113788849e-10
7.379687500000000000e+01,6.533920992145530298e-10
7.381250000000000000e+01,6.609239843413455437e-10
7.382812500000000000e+01,6.972568312144540353e-10
7.384375000000000000e+01,7.377728444569841390e-10
7.385937500000000000e+01,7.767487325333047938e-10
7.387500000000000000e+01,8.134381611088316903e-10
7.389062500000000000e+01,8.144393093438022308e-10
7.390625000000000000e+01,7.666123301235171330e-10
7.392187500000000000e+01,7.241623407912896499e-10
7.393750000000000000e+01,7.376667090056293557e-10
7.395312500000000000e+01,7.704638458582778579e-10
7.396875000000000000e+01,7.788803337546586457e-10
7.398437500000000000e+01,7.749808848949423325e-10
7.400000000000000000e+01,7.694332844180875919e-10
7.401562500000000000e+01,7.478837450191933208e-10
7.403125000000000000e+01,7.080108000275252259e-10
7.404687500000000000e+01,6.502789892733377560e-10
7.406250000000000000e+01,5.774832208635866181e-10
7.407812500000000000e+01,5.131399257510017502e-10
7.409375000000000000e+01,4.666712514927452168e-10
7.410937500000000000e+01,4.292378705558004708e-10
7.412500000000000000e+01,4.255518429712446211e-10
7.414062500000000000e+01,4.787136210422086843e-10
7.415625000000000000e+01,5.583861863709851077e-10
7.417187500000000000e+01,6.204397990822327895e-10
7.418750000000000000e+01,6.473359339165845247e-10
7.420312500000000000e+01,6.578608799962939540e-10
7.421875000000000000e+01,6.698889518600375400e-10
7.423437500000000000e+01,6.808278120610572705e-10
7.425000000000000000e+01,6.873012406152633884e-10
7.426562500000000000e+01,6.843172286451538815e-10
7.428125000000000000e+01,6.788448925745219765e-10
7.429687500000000000e+01,6.767665011938142037e-10
7.431250000000000000e+01,6.581984682109288657e-10
7.432812500000000000e+01,6.083663453610909027e-10
7.434375000000000000e+01,5.417451155469995151e-10
7.435937500000000000e+01,4.999123931076340991e-10
7.437500000000000000e+01,5.004826969638183052e-10
7.439062500000000000e+01,5.156006950280187294e-10
7.440625000000000000e+01,5.297961957918210997e-10
7.442187500000000000e+01,5.521332455029212789e-10
7.443750000000000000e+01,5.976382060932433420e-10
7.445312500000000000e+01,6.692239672310290242e-10
7.446875000000000000e+01,7.523801479086502045e-10
7.448437500000000000e+01,8.229002980343262641e-10
7.450000000000000000e+01,8.696698434224262497e-10
7.451562500000000000e+01,9.013929038885617087e-10
7.453125000000000000e+01,9.188645024353480982e-10
7.454687500000000000e+01,9.238976356541721636e-10
7.456250000000000000e+01,9.366365725001364508e-10
7.457812500000000000e+01,9.602695417549633987e-10
7.459375000000000000e+01,9.705273537123718453e-10
7.460937500000000000e+01,9.521305453152006333e-10
7.462500000000000000e+01,9.141551531588884840e-10
7.464062500000000000e+01,8.648135350943792033e-10
7.465625000000000000e+01,8.015427247453757596e-10
7.467187500000000000e+01,7.410474713924027825e-10
7.468750000000000000e+01,7.074861671816769561e-10
7.470312500000000000e+01,6.829700664587088670e-10
7.471875000000000000e+01,6.385309026234939344e-10
7.473437500000000000e+01,5.880407864042455377e-10
7.475000000000000000e+01,5.638601139359218397e-10
7.476562500000000000e+01,5.690063301400922093e-10
7.478125000000000000e+01,5.884193570283273487e-10
7.479687500000000000e+01,6.172861407387221405e-10
7.481250000000000000e+01,6.604940268399049730e-10
7.482812500000000000e+01,7.131445680891319996e-10
7.484375000000000000e+01,7.467581763208489829e-10
7.485937500000000000e+01,7.328875259306504395e-10
7.487500000000000000e+01,6.692557155403924018e-10
7.489062500000000000e+01,5.886155097334389134e-10
7.490625000000000000e+01,5.378004194778274042e-10
7.492187500000000000e+01,5.269665043396214266e-10
7.493750000000000000e+01,5.383235739142850799e-10
7.495312500000000000e+01,5.632608419883157476e-10
7.496875000000000000e+01,6.020555288831328055e-10
7.498437500000000000e+01,6.481331873322259519e-10
7.500000000000000000e+01,6.711190834187396337e-10
7.501562500000000000e+01,6.445010197857976430e-10
7.503125000000000000e+01,5.842121220999182627e-10
7.504687500000000000e+01,5.367257964953248440e-10
7.506250000000000000e+01,5.390518330656570804e-10
7.507812500000000000e+01,5.838664070263443287e-10
7.509375000000000000e+01,6.187054064403645652e-10
7.510937500000000000e+01,6.105283753529764331e-10
7.512500000000000000e+01,5.922182242175342907e-10
7.514062500000000000e+01,6.234072937228897620e-10
7.515625000000000000e+01,6.932047468423927040e-10
7.517187500000000000e+01,7.386882116505478688e-10
7.518750000000000000e+01,7.368326721783085210e-10
7.520312500000000000e+01,7.177983919347498167e-10
7.521875000000000000e+01,7.320144405769786058e-10
7.523437500000000000e+01,8.167995816146046528e-10
7.525000000000000000e+01,9.527651560254583234e-10
7.526562500000000000e+01,1.060550548838030641e-09
7.528125000000000000e+01,1.074703646825677593e-09
7.529687500000000000e+01,9.884083604377251994e-10
7.531250000000000000e+01,8.486744946324464229e-10
7.532812500000000000e+01,7.198033951774366135e-10
7.534375000000000000e+01,6.302604129885920962e-10
7.535937500000000000e+01,5.821595673105472782e-10
7.537500000000000000e+01,5.763247286280293536e-10
7.539062500000000000e+01,5.994055478924458828e-10
7.540625000000000000e+01,6.222227277685713265e-10
7.542187500000000000e+01,6.181327321445565999e-10
7.543750000000000000e+01,5.847114716925002209e-10
7.545312500000000000e+01,5.532744524183714658e-10
7.546875000000000000e+01,5.669965406591402149e-10
7.548437500000000000e+01,6.124205745541576300e-10
7.550000000000000000e+01,6.372122786382642954e-10
7.551562500000000000e+01,6.369379933977967897e-10
7.553125000000000000e+01,6.455149505124058226e-10
7.554687500000000000e+01,6.703991373409372163e-10
7.556250000000000000e+01,6.930288020360388666e-10
7.557812500000000000e+01,7.249058698089576111e-10
7.559375000000000000e+01,7.958918927553160504e-10
7.560937500000000000e+01,8.806064482587355184e-10
7.562500000000000000e+01,9.163032827931677208e-10
7.564062500000000000e+01,8.760830663569633696e-10
7.565625000000000000e+01,7.891077598012311116e-10
7.567187500000000000e+01,7.105545568880139155e-10
7.568750000000000000e+01,6.725658584681780847e-10
7.570312500000000000e+01,6.653432723086730714e-10
7.571875000000000000e+01,6.754175435145618291e-10
7.573437500000000000e+01,7.090500117624168522e-10
7.575000000000000000e+01,7.531092470744146503e-10
7.576562500000000000e+01,7.728380305442507255e-10
7.578125000000000000e+01,7.683802242924531310e-10
7.579687500000000000e+01,7.755782762314081565e-10
7.581250000000000000e+01,8.140342152935196531e-10
7.582812500000000000e+01,8.680499740721706439e-10
7.584375000000000000e+01,9.263585411607512283e-10
7.585937500000000000e+01,1.031842835120371261e-09
7.587500000000000000e+01,1.202874279429462143e-09
7.589062500000000000e+01,1.346730253050965980e-09
7.590625000000000000e+01,1.351492605270016957e-09
7.592187500000000000e+01,1.205649084821648513e-09
7.593750000000000000e+01,1.010549933786755801e-09
7.595312500000000000e+01,8.720826717484149225e-10
7.596875000000000000e+01,8.016096600820648171e-10
7.598437500000000000e+01,7.515704094590187998e-10
7.600000000000000000e+01,7.073045824471710975e-10
7.601562500000000000e+01,6.990494237495363887e-10
7.603125000000000000e+01,7.112897602879926470e-10
7.604687500000000000e+01,6.958170452900013038e-10
7.606250000000000000e+01,6.466749465159333828e-10
7.607812500000000000e+01,5.978983806684911754e-10
7.609375000000000000e+01,5.748510598172666023e-10
7.610937500000000000e+01,5.587199507757499286e-10
7.612500000000000000e+01,5.385221866927859681e-10
7.614062500000000000e+01,5.277376977804415346e-10
7.615625000000000000e+01,5.194622603157076668e-10
7.617187500000000000e+01,5.161988797542653306e-10
7.618750000000000000e+01,5.551659697957205041e-10
7.620312500000000000e+01,6.389906076497729925e-10
7.621875000000000000e+01,7.108201285807099517e-10
7.623437500000000000e+01,7.333619451099738882e-10
7.625000000000000000e+01,7.399617777157905404e-10
7.626562500000000000e+01,7.884648930324730276e-10
7.628125000000000000e+01,8.764524974962478238e-10
7.629687500000000000e+01,9.697938076392261520e-10
7.631250000000000000e+01,1.039672018556114563e-09
7.632812500000000000e+01,1.051499421667636067e-09
7.634375000000000000e+01,1.010908226308514146e-09
7.635937500000000000e+01,9.734210938692043490e-10
7.637500000000000000e+01,9.503061698164832586e-10
7.639062500000000000e+01,8.961741315788657030e-10
7.640625000000000000e+01,8.075734326275120340e-10
7.642187500000000000e+01,7.338933648913761241e-10
7.643750000000000000e+01,6.991008575604270322e-10
7.645312500000000000e+01,6.956650574891916382e-10
7.646875000000000000e+01,7.393574565092719404e-10
7.648437500000000000e+01,8.338974384103294229e-10
7.650000000000000000e+01,9.238387013141658127e-10
7.651562500000000000e+01,9.508436120880238438e-10
7.653125000000000000e+01,9.080038378923832054e-10
7.654687500000000000e+01,8.354345793402053927e-10
7.656250000000000000e+01,7.823462785126287203e-10
7.657812500000000000e+01,7.485442815973414130e-10
7.659375000000000000e+01,7.059380901129997119e-10
7.660937500000000000e+01,6.634628944332684475e-10
7.662500000000000000e+01,6.356957765486305694e-10
7.664062500000000000e+01,6.086203160690885182e-10
7.665625000000000000e+01,5.828245637354526294e-10
7.667187500000000000e+01,5.903207496332344399e-10
7.668750000000000000e+01,6.129591152324792228e-10
7.670312500000000000e+01,6.028464868081680133e-10
7.671875000000000000e+01,5.689040353367741311e-10
7.673437500000000000e+01,5.458143791920281451e-10
7.675000000000000000e+01,5.326527057107083814e-10
7.676562500000000000e+01,5.032562520606090845e-10
7.678125000000000000e+01,4.598910240192732801e-10
7.679687500000000000e+01,4.416853705035015347e-10
7.681250000000000000e+01,4.589019052398417886e-10
7.682812500000000000e+01,4.706889162841936415e-10
7.684375000000000000e+01,4.572906239471082396e-10
7.685937500000000000e+01,4.369081481907896579e-10
7.687500000000000000e+01,4.454893268486060539e-10
7.689062500000000000e+01,4.959293722497714636e-10
7.690625000000000000e+01,5.487786633744910307e-10
7.692187500000000000e+01,5.803117950258387114e-10
7.693750000000000000e+01,6.013945469440451589e-10
7.695312500000000000e+01,5.994968216756143358e-10
7.696875000000000000e+01,5.661407707633258764e-10
7.698437500000000000e+01,5.434281296187682730e-10
7.700000000000000000e+01,5.553292780945391895e-10
7.701562500000000000e+01,5.720711797649611311e-10
7.703125000000000000e+01,5.693350634794014891e-10
7.704687500000000000e+01,5.460257408027613848e-10
7.706250000000000000e+01,5.172015392655671868e-10
7.707812500000000000e+01,5.144919906760029354e-10
7.709375000000000000e+01,5.525173230344729148e-10
7.710937500000000000e+01,6.167563612824270789e-10
7.712500000000000000e+01,6.921981931080743349e-10
7.714062500000000000e+01,7.654039533339296229e-10
7.715625000000000000e+01,8.370358710918579805e-10
7.717187500000000000e+01,9.123405227299260969e-10
7.718750000000000000e+01,9.729319351687393713e-10
7.720312500000000000e+01,9.900380739838415310e-10
7.721875000000000000e+01,9.498901544136069926e-10
7.723437500000000000e+01,8.708535661057421683e-10
7.725000000000000000e+01,7.934251950272548958e-10
7.726562500000000000e+01,7.337824331128181561e-10
7.728125000000000000e+01,6.818563642200952411e-10
7.729687500000000000e+01,6.375796622234436192e-10
7.731250000000000000e+01,6.023648802623527398e-10
7.732812500000000000e+01,5.779146268416048775e-10
7.734375000000000000e+01,5.748908311131680139e-10
7.735937500000000000e+01,5.873325851358092162e-10
7.737500000000000000e+01,5.856944313851729310e-10
7.739062500000000000e+01,5.539351884045148326e-10
7.740625000000000000e+01,5.034756410018932744e-10
7.742187500000000000e+01,4.499568361119319854e-10
7.743750000000000000e+01,4.026963028599861438e-10
7.745312500000000000e+01,3.767233139567637921e-10
7.746875000000000000e+01,3.897338836500563830e-10
7.748437500000000000e+01,4.414100971063221012e-10
7.750000000000000000e+01,5.055831898520334863e-10
7.751562500000000000e+01,5.524089705388355018e-10
7.753125000000000000e+01,5.766669457646940172e-10
7.754687500000000000e+01,5.862494224441274434e-10
7.756250000000000000e+01,5.798715246843435919e-10
7.757812500000000000e+01,5.668307747519821303e-10
7.759375000000000000e+01,5.793206678291715069e-10
7.760937500000000000e+01,6.211487678918562500e-10
7.762500000000000000e+01,6.587260515427125646e-10
7.764062500000000000e+01,6.710077800654560194e-10
7.765625000000000000e+01,6.518733292709484341e-10
7.767187500000000000e+01,6.051020086151705821e-10
7.768750000000000000e+01,5.587165047643552195e-10
7.770312500000000000e+01,5.328725161273075641e-10
7.771875000000000000e+01,5.176375099967760176e-10
7.773437500000000000e+01,5.131488643568251370e-10
7.775000000000000000e+01,5.231768717815327601e-10
7.776562500000000000e+01,5.325430144893085053e-10
7.778125000000000000e+01,5.342238055146591987e-10
7.779687500000000000e+01,5.404038827462482481e-10
7.781250000000000000e+01,5.652919777893829218e-10
7.782812500000000000e+01,6.166895509249789298e-10
7.784375000000000000e+01,6.794466462908791540e-10
7.785937500000000000e+01,7.179285623587996264e-10
7.787500000000000000e+01,7.174431929798247881e-10
7.789062500000000000e+01,7.023876648758519064e-10
7.790625000000000000e+01,6.928614334108017954e-10
7.792187500000000000e+01,6.841054977825792490e-10
7.793750000000000000e+01,6.860588367742818249e-10
7.795312500000000000e+01,6.990234822517072481e-10
7.796875000000000000e+01,6.848601108427252229e-10
7.798437500000000000e+01,6.285274805190364400e-10
7.800000000000000000e+01,5.574229304869396658e-10
7.801562500000000000e+01,5.021487223614944113e-10
7.803125000000000000e+01,4.759086625627426330e-10
7.804687500000000000e+01,4.717776874103841679e-10
7.806250000000000000e+01,4.775374094876269874e-10
7.807812500000000000e+01,4.931800490426505884e-10
7.809375000000000000e+01,5.256887929791519375e-10
7.810937500000000000e+01,5.714275516887483693e-10
7.812500000000000000e+01,6.086749016085829188e-10
7.814062500000000000e+01,6.183148736765567330e-10
7.815625000000000000e+01,6.035476830590181859e-10
7.817187500000000000e+01,5.734380949442912774e-10
7.818750000000000000e+01,5.368684467314181952e-10
7.820312500000000000e+01,5.109279310097188953e-10
7.821875000000000000e+01,4.955306677012811360e-10
7.823437500000000000e+01,4.866726863983042647e-10
7.825000000000000000e+01,5.000108171844985131e-10
7.826562500000000000e+01,5.276273673857860808e-10
7.828125000000000000e+01,5.391347854399107732e-10
7.829687500000000000e+01,5.284198475741504493e-10
7.831250000000000000e+01,5.078099846112294159e-10
7.832812500000000000e+01,4.855782248586070659e-10
7.834375000000000000e+01,4.738552080503159802e-10
7.835937500000000000e+01,4.790805126014644782e-10
7.837500000000000000e+01,4.852006426536607491e-10
7.839062500000000000e+01,4.827247613973343622e-10
7.840625000000000000e+01,4.922932268602549138e-10
7.842187500000000000e+01,5.221586660786477917e-10
7.843750000000000000e+01,5.498982944279164991e-10
7.845312500000000000e+01,5.644057376228450104e-10
7.846875000000000000e+01,5.614601177482964579e-10
7.848437500000000000e+01,5.343508636415077836e-10
7.850000000000000000e+01,5.026532196740668390e-10
7.851562500000000000e+01,5.016395639100738023e-10
7.853125000000000000e+01,5.146132074536778993e-10
7.854687500000000000e+01,5.047512088367491935e-10
7.856250000000000000e+01,4.792821481500992608e-10
7.857812500000000000e+01,4.665908307009545205e-10
7.859375000000000000e+01,4.837996348364510401e-10
7.860937500000000000e+01,5.170269708025193270e-10
7.862500000000000000e+01,5.340944047794007961e-10
7.864062500000000000e+01,5.295572209428792978e-10
7.865625000000000000e+01,5.172323004542105516e-10
7.867187500000000000e+01,5.020522770262229988e-10
7.868750000000000000e+01,4.852583334978668538e-10
7.870312500000000000e+01,4.681387739502665686e-10
7.871875000000000000e+01,4.486288761246745005e-10
7.873437500000000000e+01,4.277536033306765539e-10
7.875000000000000000e+01,4.196568580325412437e-10
7.876562500000000000e+01,4.416114326854773230e-10
7.878125000000000000e+01,4.843345030673788671e-10
7.879687500000000000e+01,5.134601061935951082e-10
7.881250000000000000e+01,4.975542120173940882e-10
7.882812500000000000e+01,4.465342041119281142e-10
7.884375000000000000e+01,4.228887469624118856e-10
7.885937500000000000e+01,4.590402740005996950e-10
7.887500000000000000e+01,4.996428081049683522e-10
7.889062500000000000e+01,5.086510220882085546e-10
7.890625000000000000e+01,5.114134705156477932e-10
7.892187500000000000e+01,5.225229321783263704e-10
7.893750000000000000e+01,5.201039462375772667e-10
7.895312500000000000e+01,4.959570806789016960e-10
7.896875000000000000e+01,4.617743462366947985e-10
7.898437500000000000e+01,4.415447662464918927e-10
7.900000000000000000e+01,4.599025708061530159e-10
7.901562500000000000e+01,4.989941148309371859e-10
7.903125000000000000e+01,5.120017500604534917e-10
7.904687500000000000e+01,4.874742672155645461e-10
7.906250000000000000e+01,4.709651820028390914e-10
7.907812500000000000e+01,4.981207722170552310e-10
7.909375000000000000e+01,5.406666076226622919e-10
7.910937500000000000e+01,5.704851129764021161e-10
7.912500000000000000e+01,5.823722847994713299e-10
7.914062500000000000e+01,5.738884564525812825e-10
7.915625000000000000e+01,5.489678569680300534e-10
7.917187500000000000e+01,5.302674942314807387e-10
7.918750000000000000e+01,5.347457127176216210e-10
7.920312500000000000e+01,5.409371200524355865e-10
7.921875000000000000e+01,5.365463591637717798e-10
7.923437500000000000e+01,5.325820425537236075e-10
7.925000000000000000e+01,5.243114089931801567e-10
7.926562500000000000e+01,5.057715824816772977e-10
7.928125000000000000e+01,4.980029592678007005e-10
7.929687500000000000e+01,5.230099938647946100e-10
7.931250000000000000e+01,5.642847290527766805e-10
7.932812500000000000e+01,5.910885795556605522e-10
7.934375000000000000e+01,5.840651392472764911e-10
7.935937500000000000e+01,5.446219678723775353e-10
7.937500000000000000e+01,5.076480709338995101e-10
7.939062500000000000e+01,5.091289688879154727e-10
7.940625000000000000e+01,5.309651001663011125e-10
7.942187500000000000e+01,5.334673306340177228e-10
7.943750000000000000e+01,5.108762553085782419e-10
7.945312500000000000e+01,4.866628944606058884e-10
7.946875000000000000e+01,4.791524162822487008e-10
7.948437500000000000e+01,4.800331792395498530e-10
7.950000000000000000e+01,4.717706350399111039e-10
7.951562500000000000e+01,4.612989023079867929e-10
7.953125000000000000e+01,4.759736926486099451e-10
7.954687500000000000e+01,5.172803896177929020e-10
7.956250000000000000e+01,5.519792611882418505e-10
7.957812500000000000e+01,5.547774866202348403e-10
7.959375000000000000e+01,5.306696299396392810e-10
7.960937500000000000e+01,5.069724030544042176e-10
7.962500000000000000e+01,5.150873573773291069e-10
7.964062500000000000e+01,5.470978596032885034e-10
7.965625000000000000e+01,5.635752107010467309e-10
7.967187500000000000e+01,5.559965506690078384e-10
7.968750000000000000e+01,5.484735131537615273e-10
7.970312500000000000e+01,5.578889377484421421e-10
7.971875000000000000e+01,5.686289989086428410e-10
7.973437500000000000e+01,5.614355937615179922e-10
7.975000000000000000e+01,5.442639824564395813e-10
7.976562500000000000e+01,5.203135703857852668e-10
7.978125000000000000e+01,4.804122603910401585e-10
7.979687500000000000e+01,4.526687447439958642e-10
7.981250000000000000e+01,4.682406569269352799e-10
7.982812500000000000e+01,4.934312521804082933e-10
7.984375000000000000e+01,5.003972516352051707e-10
7.985937500000000000e+01,4.998192587586754374e-10
7.987500000000000000e+01,4.934703681357237519e-10
7.989062500000000000e+01,4.832037841775268238e-10
7.990625000000000000e+01,4.860615989391566511e-10
7.992187500000000000e+01,5.054201094653987246e-10
7.993750000000000000e+01,5.279921676727509240e-10
7.995312500000000000e+01,5.338379573522244311e-10
7.996875000000000000e+01,5.171701859971763416e-10
7.998437500000000000e+01,5.014042629158490879e-10
8.000000000000000000e+01,5.033254418097268498e-10
8.001562500000000000e+01,5.163577935944272652e-10
8.003125000000000000e+01,5.314083529432636326e-10
8.004687500000000000e+01,5.324135125001086789e-10
8.006250000000000000e+01,5.074300519007730457e-10
8.007812500000000000e+01,4.727977847386364843e-10
8.009375000000000000e+01,4.520818237846831004e-10
8.010937500000000000e+01,4.440219757819755457e-10
8.012500000000000000e+01,4.368639527849657451e-10
8.014062500000000000e+01,4.369859796854485333e-10
8.015625000000000000e+01,4.566859366597960484e-10
8.017187500000000000e+01,4.772469841021968694e-10
8.018750000000000000e+01,4.682295575258063692e-10
8.020312500000000000e+01,4.379659243020738875e-10
8.021875000000000000e+01,4.316566668028155035e-10
8.023437500000000000e+01,4.480016165235566854e-10
8.025000000000000000e+01,4.448816870306823688e-10
8.026562500000000000e+01,4.273325546908516060e-10
8.028125000000000000e+01,4.298145092830304176e-10
8.029687500000000000e+01,4.588808717534678226e-10
8.031250000000000000e+01,4.944849469947807237e-10
8.032812500000000000e+01,5.065490154168063117e-10
8.034375000000000000e+01,4.758979904107425519e-10
8.035937500000000000e+01,4.260906087154195818e-10
8.037500000000000000e+01,4.088885165805832012e-10
8.039062500000000000e+01,4.271159269066975443e-10
8.040625000000000000e+01,4.421881481857949929e-10
8.042187500000000000e+01,4.439735591946236676e-10
8.043750000000000000e+01,4.458520591050309964e-10
8.045312500000000000e+01,4.544275579918417249e-10
8.046875000000000000e+01,4.723123284979719780e-10
8.048437500000000000e+01,5.054377624116525343e-10
8.050000000000000000e+01,5.401068689207099612e-10
8.051562500000000000e+01,5.556407822099928322e-10
8.053125000000000000e+01,5.563295417607432685e-10
8.054687500000000000e+01,5.460041878953969521e-10
8.056250000000000000e+01,5.081166891046696710e-10
8.057812500000000000e+01,4.463308866168931603e-10
8.059375000000000000e+01,4.063671156404440561e-10
8.060937500000000000e+01,4.169284508226341164e-10
8.062500000000000000e+01,4.529972381359903100e-10
8.064062500000000000e+01,4.952974779574602624e-10
8.065625000000000000e+01,5.254607253508744924e-10
8.067187500000000000e+01,5.262706814238939341e-10
8.068750000000000000e+01,5.169745648232737842e-10
8.070312500000000000e+01,5.357567779525273368e-10
8.071875000000000000e+01,5.800568336807494158e-10
8.073437500000000000e+01,6.099731176107522410e-10
8.075000000000000000e+01,6.056359336343908550e-10
8.076562500000000000e+01,5.718316515994828454e-10
8.078125000000000000e+01,5.175141993619662281e-10
8.079687500000000000e+01,4.640798090835272519e-10
8.081250000000000000e+01,4.437920520491225296e-10
8.082812500000000000e+01,4.570039126892472195e-10
8.084375000000000000e+01,4.681558629662628814e-10
8.085937500000000000e+01,4.602521098013542079e-10
8.087500000000000000e+01,4.513489580029642310e-10
8.089062500000000000e+01,4.676086064179267340e-10
8.090625000000000000e+01,5.028818663821547586e-10
8.092187500000000000e+01,5.195606436667482121e-10
8.093750000000000000e+01,4.985988791610927472e-10
8.095312500000000000e+01,4.621866065776175345e-10
8.096875000000000000e+01,4.388346695824481119e-10
8.098437500000000000e+01,4.301663888134769520e-10
8.100000000000000000e+01,4.367260282968810753e-10
8.101562500000000000e+01,4.596253824248284113e-10
8.103125000000000000e+01,4.739028575585246292e-10
8.104687500000000000e+01,4.582962179298958076e-10
8.106250000000000000e+01,4.315760265153415778e-10
8.107812500000000000e+01,4.315723283673508990e-10
8.109375000000000000e+01,4.700565496008080797e-10
8.110937500000000000e+01,5.244481410871100949e-10
8.112500000000000000e+01,5.601262401190589067e-10
8.114062500000000000e+01,5.563165828585727912e-10
8.115625000000000000e+01,5.237579911930806469e-10
8.117187500000000000e+01,4.934217063684311335e-10
8.118750000000000000e+01,4.776741595733701098e-10
8.120312500000000000e+01,4.763778213833405338e-10
8.121875000000000000e+01,4.982980244050770385e-10
8.123437500000000000e+01,5.254101709287538223e-10
8.125000000000000000e+01,5.297072633152682604e-10
8.126562500000000000e+01,5.176748944617075854e-10
8.128125000000000000e+01,5.077280437505529291e-10
8.129687500000000000e+01,4.991901432771563209e-10
8.131250000000000000e+01,4.864788442765074938e-10
8.132812500000000000e+01,4.731210504798780166e-10
8.134375000000000000e+01,4.660592381733166500e-10
8.135937500000000000e+01,4.682459323498970527e-10
8.137500000000000000e+01,4.787352240087653504e-10
8.139062500000000000e+01,4.959734283468130323e-10
8.140625000000000000e+01,5.075352954549040657e-10
8.142187500000000000e+01,5.004874180903485868e-10
8.143750000000000000e+01,4.831454901970805382e-10
8.145312500000000000e+01,4.687445840272334594e-10
8.146875000000000000e+01,4.550853652555918384e-10
8.148437500000000000e+01,4.445942318801297159e-10
8.150000000000000000e+01,4.523140161897202371e-10
8.151562500000000000e+01,4.733418054024073596e-10
8.153125000000000000e+01,4.897367191461875582e-10
8.154687500000000000e+01,5.023814922178019122e-10
8.156250000000000000e+01,5.180884515404344033e-10
8.157812500000000000e+01,5.294621061454840743e-10
8.159375000000000000e+01,5.247091438157527695e-10
8.160937500000000000e+01,5.056608641522631385e-10
8.162500000000000000e+01,4.895993858238490343e-10
8.164062500000000000e+01,4.841836625356901614e-10
8.165625000000000000e+01,4.717079018561358781e-10
8.167187500000000000e+01,4.514591094517955366e-10
8.168750000000000000e+01,4.477255473561152215e-10
8.170312500000000000e+01,4.520412593589262372e-10
8.171875000000000000e+01,4.474319923490331885e-10
8.173437500000000000e+01,4.457263555757084177e-10
8.175000000000000000e+01,4.534080801320191805e-10
8.176562500000000000e+01,4.694958682970088150e-10
8.178125000000000000e+01,4.947933748469000821e-10
8.179687500000000000e+01,5.162959291072192405e-10
8.181250000000000000e+01,5.188402451389210493e-10
8.182812500000000000e+01,5.062505085756913326e-10
8.184375000000000000e+01,4.883581173246331572e-10
8.185937500000000000e+01,4.706688196894034048e-10
8.187500000000000000e+01,4.599733995085230528e-10
8.189062500000000000e+01,4.583680413183396214e-10
8.190625000000000000e+01,4.723147630118287200e-10
8.192187500000000000e+01,5.042885562533675326e-10
8.193750000000000000e+01,5.298498859235917079e-10
8.195312500000000000e+01,5.217042687596540081e-10
8.196875000000000000e+01,4.864249010616101868e-10
8.198437500000000000e+01,4.585919040387980571e-10
8.200000000000000000e+01,4.500449293632695229e-10
8.201562500000000000e+01,4.498539570929612771e-10
8.203125000000000000e+01,4.610438259866385679e-10
8.204687500000000000e+01,4.697627121243774652e-10
8.206250000000000000e+01,4.624368163967835782e-10
8.207812500000000000e+01,4.671111222261687228e-10
8.209375000000000000e+01,5.019683172738012327e-10
8.210937500000000000e+01,5.373009150743269732e-10
8.212500000000000000e+01,5.430431301366953220e-10
8.214062500000000000e+01,5.185802982805768575e-10
8.215625000000000000e+01,4.922150215986638734e-10
8.217187500000000000e+01,4.868695908641742270e-10
8.218750000000000000e+01,4.889630526011205924e-10
8.220312500000000000e+01,4.837258580908428551e-10
8.221875000000000000e+01,4.793306903720395878e-10
8.223437500000000000e+01,4.928004075426164483e-10
8.225000000000000000e+01,5.193305237185840795e-10
8.226562500000000000e+01,5.302309165370567575e-10
8.228125000000000000e+01,5.150144907273143809e-10
8.229687500000000000e+01,4.971087999236628956e-10
8.231250000000000000e+01,5.021122726510310582e-10
8.232812500000000000e+01,5.123608635350412185e-10
8.234375000000000000e+01,4.939978979423424240e-10
8.235937500000000000e+01,4.529384889372958213e-10
8.237500000000000000e+01,4.256255333992793396e-10
8.239062500000000000e+01,4.253949782410675548e-10
8.240625000000000000e+01,4.346127380606383128e-10
8.242187500000000000e+01,4.425588521185876153e-10
8.243750000000000000e+01,4.487989871242580964e-10
8.245312500000000000e+01,4.503958730159084983e-10
8.246875000000000000e+01,4.526586908159039409e-10
8.248437500000000000e+01,4.680147567240683618e-10
8.250000000000000000e+01,4.899118428623996187e-10
8.251562500000000000e+01,5.007163736445026314e-10
8.253125000000000000e+01,4.950772665823547675e-10
8.254687500000000000e+01,4.806286546573617613e-10
8.256250000000000000e+01,4.739424194772805261e-10
8.257812500000000000e+01,4.862858932602735261e-10
8.259375000000000000e+01,5.113335567571668994e-10
8.260937500000000000e+01,5.312788418154276130e-10
8.262500000000000000e+01,5.314700338233524085e-10
8.264062500000000000e+01,5.191029742788722278e-10
8.265625000000000000e+01,5.098363367594841757e-10
8.267187500000000000e+01,5.069216121357510588e-10
8.268750000000000000e+01,5.054190715539000273e-10
8.270312500000000000e+01,5.021858124926570234e-10
8.271875000000000000e+01,5.055921052085574381e-10
8.273437500000000000e+01,5.201258392304541472e-10
8.275000000000000000e+01,5.271550403965728211e-10
8.276562500000000000e+01,5.122378658994152794e-10
8.278125000000000000e+01,4.845280944454446482e-10
8.279687500000000000e+01,4.563894171021946812e-10
8.281250000000000000e+01,4.347263150532507146e-10
8.282812500000000000e+01,4.257512557680783096e-10
8.284375000000000000e+01,4.274446591500297355e-10
8.285937500000000000e+01,4.267994539825845107e-10
8.287500000000000000e+01,4.136426862204729388e-10
8.289062500000000000e+01,4.000688304281269759e-10
8.290625000000000000e+01,4.013014247913550529e-10
8.292187500000000000e+01,4.116282949370022953e-10
8.293750000000000000e+01,4.309689302068016690e-10
8.295312500000000000e+01,4.558590934876763014e-10
8.296875000000000000e+01,4.654437607146954196e-10
8.298437500000000000e+01,4.572744970324173305e-10
8.300000000000000000e+01,4.484331756033029392e-10
8.301562500000000000e+01,4.465752399875555485e-10
8.303125000000000000e+01,4.491846174402143708e-10
8.304687500000000000e+01,4.542876127799968155e-10
8.306250000000000000e+01,4.596332298816869195e-10
8.307812500000000000e+01,4.626512154531956979e-10
8.309375000000000000e+01,4.637241140479272703e-10
8.310937500000000000e+01,4.661223699915897961e-10
8.312500000000000000e+01,4.720039195366240834e-10
8.314062500000000000e+01,4.813228449558190485e-10
8.315625000000000000e+01,4.839423065399783967e-10
8.317187500000000000e+01,4.697343135530421958e-10
8.318750000000000000e+01,4.589393670592274989e-10
8.320312500000000000e+01,4.829843740855568680e-10
8.321875000000000000e+01,5.233231606852269301e-10
8.323437500000000000e+01,5.345160698465788819e-10
8.325000000000000000e+01,5.137892451938244320e-10
8.326562500000000000e+01,4.921247197937462237e-10
8.328125000000000000e+01,4.791261393822425438e-10
8.329687500000000000e+01,4.665882377325364920e-10
8.331250000000000000e+01,4.502759177806534706e-10
8.332812500000000000e+01,4.302717623720693294e-10
8.334375000000000000e+01,4.140214062416972437e-10
8.335937500000000000e+01,4.097061191118347818e-10
8.337500000000000000e+01,4.209268968971933143e-10
8.339062500000000000e+01,4.289537079695974911e-10
8.340625000000000000e+01,4.055981205442009626e-10
8.342187500000000000e+01,3.679547072612994954e-10
8.343750000000000000e+01,3.677852977667929607e-10
8.345312500000000000e+01,3.975830373058857041e-10
8.346875000000000000e+01,4.135172497166082707e-10
8.348437500000000000e+01,4.119089341671176718e-10
8.350000000000000000e+01,4.093963442497529808e-10
8.351562500000000000e+01,4.096965385460632776e-10
8.353125000000000000e+01,4.082708475177864809e-10
8.354687500000000000e+01,4.103156702848642843e-10
8.356250000000000000e+01,4.265231712001942447e-10
8.357812500000000000e+01,4.482947638301207229e-10
8.359375000000000000e+01,4.503767237391672011e-10
8.360937500000000000e+01,4.213649906230181470e-10
8.362500000000000000e+01,3.827101809375149157e-10
8.364062500000000000e+01,3.664122773311373246e-10
8.365625000000000000e+01,3.714060505069505577e-10
8.367187500000000000e+01,3.736309553352964160e-10
8.368750000000000000e+01,3.706050871659051221e-10
8.370312500000000000e+01,3.839978756292431807e-10
8.371875000000000000e+01,4.185441895095159000e-10
8.373437500000000000e+01,4.551598346580821507e-10
8.375000000000000000e+01,4.833988374945098442e-10
8.376562500000000000e+01,5.006871763584174920e-10
8.378125000000000000e+01,5.063299674287152891e-10
8.379687500000000000e+01,5.039776892643299636e-10
8.381250000000000000e+01,5.036414886947754256e-10
8.382812500000000000e+01,5.277490959745702012e-10
8.384375000000000000e+01,5.722056383824862051e-10
8.385937500000000000e+01,5.935632309128516894e-10
8.387500000000000000e+01,5.675270863256224287e-10
8.389062500000000000e+01,5.149867343451694272e-10
8.390625000000000000e+01,4.749061314885950511e-10
8.392187500000000000e+01,4.540890548957804221e-10
8.393750000000000000e+01,4.316859960948151381e-10
8.395312500000000000e+01,4.139222241245635209e-10
8.396875000000000000e+01,4.269652138907887039e-10
8.398437500000000000e+01,4.648207796212736133e-10
8.400000000000000000e+01,4.983611971289775793e-10
8.401562500000000000e+01,5.125483077226039306e-10
8.403125000000000000e+01,5.006372993983711790e-10
8.404687500000000000e+01,4.596189067282559507e-10
8.406250000000000000e+01,4.185802969965216286e-10
8.407812500000000000e+01,4.203006559804036286e-10
8.409375000000000000e+01,4.398470946606105041e-10
8.410937500000000000e+01,4.361270614806496838e-10
8.412500000000000000e+01,4.227361855316427254e-10
8.414062500000000000e+01,4.192074362840547906e-10
8.415625000000000000e+01,4.246358650482345342e-10
8.417187500000000000e+01,4.445919437310226274e-10
8.418750000000000000e+01,4.762779508696447579e-10
8.420312500000000000e+01,4.948116422945706222e-10
8.421875000000000000e+01,4.819854383665804666e-10
8.423437500000000000e+01,4.430042653017533630e-10
8.425000000000000000e+01,4.075462303216017854e-10
8.426562500000000000e+01,4.064202887761540010e-10
8.428125000000000000e+01,4.200385489832714486e-10
8.429687500000000000e+01,4.121085971742735879e-10
8.431250000000000000e+01,3.911081791487101907e-10
8.432812500000000000e+01,3.932057971580296011e-10
8.434375000000000000e+01,4.284854444819347782e-10
8.435937500000000000e+01,4.680182460944307176e-10
8.437500000000000000e+01,4.855170782335715331e-10
8.439062500000000000e+01,4.796444156637732862e-10
8.440625000000000000e+01,4.508353575422050451e-10
8.442187500000000000e+01,4.100606310894708402e-10
8.443750000000000000e+01,4.014776335828819336e-10
8.445312500000000000e+01,4.331012191551880737e-10
8.446875000000000000e+01,4.519294314129750889e-10
8.448437500000000000e+01,4.315894245961063477e-10
8.450000000000000000e+01,3.989858586714070034e-10
8.451562500000000000e+01,3.886169632835458650e-10
8.453125000000000000e+01,3.928714644635931430e-10
8.454687500000000000e+01,3.943670548448076470e-10
8.456250000000000000e+01,3.940729382735797954e-10
8.457812500000000000e+01,3.930745155331916481e-10
8.459375000000000000e+01,3.922769162604768144e-10
8.460937500000000000e+01,3.978599330257334240e-10
8.462500000000000000e+01,4.126884411573719098e-10
8.464062500000000000e+01,4.317264202193249681e-10
8.465625000000000000e+01,4.524750511884706635e-10
8.467187500000000000e+01,4.740515453468313385e-10
8.468750000000000000e+01,4.878563209856825360e-10
8.470312500000000000e+01,4.878060649787086199e-10
8.471875000000000000e+01,4.757186693975608001e-10
8.473437500000000000e+01,4.584344758706161949e-10
8.475000000000000000e+01,4.568800564131075527e-10
8.476562500000000000e+01,4.756008616587179820e-10
8.478125000000000000e+01,4.839675616323797507e-10
8.479687500000000000e+01,4.699903338765856311e-10
8.481250000000000000e+01,4.555471863308810959e-10
8.482812500000000000e+01,4.514302879953916963e-10
8.484375000000000000e+01,4.400055974066134246e-10
8.485937500000000000e+01,4.188569336140267624e-10
8.487500000000000000e+01,4.196050302224112368e-10
8.489062500000000000e+01,4.507273296216046267e-10
8.490625000000000000e+01,4.835999443647108428e-10
8.492187500000000000e+01,5.054219248419770613e-10
8.493750000000000000e+01,5.174785460265000042e-10
8.495312500000000000e+01,5.149559105952480891e-10
8.496875000000000000e+01,4.911445406685005718e-10
8.498437500000000000e+01,4.501266511151197983e-10
8.500000000000000000e+01,4.167192602274289110e-10
8.501562500000000000e+01,4.109396595913520097e-10
8.503125000000000000e+01,4.257510810097564406e-10
8.504687500000000000e+01,4.555076744624835570e-10
8.506250000000000000e+01,4.950104215197623330e-10
8.507812500000000000e+01,5.263201771548265393e-10
8.509375000000000000e+01,5.348457019172339950e-10
8.510937500000000000e+01,5.167336014134608395e-10
8.512500000000000000e+01,4.756967102966117134e-10
8.514062500000000000e+01,4.357564435151468353e-10
8.515625000000000000e+01,4.326171931834777876e-10
8.517187500000000000e+01,4.481883888374247845e-10
8.518750000000000000e+01,4.353278451679721039e-10
8.520312500000000000e+01,4.003055086200401665e-10
8.521875000000000000e+01,3.857912391233020924e-10
8.523437500000000000e+01,3.971312065594840681e-10
8.525000000000000000e+01,4.061460221319213285e-10
8.526562500000000000e+01,4.125303534737824942e-10
8.528125000000000000e+01,4.363960260940602391e-10
8.529687500000000000e+01,4.692167801874673401e-10
8.531250000000000000e+01,4.823526138222474849e-10
8.532812500000000000e+01,4.605135655416238589e-10
8.534375000000000000e+01,4.122825799844818978e-10
8.535937500000000000e+01,3.673093400136412969e-10
8.537500000000000000e+01,3.510591937261196338e-10
8.539062500000000000e+01,3.540391343556330474e-10
8.540625000000000000e+01,3.573435512226769354e-10
8.542187500000000000e+01,3.606573221710780794e-10
8.543750000000000000e+01,3.640690914174733907e-10
8.545312500000000000e+01,3.685922330308376618e-10
8.546875000000000000e+01,3.851285204373813302e-10
8.548437500000000000e+01,4.068454293025122678e-10
8.550000000000000000e+01,4.121620040425803580e-10
8.551562500000000000e+01,3.973226392560217660e-10
8.553125000000000000e+01,3.759054935820375731e-10
8.554687500000000000e+01,3.630935419354506759e-10
8.556250000000000000e+01,3.737286253364377095e-10
8.557812500000000000e+01,4.077104711282470650e-10
8.559375000000000000e+01,4.416556416580279811e-10
8.560937500000000000e+01,4.581866711096238627e-10
8.562500000000000000e+01,4.622507280733474363e-10
8.564062500000000000e+01,4.692513750226031566e-10
8.565625000000000000e+01,4.801330214292574492e-10
8.567187500000000000e+01,4.823043946208494766e-10
8.568750000000000000e+01,4.715240263772468092e-10
8.570312500000000000e+01,4.500519370981598039e-10
8.571875000000000000e+01,4.204062879231767654e-10
8.573437500000000000e+01,3.907999859976969374e-10
8.575000000000000000e+01,3.745029457778588696e-10
8.576562500000000000e+01,3.799188494385822949e-10
8.578125000000000000e+01,4.024435162584467879e-10
8.579687500000000000e+01,4.318051533607284178e-10
8.581250000000000000e+01,4.624727928901122708e-10
8.582812500000000000e+01,4.887571492191494603e-10
8.584375000000000000e+01,5.007150404720050097e-10
8.585937500000000000e+01,4.895527538855433858e-10
8.587500000000000000e+01,4.552912394719063683e-10
8.589062500000000000e+01,4.189020449887557529e-10
8.590625000000000000e+01,4.076813725649715170e-10
8.592187500000000000e+01,4.178866302323740824e-10
8.593750000000000000e+01,4.218584539553610726e-10
8.595312500000000000e+01,4.066146570770147013e-10
8.596875000000000000e+01,3.825098305406324509e-10
8.598437500000000000e+01,3.669989385894460806e-10
8.600000000000000000e+01,3.677147493523913849e-10
8.601562500000000000e+01,3.801574668320443633e-10
8.603125000000000000e+01,4.046854680006920092e-10
8.604687500000000000e+01,4.409663497598353501e-10
8.606250000000000000e+01,4.649700626098279932e-10
8.607812500000000000e+01,4.526131563594930441e-10
8.609375000000000000e+01,4.219433375326512711e-10
8.610937500000000000e+01,4.107592470899082998e-10
8.612500000000000000e+01,4.077581860457208273e-10
8.614062500000000000e+01,3.896410375236504178e-10
8.615625000000000000e+01,3.793039074512202369e-10
8.617187500000000000e+01,3.925436477791587593e-10
8.618750000000000000e+01,4.035183395916650478e-10
8.620312500000000000e+01,3.958654816177289375e-10
8.621875000000000000e+01,3.837161565619230979e-10
8.623437500000000000e+01,3.837556621244854781e-10
8.625000000000000000e+01,3.901684724163798745e-10
8.626562500000000000e+01,3.954341742717647011e-10
8.628125000000000000e+01,4.028411709149789765e-10
8.629687500000000000e+01,4.089161356604806291e-10
8.631250000000000000e+01,4.050030137058532224e-10
8.632812500000000000e+01,3.911940845632845361e-10
8.634375000000000000e+01,3.781314722796271011e-10
8.635937500000000000e+01,3.777064735452839802e-10
8.637500000000000000e+01,3.900153525077237376e-10
8.639062500000000000e+01,4.057215489058175303e-10
8.640625000000000000e+01,4.128006888771402489e-10
8.642187500000000000e+01,4.138113412435383178e-10
8.643750000000000000e+01,4.253560590399121867e-10
8.645312500000000000e+01,4.372083111660073384e-10
8.646875000000000000e+01,4.211605562731234131e-10
8.648437500000000000e+01,3.903292998505241409e-10
8.650000000000000000e+01,3.962857431555914460e-10
8.651562500000000000e+01,4.298680406668348469e-10
8.653125000000000000e+01,4.369871796598953421e-10
8.654687500000000000e+01,4.166660444115615277e-10
8.656250000000000000e+01,4.001670759223699443e-10
8.657812500000000000e+01,3.914787562553191261e-10
8.659375000000000000e+01,3.816786106712670767e-10
8.660937500000000000e+01,3.723874843826064611e-10
8.662500000000000000e+01,3.723258140737859282e-10
8.664062500000000000e+01,3.905229591020092263e-10
8.665625000000000000e+01,4.106016047839958177e-10
8.667187500000000000e+01,4.062861167099894960e-10
8.668750000000000000e+01,3.797668628326857924e-10
8.670312500000000000e+01,3.529331533074771416e-10
8.671875000000000000e+01,3.386367729001338106e-10
8.673437500000000000e+01,3.460662244996265168e-10
8.675000000000000000e+01,3.828223403240362268e-10
8.676562500000000000e+01,4.237335972730360049e-10
8.678125000000000000e+01,4.305851537744939086e-10
8.679687500000000000e+01,4.046958287353406146e-10
8.681250000000000000e+01,3.865683353264861370e-10
8.682812500000000000e+01,4.040400326891232382e-10
8.684375000000000000e+01,4.395269727448088459e-10
8.685937500000000000e+01,4.565810115510433066e-10
8.687500000000000000e+01,4.399330984921618836e-10
8.689062500000000000e+01,4.116676152881401058e-10
8.690625000000000000e+01,4.007223035955320731e-10
8.692187500000000000e+01,4.010647803021419899e-10
8.693750000000000000e+01,3.915185906304738407e-10
8.695312500000000000e+01,3.706317420955171057e-10
8.696875000000000000e+01,3.619252108160499394e-10
8.698437500000000000e+01,3.832270881904489303e-10
8.700000000000000000e+01,4.071253412024733794e-10
8.701562500000000000e+01,4.057849585967453606e-10
8.703125000000000000e+01,3.930996013643361346e-10
8.704687500000000000e+01,3.936559921033602248e-10
8.706250000000000000e+01,4.011258843136248224e-10
8.707812500000000000e+01,4.059089896700181590e-10
8.709375000000000000e+01,4.188617284951619509e-10
8.710937500000000000e+01,4.282309394736566306e-10
8.712500000000000000e+01,4.120184750202701848e-10
8.714062500000000000e+01,3.869579274638643013e-10
8.715625000000000000e+01,3.848260760146916976e-10
8.717187500000000000e+01,4.001812353754464008e-10
8.718750000000000000e+01,4.031557187519131774e-10
8.720312500000000000e+01,3.804125901277527630e-10
8.721875000000000000e+01,3.437274810764615240e-10
8.723437500000000000e+01,3.239754320319254511e-10
8.725000000000000000e+01,3.413261267779802186e-10
8.726562500000000000e+01,3.699552225151123308e-10
8.728125000000000000e+01,3.846155397108853796e-10
8.729687500000000000e+01,3.906324495118687571e-10
8.731250000000000000e+01,3.936194712260280250e-10
8.732812500000000000e+01,3.923191540609772845e-10
8.734375000000000000e+01,3.901370898895135082e-10
8.735937500000000000e+01,3.880201142076139805e-10
8.737500000000000000e+01,3.884865447268837639e-10
8.739062500000000000e+01,4.023271007872256706e-10
8.740625000000000000e+01,4.268427117991336231e-10
8.742187500000000000e+01,4.421107021549618869e-10
8.743750000000000000e+01,4.387977678723667846e-10
8.745312500000000000e+01,4.268709407448122369e-10
8.746875000000000000e+01,4.147461732928863246e-10
8.748437500000000000e+01,3.934972849003459211e-10
8.750000000000000000e+01,3.608508379376974079e-10
8.751562500000000000e+01,3.374222228193433473e-10
8.753125000000000000e+01,3.402598250400621331e-10
8.754687500000000000e+01,3.619355733202209922e-10
8.756250000000000000e+01,3.832337557907454332e-10
8.757812500000000000e+01,3.932728512468730366e-10
8.759375000000000000e+01,4.053543243856770865e-10
8.760937500000000000e+01,4.390161556300862556e-10
8.762500000000000000e+01,4.794152208969544255e-10
8.764062500000000000e+01,4.994505345338524697e-10
8.765625000000000000e+01,5.006305263126586204e-10
8.767187500000000000e+01,4.930826373664243211e-10
8.768750000000000000e+01,4.755794486117387001e-10
8.770312500000000000e+01,4.564600916500187143e-10
8.771875000000000000e+01,4.410021971851047430e-10
8.773437500000000000e+01,4.210054437925749574e-10
8.775000000000000000e+01,4.049424548647353177e-10
8.776562500000000000e+01,4.056254913961837773e-10
8.778125000000000000e+01,4.187169780609007362e-10
8.779687500000000000e+01,4.331193247740555034e-10
8.781250000000000000e+01,4.358660509553951559e-10
8.782812500000000000e+01,4.160811965337069268e-10
8.784375000000000000e+01,3.844924714539481575e-10
8.785937500000000000e+01,3.721694185965212270e-10
8.787500000000000000e+01,3.848842157404198902e-10
8.789062500000000000e+01,3.975042817710616360e-10
8.790625000000000000e+01,3.942427583864649112e-10
8.792187500000000000e+01,3.801249896836884859e-10
8.793750000000000000e+01,3.708455393329312083e-10
8.795312500000000000e+01,3.812527877659439034e-10
8.796875000000000000e+01,4.067416420397661267e-10
8.798437500000000000e+01,4.225447239746815351e-10
8.800000000000000000e+01,4.207110861035846298e-10
8.801562500000000000e+01,4.182481741695527638e-10
8.803125000000000000e+01,4.285339318237449631e-10
8.804687500000000000e+01,4.443536290966824373e-10
8.806250000000000000e+01,4.507219150613665869e-10
8.807812500000000000e+01,4.460133184262632906e-10
8.809375000000000000e+01,4.391389409551788803e-10
8.810937500000000000e+01,4.303158498841670444e-10
8.812500000000000000e+01,4.138735091108379799e-10
8.814062500000000000e+01,3.984915165533441846e-10
8.815625000000000000e+01,3.952495311377299399e-10
8.817187500000000000e+01,3.917997299439641675e-10
8.818750000000000000e+01,3.751292577357113476e-10
8.820312500000000000e+01,3.628292514947688710e-10
8.821875000000000000e+01,3.766726824430193120e-10
8.823437500000000000e+01,3.987727585844549168e-10
8.825000000000000000e+01,3.983899541740045952e-10
8.826562500000000000e+01,3.719410618191892423e-10
8.828125000000000000e+01,3.452669325740466464e-10
8.829687500000000000e+01,3.492423980251918134e-10
8.831250000000000000e+01,3.765021468028673736e-10
8.832812500000000000e+01,3.953008549165055298e-10
8.834375000000000000e+01,3.978053177327836385e-10
8.835937500000000000e+01,3.920355734783462128e-10
8.837500000000000000e+01,3.789864130174084476e-10
8.839062500000000000e+01,3.663918400477069083e-10
8.840625000000000000e+01,3.717422957196612343e-10
8.842187500000000000e+01,3.926040316998428528e-10
8.843750000000000000e+01,4.031324962879461995e-10
8.845312500000000000e+01,3.881077441593322092e-10
8.846875000000000000e+01,3.707749483584076299e-10
8.848437500000000000e+01,3.828134194245556550e-10
8.850000000000000000e+01,4.063704032191519081e-10
8.851562500000000000e+01,4.136288592712741836e-10
8.853125000000000000e+01,4.061559411355353261e-10
8.854687500000000000e+01,3.928637859184788972e-10
8.856250000000000000e+01,3.819915491432998127e-10
8.857812500000000000e+01,3.801715755469161324e-10
8.859375000000000000e+01,3.763642651105110775e-10
8.860937500000000000e+01,3.596535824856153584e-10
8.862500000000000000e+01,3.539546080679518280e-10
8.864062500000000000e+01,3.830378612893043795e-10
8.865625000000000000e+01,4.166551977057572957e-10
8.867187500000000000e+01,4.257731442558177788e-10
8.868750000000000000e+01,4.168125427268213351e-10
8.870312500000000000e+01,4.044167810249050195e-10
8.871875000000000000e+01,3.973866129200866369e-10
8.873437500000000000e+01,3.991987425204523602e-10
8.875000000000000000e+01,4.016932159806414207e-10
8.876562500000000000e+01,3.967331297772120531e-10
8.878125000000000000e+01,3.876395410083695994e-10
8.879687500000000000e+01,3.763589698754484616e-10
8.881250000000000000e+01,3.666201786678624817e-10
8.882812500000000000e+01,3.653234841100012241e-10
8.884375000000000000e+01,3.635751237695694559e-10
8.885937500000000000e+01,3.558853083838558039e-10
8.887500000000000000e+01,3.580792229356062543e-10
8.889062500000000000e+01,3.692919198105875259e-10
8.890625000000000000e+01,3.708740490596249225e-10
8.892187500000000000e+01,3.645346855373917567e-10
8.893750000000000000e+01,3.629932441031039697e-10
8.895312500000000000e+01,3.667977466303249072e-10
8.896875000000000000e+01,3.687812107053261089e-10
8.898437500000000000e+01,3.660312503119171034e-10
8.900000000000000000e+01,3.669337544975165443e-10
8.901562500000000000e+01,3.765381050493030770e-10
8.903125000000000000e+01,3.829713902524650981e-10
8.904687500000000000e+01,3.800847693069480630e-10
8.906250000000000000e+01,3.752462245810877253e-10
8.907812500000000000e+01,3.772065047781981628e-10
8.909375000000000000e+01,3.868934923586687907e-10
8.910937500000000000e+01,3.876770970811178517e-10
8.912500000000000000e+01,3.674275002339003327e-10
8.914062500000000000e+01,3.458784573569586069e-10
8.915625000000000000e+01,3.463737439671603139e-10
8.917187500000000000e+01,3.544665846534198581e-10
8.918750000000000000e+01,3.518341159998433391e-10
8.920312500000000000e+01,3.501030756191373563e-10
8.921875000000000000e+01,3.589930977952096588e-10
8.923437500000000000e+01,3.608115992108437028e-10
8.925000000000000000e+01,3.470631282450757642e-10
8.926562500000000000e+01,3.357517500984538729e-10
8.928125000000000000e+01,3.368323942767274197e-10
8.929687500000000000e+01,3.485001985869238934e-10
8.931250000000000000e+01,3.732294076181866972e-10
8.932812500000000000e+01,4.028500891970658062e-10
8.934375000000000000e+01,4.227171667632607420e-10
8.935937500000000000e+01,4.210467186266573382e-10
8.937500000000000000e+01,3.970504291662915278e-10
8.939062500000000000e+01,3.651896021525641299e-10
8.940625000000000000e+01,3.332815384558900554e-10
8.942187500000000000e+01,3.017258349122685079e-10
8.943750000000000000e+01,2.835383830372745560e-10
8.945312500000000000e+01,2.897600019255582208e-10
8.946875000000000000e+01,3.136368146455736243e-10
8.948437500000000000e+01,3.425030898961755659e-10
8.950000000000000000e+01,3.561199056070889936e-10
8.951562500000000000e+01,3.355816716163492651e-10
8.953125000000000000e+01,3.006178399852722933e-10
8.954687500000000000e+01,3.027081306848949753e-10
8.956250000000000000e+01,3.358089218664107314e-10
8.957812500000000000e+01,3.543573737408319073e-10
8.959375000000000000e+01,3.563436832073373384e-10
8.960937500000000000e+01,3.656325310928327246e-10
8.962500000000000000e+01,3.814711363097317949e-10
8.964062500000000000e+01,3.853040523840028730e-10
8.965625000000000000e+01,3.748441049215273457e-10
8.967187500000000000e+01,3.640430128415148489e-10
8.968750000000000000e+01,3.563410364080275532e-10
8.970312500000000000e+01,3.418356226531527704e-10
8.971875000000000000e+01,3.215875492405837992e-10
8.973437500000000000e+01,3.088460871775399412e-10
8.975000000000000000e+01,3.148439278701913359e-10
8.976562500000000000e+01,3.364559169318152266e-10
8.978125000000000000e+01,3.550467369730084775e-10
8.979687500000000000e+01,3.618354900633587604e-10
8.981250000000000000e+01,3.664247661755511306e-10
8.982812500000000000e+01,3.786585823064465675e-10
8.984375000000000000e+01,3.960263386346682520e-10
8.985937500000000000e+01,4.029080528893039391e-10
8.987500000000000000e+01,3.936023191187802578e-10
8.989062500000000000e+01,3.779604493567396822e-10
8.990625000000000000e+01,3.601374464949832199e-10
8.992187500000000000e+01,3.435704450072063466e-10
8.993750000000000000e+01,3.331497104463832953e-10
8.995312500000000000e+01,3.303568602678425885e-10
8.996875000000000000e+01,3.397702257355060212e-10
8.998437500000000000e+01,3.557963817959268856e-10
9.000000000000000000e+01,3.652970079295476826e-10
9.001562500000000000e+01,3.604681424560936609e-10
9.003125000000000000e+01,3.429215718500005601e-10
9.004687500000000000e+01,3.365036361551497502e-10
9.006250000000000000e+01,3.619679764673028266e-10
9.007812500000000000e+01,3.906616677629404067e-10
9.009375000000000000e+01,3.911991690375765232e-10
9.010937500000000000e+01,3.790740860135656159e-10
9.012500000000000000e+01,3.798023923788826939e-10
9.014062500000000000e+01,3.831495281469242359e-10
9.015625000000000000e+01,3.767950313768983462e-10
9.017187500000000000e+01,3.696678460478242601e-10
9.018750000000000000e+01,3.697293390929080335e-10
9.020312500000000000e+01,3.740260620637366586e-10
9.021875000000000000e+01,3.780416235297551383e-10
9.023437500000000000e+01,3.759427594425157194e-10
9.025000000000000000e+01,3.690797200886187283e-10
9.026562500000000000e+01,3.706954687813412272e-10
9.028125000000000000e+01,3.789951287174359904e-10
9.029687500000000000e+01,3.783796886233589319e-10
9.031250000000000000e+01,3.678616076133140608e-10
9.032812500000000000e+01,3.634702922570597913e-10
9.034375000000000000e+01,3.777694604448453804e-10
9.035937500000000000e+01,3.959062385373852706e-10
9.037500000000000000e+01,3.979816296560302572e-10
9.039062500000000000e+01,3.884933002724441221e-10
9.040625000000000000e+01,3.831911539953391774e-10
9.042187500000000000e+01,3.834250963826894758e-10
9.043750000000000000e+01,3.824386636182286734e-10
9.045312500000000000e+01,3.788983134485533763e-10
9.046875000000000000e+01,3.720372166040492474e-10
9.048437500000000000e+01,3.672401439510209773e-10
9.050000000000000000e+01,3.714810839563702278e-10
9.051562500000000000e+01,3.802360700975634102e-10
9.053125000000000000e+01,3.802669303274522094e-10
9.054687500000000000e+01,3.651522535165393980e-10
9.056250000000000000e+01,3.481870000906922263e-10
9.057812500000000000e+01,3.413188294673447739e-10
9.059375000000000000e+01,3.354025022242514136e-10
9.060937500000000000e+01,3.252104873425452989e-10
9.062500000000000000e+01,3.272310471154943247e-10
9.064062500000000000e+01,3.516226399462913133e-10
9.065625000000000000e+01,3.740560233500405889e-10
9.067187500000000000e+01,3.717715270281386766e-10
9.068750000000000000e+01,3.566688385771436453e-10
9.070312500000000000e+01,3.541856885291915749e-10
9.071875000000000000e+01,3.601954295280291660e-10
9.073437500000000000e+01,3.580164941396091919e-10
9.075000000000000000e+01,3.563944533556267639e-10
9.076562500000000000e+01,3.686853942776960208e-10
9.078125000000000000e+01,3.827383481394482443e-10
9.079687500000000000e+01,3.833377987738265065e-10
9.081250000000000000e+01,3.756820341741730754e-10
9.082812500000000000e+01,3.651673996585166199e-10
9.084375000000000000e+01,3.480740245743889080e-10
9.085937500000000000e+01,3.319214894975328042e-10
9.087500000000000000e+01,3.325817790334016335e-10
9.089062500000000000e+01,3.476969391483285500e-10
9.090625000000000000e+01,3.645562787935219251e-10
9.092187500000000000e+01,3.820727989362766153e-10
9.093750000000000000e+01,3.977999217750990062e-10
9.095312500000000000e+01,4.046733833760604027e-10
9.096875000000000000e+01,3.945403890116436014e-10
9.098437500000000000e+01,3.622290950298481923e-10
9.100000000000000000e+01,3.220172357383502326e-10
9.101562500000000000e+01,3.022346440105286830e-10
9.103125000000000000e+01,3.137187519378497655e-10
9.104687500000000000e+01,3.426799466390108856e-10
9.106250000000000000e+01,3.675234053381537695e-10
9.107812500000000000e+01,3.678608895791425955e-10
9.109375000000000000e+01,3.397511445225780511e-10
9.110937500000000000e+01,3.080678606200500194e-10
9.112500000000000000e+01,3.035183231324983047e-10
9.114062500000000000e+01,3.209151908249487669e-10
9.115625000000000000e+01,3.322304500606052365e-10
9.117187500000000000e+01,3.271989041799116337e-10
9.118750000000000000e+01,3.239602745563570545e-10
9.120312500000000000e+01,3.425531109682714342e-10
9.121875000000000000e+01,3.732381444006899172e-10
9.123437500000000000e+01,3.939922037207016976e-10
9.125000000000000000e+01,3.951153041506810863e-10
9.126562500000000000e+01,3.841843051180213110e-10
9.128125000000000000e+01,3.772834361033185883e-10
9.129687500000000000e+01,3.758880054262628545e-10
9.131250000000000000e+01,3.680284992174940758e-10
9.132812500000000000e+01,3.516320012916255913e-10
9.134375000000000000e+01,3.394525787808271461e-10
9.135937500000000000e+01,3.405757769488275701e-10
9.137500000000000000e+01,3.476401905871080036e-10
9.139062500000000000e+01,3.492622497433375246e-10
9.140625000000000000e+01,3.410222056857761309e-10
9.142187500000000000e+01,3.244449763982136872e-10
9.143750000000000000e+01,3.023570216700610505e-10
9.145312500000000000e+01,2.877770579334139851e-10
9.146875000000000000e+01,2.962782444676936870e-10
9.148437500000000000e+01,3.174393047583397502e-10
9.150000000000000000e+01,3.327751741940574307e-10
9.151562500000000000e+01,3.378900499906144199e-10
9.153125000000000000e+01,3.333436381238445014e-10
9.154687500000000000e+01,3.203080777676260366e-10
9.156250000000000000e+01,3.015861136030827677e-10
9.157812500000000000e+01,2.845602013759525582e-10
9.159375000000000000e+01,2.844823074862748250e-10
9.160937500000000000e+01,2.996737204688260538e-10
9.162500000000000000e+01,3.162227591395665312e-10
9.164062500000000000e+01,3.333227671355912846e-10
9.165625000000000000e+01,3.470334540808974686e-10
9.167187500000000000e+01,3.514219560414392975e-10
9.168750000000000000e+01,3.522531332288481672e-10
9.170312500000000000e+01,3.454886222089097435e-10
9.171875000000000000e+01,3.160777286933691971e-10
9.173437500000000000e+01,2.814391750898042153e-10
9.175000000000000000e+01,2.853296419236049835e-10
9.176562500000000000e+01,3.201008373775141649e-10
9.178125000000000000e+01,3.506598378483396699e-10
9.179687500000000000e+01,3.721694068217917365e-10
9.181250000000000000e+01,3.899798125767457384e-10
9.182812500000000000e+01,3.964434289644703812e-10
9.184375000000000000e+01,3.842021377142373342e-10
9.185937500000000000e+01,3.596934407871520464e-10
9.187500000000000000e+01,3.373272540026245322e-10
9.189062500000000000e+01,3.266372435614675176e-10
9.190625000000000000e+01,3.249833281692838634e-10
9.192187500000000000e+01,3.253314567152577149e-10
9.193750000000000000e+01,3.230963361973827222e-10
9.195312500000000000e+01,3.183255045477514699e-10
9.196875000000000000e+01,3.171825698532163423e-10
9.198437500000000000e+01,3.262042703264869129e-10
9.200000000000000000e+01,3.440825951982142864e-10
9.201562500000000000e+01,3.631210782086048151e-10
9.203125000000000000e+01,3.750460146270197060e-10
9.204687500000000000e+01,3.746644087831233577e-10
9.206250000000000000e+01,3.650922306949020613e-10
9.207812500000000000e+01,3.524014968282417594e-10
9.209375000000000000e+01,3.404127772048763632e-10
9.210937500000000000e+01,3.271799042097135474e-10
9.212500000000000000e+01,3.097037193418026698e-10
9.214062500000000000e+01,3.050852811832215264e-10
9.215625000000000000e+01,3.295350740785738541e-10
9.217187500000000000e+01,3.604811153527181200e-10
9.218750000000000000e+01,3.715884665290385468e-10
9.220312500000000000e+01,3.591116398391894500e-10
9.221875000000000000e+01,3.326902433038517522e-10
9.223437500000000000e+01,3.083838929070203148e-10
9.225000000000000000e+01,2.935744530315382310e-10
9.226562500000000000e+01,2.859942306167858651e-10
9.228125000000000000e+01,2.929714265182471683e-10
9.229687500000000000e+01,3.159034032955684309e-10
9.231250000000000000e+01,3.366398826179438904e-10
9.232812500000000000e+01,3.416415070203249067e-10
9.234375000000000000e+01,3.384656718703272425e-10
9.235937500000000000e+01,3.380360678983385544e-10
9.237500000000000000e+01,3.391485875525618239e-10
9.239062500000000000e+01,3.471817248373590927e-10
9.240625000000000000e+01,3.668426230395675306e-10
9.242187500000000000e+01,3.843704173990463658e-10
9.243750000000000000e+01,3.907333513553120522e-10
9.245312500000000000e+01,3.879263869537695348e-10
9.246875000000000000e+01,3.708359618078904218e-10
9.248437500000000000e+01,3.403104259977796009e-10
9.250000000000000000e+01,3.198309710789799227e-10
9.251562500000000000e+01,3.222682447433074032e-10
9.253125000000000000e+01,3.283527921976225651e-10
9.254687500000000000e+01,3.259535664301034677e-10
9.256250000000000000e+01,3.265398982428512550e-10
9.257812500000000000e+01,3.352223557778820982e-10
9.259375000000000000e+01,3.344839460908646606e-10
9.260937500000000000e+01,3.162258234984545674e-10
9.262500000000000000e+01,3.023560647386478136e-10
9.264062500000000000e+01,3.149132147905777238e-10
9.265625000000000000e+01,3.453086161787647392e-10
9.267187500000000000e+01,3.741009715137394970e-10
9.268750000000000000e+01,3.907585414802134048e-10
9.270312500000000000e+01,3.919705467133691260e-10
9.271875000000000000e+01,3.743536527393802695e-10
9.273437500000000000e+01,3.417199929585182619e-10
9.275000000000000000e+01,3.181668895125262312e-10
9.276562500000000000e+01,3.223202149812696901e-10
9.278125000000000000e+01,3.364485902081784955e-10
9.279687500000000000e+01,3.422724783892688635e-10
9.281250000000000000e+01,3.446573249658695479e-10
9.282812500000000000e+01,3.508449776788756308e-10
9.284375000000000000e+01,3.560389382667820714e-10
9.285937500000000000e+01,3.522002751422886813e-10
9.287500000000000000e+01,3.394309828804426131e-10
9.289062500000000000e+01,3.273999050819506106e-10
9.290625000000000000e+01,3.289621238531126067e-10
9.292187500000000000e+01,3.463858135520111870e-10
9.293750000000000000e+01,3.659533530690615973e-10
9.295312500000000000e+01,3.741126807019154926e-10
9.296875000000000000e+01,3.681092522530941488e-10
9.298437500000000000e+01,3.507684979455321920e-10
9.300000000000000000e+01,3.306238290449026706e-10
9.301562500000000000e+01,3.242607801413607573e-10
9.303125000000000000e+01,3.319020100908504060e-10
9.304687500000000000e+01,3.366198509751090702e-10
9.306250000000000000e+01,3.345181814201195034e-10
9.307812500000000000e+01,3.268100960363754072e-10
9.309375000000000000e+01,3.124955148801969851e-10
9.310937500000000000e+01,3.037451504813573006e-10
9.312500000000000000e+01,3.169009248054881138e-10
9.314062500000000000e+01,3.415319927879173169e-10
9.315625000000000000e+01,3.517778986948003986e-10
9.317187500000000000e+01,3.424030818871441142e-10
9.318750000000000000e+01,3.228960268996708031e-10
9.320312500000000000e+01,3.023903896029274642e-10
9.321875000000000000e+01,2.965039992192776174e-10
9.323437500000000000e+01,3.101411729640746669e-10
9.325000000000000000e+01,3.217949629175045376e-10
9.326562500000000000e+01,3.182664860772161508e-10
9.328125000000000000e+01,3.066299916149506307e-10
9.329687500000000000e+01,2.927316288238572234e-10
9.331250000000000000e+01,2.853485156735324385e-10
9.332812500000000000e+01,3.037000249211276083e-10
9.334375000000000000e+01,3.415446015295603600e-10
9.335937500000000000e+01,3.706976013985378177e-10
9.337500000000000000e+01,3.809321865746413941e-10
9.339062500000000000e+01,3.817478514287779436e-10
9.340625000000000000e+01,3.810229487187843467e-10
9.342187500000000000e+01,3.768850536168117653e-10
9.343750000000000000e+01,3.670020859319888496e-10
9.345312500000000000e+01,3.510300256922470691e-10
9.346875000000000000e+01,3.325085722027541176e-10
9.348437500000000000e+01,3.204298730214122130e-10
9.350000000000000000e+01,3.210285987540666937e-10
9.351562500000000000e+01,3.326408761391207828e-10
9.353125000000000000e+01,3.428899367900563911e-10
9.354687500000000000e+01,3.403633160106330734e-10
9.356250000000000000e+01,3.314840733916317574e-10
9.357812500000000000e+01,3.227861189497625488e-10
9.359375000000000000e+01,3.054823910676070275e-10
9.360937500000000000e+01,2.878957881912769677e-10
9.362500000000000000e+01,2.990801952483362723e-10
9.364062500000000000e+01,3.342143666414748705e-10
9.365625000000000000e+01,3.578907815250733112e-10
9.367187500000000000e+01,3.482738936714159582e-10
9.368750000000000000e+01,3.149788982813550983e-10
9.370312500000000000e+01,2.901744450129257231e-10
9.371875000000000000e+01,2.884612067042777453e-10
9.373437500000000000e+01,2.927066654322551170e-10
9.375000000000000000e+01,2.944091293730250870e-10
9.376562500000000000e+01,2.998155029411708634e-10
9.378125000000000000e+01,3.052063091827989349e-10
9.379687500000000000e+01,3.057055423243683261e-10
9.381250000000000000e+01,3.047834096907942492e-10
9.382812500000000000e+01,3.096117817183281335e-10
9.384375000000000000e+01,3.287076661303207852e-10
9.385937500000000000e+01,3.531734540005199578e-10
9.387500000000000000e+01,3.616860513950845653e-10
9.389062500000000000e+01,3.498176330364584094e-10
9.390625000000000000e+01,3.308726960349619478e-10
9.392187500000000000e+01,3.199189926746747238e-10
9.393750000000000000e+01,3.183904956039908495e-10
9.395312500000000000e+01,3.184670156275183693e-10
9.396875000000000000e+01,3.190620568521011659e-10
9.398437500000000000e+01,3.179334028236299336e-10
9.400000000000000000e+01,3.151414017228880632e-10
9.401562500000000000e+01,3.173871069065035097e-10
9.403125000000000000e+01,3.254436945278502015e-10
9.404687500000000000e+01,3.409024262816218838e-10
9.406250000000000000e+01,3.599859283119286110e-10
9.407812500000000000e+01,3.651899471088952350e-10
9.409375000000000000e+01,3.519481942882260064e-10
9.410937500000000000e+01,3.451503475832432583e-10
9.412500000000000000e+01,3.629610215579804668e-10
9.414062500000000000e+01,3.812506673030908210e-10
9.415625000000000000e+01,3.781857866304764412e-10
9.417187500000000000e+01,3.588855488502954798e-10
9.418750000000000000e+01,3.278448284230163370e-10
9.420312500000000000e+01,2.901382838922001785e-10
9.421875000000000000e+01,2.744625592321291479e-10
9.423437500000000000e+01,2.964102422992011389e-10
9.425000000000000000e+01,3.263901123118976104e-10
9.426562500000000000e+01,3.383510735549541989e-10
9.428125000000000000e+01,3.335605124504330030e-10
9.429687500000000000e+01,3.269185907055364858e-10
9.431250000000000000e+01,3.254935098934095084e-10
9.432812500000000000e+01,3.248782479623091957e-10
9.434375000000000000e+01,3.289325068819844373e-10
9.435937500000000000e+01,3.447788951225705497e-10
9.437500000000000000e+01,3.590050388154626440e-10
9.439062500000000000e+01,3.565395291530830817e-10
9.440625000000000000e+01,3.449577642423715115e-10
9.442187500000000000e+01,3.418849898629448689e-10
9.443750000000000000e+01,3.507467912192398458e-10
9.445312500000000000e+01,3.579617168835733980e-10
9.446875000000000000e+01,3.513979892752098062e-10
9.448437500000000000e+01,3.352409837359559576e-10
9.450000000000000000e+01,3.233148615578767914e-10
9.451562500000000000e+01,3.226947732057456499e-10
9.453125000000000000e+01,3.311118361111481630e-10
9.454687500000000000e+01,3.454838804400205326e-10
9.456250000000000000e+01,3.649583320049853585e-10
9.457812500000000000e+01,3.839135606089089575e-10
9.459375000000000000e+01,3.878551244908716148e-10
9.460937500000000000e+01,3.665131848300136406e-10
9.462500000000000000e+01,3.355445341749174272e-10
9.464062500000000000e+01,3.223948749300233256e-10
9.465625000000000000e+01,3.266759099322118581e-10
9.467187500000000000e+01,3.314392631642342703e-10
9.468750000000000000e+01,3.283555032591805395e-10
9.470312500000000000e+01,3.154967721211107903e-10
9.471875000000000000e+01,2.998942581141637977e-10
9.473437500000000000e+01,2.937252549978395440e-10
9.475000000000000000e+01,2.946156104098147940e-10
9.476562500000000000e+01,2.981871832243743073e-10
9.478125000000000000e+01,3.148453802190582082e-10
9.479687500000000000e+01,3.422517714245983762e-10
9.481250000000000000e+01,3.594664151261365185e-10
9.482812500000000000e+01,3.568801310049869856e-10
9.484375000000000000e+01,3.460844277806238488e-10
9.485937500000000000e+01,3.448970146846669713e-10
9.487500000000000000e+01,3.542380224954785163e-10
9.489062500000000000e+01,3.585104708975528590e-10
9.490625000000000000e+01,3.451147648136027480e-10
9.492187500000000000e+01,3.175634335848598593e-10
9.493750000000000000e+01,2.952869523718492414e-10
9.495312500000000000e+01,2.927235358109751395e-10
9.496875000000000000e+01,3.040077948795498034e-10
9.498437500000000000e+01,3.147991893823173521e-10
9.500000000000000000e+01,3.156752208867416968e-10
9.501562500000000000e+01,3.059872181114808676e-10
9.503125000000000000e+01,2.969709675568377796e-10
9.504687500000000000e+01,3.005132923890441789e-10
9.506250000000000000e+01,3.092403999196958922e-10
9.507812500000000000e+01,3.139321641419682886e-10
9.509375000000000000e+01,3.144635030919968871e-10
9.510937500000000000e+01,3.068192165532990889e-10
9.512500000000000000e+01,2.995026112214414599e-10
9.514062500000000000e+01,3.091054444543312386e-10
9.515625000000000000e+01,3.285319208732757937e-10
9.517187500000000000e+01,3.463099285853594541e-10
9.518750000000000000e+01,3.621822665114537209e-10
9.520312500000000000e+01,3.729814720400323985e-10
9.521875000000000000e+01,3.754251451959868994e-10
9.523437500000000000e+01,3.720219927838456394e-10
9.525000000000000000e+01,3.661447934150604739e-10
9.526562500000000000e+01,3.577576605529887288e-10
9.528125000000000000e+01,3.437937131048305900e-10
9.529687500000000000e+01,3.265136373929278431e-10
9.531250000000000000e+01,3.156983434501817644e-10
9.532812500000000000e+01,3.187535159619363519e-10
9.534375000000000000e+01,3.279891430901223611e-10
9.535937500000000000e+01,3.275426021282379947e-10
9.537500000000000000e+01,3.200426401505842880e-10
9.539062500000000000e+01,3.185213212036160225e-10
9.540625000000000000e+01,3.182599869444010232e-10
9.542187500000000000e+01,3.111684331869493745e-10
9.543750000000000000e+01,3.066291075489381348e-10
9.545312500000000000e+01,3.193961001261455097e-10
9.546875000000000000e+01,3.387746289808418381e-10
9.548437500000000000e+01,3.352209509216171341e-10
9.550000000000000000e+01,3.044234393577936606e-10
9.551562500000000000e+01,2.798215607054678018e-10
9.553125000000000000e+01,2.939644689513161817e-10
9.554687500000000000e+01,3.377541710125623474e-10
9.556250000000000000e+01,3.799235184426170498e-10
9.557812500000000000e+01,3.961937620552589650e-10
9.559375000000000000e+01,3.849623761339065399e-10
9.560937500000000000e+01,3.657657826770134966e-10
9.562500000000000000e+01,3.505319784462143304e-10
9.564062500000000000e+01,3.331612245973200437e-10
9.565625000000000000e+01,3.104797731623746124e-10
9.567187500000000000e+01,2.887889701763404361e-10
9.568750000000000000e+01,2.789920586138434655e-10
9.570312500000000000e+01,2.923118804192247983e-10
9.571875000000000000e+01,3.194150278947192107e-10
9.573437500000000000e+01,3.324265066609091364e-10
9.575000000000000000e+01,3.225793433790990731e-10
9.576562500000000000e+01,3.090819464697490515e-10
9.578125000000000000e+01,3.045676690575916035e-10
9.579687500000000000e+01,3.035334935853933457e-10
9.581250000000000000e+01,3.083151873348505913e-10
9.582812500000000000e+01,3.201218001973208144e-10
9.584375000000000000e+01,3.227466836972201742e-10
9.585937500000000000e+01,3.083066293383311188e-10
9.587500000000000000e+01,2.927205089005780616e-10
9.589062500000000000e+01,2.914796844479048177e-10
9.590625000000000000e+01,3.000271678130832025e-10
9.592187500000000000e+01,3.054074218728932622e-10
9.593750000000000000e+01,3.007703537951042827e-10
9.595312500000000000e+01,2.917555106648641390e-10
9.596875000000000000e+01,2.884399985520458135e-10
9.598437500000000000e+01,2.919979048638383669e-10
9.600000000000000000e+01,2.977922188886499427e-10
9.601562500000000000e+01,3.001402903282636369e-10
9.603125000000000000e+01,2.981038738846874913e-10
9.604687500000000000e+01,2.964784934603091790e-10
9.606250000000000000e+01,2.972188849047440826e-10
9.607812500000000000e+01,2.967576008325367383e-10
9.609375000000000000e+01,2.869404578547965983e-10
9.610937500000000000e+01,2.726733379505638624e-10
9.612500000000000000e+01,2.765346999743166876e-10
9.614062500000000000e+01,2.978142343148215080e-10
9.615625000000000000e+01,3.122124802519834457e-10
9.617187500000000000e+01,3.118466062492151268e-10
9.618750000000000000e+01,3.082252763299492843e-10
9.620312500000000000e+01,3.103308465290935547e-10
9.621875000000000000e+01,3.057443622448493322e-10
9.623437500000000000e+01,2.816613509490573559e-10
9.625000000000000000e+01,2.600959760142792723e-10
9.626562500000000000e+01,2.725296008477719975e-10
9.628125000000000000e+01,2.990054292416308836e-10
9.629687500000000000e+01,3.084011739305049461e-10
9.631250000000000000e+01,3.031679623622791536e-10
9.632812500000000000e+01,2.965291835167078396e-10
9.634375000000000000e+01,2.906823879248651495e-10
9.635937500000000000e+01,2.892362515150905003e-10
9.637500000000000000e+01,2.972902572010057691e-10
9.639062500000000000e+01,3.032523336097011639e-10
9.640625000000000000e+01,2.940387856634751229e-10
9.642187500000000000e+01,2.827955768729246575e-10
9.643750000000000000e+01,2.847016015062745981e-10
9.645312500000000000e+01,2.910533972293624065e-10
9.646875000000000000e+01,3.000496077322449383e-10
9.648437500000000000e+01,3.120141792943517095e-10
9.650000000000000000e+01,3.118595327068599652e-10
9.651562500000000000e+01,2.930413316590383456e-10
9.653125000000000000e+01,2.764359202499330883e-10
9.654687500000000000e+01,2.899040679091049461e-10
9.656250000000000000e+01,3.217701240422680614e-10
9.657812500000000000e+01,3.377233930701602045e-10
9.659375000000000000e+01,3.304364515909403094e-10
9.660937500000000000e+01,3.275184209980277526e-10
9.662500000000000000e+01,3.466855636943415306e-10
9.664062500000000000e+01,3.679621191725207470e-10
9.665625000000000000e+01,3.670724985558417838e-10
9.667187500000000000e+01,3.406368587514707953e-10
9.668750000000000000e+01,3.103348247376682922e-10
9.670312500000000000e+01,2.942317838821157740e-10
9.671875000000000000e+01,2.781299171465171293e-10
9.673437500000000000e+01,2.549431144788378752e-10
9.675000000000000000e+01,2.480616472314714452e-10
9.676562500000000000e+01,2.688907922431809993e-10
9.678125000000000000e+01,2.987083581899541603e-10
9.679687500000000000e+01,3.183181268439231195e-10
9.681250000000000000e+01,3.238432948804389899e-10
9.682812500000000000e+01,3.217806707679822801e-10
9.684375000000000000e+01,3.116316783282335260e-10
9.685937500000000000e+01,2.879085119683665565e-10
9.687500000000000000e+01,2.581297252702122288e-10
9.689062500000000000e+01,2.432735796378835946e-10
9.690625000000000000e+01,2.528432661177164229e-10
9.692187500000000000e+01,2.698701906933941659e-10
9.693750000000000000e+01,2.822267407402655107e-10
9.695312500000000000e+01,2.967065321254935776e-10
9.696875000000000000e+01,3.151584102921848271e-10
9.698437500000000000e+01,3.280840221518166209e-10
9.700000000000000000e+01,3.282717148440262378e-10
9.701562500000000000e+01,3.121614162038272043e-10
9.703125000000000000e+01,2.837959580888417807e-10
9.704687500000000000e+01,2.662060811433311265e-10
9.706250000000000000e+01,2.750664730073215172e-10
9.707812500000000000e+01,2.961679196073420788e-10
9.709375000000000000e+01,3.120784726164653664e-10
9.710937500000000000e+01,3.095151910328680771e-10
9.712500000000000000e+01,2.884423500057896058e-10
9.714062500000000000e+01,2.711065367463987987e-10
9.715625000000000000e+01,2.737787377556110313e-10
9.717187500000000000e+01,2.839722924352579480e-10
9.718750000000000000e+01,2.952716684676051601e-10
9.720312500000000000e+01,3.166485116396398588e-10
9.721875000000000000e+01,3.402505198383848098e-10
9.723437500000000000e+01,3.465471483378410766e-10
9.725000000000000000e+01,3.340521078466047851e-10
9.726562500000000000e+01,3.172906757017924967e-10
9.728125000000000000e+01,3.034621300312420753e-10
9.729687500000000000e+01,2.899750360587606558e-10
9.731250000000000000e+01,2.793043257715618573e-10
9.732812500000000000e+01,2.795521002840003956e-10
9.734375000000000000e+01,2.842035393205596994e-10
9.735937500000000000e+01,2.763188435426344300e-10
9.737500000000000000e+01,2.648142148884205712e-10
9.739062500000000000e+01,2.729998579133131225e-10
9.740625000000000000e+01,2.892616523977567141e-10
9.742187500000000000e+01,2.993124058626375387e-10
9.743750000000000000e+01,3.127142766281447350e-10
9.745312500000000000e+01,3.286635620312264367e-10
9.746875000000000000e+01,3.368534258346932591e-10
9.748437500000000000e+01,3.357053532477232445e-10
9.750000000000000000e+01,3.295151481198508003e-10
9.751562500000000000e+01,3.255713480194216024e-10
9.753125000000000000e+01,3.226654188032077942e-10
9.754687500000000000e+01,3.109351487069526295e-10
9.756250000000000000e+01,2.951892542215593832e-10
9.757812500000000000e+01,2.894739141321373020e-10
9.759375000000000000e+01,2.907608887385462275e-10
9.760937500000000000e+01,2.879453685479138781e-10
9.762500000000000000e+01,2.826862099582590750e-10
9.764062500000000000e+01,2.794224695805286405e-10
9.765625000000000000e+01,2.764645222118015674e-10
9.767187500000000000e+01,2.703244281812195044e-10
9.768750000000000000e+01,2.606955556990330051e-10
9.770312500000000000e+01,2.595979707590997368e-10
9.771875000000000000e+01,2.727432190852609794e-10
9.773437500000000000e+01,2.861489418117065622e-10
9.775000000000000000e+01,2.932281616351975208e-10
9.776562500000000000e+01,3.018926582592952729e-10
9.778125000000000000e+01,3.135121138890239019e-10
9.779687500000000000e+01,3.187089711266050958e-10
9.781250000000000000e+01,3.148462263882273295e-10
9.782812500000000000e+01,3.034407674710877579e-10
9.784375000000000000e+01,2.851490755797728119e-10
9.785937500000000000e+01,2.766202511928099521e-10
9.787500000000000000e+01,2.914174676160808423e-10
9.789062500000000000e+01,3.116609126375673928e-10
9.790625000000000000e+01,3.206108196908145954e-10
9.792187500000000000e+01,3.208937002718878112e-10
9.793750000000000000e+01,3.155781717632781393e-10
9.795312500000000000e+01,3.032182816045680573e-10
9.796875000000000000e+01,2.983793311731810303e-10
9.798437500000000000e+01,3.161365936893439893e-10
9.800000000000000000e+01,3.377868488812639238e-10
9.801562500000000000e+01,3.379657826161187376e-10
9.803125000000000000e+01,3.160385968564378540e-10
9.804687500000000000e+01,2.878747125021292274e-10
9.806250000000000000e+01,2.655670459514938263e-10
9.807812500000000000e+01,2.515959697224315604e-10
9.809375000000000000e+01,2.463624444439198706e-10
9.810937500000000000e+01,2.521114557707013816e-10
9.812500000000000000e+01,2.655801781884130430e-10
9.814062500000000000e+01,2.792736062875530900e-10
9.815625000000000000e+01,2.878238253060114082e-10
9.817187500000000000e+01,2.881915791203041426e-10
9.818750000000000000e+01,2.816454287713372118e-10
9.820312500000000000e+01,2.732392446141210990e-10
9.821875000000000000e+01,2.701739125236941388e-10
9.823437500000000000e+01,2.742147331033917743e-10
9.825000000000000000e+01,2.752876240536637156e-10
9.826562500000000000e+01,2.729028806400764075e-10
9.828125000000000000e+01,2.792973129437478935e-10
9.829687500000000000e+01,2.866168013256354127e-10
9.831250000000000000e+01,2.779492697651655558e-10
9.832812500000000000e+01,2.644217229419297973e-10
9.834375000000000000e+01,2.664502824839178121e-10
9.835937500000000000e+01,2.705830849985414236e-10
9.837500000000000000e+01,2.588686496587209856e-10
9.839062500000000000e+01,2.475028183941780153e-10
9.840625000000000000e+01,2.584860750810478219e-10
9.842187500000000000e+01,2.846934159047084660e-10
9.843750000000000000e+01,3.038493648396023943e-10
9.845312500000000000e+01,2.998712327334473048e-10
9.846875000000000000e+01,2.776878706302124922e-10
9.848437500000000000e+01,2.627240166116576604e-10
9.850000000000000000e+01,2.726310060894174928e-10
9.851562500000000000e+01,2.934524137724027177e-10
9.853125000000000000e+01,3.049010788883940107e-10
9.854687500000000000e+01,3.040934834505553092e-10
9.856250000000000000e+01,2.967282405074156303e-10
9.857812500000000000e+01,2.832617198847038669e-10
9.859375000000000000e+01,2.654508108555931687e-10
9.860937500000000000e+01,2.548916405174234465e-10
9.862500000000000000e+01,2.571129685658659453e-10
9.864062500000000000e+01,2.626899599071277046e-10
9.865625000000000000e+01,2.637976713036212605e-10
9.867187500000000000e+01,2.663240986329369346e-10
9.868750000000000000e+01,2.768570593996845240e-10
9.870312500000000000e+01,2.849605641941907881e-10
9.871875000000000000e+01,2.776413501676279453e-10
9.873437500000000000e+01,2.596414468518237857e-10
9.875000000000000000e+01,2.450894630952466266e-10
9.876562500000000000e+01,2.391090404725924050e-10
9.878125000000000000e+01,2.437801136760817186e-10
9.879687500000000000e+01,2.567641309581200917e-10
9.881250000000000000e+01,2.672739864012924169e-10
9.882812500000000000e+01,2.743802768778541795e-10
9.884375000000000000e+01,2.804812257985898642e-10
9.885937500000000000e+01,2.799176967554530052e-10
9.887500000000000000e+01,2.700949896196062543e-10
9.889062500000000000e+01,2.597721351609885498e-10
9.890625000000000000e+01,2.602102724247430024e-10
9.892187500000000000e+01,2.619844561561880849e-10
9.893750000000000000e+01,2.542974160581573608e-10
9.895312500000000000e+01,2.555360061481231922e-10
9.896875000000000000e+01,2.756141270822320439e-10
9.898437500000000000e+01,2.893623583042905898e-10
9.900000000000000000e+01,2.821902359010653640e-10
9.901562500000000000e+01,2.701539945955975552e-10
9.903125000000000000e+01,2.760159278859574059e-10
9.904687500000000000e+01,2.989252316398270104e-10
9.906250000000000000e+01,3.195453948557504112e-10
9.907812500000000000e+01,3.238163406626648382e-10
9.909375000000000000e+01,3.162973614018244934e-10
9.910937500000000000e+01,3.111772472666548268e-10
9.912500000000000000e+01,3.088185772078738214e-10
9.914062500000000000e+01,3.018486695870860347e-10
9.915625000000000000e+01,2.922867340769962151e-10
9.917187500000000000e+01,2.832222637769594788e-10
9.918750000000000000e+01,2.732173401548881774e-10
9.920312500000000000e+01,2.687092011958498406e-10
9.921875000000000000e+01,2.753631102065343505e-10
9.923437500000000000e+01,2.796982557986797508e-10
9.925000000000000000e+01,2.717427375110040648e-10
9.926562500000000000e+01,2.621259346664751318e-10
9.928125000000000000e+01,2.675053613708052094e-10
9.929687500000000000e+01,2.846804871841640824e-10
9.931250000000000000e+01,2.855855510389434209e-10
9.932812500000000000e+01,2.622259976260487175e-10
9.934375000000000000e+01,2.447843641659791851e-10
9.935937500000000000e+01,2.534038258944832873e-10
9.937500000000000000e+01,2.764353980177798564e-10
9.939062500000000000e+01,3.019713589139456169e-10
9.940625000000000000e+01,3.163299564321775023e-10
9.942187500000000000e+01,3.106777614978088733e-10
9.943750000000000000e+01,3.013659996363556153e-10
9.945312500000000000e+01,3.056115374223823513e-10
9.946875000000000000e+01,3.073129661797909270e-10
9.948437500000000000e+01,2.858045356034023802e-10
9.950000000000000000e+01,2.501899942923588455e-10
9.951562500000000000e+01,2.358336523791777474e-10
9.953125000000000000e+01,2.541720212208901135e-10
9.954687500000000000e+01,2.775784619415748279e-10
9.956250000000000000e+01,2.929920752616592289e-10
9.957812500000000000e+01,3.033099834079482177e-10
9.959375000000000000e+01,3.076586400722088259e-10
9.960937500000000000e+01,3.065275765594465694e-10
9.962500000000000000e+01,3.026140981320092140e-10
9.964062500000000000e+01,2.939695229006326895e-10
9.965625000000000000e+01,2.790080899583796034e-10
9.967187500000000000e+01,2.572515509899906886e-10
9.968750000000000000e+01,2.325406594223498176e-10
9.970312500000000000e+01,2.217020076804333656e-10
9.971875000000000000e+01,2.374226750216674458e-10
9.973437500000000000e+01,2.671920445061676375e-10
9.975000000000000000e+01,2.855132792316895842e-10
9.976562500000000000e+01,2.792531785678729365e-10
9.978125000000000000e+01,2.618464530599615150e-10
9.979687500000000000e+01,2.527519369999540977e-10
9.981250000000000000e+01,2.552476357020731467e-10
9.982812500000000000e+01,2.639405400355643688e-10
9.984375000000000000e+01,2.713459563610996125e-10
9.985937500000000000e+01,2.717969392407222809e-10
9.987500000000000000e+01,2.663688497787163926e-10
9.989062500000000000e+01,2.611603128629390410e-10
9.990625000000000000e+01,2.611926738786482460e-10
9.992187500000000000e+01,2.592942591305776459e-10
9.993750000000000000e+01,2.425857160055768724e-10
9.995312500000000000e+01,2.216613157227829778e-10
9.996875000000000000e+01,2.252431817696606280e-10
9.998437500000000000e+01,2.489483422984657802e-10
1.000000000000000000e+02,2.649487814090182602e-10
1.000156250000000000e+02,2.647669631541363105e-10
1.000312500000000000e+02,2.594239609930604973e-10
1.000468750000000000e+02,2.570913531239871231e-10
1.000625000000000000e+02,2.569778940059596424e-10
1.000781250000000000e+02,2.600905648084312387e-10
1.000937500000000000e+02,2.663894073736669743e-10
1.001093750000000000e+02,2.700231360968525772e-10
1.001250000000000000e+02,2.659650659939764662e-10
1.001406250000000000e+02,2.601373884328639867e-10
1.001562500000000000e+02,2.645309787835577944e-10
1.001718750000000000e+02,2.807985133980253684e-10
1.001875000000000000e+02,2.951948358303711741e-10
1.002031250000000000e+02,2.917768383019377740e-10
1.002187500000000000e+02,2.744616355181057093e-10
1.002343750000000000e+02,2.661811931380325747e-10
1.002500000000000000e+02,2.741816162443414814e-10
1.002656250000000000e+02,2.840367999246029492e-10
1.002812500000000000e+02,2.892314497738432785e-10
1.002968750000000000e+02,2.918277478886559909e-10
1.003125000000000000e+02,2.892444242530718717e-10
1.003281250000000000e+02,2.781101810908316215e-10
1.003437500000000000e+02,2.636290852251647733e-10
1.003593750000000000e+02,2.579133103180754529e-10
1.003750000000000000e+02,2.664531381623894452e-10
1.003906250000000000e+02,2.837689340905463545e-10
1.004062500000000000e+02,3.027808600808534596e-10
1.004218750000000000e+02,3.141895678652600708e-10
1.004375000000000000e+02,3.155921813172191424e-10
1.004531250000000000e+02,3.157477142792539845e-10
1.004687500000000000e+02,3.155137975840983052e-10
1.004843750000000000e+02,3.039832284055108155e-10
1.005000000000000000e+02,2.790377006729349936e-10
1.005156250000000000e+02,2.611380705852522811e-10
1.005312500000000000e+02,2.678926031772603352e-10
1.005468750000000000e+02,2.854845397821759860e-10
1.005625000000000000e+02,2.905972834799785544e-10
1.005781250000000000e+02,2.774368366436649419e-10
1.005937500000000000e+02,2.594461839854813652e-10
1.006093750000000000e+02,2.510383367892248248e-10
1.006250000000000000e+02,2.614093773869112767e-10
1.006406250000000000e+02,2.877774589403688345e-10
1.006562500000000000e+02,3.098391501237958248e-10
1.006718750000000000e+02,3.100651082971568691e-10
1.006875000000000000e+02,2.893830499241537705e-10
1.007031250000000000e+02,2.662835462283600122e-10
1.007187500000000000e+02,2.571727321815788131e-10
1.007343750000000000e+02,2.604436176376581748e-10
1.007500000000000000e+02,2.677208711045261864e-10
1.007656250000000000e+02,2.770943670532975898e-10
1.007812500000000000e+02,2.867527512467003719e-10
1.007968750000000000e+02,2.912266271142092764e-10
1.008125000000000000e+02,2.865538972390274114e-10
1.008281250000000000e+02,2.711382084180299976e-10
1.008437500000000000e+02,2.498759822457260351e-10
1.008593750000000000e+02,2.389029288358019612e-10
1.008750000000000000e+02,2.518564026571238339e-10
1.008906250000000000e+02,2.761283710525802305e-10
1.009062500000000000e+02,2.884170315183902346e-10
1.009218750000000000e+02,2.849826274866978524e-10
1.009375000000000000e+02,2.772363974213512491e-10
1.009531250000000000e+02,2.650302182553105607e-10
1.009687500000000000e+02,2.444463040158170428e-10
1.009843750000000000e+02,2.291786043783836374e-10
1.010000000000000000e+02,2.330593202100963689e-10
1.010156250000000000e+02,2.503170319517126214e-10
1.010312500000000000e+02,2.659441489438923897e-10
1.010468750000000000e+02,2.679638653662946259e-10
1.010625000000000000e+02,2.555011128877308719e-10
1.010781250000000000e+02,2.415219650805681415e-10
1.010937500000000000e+02,2.380640659309550900e-10
1.011093750000000000e+02,2.399675126669392469e-10
1.011250000000000000e+02,2.371549756697888595e-10
1.011406250000000000e+02,2.338208018927527873e-10
1.011562500000000000e+02,2.410368722052475816e-10
1.011718750000000000e+02,2.580815318274242566e-10
1.011875000000000000e+02,2.735987766050137893e-10
1.012031250000000000e+02,2.784852707992912449e-10
1.012187500000000000e+02,2.753366481450962486e-10
1.012343750000000000e+02,2.759117773122848425e-10
1.012500000000000000e+02,2.818890907843310283e-10
1.012656250000000000e+02,2.827757318381069731e-10
1.012812500000000000e+02,2.765276331128663107e-10
1.012968750000000000e+02,2.681451980793116602e-10
1.013125000000000000e+02,2.598180910403138918e-10
1.013281250000000000e+02,2.556587228993105016e-10
1.013437500000000000e+02,2.568137238932586176e-10
1.013593750000000000e+02,2.572034068527794383e-10
1.013750000000000000e+02,2.556713164761685016e-10
1.013906250000000000e+02,2.520950122597909898e-10
1.014062500000000000e+02,2.369321324490923739e-10
1.014218750000000000e+02,2.127342882047073157e-10
1.014375000000000000e+02,2.088808270783444723e-10
1.014531250000000000e+02,2.278102975048401118e-10
1.014687500000000000e+02,2.376425783688455170e-10
1.014843750000000000e+02,2.346988090330952430e-10
1.015000000000000000e+02,2.410650865635872008e-10
1.015156250000000000e+02,2.603700995273045704e-10
1.015312500000000000e+02,2.732760352910463202e-10
1.015468750000000000e+02,2.691579014301533324e-10
1.015625000000000000e+02,2.561952319207755799e-10
1.015781250000000000e+02,2.480240816696118150e-10
1.015937500000000000e+02,2.498533640906667227e-10
1.016093750000000000e+02,2.552961749830971413e-10
1.016250000000000000e+02,2.520157639144550845e-10
1.016406250000000000e+02,2.378026047541027464e-10
1.016562500000000000e+02,2.271960459598394829e-10
1.016718750000000000e+02,2.328624114466373480e-10
1.016875000000000000e+02,2.508529654011834670e-10
1.017031250000000000e+02,2.713801500808475411e-10
1.017187500000000000e+02,2.854733749353541168e-10
1.017343750000000000e+02,2.865334798783239394e-10
1.017500000000000000e+02,2.773920606404789025e-10
1.017656250000000000e+02,2.678177017880094713e-10
1.017812500000000000e+02,2.590623786064503074e-10
1.017968750000000000e+02,2.505281306602760436e-10
1.018125000000000000e+02,2.511753069243175403e-10
1.018281250000000000e+02,2.618180314287400040e-10
1.018437500000000000e+02,2.713921283844560938e-10
1.018593750000000000e+02,2.715455266387735012e-10
1.018750000000000000e+02,2.638853318471803718e-10
1.018906250000000000e+02,2.623096237214794855e-10
1.019062500000000000e+02,2.757735069093606082e-10
1.019218750000000000e+02,2.914254828374517771e-10
1.019375000000000000e+02,2.929383710358967904e-10
1.019531250000000000e+02,2.837359234604791421e-10
1.019687500000000000e+02,2.774343658676074604e-10
1.019843750000000000e+02,2.761011677137598462e-10
1.020000000000000000e+02,2.741074342479628491e-10
1.020156250000000000e+02,2.677215712971993148e-10
1.020312500000000000e+02,2.607205914891678772e-10
1.020468750000000000e+02,2.622682728726271565e-10
1.020625000000000000e+02,2.724677975504651022e-10
1.020781250000000000e+02,2.825837815033458133e-10
1.020937500000000000e+02,2.846003633229833857e-10
1.021093750000000000e+02,2.769358365469933708e-10
1.021250000000000000e+02,2.618205363067934112e-10
1.021406250000000000e+02,2.449421679082691280e-10
1.021562500000000000e+02,2.360467730733409286e-10
1.021718750000000000e+02,2.373472951899414602e-10
1.021875000000000000e+02,2.449589204864844572e-10
1.022031250000000000e+02,2.578834385171421258e-10
1.022187500000000000e+02,2.703629238118855759e-10
1.022343750000000000e+02,2.739375868256223355e-10
1.022500000000000000e+02,2.676580846433433293e-10
1.022656250000000000e+02,2.529874388821835782e-10
1.022812500000000000e+02,2.351575718277652408e-10
1.022968750000000000e+02,2.301974272025765950e-10
1.023125000000000000e+02,2.488235864496231877e-10
1.023281250000000000e+02,2.761001543777929086e-10
1.023437500000000000e+02,2.875682290745539960e-10
1.023593750000000000e+02,2.808628182657330237e-10
1.023750000000000000e+02,2.721681810478078395e-10
1.023906250000000000e+02,2.698219502387060814e-10
1.024062500000000000e+02,2.743927503346947174e-10
1.024218750000000000e+02,2.768681914768100585e-10
1.024375000000000000e+02,2.650753731349548418e-10
1.024531250000000000e+02,2.470139774293234078e-10
1.024687500000000000e+02,2.424112775942553151e-10
1.024843750000000000e+02,2.522328453428673707e-10
1.025000000000000000e+02,2.644175596003099373e-10
1.025156250000000000e+02,2.795359056826316855e-10
1.025312500000000000e+02,2.978832821622772531e-10
1.025468750000000000e+02,3.051531516087644934e-10
1.025625000000000000e+02,2.876102649837039155e-10
1.025781250000000000e+02,2.468545808997411157e-10
1.025937500000000000e+02,2.095185147391917297e-10
1.026093750000000000e+02,2.119662905518543825e-10
1.026250000000000000e+02,2.423228829492250562e-10
1.026406250000000000e+02,2.697004228183679930e-10
1.026562500000000000e+02,2.843087886789802682e-10
1.026718750000000000e+02,2.817841707461042448e-10
1.026875000000000000e+02,2.639282363647093891e-10
1.027031250000000000e+02,2.398603897095969121e-10
1.027187500000000000e+02,2.163596207725368837e-10
1.027343750000000000e+02,2.038663218982123229e-10
1.027500000000000000e+02,2.152065934635091993e-10
1.027656250000000000e+02,2.411288191058548154e-10
1.027812500000000000e+02,2.591528704875716283e-10
1.027968750000000000e+02,2.631057978095790430e-10
1.028125000000000000e+02,2.601544010358682853e-10
1.028281250000000000e+02,2.514411533295782758e-10
1.028437500000000000e+02,2.389169745933440061e-10
1.028593750000000000e+02,2.326645399462738289e-10
1.028750000000000000e+02,2.378416054596917624e-10
1.028906250000000000e+02,2.497666066104429805e-10
1.029062500000000000e+02,2.563456136078228796e-10
1.029218750000000000e+02,2.505165548314019664e-10
1.029375000000000000e+02,2.385562433785803366e-10
1.029531250000000000e+02,2.326994961018942290e-10
1.029687500000000000e+02,2.412399049921916498e-10
1.029843750000000000e+02,2.571768248410632488e-10
1.030000000000000000e+02,2.643025157995457932e-10
1.030156250000000000e+02,2.587627818494617720e-10
1.030312500000000000e+02,2.537078760015526540e-10
1.030468750000000000e+02,2.607675130653153448e-10
1.030625000000000000e+02,2.711031743847126650e-10
1.030781250000000000e+02,2.724448101955850619e-10
1.030937500000000000e+02,2.666193989514139712e-10
1.031093750000000000e+02,2.620469519363237793e-10
1.031250000000000000e+02,2.626587674312529064e-10
1.031406250000000000e+02,2.605093779216192119e-10
1.031562500000000000e+02,2.463888917373493938e-10
1.031718750000000000e+02,2.250183284128731728e-10
1.031875000000000000e+02,2.109145588207217597e-10
1.032031250000000000e+02,2.130749491581544011e-10
1.032187500000000000e+02,2.257414036774138785e-10
1.032343750000000000e+02,2.410351030458726960e-10
1.032500000000000000e+02,2.612379150991717039e-10
1.032656250000000000e+02,2.806155103239669563e-10
1.032812500000000000e+02,2.828442358348000555e-10
1.032968750000000000e+02,2.677998524881767561e-10
1.033125000000000000e+02,2.545547358064556691e-10
1.033281250000000000e+02,2.562011856341481522e-10
1.033437500000000000e+02,2.659682563211431421e-10
1.033593750000000000e+02,2.687377410899519129e-10
1.033750000000000000e+02,2.570190403232435942e-10
1.033906250000000000e+02,2.406257678353637742e-10
1.034062500000000000e+02,2.339378261114592214e-10
1.034218750000000000e+02,2.326402429734803072e-10
1.034375000000000000e+02,2.303793432988656276e-10
1.034531250000000000e+02,2.334191572217795863e-10
1.034687500000000000e+02,2.403521949934359176e-10
1.034843750000000000e+02,2.433598056627392110e-10
1.035000000000000000e+02,2.433486001090635680e-10
1.035156250000000000e+02,2.424828309075740550e-10
1.035312500000000000e+02,2.397557750211809467e-10
1.035468750000000000e+02,2.379283781451319986e-10
1.035625000000000000e+02,2.373490952348187019e-10
1.035781250000000000e+02,2.357641598645417747e-10
1.035937500000000000e+02,2.395395079061709720e-10
1.036093750000000000e+02,2.496502074705127743e-10
1.036250000000000000e+02,2.556094177159664662e-10
1.036406250000000000e+02,2.543098007309980796e-10
1.036562500000000000e+02,2.478915396475502254e-10
1.036718750000000000e+02,2.407844569706986281e-10
1.036875000000000000e+02,2.400717371157945249e-10
1.037031250000000000e+02,2.424395136936291120e-10
1.037187500000000000e+02,2.396975326489868903e-10
1.037343750000000000e+02,2.326367471551661325e-10
1.037500000000000000e+02,2.272833090567592012e-10
1.037656250000000000e+02,2.267666178675668671e-10
1.037812500000000000e+02,2.340260683073864132e-10
1.037968750000000000e+02,2.457749186166154063e-10
1.038125000000000000e+02,2.456313264778214614e-10
1.038281250000000000e+02,2.288284387795726359e-10
1.038437500000000000e+02,2.160266581063120949e-10
1.038593750000000000e+02,2.195693261045399997e-10
1.038750000000000000e+02,2.241151439480558869e-10
1.038906250000000000e+02,2.211596759354914240e-10
1.039062500000000000e+02,2.186088025422287580e-10
1.039218750000000000e+02,2.289420457031347445e-10
1.039375000000000000e+02,2.549199004212352168e-10
1.039531250000000000e+02,2.814763682271054524e-10
1.039687500000000000e+02,2.962518081759701590e-10
1.039843750000000000e+02,2.981905068836181129e-10
1.040000000000000000e+02,2.885317418739864477e-10
1.040156250000000000e+02,2.719392854424360726e-10
1.040312500000000000e+02,2.581270775871516727e-10
1.040468750000000000e+02,2.507497393183585772e-10
1.040625000000000000e+02,2.452853462359762002e-10
1.040781250000000000e+02,2.415245006462267851e-10
1.040937500000000000e+02,2.406190808629059009e-10
1.041093750000000000e+02,2.443531508197486636e-10
1.041250000000000000e+02,2.607387037038241535e-10
1.041406250000000000e+02,2.804207539592912449e-10
1.041562500000000000e+02,2.853958561989310470e-10
1.041718750000000000e+02,2.785200626410375567e-10
1.041875000000000000e+02,2.683781803890128229e-10
1.042031250000000000e+02,2.550258112930254127e-10
1.042187500000000000e+02,2.469895036712191418e-10
1.042343750000000000e+02,2.533527769875298935e-10
1.042500000000000000e+02,2.653410528253099417e-10
1.042656250000000000e+02,2.768503442538340943e-10
1.042812500000000000e+02,2.886532833777080334e-10
1.042968750000000000e+02,2.915387611503565789e-10
1.043125000000000000e+02,2.779683253800828288e-10
1.043281250000000000e+02,2.590662505648551288e-10
1.043437500000000000e+02,2.519249086724314152e-10
1.043593750000000000e+02,2.564739492531504766e-10
1.043750000000000000e+02,2.591477251680442004e-10
1.043906250000000000e+02,2.528667471112778591e-10
1.044062500000000000e+02,2.427992568376434792e-10
1.044218750000000000e+02,2.355258862597290545e-10
1.044375000000000000e+02,2.279431891711542048e-10
1.044531250000000000e+02,2.118859524408181911e-10
1.044687500000000000e+02,1.922897096148612589e-10
1.044843750000000000e+02,1.879932533720959531e-10
1.045000000000000000e+02,2.032680840168016072e-10
1.045156250000000000e+02,2.224610411824414566e-10
1.045312500000000000e+02,2.351444305471881048e-10
1.045468750000000000e+02,2.398130203585091073e-10
1.045625000000000000e+02,2.360754636565297871e-10
1.045781250000000000e+02,2.364170609108780350e-10
1.045937500000000000e+02,2.563284699673450717e-10
1.046093750000000000e+02,2.782152860682149252e-10
1.046250000000000000e+02,2.815172027549570446e-10
1.046406250000000000e+02,2.743120681155193774e-10
1.046562500000000000e+02,2.713065304381132823e-10
1.046718750000000000e+02,2.750541463274461649e-10
1.046875000000000000e+02,2.814336926121691936e-10
1.047031250000000000e+02,2.840990572184953628e-10
1.047187500000000000e+02,2.813879945277622875e-10
1.047343750000000000e+02,2.789957739924783654e-10
1.047500000000000000e+02,2.777047545236841934e-10
1.047656250000000000e+02,2.709835806612747059e-10
1.047812500000000000e+02,2.606333851215294192e-10
1.047968750000000000e+02,2.566531988441262716e-10
1.048125000000000000e+02,2.595798335361143124e-10
1.048281250000000000e+02,2.609449152454593904e-10
1.048437500000000000e+02,2.554428644630577726e-10
1.048593750000000000e+02,2.427129844037272615e-10
1.048750000000000000e+02,2.294097498952525006e-10
1.048906250000000000e+02,2.285290629763329863e-10
1.049062500000000000e+02,2.405958157028151926e-10
1.049218750000000000e+02,2.503708866239796026e-10
1.049375000000000000e+02,2.509323317109804138e-10
1.049531250000000000e+02,2.498962601828192945e-10
1.049687500000000000e+02,2.570981736763971882e-10
1.049843750000000000e+02,2.707636764778922055e-10
1.050000000000000000e+02,2.769376746146120138e-10
1.050156250000000000e+02,2.697035888422410770e-10
1.050312500000000000e+02,2.626503766581403377e-10
1.050468750000000000e+02,2.665552368189918068e-10
1.050625000000000000e+02,2.693286192248193667e-10
1.050781250000000000e+02,2.567871619052029847e-10
1.050937500000000000e+02,2.386734351526961585e-10
1.051093750000000000e+02,2.405257333191454939e-10
1.051250000000000000e+02,2.597611303635293964e-10
1.051406250000000000e+02,2.682791018503560366e-10
1.051562500000000000e+02,2.525726911694227413e-10
1.051718750000000000e+02,2.219827896846968841e-10
1.051875000000000000e+02,1.987256351648530786e-10
1.052031250000000000e+02,1.927792255260484483e-10
1.052187500000000000e+02,1.925284539198877959e-10
1.052343750000000000e+02,1.944351932295744020e-10
1.052500000000000000e+02,2.028123525005981094e-10
1.052656250000000000e+02,2.112087074207103378e-10
1.052812500000000000e+02,2.171938469210737922e-10
1.052968750000000000e+02,2.303528271157669462e-10
1.053125000000000000e+02,2.519320510207571193e-10
1.053281250000000000e+02,2.677238964727269548e-10
1.053437500000000000e+02,2.656631512011512028e-10
1.053593750000000000e+02,2.512706324718011822e-10
1.053750000000000000e+02,2.445626566423562699e-10
1.053906250000000000e+02,2.516460368722260423e-10
1.054062500000000000e+02,2.568860900452730772e-10
1.054218750000000000e+02,2.517647854411692652e-10
1.054375000000000000e+02,2.402938257061651578e-10
1.054531250000000000e+02,2.261377380993677660e-10
1.054687500000000000e+02,2.180831975230338124e-10
1.054843750000000000e+02,2.252274969567198973e-10
1.055000000000000000e+02,2.396821430608862277e-10
1.055156250000000000e+02,2.509641709661665446e-10
1.055312500000000000e+02,2.577345719199155534e-10
1.055468750000000000e+02,2.575419434540321620e-10
1.055625000000000000e+02,2.467360599610519354e-10
1.055781250000000000e+02,2.315572055232515612e-10
1.055937500000000000e+02,2.169274180762456992e-10
1.056093750000000000e+02,2.002635987662240038e-10
1.056250000000000000e+02,1.914492279702115869e-10
1.056406250000000000e+02,1.968942845568127997e-10
1.056562500000000000e+02,2.007064977136013584e-10
1.056718750000000000e+02,1.947516777566507522e-10
1.056875000000000000e+02,1.910420043867130242e-10
1.057031250000000000e+02,2.003955483601513266e-10
1.057187500000000000e+02,2.147563040753112041e-10
1.057343750000000000e+02,2.238219844694279353e-10
1.057500000000000000e+02,2.263470277603287497e-10
1.057656250000000000e+02,2.283959456994884178e-10
1.057812500000000000e+02,2.367857982249159741e-10
1.057968750000000000e+02,2.459938716564683835e-10
1.058125000000000000e+02,2.493259905379927697e-10
1.058281250000000000e+02,2.489765217992277021e-10
1.058437500000000000e+02,2.404851136581668607e-10
1.058593750000000000e+02,2.184940776021442474e-10
1.058750000000000000e+02,2.013018186000247397e-10
1.058906250000000000e+02,2.088093556713261592e-10
1.059062500000000000e+02,2.266512811387060881e-10
1.059218750000000000e+02,2.418923089642922539e-10
1.059375000000000000e+02,2.587695997954296561e-10
1.059531250000000000e+02,2.760614070535928435e-10
1.059687500000000000e+02,2.822031877802929425e-10
1.059843750000000000e+02,2.675778516914292124e-10
1.060000000000000000e+02,2.393165758368881466e-10
1.060156250000000000e+02,2.200909206413307071e-10
1.060312500000000000e+02,2.200185201309099190e-10
1.060468750000000000e+02,2.246256005136110961e-10
1.060625000000000000e+02,2.228130688858531969e-10
1.060781250000000000e+02,2.187544540917567864e-10
1.060937500000000000e+02,2.178590371302333490e-10
1.061093750000000000e+02,2.204700446191542675e-10
1.061250000000000000e+02,2.263574826832884750e-10
1.061406250000000000e+02,2.349476612377268620e-10
1.061562500000000000e+02,2.431416772116069713e-10
1.061718750000000000e+02,2.456435596761498764e-10
1.061875000000000000e+02,2.424212181231847128e-10
1.062031250000000000e+02,2.374950736470242939e-10
1.062187500000000000e+02,2.307771544062730426e-10
1.062343750000000000e+02,2.236646767051420728e-10
1.062500000000000000e+02,2.202957457470069821e-10
1.062656250000000000e+02,2.186388124794797073e-10
1.062812500000000000e+02,2.165749653789971461e-10
1.062968750000000000e+02,2.150443936570834153e-10
1.063125000000000000e+02,2.129506415339581139e-10
1.063281250000000000e+02,2.113949082968060741e-10
1.063437500000000000e+02,2.159374149296163327e-10
1.063593750000000000e+02,2.289703639999532535e-10
1.063750000000000000e+02,2.424503267879216589e-10
1.063906250000000000e+02,2.479841717867758544e-10
1.064062500000000000e+02,2.424153141305766095e-10
1.064218750000000000e+02,2.240522442887457402e-10
1.064375000000000000e+02,1.987928087752163880e-10
1.064531250000000000e+02,1.851389228002838313e-10
1.064687500000000000e+02,1.941779029362418035e-10
1.064843750000000000e+02,2.064792313414414640e-10
1.065000000000000000e+02,2.032155793547740531e-10
1.065156250000000000e+02,1.917397512812586693e-10
1.065312500000000000e+02,1.858037128925339988e-10
1.065468750000000000e+02,1.869605335805777646e-10
1.065625000000000000e+02,1.945729945417976042e-10
1.065781250000000000e+02,2.084880001077234252e-10
1.065937500000000000e+02,2.244142130369185177e-10
1.066093750000000000e+02,2.389414623598196712e-10
1.066250000000000000e+02,2.514963220681385833e-10
1.066406250000000000e+02,2.567200325712008209e-10
1.066562500000000000e+02,2.473943575502986136e-10
1.066718750000000000e+02,2.299009162781837233e-10
1.066875000000000000e+02,2.247019166280926933e-10
1.067031250000000000e+02,2.373026913444398487e-10
1.067187500000000000e+02,2.492696171927007073e-10
1.067343750000000000e+02,2.505246814585565542e-10
1.067500000000000000e+02,2.468879965933530612e-10
1.067656250000000000e+02,2.429638937311604518e-10
1.067812500000000000e+02,2.405740919393404025e-10
1.067968750000000000e+02,2.397633252428304828e-10
1.068125000000000000e+02,2.376403918520658169e-10
1.068281250000000000e+02,2.397211626508777270e-10
1.068437500000000000e+02,2.482474204485695829e-10
1.068593750000000000e+02,2.524555556638030060e-10
1.068750000000000000e+02,2.484270703196798875e-10
1.068906250000000000e+02,2.475378123241334204e-10
1.069062500000000000e+02,2.574730700613682376e-10
1.069218750000000000e+02,2.673035364675662932e-10
1.069375000000000000e+02,2.661250192704640106e-10
1.069531250000000000e+02,2.596304752591566768e-10
1.069687500000000000e+02,2.564078625719863106e-10
1.069843750000000000e+02,2.512240887385913467e-10
1.070000000000000000e+02,2.384319443851596516e-10
1.070156250000000000e+02,2.237388479995690664e-10
1.070312500000000000e+02,2.158395415565982678e-10
1.070468750000000000e+02,2.171603141876211743e-10
1.070625000000000000e+02,2.243713912771182019e-10
1.070781250000000000e+02,2.302867752627475043e-10
1.070937500000000000e+02,2.286656469332262827e-10
1.071093750000000000e+02,2.226885854710491275e-10
1.071250000000000000e+02,2.231856487871439872e-10
1.071406250000000000e+02,2.307332227543081458e-10
1.071562500000000000e+02,2.356319380109790251e-10
1.071718750000000000e+02,2.350683338104212447e-10
1.071875000000000000e+02,2.307616837123417666e-10
1.072031250000000000e+02,2.266024943795765910e-10
1.072187500000000000e+02,2.243325357922880005e-10
1.072343750000000000e+02,2.229704971527717832e-10
1.072500000000000000e+02,2.296619456070293263e-10
1.072656250000000000e+02,2.442382480594577405e-10
1.072812500000000000e+02,2.543003459545746750e-10
1.072968750000000000e+02,2.531532759823058349e-10
1.073125000000000000e+02,2.432553734982476212e-10
1.073281250000000000e+02,2.313390131415915992e-10
1.073437500000000000e+02,2.196202913146413135e-10
1.073593750000000000e+02,2.066282077400667265e-10
1.073750000000000000e+02,1.978314135510481157e-10
1.073906250000000000e+02,2.004758539127701206e-10
1.074062500000000000e+02,2.096380417202152374e-10
1.074218750000000000e+02,2.180970550608405957e-10
1.074375000000000000e+02,2.264722292982243908e-10
1.074531250000000000e+02,2.351280632955367111e-10
1.074687500000000000e+02,2.371051539478346334e-10
1.074843750000000000e+02,2.271560464368111007e-10
1.075000000000000000e+02,2.145573668566494630e-10
1.075156250000000000e+02,2.103254302740981842e-10
1.075312500000000000e+02,2.080309082250835076e-10
1.075468750000000000e+02,2.052929030800849110e-10
1.075625000000000000e+02,2.123363511387733326e-10
1.075781250000000000e+02,2.240255230055004228e-10
1.075937500000000000e+02,2.287150235866272774e-10
1.076093750000000000e+02,2.283039815514828849e-10
1.076250000000000000e+02,2.263594596375757059e-10
1.076406250000000000e+02,2.204726217863221004e-10
1.076562500000000000e+02,2.146718620468101468e-10
1.076718750000000000e+02,2.160326148044605713e-10
1.076875000000000000e+02,2.217994925889442629e-10
1.077031250000000000e+02,2.287337702977854211e-10
1.077187500000000000e+02,2.349337474970979710e-10
1.077343750000000000e+02,2.378602640186129503e-10
1.077500000000000000e+02,2.391603076055412193e-10
1.077656250000000000e+02,2.385937616333963318e-10
1.077812500000000000e+02,2.354062803710199626e-10
1.077968750000000000e+02,2.281438170030076544e-10
1.078125000000000000e+02,2.126625475797647609e-10
1.078281250000000000e+02,2.010611321766442994e-10
1.078437500000000000e+02,2.139293521669336738e-10
1.078593750000000000e+02,2.420443398110423471e-10
1.078750000000000000e+02,2.628875340110927968e-10
1.078906250000000000e+02,2.649870594164173214e-10
1.079062500000000000e+02,2.490003105187256383e-10
1.079218750000000000e+02,2.297135374699425483e-10
1.079375000000000000e+02,2.246448633837962770e-10
1.079531250000000000e+02,2.294859195047149559e-10
1.079687500000000000e+02,2.285967341908016735e-10
1.079843750000000000e+02,2.222297670217423834e-10
1.080000000000000000e+02,2.224639613278076238e-10
1.080156250000000000e+02,2.282509499654193067e-10
1.080312500000000000e+02,2.205983197344592349e-10
1.080468750000000000e+02,1.957295539647679673e-10
1.080625000000000000e+02,1.817960382431395133e-10
1.080781250000000000e+02,1.969532069897640524e-10
1.080937500000000000e+02,2.219002483476295722e-10
1.081093750000000000e+02,2.399502076900606458e-10
1.081250000000000000e+02,2.426996782099543443e-10
1.081406250000000000e+02,2.270724541031183568e-10
1.081562500000000000e+02,2.015065801838399354e-10
1.081718750000000000e+02,1.813237423783841315e-10
1.081875000000000000e+02,1.773520761375078650e-10
1.082031250000000000e+02,1.915193434431210841e-10
1.082187500000000000e+02,2.124536125378560905e-10
1.082343750000000000e+02,2.208128564954660702e-10
1.082500000000000000e+02,2.117088075065947991e-10
1.082656250000000000e+02,1.977419929726387400e-10
1.082812500000000000e+02,1.923233116573685686e-10
1.082968750000000000e+02,1.972084438716136752e-10
1.083125000000000000e+02,2.042285431411720146e-10
1.083281250000000000e+02,2.068325248938798894e-10
1.083437500000000000e+02,2.061988067344453602e-10
1.083593750000000000e+02,2.098767312854781335e-10
1.083750000000000000e+02,2.223599687403477181e-10
1.083906250000000000e+02,2.366867699385428283e-10
1.084062500000000000e+02,2.433705207613117019e-10
1.084218750000000000e+02,2.424009507524144488e-10
1.084375000000000000e+02,2.386946731529161055e-10
1.084531250000000000e+02,2.305752628440214269e-10
1.084687500000000000e+02,2.140150480620167410e-10
1.084843750000000000e+02,1.934200755623346097e-10
1.085000000000000000e+02,1.842283562683700911e-10
1.085156250000000000e+02,1.971163008806627733e-10
1.085312500000000000e+02,2.204628415614230292e-10
1.085468750000000000e+02,2.390666468104818238e-10
1.085625000000000000e+02,2.467561967658674369e-10
1.085781250000000000e+02,2.424236424591803628e-10
1.085937500000000000e+02,2.284703131131153269e-10
1.086093750000000000e+02,2.150271030363857051e-10
1.086250000000000000e+02,2.153895483612753360e-10
1.086406250000000000e+02,2.290261921029542420e-10
1.086562500000000000e+02,2.437826549843706791e-10
1.086718750000000000e+02,2.485980604127848822e-10
1.086875000000000000e+02,2.368575301872343535e-10
1.087031250000000000e+02,2.159395351602750609e-10
1.087187500000000000e+02,2.112824553636023811e-10
1.087343750000000000e+02,2.291435961390275329e-10
1.087500000000000000e+02,2.425778201067130837e-10
1.087656250000000000e+02,2.384926506319853104e-10
1.087812500000000000e+02,2.275238893425230799e-10
1.087968750000000000e+02,2.158667356194803258e-10
1.088125000000000000e+02,1.977565141217211665e-10
1.088281250000000000e+02,1.778596325947635798e-10
1.088437500000000000e+02,1.757827250214566278e-10
1.088593750000000000e+02,1.984327183477522471e-10
1.088750000000000000e+02,2.293951277801020049e-10
1.088906250000000000e+02,2.470779045768617164e-10
1.089062500000000000e+02,2.413336807506689780e-10
1.089218750000000000e+02,2.257126647636980176e-10
1.089375000000000000e+02,2.237464586843536241e-10
1.089531250000000000e+02,2.356392684602949310e-10
1.089687500000000000e+02,2.446124326077112986e-10
1.089843750000000000e+02,2.412815235326614042e-10
1.090000000000000000e+02,2.277382348094287044e-10
1.090156250000000000e+02,2.146328334398431708e-10
1.090312500000000000e+02,2.092461005481203232e-10
1.090468750000000000e+02,2.133720188409908815e-10
1.090625000000000000e+02,2.249706224252446446e-10
1.090781250000000000e+02,2.309574269936501133e-10
1.090937500000000000e+02,2.230381745750088696e-10
1.091093750000000000e+02,2.073777885907319148e-10
1.091250000000000000e+02,1.924536168219527391e-10
1.091406250000000000e+02,1.821400108341438415e-10
1.091562500000000000e+02,1.814713426305222287e-10
1.091718750000000000e+02,1.880825496105336894e-10
1.091875000000000000e+02,1.898114970054600317e-10
1.092031250000000000e+02,1.900555196437457821e-10
1.092187500000000000e+02,2.037415363600110460e-10
1.092343750000000000e+02,2.223318480359906835e-10
1.092500000000000000e+02,2.236074578518449569e-10
1.092656250000000000e+02,2.028775081324843335e-10
1.092812500000000000e+02,1.815273850420179591e-10
1.092968750000000000e+02,1.909470681694594622e-10
1.093125000000000000e+02,2.209425400708236251e-10
1.093281250000000000e+02,2.328991622588284965e-10
1.093437500000000000e+02,2.148820115760179112e-10
1.093593750000000000e+02,1.915811203077588794e-10
1.093750000000000000e+02,1.897533802279647506e-10
1.093906250000000000e+02,1.981695568563629255e-10
1.094062500000000000e+02,2.011426224672473326e-10
1.094218750000000000e+02,2.050066529814205654e-10
1.094375000000000000e+02,2.173484016230294959e-10
1.094531250000000000e+02,2.319693723826799116e-10
1.094687500000000000e+02,2.425310987639784194e-10
1.094843750000000000e+02,2.459972761750897159e-10
1.095000000000000000e+02,2.357901157540485044e-10
1.095156250000000000e+02,2.180485607123399309e-10
1.095312500000000000e+02,2.164349388827824686e-10
1.095468750000000000e+02,2.323620041389480992e-10
1.095625000000000000e+02,2.421276567796166021e-10
1.095781250000000000e+02,2.363450365587270746e-10
1.095937500000000000e+02,2.263953826876711720e-10
1.096093750000000000e+02,2.205913824359944356e-10
1.096250000000000000e+02,2.127110612318069945e-10
1.096406250000000000e+02,2.067903842629103681e-10
1.096562500000000000e+02,2.168038182287315797e-10
1.096718750000000000e+02,2.344521667203633925e-10
1.096875000000000000e+02,2.381106184026226154e-10
1.097031250000000000e+02,2.248898183265925902e-10
1.097187500000000000e+02,2.109834895832192223e-10
1.097343750000000000e+02,2.058320150361564862e-10
1.097500000000000000e+02,2.038918335095550945e-10
1.097656250000000000e+02,2.030236252095119560e-10
1.097812500000000000e+02,2.066763317486549731e-10
1.097968750000000000e+02,2.115084438001572564e-10
1.098125000000000000e+02,2.126612765338151458e-10
1.098281250000000000e+02,2.129318931585491547e-10
1.098437500000000000e+02,2.195330044316727257e-10
1.098593750000000000e+02,2.333646284458910034e-10
1.098750000000000000e+02,2.455785226216907568e-10
1.098906250000000000e+02,2.471473087029711631e-10
1.099062500000000000e+02,2.368728356665303440e-10
1.099218750000000000e+02,2.250013357708678626e-10
1.099375000000000000e+02,2.214789897717632065e-10
1.099531250000000000e+02,2.195251833898014529e-10
1.099687500000000000e+02,2.087746101810758642e-10
1.099843750000000000e+02,1.961531913959262548e-10
1.100000000000000000e+02,1.995380338647111268e-10
1.100156250000000000e+02,2.170741608160144793e-10
1.100312500000000000e+02,2.260904935728261527e-10
1.100468750000000000e+02,2.194030213534904573e-10
1.100625000000000000e+02,2.181300955870841086e-10
1.100781250000000000e+02,2.357108381879501033e-10
1.100937500000000000e+02,2.540924568236945835e-10
1.101093750000000000e+02,2.585083314822256890e-10
1.101250000000000000e+02,2.532547334275130385e-10
1.101406250000000000e+02,2.454949731351434163e-10
1.101562500000000000e+02,2.349154673025695386e-10
1.101718750000000000e+02,2.223270190063477462e-10
1.101875000000000000e+02,2.133887435643617871e-10
1.102031250000000000e+02,2.100427794550906176e-10
1.102187500000000000e+02,2.051503015030207538e-10
1.102343750000000000e+02,1.930740874357697319e-10
1.102500000000000000e+02,1.768770838813484998e-10
1.102656250000000000e+02,1.616526869416504589e-10
1.102812500000000000e+02,1.600965222451925836e-10
1.102968750000000000e+02,1.797502482566182454e-10
1.103125000000000000e+02,2.016606416988301310e-10
1.103281250000000000e+02,2.130606569987785613e-10
1.103437500000000000e+02,2.195463358674538051e-10
1.103593750000000000e+02,2.228990582890838168e-10
1.103750000000000000e+02,2.165738919802413493e-10
1.103906250000000000e+02,2.003913045804069630e-10
1.104062500000000000e+02,1.868638142247900856e-10
1.104218750000000000e+02,1.879201315902467334e-10
1.104375000000000000e+02,1.950414223952711116e-10
1.104531250000000000e+02,1.957382213689707766e-10
1.104687500000000000e+02,1.903459869418538921e-10
1.104843750000000000e+02,1.816947178383049225e-10
1.105000000000000000e+02,1.717878660073009849e-10
1.105156250000000000e+02,1.727704442506078981e-10
1.105312500000000000e+02,1.916327913152018547e-10
1.105468750000000000e+02,2.129082726824999790e-10
1.105625000000000000e+02,2.257953480155281588e-10
1.105781250000000000e+02,2.338724201664904325e-10
1.105937500000000000e+02,2.381867220942091395e-10
1.106093750000000000e+02,2.317217255527518730e-10
1.106250000000000000e+02,2.141936636033636985e-10
1.106406250000000000e+02,1.970969698030509251e-10
1.106562500000000000e+02,1.861040626178090128e-10
1.106718750000000000e+02,1.795180722431500151e-10
1.106875000000000000e+02,1.827774566064219199e-10
1.107031250000000000e+02,1.968634708701915801e-10
1.107187500000000000e+02,2.071673396170055371e-10
1.107343750000000000e+02,1.996290377785194056e-10
1.107500000000000000e+02,1.795017079806467955e-10
1.107656250000000000e+02,1.710918092800369602e-10
1.107812500000000000e+02,1.808100460208685337e-10
1.107968750000000000e+02,1.919506156063541431e-10
1.108125000000000000e+02,2.035740158887603823e-10
1.108281250000000000e+02,2.172186195392636094e-10
1.108437500000000000e+02,2.241911516837723119e-10
1.108593750000000000e+02,2.282617482938747791e-10
1.108750000000000000e+02,2.345254804615315669e-10
1.108906250000000000e+02,2.290213836867131483e-10
1.109062500000000000e+02,2.076305414938303736e-10
1.109218750000000000e+02,1.944709165251826453e-10
1.109375000000000000e+02,2.049706679217358301e-10
1.109531250000000000e+02,2.194780243861397208e-10
1.109687500000000000e+02,2.226020793338877097e-10
1.109843750000000000e+02,2.199577084117968275e-10
1.110000000000000000e+02,2.171458543002021380e-10
1.110156250000000000e+02,2.073399580824898045e-10
1.110312500000000000e+02,1.895467254197506535e-10
1.110468750000000000e+02,1.785786177619423916e-10
1.110625000000000000e+02,1.850866254166572731e-10
1.110781250000000000e+02,2.005573378762273928e-10
1.110937500000000000e+02,2.156292536112163283e-10
1.111093750000000000e+02,2.307084068545329629e-10
1.111250000000000000e+02,2.418054761998019249e-10
1.111406250000000000e+02,2.398729890625109254e-10
1.111562500000000000e+02,2.291580610313041063e-10
1.111718750000000000e+02,2.245325195928215388e-10
1.111875000000000000e+02,2.294431856188190199e-10
1.112031250000000000e+02,2.336154382282741709e-10
1.112187500000000000e+02,2.315806493828223118e-10
1.112343750000000000e+02,2.271106444110222610e-10
1.112500000000000000e+02,2.188153599166645360e-10
1.112656250000000000e+02,2.027871424641026556e-10
1.112812500000000000e+02,1.894882303920945534e-10
1.112968750000000000e+02,1.922234269598313635e-10
1.113125000000000000e+02,2.056779748509415964e-10
1.113281250000000000e+02,2.190019012987157783e-10
1.113437500000000000e+02,2.256423970359038163e-10
1.113593750000000000e+02,2.223917048168062897e-10
1.113750000000000000e+02,2.146758823733930409e-10
1.113906250000000000e+02,2.075522096134761737e-10
1.114062500000000000e+02,2.008515134373699112e-10
1.114218750000000000e+02,2.001106227994827845e-10
1.114375000000000000e+02,2.034290827361710113e-10
1.114531250000000000e+02,1.979177765460495898e-10
1.114687500000000000e+02,1.845473663606312211e-10
1.114843750000000000e+02,1.774356329258855633e-10
1.115000000000000000e+02,1.811545622413065753e-10
1.115156250000000000e+02,1.894399501110001718e-10
1.115312500000000000e+02,1.976760537026034631e-10
1.115468750000000000e+02,2.028486803392252344e-10
1.115625000000000000e+02,2.027112184694364577e-10
1.115781250000000000e+02,1.961080999200333713e-10
1.115937500000000000e+02,1.855539768341684949e-10
1.116093750000000000e+02,1.789830016487249830e-10
1.116250000000000000e+02,1.843514775075593501e-10
1.116406250000000000e+02,2.019869469387971331e-10
1.116562500000000000e+02,2.219660407623967563e-10
1.116718750000000000e+02,2.288186326142631628e-10
1.116875000000000000e+02,2.169856589871932537e-10
1.117031250000000000e+02,1.990878453105327244e-10
1.117187500000000000e+02,1.891627503935087072e-10
1.117343750000000000e+02,1.860654041491830767e-10
1.117500000000000000e+02,1.880159039559073197e-10
1.117656250000000000e+02,1.997911739701817754e-10
1.117812500000000000e+02,2.175824369286157521e-10
1.117968750000000000e+02,2.288398471681761620e-10
1.118125000000000000e+02,2.290295590905919616e-10
1.118281250000000000e+02,2.258982157801841395e-10
1.118437500000000000e+02,2.251065971741661402e-10
1.118593750000000000e+02,2.245932984764802803e-10
1.118750000000000000e+02,2.223833558033592746e-10
1.118906250000000000e+02,2.177125871532029913e-10
1.119062500000000000e+02,2.084843571657645535e-10
1.119218750000000000e+02,1.925106835078167532e-10
1.119375000000000000e+02,1.754775468367188222e-10
1.119531250000000000e+02,1.698244609321582373e-10
1.119687500000000000e+02,1.786171952363158227e-10
1.119843750000000000e+02,1.922535552788219556e-10
1.120000000000000000e+02,1.995146473776772698e-10
1.120156250000000000e+02,1.977349953850157073e-10
1.120312500000000000e+02,1.968905069850177622e-10
1.120468750000000000e+02,2.084858743275295871e-10
1.120625000000000000e+02,2.248912629809690012e-10
1.120781250000000000e+02,2.279150134543504419e-10
1.120937500000000000e+02,2.156212559812752956e-10
1.121093750000000000e+02,2.030725169296245093e-10
1.121250000000000000e+02,1.987151619297416040e-10
1.121406250000000000e+02,2.002162674858068231e-10
1.121562500000000000e+02,2.073614990162949551e-10
1.121718750000000000e+02,2.131712054079726286e-10
1.121875000000000000e+02,2.092506118550545556e-10
1.122031250000000000e+02,2.052199385388930922e-10
1.122187500000000000e+02,2.103664145563987520e-10
1.122343750000000000e+02,2.102800264320125478e-10
1.122500000000000000e+02,1.959721389848284187e-10
1.122656250000000000e+02,1.784574924583490717e-10
1.122812500000000000e+02,1.672660616244235504e-10
1.122968750000000000e+02,1.644712242716570062e-10
1.123125000000000000e+02,1.665889937036972008e-10
1.123281250000000000e+02,1.664768900327471284e-10
1.123437500000000000e+02,1.667322512010097383e-10
1.123593750000000000e+02,1.761018535958425920e-10
1.123750000000000000e+02,1.923590143979243405e-10
1.123906250000000000e+02,2.092815030537412217e-10
1.124062500000000000e+02,2.254716741284302282e-10
1.124218750000000000e+02,2.363784669466327263e-10
1.124375000000000000e+02,2.362454638934519029e-10
1.124531250000000000e+02,2.262016778184569948e-10
1.124687500000000000e+02,2.150008174095959357e-10
1.124843750000000000e+02,2.129120889536130574e-10
1.125000000000000000e+02,2.209470747904829267e-10
1.125156250000000000e+02,2.290502137711916134e-10
1.125312500000000000e+02,2.307298503146751358e-10
1.125468750000000000e+02,2.290151907494710815e-10
1.125625000000000000e+02,2.264217048862403065e-10
1.125781250000000000e+02,2.233352093928252243e-10
1.125937500000000000e+02,2.209851779523500275e-10
1.126093750000000000e+02,2.160560008373697905e-10
1.126250000000000000e+02,2.074209046307421463e-10
1.126406250000000000e+02,2.020739321521768840e-10
1.126562500000000000e+02,2.042446055516743572e-10
1.126718750000000000e+02,2.077502896362766188e-10
1.126875000000000000e+02,2.043129140486177008e-10
1.127031250000000000e+02,1.947805909862438672e-10
1.127187500000000000e+02,1.886727941593328254e-10
1.127343750000000000e+02,1.935275336507938275e-10
1.127500000000000000e+02,2.056221184591110938e-10
1.127656250000000000e+02,2.167830052030721905e-10
1.127812500000000000e+02,2.219659647039093563e-10
1.127968750000000000e+02,2.207828327054911183e-10
1.128125000000000000e+02,2.179313260817199841e-10
1.128281250000000000e+02,2.145768671539680176e-10
1.128437500000000000e+02,2.066832400010723235e-10
1.128593750000000000e+02,1.963528927315309667e-10
1.128750000000000000e+02,1.902699981749172325e-10
1.128906250000000000e+02,1.892415102383734870e-10
1.129062500000000000e+02,1.900233055792056636e-10
1.129218750000000000e+02,1.890225683973809199e-10
1.129375000000000000e+02,1.844572031754131838e-10
1.129531250000000000e+02,1.852618496161696459e-10
1.129687500000000000e+02,2.014733678319957231e-10
1.129843750000000000e+02,2.243233200175215314e-10
1.130000000000000000e+02,2.350008976624235637e-10
1.130156250000000000e+02,2.229956877867633049e-10
1.130312500000000000e+02,1.923144300317651743e-10
1.130468750000000000e+02,1.601586774846846945e-10
1.130625000000000000e+02,1.527364474074149424e-10
1.130781250000000000e+02,1.710655638393175894e-10
1.130937500000000000e+02,1.860080608853116645e-10
1.131093750000000000e+02,1.842724781254016113e-10
1.131250000000000000e+02,1.754478024689633889e-10
1.131406250000000000e+02,1.725318621888506328e-10
1.131562500000000000e+02,1.741948598883480487e-10
1.131718750000000000e+02,1.718764458403867723e-10
1.131875000000000000e+02,1.659999369004272334e-10
1.132031250000000000e+02,1.657998093810741449e-10
1.132187500000000000e+02,1.778005934967000076e-10
1.132343750000000000e+02,1.964403812223048180e-10
1.132500000000000000e+02,2.064301010025543386e-10
1.132656250000000000e+02,1.950586049603699438e-10
1.132812500000000000e+02,1.665317436595368196e-10
1.132968750000000000e+02,1.474118083778529451e-10
1.133125000000000000e+02,1.578306633755683945e-10
1.133281250000000000e+02,1.789797246733675741e-10
1.133437500000000000e+02,1.904142404288088106e-10
1.133593750000000000e+02,1.915151272872546619e-10
1.133750000000000000e+02,1.942622137286299664e-10
1.133906250000000000e+02,2.061775080260834750e-10
1.134062500000000000e+02,2.178058393558054888e-10
1.134218750000000000e+02,2.178468709083923184e-10
1.134375000000000000e+02,2.090764650429891564e-10
1.134531250000000000e+02,2.027771285197794296e-10
1.134687500000000000e+02,2.028589937304366360e-10
1.134843750000000000e+02,2.035111216252977986e-10
1.135000000000000000e+02,1.999925998927401110e-10
1.135156250000000000e+02,1.940912154118868657e-10
1.135312500000000000e+02,1.919918533823297593e-10
1.135468750000000000e+02,1.950474562973652194e-10
1.135625000000000000e+02,2.002283071271600730e-10
1.135781250000000000e+02,2.053979306455065633e-10
1.135937500000000000e+02,2.057274669007747369e-10
1.136093750000000000e+02,1.982208852875161438e-10
1.136250000000000000e+02,1.864520964549116821e-10
1.136406250000000000e+02,1.754693722601103706e-10
1.136562500000000000e+02,1.694536074519800057e-10
1.136718750000000000e+02,1.719983084145387008e-10
1.136875000000000000e+02,1.802617177065129093e-10
1.137031250000000000e+02,1.856803894766317154e-10
1.137187500000000000e+02,1.835756400634672075e-10
1.137343750000000000e+02,1.762150643089671652e-10
1.137500000000000000e+02,1.725228020358026172e-10
1.137656250000000000e+02,1.792300382610386273e-10
1.137812500000000000e+02,1.893380185730543353e-10
1.137968750000000000e+02,1.957645951581697294e-10
1.138125000000000000e+02,2.012997806977035252e-10
1.138281250000000000e+02,2.093307388962798062e-10
1.138437500000000000e+02,2.159433433237268557e-10
1.138593750000000000e+02,2.183733673791567706e-10
1.138750000000000000e+02,2.227620149528196292e-10
1.138906250000000000e+02,2.309396084019596938e-10
1.139062500000000000e+02,2.376376643446928967e-10
1.139218750000000000e+02,2.448108910258229596e-10
1.139375000000000000e+02,2.529635896637807974e-10
1.139531250000000000e+02,2.498825227012488938e-10
1.139687500000000000e+02,2.300124824228906216e-10
1.139843750000000000e+02,2.062738618623700147e-10
1.140000000000000000e+02,1.957938985529637429e-10
1.140156250000000000e+02,1.996056478247768488e-10
1.140312500000000000e+02,2.043869756392765035e-10
1.140468750000000000e+02,2.080933919750466707e-10
1.140625000000000000e+02,2.209396431889445914e-10
1.140781250000000000e+02,2.357130451868830800e-10
1.140937500000000000e+02,2.330298282304220161e-10
1.141093750000000000e+02,2.138462599498849811e-10
1.141250000000000000e+02,1.996744134165773089e-10
1.141406250000000000e+02,1.988376241495714254e-10
1.141562500000000000e+02,1.974625846625984518e-10
1.141718750000000000e+02,1.919364758603217322e-10
1.141875000000000000e+02,1.891069184220643821e-10
1.142031250000000000e+02,1.855941401871048823e-10
1.142187500000000000e+02,1.760638553687422469e-10
1.142343750000000000e+02,1.665618211278509247e-10
1.142500000000000000e+02,1.673395242622840803e-10
1.142656250000000000e+02,1.755189291275120117e-10
1.142812500000000000e+02,1.781265792967226677e-10
1.142968750000000000e+02,1.744478441479680053e-10
1.143125000000000000e+02,1.760516136735478883e-10
1.143281250000000000e+02,1.867625842803201120e-10
1.143437500000000000e+02,1.996605216405030304e-10
1.143593750000000000e+02,2.063733407543476662e-10
1.143750000000000000e+02,1.995037486172753391e-10
1.143906250000000000e+02,1.806004033173048370e-10
1.144062500000000000e+02,1.692997981773556652e-10
1.144218750000000000e+02,1.795900766159857009e-10
1.144375000000000000e+02,1.964856691602910193e-10
1.144531250000000000e+02,2.069760061613137391e-10
1.144687500000000000e+02,2.120368450695204527e-10
1.144843750000000000e+02,2.140976226810818529e-10
1.145000000000000000e+02,2.120359162646305294e-10
1.145156250000000000e+02,2.063737207426210752e-10
1.145312500000000000e+02,2.030494987442855802e-10
1.145468750000000000e+02,2.049524216429926891e-10
1.145625000000000000e+02,2.042028009877462349e-10
1.145781250000000000e+02,1.921971608465959710e-10
1.145937500000000000e+02,1.776960742916779845e-10
1.146093750000000000e+02,1.749479345456143392e-10
1.146250000000000000e+02,1.778415847442577852e-10
1.146406250000000000e+02,1.809376626722884371e-10
1.146562500000000000e+02,1.903146135134669695e-10
1.146718750000000000e+02,2.035493200642347421e-10
1.146875000000000000e+02,2.105999052605669515e-10
1.147031250000000000e+02,2.077030183333198091e-10
1.147187500000000000e+02,1.985259525757793064e-10
1.147343750000000000e+02,1.889542316557999538e-10
1.147500000000000000e+02,1.828204339867354612e-10
1.147656250000000000e+02,1.780269405996666231e-10
1.147812500000000000e+02,1.739680476105012569e-10
1.147968750000000000e+02,1.771229127224375804e-10
1.148125000000000000e+02,1.868901465390678479e-10
1.148281250000000000e+02,1.934609546287484022e-10
1.148437500000000000e+02,1.941075833513495887e-10
1.148593750000000000e+02,1.945909002345584618e-10
1.148750000000000000e+02,1.971824020353880160e-10
1.148906250000000000e+02,1.964458440845447952e-10
1.149062500000000000e+02,1.906401182972681398e-10
1.149218750000000000e+02,1.891392446031234493e-10
1.149375000000000000e+02,1.979154184613919410e-10
1.149531250000000000e+02,2.089536937580511308e-10
1.149687500000000000e+02,2.159424885181770531e-10
1.149843750000000000e+02,2.203961994825130299e-10
1.150000000000000000e+02,2.218748189522540770e-10
1.150156250000000000e+02,2.196478961735125711e-10
1.150312500000000000e+02,2.197903451677439919e-10
1.150468750000000000e+02,2.244873226628977707e-10
1.150625000000000000e+02,2.259983299547345059e-10
1.150781250000000000e+02,2.215934416186480666e-10
1.150937500000000000e+02,2.137464682320551183e-10
1.151093750000000000e+02,2.009000760932064441e-10
1.151250000000000000e+02,1.876672127687706781e-10
1.151406250000000000e+02,1.879829487346003633e-10
1.151562500000000000e+02,2.013475715954157798e-10
1.151718750000000000e+02,2.144468437562507151e-10
1.151875000000000000e+02,2.204684744307723729e-10
1.152031250000000000e+02,2.166724824856727745e-10
1.152187500000000000e+02,2.032434289253205020e-10
1.152343750000000000e+02,1.890994435329280345e-10
1.152500000000000000e+02,1.871409112979827445e-10
1.152656250000000000e+02,1.961181291989331790e-10
1.152812500000000000e+02,2.037736586696778916e-10
1.152968750000000000e+02,2.054622431933656849e-10
1.153125000000000000e+02,2.002445516108613745e-10
1.153281250000000000e+02,1.887375915776767781e-10
1.153437500000000000e+02,1.769460832457450858e-10
1.153593750000000000e+02,1.681365928326692638e-10
1.153750000000000000e+02,1.636292702057949496e-10
1.153906250000000000e+02,1.682279486257723713e-10
1.154062500000000000e+02,1.797586660830835721e-10
1.154218750000000000e+02,1.871081072201665924e-10
1.154375000000000000e+02,1.868377958659389596e-10
1.154531250000000000e+02,1.882749517579969917e-10
1.154687500000000000e+02,1.960640498025445864e-10
1.154843750000000000e+02,1.995190622025568487e-10
1.155000000000000000e+02,1.903373612621956592e-10
1.155156250000000000e+02,1.766102872297967347e-10
1.155312500000000000e+02,1.700585607960972859e-10
1.155468750000000000e+02,1.686037354943267100e-10
1.155625000000000000e+02,1.645177821307517578e-10
1.155781250000000000e+02,1.628546806848586036e-10
1.155937500000000000e+02,1.741749720311373325e-10
1.156093750000000000e+02,1.888986581088396003e-10
1.156250000000000000e+02,1.902170284056153096e-10
1.156406250000000000e+02,1.795028667761121753e-10
1.156562500000000000e+02,1.726790444867108841e-10
1.156718750000000000e+02,1.758420452526834579e-10
1.156875000000000000e+02,1.783150890273366777e-10
1.157031250000000000e+02,1.725396535226879904e-10
1.157187500000000000e+02,1.612981503098057187e-10
1.157343750000000000e+02,1.499729664497747727e-10
1.157500000000000000e+02,1.440750056439346327e-10
1.157656250000000000e+02,1.488908917052469715e-10
1.157812500000000000e+02,1.624008140954323386e-10
1.157968750000000000e+02,1.764594842251335825e-10
1.158125000000000000e+02,1.855339109311845382e-10
1.158281250000000000e+02,1.879016182162169298e-10
1.158437500000000000e+02,1.849185395198256645e-10
1.158593750000000000e+02,1.830472550952499275e-10
1.158750000000000000e+02,1.890551023587019556e-10
1.158906250000000000e+02,1.993480010202168028e-10
1.159062500000000000e+02,2.047654001472749471e-10
1.159218750000000000e+02,2.037058796145442389e-10
1.159375000000000000e+02,2.002997391611185309e-10
1.159531250000000000e+02,1.961311292271349795e-10
1.159687500000000000e+02,1.900698096079191324e-10
1.159843750000000000e+02,1.810633125097584198e-10
1.160000000000000000e+02,1.730779425494874467e-10
1.160156250000000000e+02,1.721579638389398091e-10
1.160312500000000000e+02,1.768211865675876739e-10
1.160468750000000000e+02,1.816999326443438051e-10
1.160625000000000000e+02,1.840126025658032577e-10
1.160781250000000000e+02,1.836064333849342388e-10
1.160937500000000000e+02,1.833161568634973287e-10
1.161093750000000000e+02,1.845444756790304920e-10
1.161250000000000000e+02,1.834256157383338042e-10
1.161406250000000000e+02,1.786724220156441091e-10
1.161562500000000000e+02,1.726258589434605216e-10
1.161718750000000000e+02,1.677115880843288088e-10
1.161875000000000000e+02,1.655843129932073869e-10
1.162031250000000000e+02,1.643291767769483950e-10
1.162187500000000000e+02,1.640209787721889234e-10
1.162343750000000000e+02,1.650341542763574542e-10
1.162500000000000000e+02,1.620567999689239568e-10
1.162656250000000000e+02,1.533550924885352331e-10
1.162812500000000000e+02,1.456280314126410386e-10
1.162968750000000000e+02,1.464846090059690508e-10
1.163125000000000000e+02,1.559093850124401323e-10
1.163281250000000000e+02,1.654808957381451271e-10
1.163437500000000000e+02,1.709444150247510557e-10
1.163593750000000000e+02,1.767574809990787328e-10
1.163750000000000000e+02,1.833592759936298008e-10
1.163906250000000000e+02,1.868311053833576569e-10
1.164062500000000000e+02,1.889272839088827434e-10
1.164218750000000000e+02,1.945409545721053077e-10
1.164375000000000000e+02,2.040344764870896893e-10
1.164531250000000000e+02,2.091673838728041290e-10
1.164687500000000000e+02,2.037321021100503727e-10
1.164843750000000000e+02,1.974248095364541881e-10
1.165000000000000000e+02,2.012893831121908648e-10
1.165156250000000000e+02,2.066497225060046171e-10
1.165312500000000000e+02,2.059724325137179819e-10
1.165468750000000000e+02,2.031561197600598317e-10
1.165625000000000000e+02,1.955511580831157500e-10
1.165781250000000000e+02,1.800904576109877255e-10
1.165937500000000000e+02,1.672354727192941651e-10
1.166093750000000000e+02,1.654982630001448174e-10
1.166250000000000000e+02,1.653750038673800322e-10
1.166406250000000000e+02,1.591423606828102709e-10
1.166562500000000000e+02,1.587754032429849082e-10
1.166718750000000000e+02,1.736557968716583477e-10
1.166875000000000000e+02,1.889150812400813948e-10
1.167031250000000000e+02,1.890354018597134470e-10
1.167187500000000000e+02,1.748602762711719403e-10
1.167343750000000000e+02,1.598939233503994972e-10
1.167500000000000000e+02,1.564969506229404777e-10
1.167656250000000000e+02,1.612380772110207263e-10
1.167812500000000000e+02,1.625966592388308015e-10
1.167968750000000000e+02,1.559861598337987118e-10
1.168125000000000000e+02,1.445271725421997921e-10
1.168281250000000000e+02,1.348091568978865395e-10
1.168437500000000000e+02,1.356612750650684237e-10
1.168593750000000000e+02,1.498760545419908261e-10
1.168750000000000000e+02,1.684076416502789574e-10
1.168906250000000000e+02,1.819493108831194559e-10
1.169062500000000000e+02,1.872685022989554984e-10
1.169218750000000000e+02,1.870933553480766469e-10
1.169375000000000000e+02,1.898090925208342801e-10
1.169531250000000000e+02,1.987232891386126118e-10
1.169687500000000000e+02,2.081545091579238087e-10
1.169843750000000000e+02,2.151988354587579320e-10
1.170000000000000000e+02,2.171959288261807437e-10
1.170156250000000000e+02,2.107043452775204923e-10
1.170312500000000000e+02,1.992947515358705811e-10
1.170468750000000000e+02,1.890514008964281825e-10
1.170625000000000000e+02,1.821862187086326746e-10
1.170781250000000000e+02,1.811267033890050919e-10
1.170937500000000000e+02,1.878084782678673283e-10
1.171093750000000000e+02,1.942984536271384287e-10
1.171250000000000000e+02,1.916997405196629328e-10
1.171406250000000000e+02,1.836443146915771152e-10
1.171562500000000000e+02,1.796210664193495810e-10
1.171718750000000000e+02,1.823495035694056718e-10
1.171875000000000000e+02,1.879001748284851819e-10
1.172031250000000000e+02,1.910894712317852304e-10
1.172187500000000000e+02,1.879015258757923241e-10
1.172343750000000000e+02,1.791864896588923838e-10
1.172500000000000000e+02,1.686896196629151648e-10
1.172656250000000000e+02,1.606694506592822110e-10
1.172812500000000000e+02,1.618603634419574897e-10
1.172968750000000000e+02,1.692997847190281475e-10
1.173125000000000000e+02,1.715701275541163087e-10
1.173281250000000000e+02,1.686204866799834004e-10
1.173437500000000000e+02,1.682518107347615436e-10
1.173593750000000000e+02,1.700762384970511842e-10
1.173750000000000000e+02,1.714096945781948509e-10
1.173906250000000000e+02,1.748185320877564210e-10
1.174062500000000000e+02,1.749860470619719392e-10
1.174218750000000000e+02,1.646450450080975528e-10
1.174375000000000000e+02,1.542088153631647016e-10
1.174531250000000000e+02,1.567268335681570286e-10
1.174687500000000000e+02,1.653797811622369737e-10
1.174843750000000000e+02,1.695930054155775581e-10
1.175000000000000000e+02,1.681382180152477233e-10
1.175156250000000000e+02,1.649539159385479979e-10
1.175312500000000000e+02,1.650163881278832583e-10
1.175468750000000000e+02,1.714636191043541045e-10
1.175625000000000000e+02,1.801043634606090831e-10
1.175781250000000000e+02,1.883563648593587438e-10
1.175937500000000000e+02,1.979395645710354221e-10
1.176093750000000000e+02,2.004880729388272437e-10
1.176250000000000000e+02,1.883024491166788114e-10
1.176406250000000000e+02,1.726611900869749687e-10
1.176562500000000000e+02,1.691930865557705016e-10
1.176718750000000000e+02,1.761419297598680607e-10
1.176875000000000000e+02,1.864999729064853249e-10
1.177031250000000000e+02,1.916016525800985452e-10
1.177187500000000000e+02,1.826381023366191649e-10
1.177343750000000000e+02,1.640485590872853844e-10
1.177500000000000000e+02,1.512366331555070351e-10
1.177656250000000000e+02,1.538687885128416198e-10
1.177812500000000000e+02,1.650277860646705822e-10
1.177968750000000000e+02,1.744102979704428198e-10
1.178125000000000000e+02,1.778785347586629718e-10
1.178281250000000000e+02,1.749527409136310218e-10
1.178437500000000000e+02,1.719623710314294498e-10
1.178593750000000000e+02,1.739460993615200698e-10
1.178750000000000000e+02,1.733963515859040839e-10
1.178906250000000000e+02,1.678124029549558129e-10
1.179062500000000000e+02,1.657932345582965034e-10
1.179218750000000000e+02,1.703144241322682211e-10
1.179375000000000000e+02,1.751109458044077094e-10
1.179531250000000000e+02,1.736002296479361540e-10
1.179687500000000000e+02,1.671003337867565303e-10
1.179843750000000000e+02,1.661523843830561448e-10
1.180000000000000000e+02,1.751772353260000442e-10
1.180156250000000000e+02,1.852768196824892860e-10
1.180312500000000000e+02,1.899139925672941358e-10
1.180468750000000000e+02,1.884077279373110888e-10
1.180625000000000000e+02,1.806686540855694755e-10
1.180781250000000000e+02,1.701301018309220910e-10
1.180937500000000000e+02,1.633249410148170411e-10
1.181093750000000000e+02,1.658065637145810721e-10
1.181250000000000000e+02,1.759857653312148618e-10
1.181406250000000000e+02,1.830251977899040284e-10
1.181562500000000000e+02,1.794426028855256863e-10
1.181718750000000000e+02,1.699050664980167472e-10
1.181875000000000000e+02,1.662757760370488617e-10
1.182031250000000000e+02,1.707015875595848484e-10
1.182187500000000000e+02,1.750057956610862426e-10
1.182343750000000000e+02,1.781972211568648843e-10
1.182500000000000000e+02,1.843937174013101278e-10
1.182656250000000000e+02,1.897852413380634792e-10
1.182812500000000000e+02,1.871102088950053171e-10
1.182968750000000000e+02,1.797567987474512660e-10
1.183125000000000000e+02,1.802463894092277307e-10
1.183281250000000000e+02,1.866374971327167194e-10
1.183437500000000000e+02,1.838176165539306594e-10
1.183593750000000000e+02,1.732407019634185504e-10
1.183750000000000000e+02,1.704554575062915133e-10
1.183906250000000000e+02,1.751519524089545275e-10
1.184062500000000000e+02,1.765484351225807303e-10
1.184218750000000000e+02,1.739278002431421257e-10
1.184375000000000000e+02,1.710028191176581796e-10
1.184531250000000000e+02,1.707066288864598549e-10
1.184687500000000000e+02,1.727285107229681212e-10
1.184843750000000000e+02,1.728923444748162954e-10
1.185000000000000000e+02,1.749780605187329408e-10
1.185156250000000000e+02,1.859942085303473100e-10
1.185312500000000000e+02,2.002305650962899491e-10
1.185468750000000000e+02,2.074801626342945211e-10
1.185625000000000000e+02,2.032709184363470139e-10
1.185781250000000000e+02,1.904506243757634633e-10
1.185937500000000000e+02,1.753637331869241089e-10
1.186093750000000000e+02,1.638383198110745970e-10
1.186250000000000000e+02,1.640489644941065045e-10
1.186406250000000000e+02,1.777916117511117588e-10
1.186562500000000000e+02,1.948114404763777364e-10
1.186718750000000000e+02,2.034231014028745244e-10
1.186875000000000000e+02,1.986818888084375886e-10
1.187031250000000000e+02,1.880774369159699514e-10
1.187187500000000000e+02,1.855535018503972135e-10
1.187343750000000000e+02,1.933015089675305560e-10
1.187500000000000000e+02,1.987906629854834398e-10
1.187656250000000000e+02,1.922274167826598643e-10
1.187812500000000000e+02,1.818146187094823824e-10
1.187968750000000000e+02,1.841474955839857774e-10
1.188125000000000000e+02,1.938141715293085681e-10
1.188281250000000000e+02,1.966471664919561500e-10
1.188437500000000000e+02,1.959104333243612574e-10
1.188593750000000000e+02,1.983033822099383654e-10
1.188750000000000000e+02,1.994202922781040497e-10
1.188906250000000000e+02,1.948622373958618404e-10
1.189062500000000000e+02,1.882513029824806817e-10
1.189218750000000000e+02,1.845929020676285945e-10
1.189375000000000000e+02,1.851354430501540086e-10
1.189531250000000000e+02,1.887317831425555627e-10
1.189687500000000000e+02,1.914371496906618347e-10
1.189843750000000000e+02,1.890667310380333827e-10
1.190000000000000000e+02,1.816323223858392304e-10
1.190156250000000000e+02,1.745973399053235559e-10
1.190312500000000000e+02,1.706490224778244910e-10
1.190468750000000000e+02,1.641987574852320690e-10
1.190625000000000000e+02,1.537792205043268754e-10
1.190781250000000000e+02,1.445965737142685229e-10
1.190937500000000000e+02,1.382868676755278805e-10
1.191093750000000000e+02,1.386001005310375951e-10
1.191250000000000000e+02,1.545030808986106090e-10
1.191406250000000000e+02,1.796411162830444398e-10
1.191562500000000000e+02,1.978401459796527841e-10
1.191718750000000000e+02,2.028332376979559628e-10
1.191875000000000000e+02,1.989175266693514269e-10
1.192031250000000000e+02,1.922728503741840707e-10
1.192187500000000000e+02,1.843557856449596645e-10
1.192343750000000000e+02,1.734971555715282831e-10
1.192500000000000000e+02,1.624764147475305661e-10
1.192656250000000000e+02,1.613154235116422469e-10
1.192812500000000000e+02,1.703742889535980527e-10
1.192968750000000000e+02,1.760383922770470042e-10
1.193125000000000000e+02,1.744968996467024869e-10
1.193281250000000000e+02,1.733967954449123613e-10
1.193437500000000000e+02,1.743740832090007521e-10
1.193593750000000000e+02,1.747826272982467560e-10
1.193750000000000000e+02,1.763653873676850784e-10
1.193906250000000000e+02,1.784279882233800984e-10
1.194062500000000000e+02,1.771262457410846660e-10
1.194218750000000000e+02,1.735267092554576208e-10
1.194375000000000000e+02,1.705370060405700331e-10
1.194531250000000000e+02,1.664384304157356065e-10
1.194687500000000000e+02,1.602410884754456723e-10
1.194843750000000000e+02,1.571203593669053988e-10
1.195000000000000000e+02,1.612707594986265230e-10
1.195156250000000000e+02,1.668214929983705846e-10
1.195312500000000000e+02,1.668366064658230215e-10
1.195468750000000000e+02,1.653584636782516121e-10
1.195625000000000000e+02,1.675567817053626646e-10
1.195781250000000000e+02,1.677857780732709111e-10
1.195937500000000000e+02,1.629365710217649310e-10
1.196093750000000000e+02,1.604612990771634799e-10
1.196250000000000000e+02,1.644935125631769280e-10
1.196406250000000000e+02,1.695998232411438756e-10
1.196562500000000000e+02,1.706099637324510138e-10
1.196718750000000000e+02,1.689570516966584794e-10
1.196875000000000000e+02,1.709350897918921395e-10
1.197031250000000000e+02,1.771768414600466641e-10
1.197187500000000000e+02,1.770046896127145178e-10
1.197343750000000000e+02,1.634608392026016801e-10
1.197500000000000000e+02,1.463370454090725324e-10
1.197656250000000000e+02,1.453169386637910369e-10
1.197812500000000000e+02,1.620860452449862282e-10
1.197968750000000000e+02,1.789890440394960756e-10
1.198125000000000000e+02,1.856343149632242989e-10
1.198281250000000000e+02,1.830437469752950556e-10
1.198437500000000000e+02,1.796866271680102052e-10
1.198593750000000000e+02,1.841650623274336310e-10
1.198750000000000000e+02,1.928149225943256920e-10
1.198906250000000000e+02,1.930096845812110769e-10
1.199062500000000000e+02,1.816188811079172485e-10
1.199218750000000000e+02,1.713949062444112857e-10
1.199375000000000000e+02,1.702256068183813494e-10
1.199531250000000000e+02,1.694259453637222838e-10
1.199687500000000000e+02,1.637944895560788203e-10
1.199843750000000000e+02,1.567248753441356007e-10
1.200000000000000000e+02,1.549357281036923367e-10
1.200156250000000000e+02,1.629572161633476667e-10
1.200312500000000000e+02,1.747757576331069959e-10
1.200468750000000000e+02,1.808535297270237642e-10
1.200625000000000000e+02,1.780339652511701999e-10
1.200781250000000000e+02,1.691680795594336011e-10
1.200937500000000000e+02,1.621460905501840191e-10
1.201093750000000000e+02,1.657313083316291522e-10
1.201250000000000000e+02,1.784265681948158791e-10
1.201406250000000000e+02,1.893177882544785883e-10
1.201562500000000000e+02,1.919438396239968891e-10
1.201718750000000000e+02,1.882233630064845337e-10
1.201875000000000000e+02,1.810802628820091349e-10
1.202031250000000000e+02,1.716153111194741019e-10
1.202187500000000000e+02,1.636394949336912787e-10
1.202343750000000000e+02,1.621983217064765819e-10
1.202500000000000000e+02,1.659605852166090143e-10
1.202656250000000000e+02,1.714076716528522845e-10
1.202812500000000000e+02,1.765468700598290073e-10
1.202968750000000000e+02,1.774395752827917033e-10
1.203125000000000000e+02,1.716963479833515919e-10
1.203281250000000000e+02,1.626530676629863418e-10
1.203437500000000000e+02,1.591910681909864046e-10
1.203593750000000000e+02,1.662922266372115351e-10
1.203750000000000000e+02,1.737003680549942348e-10
1.203906250000000000e+02,1.682408116649107711e-10
1.204062500000000000e+02,1.509950770134052021e-10
1.204218750000000000e+02,1.387945089671203250e-10
1.204375000000000000e+02,1.451434565267540236e-10
1.204531250000000000e+02,1.596993804603100416e-10
1.204687500000000000e+02,1.683976569341793964e-10
1.204843750000000000e+02,1.703539387869009980e-10
1.205000000000000000e+02,1.713297814516464701e-10
1.205156250000000000e+02,1.723631820730508028e-10
1.205312500000000000e+02,1.700652424294757610e-10
1.205468750000000000e+02,1.661208385966129830e-10
1.205625000000000000e+02,1.645268022507503693e-10
1.205781250000000000e+02,1.665642108947112548e-10
1.205937500000000000e+02,1.691021207577378683e-10
1.206093750000000000e+02,1.659897463102674431e-10
1.206250000000000000e+02,1.596540606151121608e-10
1.206406250000000000e+02,1.585431250743748239e-10
1.206562500000000000e+02,1.639511655711206569e-10
1.206718750000000000e+02,1.726937616502459234e-10
1.206875000000000000e+02,1.794545347956944525e-10
1.207031250000000000e+02,1.777287551869215460e-10
1.207187500000000000e+02,1.691524239775912723e-10
1.207343750000000000e+02,1.653159915971214926e-10
1.207500000000000000e+02,1.701682597313669659e-10
1.207656250000000000e+02,1.730068202795100208e-10
1.207812500000000000e+02,1.700110326721581422e-10
1.207968750000000000e+02,1.708324730180396903e-10
1.208125000000000000e+02,1.767247899310690725e-10
1.208281250000000000e+02,1.772241725051842361e-10
1.208437500000000000e+02,1.748754334910844779e-10
1.208593750000000000e+02,1.795704165082888778e-10
1.208750000000000000e+02,1.851422482564278756e-10
1.208906250000000000e+02,1.807136006804656287e-10
1.209062500000000000e+02,1.688633362508860889e-10
1.209218750000000000e+02,1.585231770368032083e-10
1.209375000000000000e+02,1.529068840954603678e-10
1.209531250000000000e+02,1.526782765255919794e-10
1.209687500000000000e+02,1.566190844283579737e-10
1.209843750000000000e+02,1.559409756056305030e-10
1.210000000000000000e+02,1.473706562965056255e-10
1.210156250000000000e+02,1.465970004609308510e-10
1.210312500000000000e+02,1.629137994987607886e-10
1.210468750000000000e+02,1.781456867962792687e-10
1.210625000000000000e+02,1.779972404504697037e-10
1.210781250000000000e+02,1.696164427613337587e-10
1.210937500000000000e+02,1.666964048911994244e-10
1.211093750000000000e+02,1.682123589616350576e-10
1.211250000000000000e+02,1.657173004096752244e-10
1.211406250000000000e+02,1.579906776309024520e-10
1.211562500000000000e+02,1.492667097124770527e-10
1.211718750000000000e+02,1.450939607036568510e-10
1.211875000000000000e+02,1.475383629368167980e-10
1.212031250000000000e+02,1.541939806938123014e-10
1.212187500000000000e+02,1.602099325923246186e-10
1.212343750000000000e+02,1.602643350755624829e-10
1.212500000000000000e+02,1.564192315053927396e-10
1.212656250000000000e+02,1.583001333136144960e-10
1.212812500000000000e+02,1.639481937884365297e-10
1.212968750000000000e+02,1.630754771161379550e-10
1.213125000000000000e+02,1.581532001817275257e-10
1.213281250000000000e+02,1.562405741889391187e-10
1.213437500000000000e+02,1.554652509570778686e-10
1.213593750000000000e+02,1.552648660719268891e-10
1.213750000000000000e+02,1.594526428868210223e-10
1.213906250000000000e+02,1.675981246299751172e-10
1.214062500000000000e+02,1.750008649965451170e-10
1.214218750000000000e+02,1.780169441391492432e-10
1.214375000000000000e+02,1.774611045016119567e-10
1.214531250000000000e+02,1.749149438945643838e-10
1.214687500000000000e+02,1.707096947922099128e-10
1.214843750000000000e+02,1.679487414080890795e-10
1.215000000000000000e+02,1.695202554619290853e-10
1.215156250000000000e+02,1.739310858301252852e-10
1.215312500000000000e+02,1.789873544245659378e-10
1.215468750000000000e+02,1.823276026088393403e-10
1.215625000000000000e+02,1.798557507963307586e-10
1.215781250000000000e+02,1.705749079380798716e-10
1.215937500000000000e+02,1.593693340921641324e-10
1.216093750000000000e+02,1.516333942925797331e-10
1.216250000000000000e+02,1.469797567750616753e-10
1.216406250000000000e+02,1.406229104646239002e-10
1.216562500000000000e+02,1.386609922145426495e-10
1.216718750000000000e+02,1.537592108687501513e-10
1.216875000000000000e+02,1.740600395551659074e-10
1.217031250000000000e+02,1.829065612434219516e-10
1.217187500000000000e+02,1.823342219217938209e-10
1.217343750000000000e+02,1.789227755943141161e-10
1.217500000000000000e+02,1.718379376953460297e-10
1.217656250000000000e+02,1.610403983414077900e-10
1.217812500000000000e+02,1.530788607539533024e-10
1.217968750000000000e+02,1.533409153994599438e-10
1.218125000000000000e+02,1.601259907444882900e-10
1.218281250000000000e+02,1.656859970214363675e-10
1.218437500000000000e+02,1.620772010456146978e-10
1.218593750000000000e+02,1.509363515591235760e-10
1.218750000000000000e+02,1.411918201634369010e-10
1.218906250000000000e+02,1.373054904393893293e-10
1.219062500000000000e+02,1.398408998343018499e-10
1.219218750000000000e+02,1.492114921973027414e-10
1.219375000000000000e+02,1.613771029842208359e-10
1.219531250000000000e+02,1.711479932892470656e-10
1.219687500000000000e+02,1.772075049188592450e-10
1.219843750000000000e+02,1.782133087114470533e-10
1.220000000000000000e+02,1.713641814738157433e-10
1.220156250000000000e+02,1.603318364712004669e-10
1.220312500000000000e+02,1.538465432698709240e-10
1.220468750000000000e+02,1.532152393060314037e-10
1.220625000000000000e+02,1.501139467489952965e-10
1.220781250000000000e+02,1.417611855614410755e-10
1.220937500000000000e+02,1.414142939332741736e-10
1.221093750000000000e+02,1.540700033257993008e-10
1.221250000000000000e+02,1.640303697918093883e-10
1.221406250000000000e+02,1.637714260783426405e-10
1.221562500000000000e+02,1.595643676411120045e-10
1.221718750000000000e+02,1.581019944454638270e-10
1.221875000000000000e+02,1.596732432283206101e-10
1.222031250000000000e+02,1.596732731688989578e-10
1.222187500000000000e+02,1.562524337955944161e-10
1.222343750000000000e+02,1.534839870349346327e-10
1.222500000000000000e+02,1.523930171778117590e-10
1.222656250000000000e+02,1.497490108951076605e-10
1.222812500000000000e+02,1.439472910004045927e-10
1.222968750000000000e+02,1.368726060737110790e-10
1.223125000000000000e+02,1.345714773653387414e-10
1.223281250000000000e+02,1.379825700542839040e-10
1.223437500000000000e+02,1.453717277163298088e-10
1.223593750000000000e+02,1.588328126244933712e-10
1.223750000000000000e+02,1.694925386032016667e-10
1.223906250000000000e+02,1.661076103670354817e-10
1.224062500000000000e+02,1.513471525611110507e-10
1.224218750000000000e+02,1.386648511825856233e-10
1.224375000000000000e+02,1.407899731079948556e-10
1.224531250000000000e+02,1.541259146068502984e-10
1.224687500000000000e+02,1.653844170969062885e-10
1.224843750000000000e+02,1.698889761423192657e-10
1.225000000000000000e+02,1.673553701211450537e-10
1.225156250000000000e+02,1.567854225784874586e-10
1.225312500000000000e+02,1.455431320599685725e-10
1.225468750000000000e+02,1.471999725282551455e-10
1.225625000000000000e+02,1.612465581024183522e-10
1.225781250000000000e+02,1.756632711374124053e-10
1.225937500000000000e+02,1.833097037314029475e-10
1.226093750000000000e+02,1.839449182428379673e-10
1.226250000000000000e+02,1.804716938757716959e-10
1.226406250000000000e+02,1.753433557318828565e-10
1.226562500000000000e+02,1.699057923227104655e-10
1.226718750000000000e+02,1.669819519596916088e-10
1.226875000000000000e+02,1.673431295784549026e-10
1.227031250000000000e+02,1.670821425243271611e-10
1.227187500000000000e+02,1.661697733089146819e-10
1.227343750000000000e+02,1.697738622915079528e-10
1.227500000000000000e+02,1.768826753462337262e-10
1.227656250000000000e+02,1.807202845390502952e-10
1.227812500000000000e+02,1.784931361396912599e-10
1.227968750000000000e+02,1.758914286210422892e-10
1.228125000000000000e+02,1.794664669495128353e-10
1.228281250000000000e+02,1.813312319892896874e-10
1.228437500000000000e+02,1.705037742203963031e-10
1.228593750000000000e+02,1.547670747090196488e-10
1.228750000000000000e+02,1.533430120262509040e-10
1.228906250000000000e+02,1.656430033419388014e-10
1.229062500000000000e+02,1.748540988743142908e-10
1.229218750000000000e+02,1.728220461472965517e-10
1.229375000000000000e+02,1.639716851037054561e-10
1.229531250000000000e+02,1.597702434651302493e-10
1.229687500000000000e+02,1.644804566093261469e-10
1.229843750000000000e+02,1.686712084260782231e-10
1.230000000000000000e+02,1.656045296793474355e-10
1.230156250000000000e+02,1.612614406646204661e-10
1.230312500000000000e+02,1.611279225171801178e-10
1.230468750000000000e+02,1.614288049835964464e-10
1.230625000000000000e+02,1.614174724365231242e-10
1.230781250000000000e+02,1.637680817609932041e-10
1.230937500000000000e+02,1.657117418441753539e-10
1.231093750000000000e+02,1.651023930847438094e-10
1.231250000000000000e+02,1.631511826714086195e-10
1.231406250000000000e+02,1.596045970912009868e-10
1.231562500000000000e+02,1.565025311595834026e-10
1.231718750000000000e+02,1.547862764943355789e-10
1.231875000000000000e+02,1.509071552880703962e-10
1.232031250000000000e+02,1.454347588868230253e-10
1.232187500000000000e+02,1.420073290092111848e-10
1.232343750000000000e+02,1.423403358099070030e-10
1.232500000000000000e+02,1.427442546549566488e-10
1.232656250000000000e+02,1.391656654778119057e-10
1.232812500000000000e+02,1.361933689731139902e-10
1.232968750000000000e+02,1.379542904667493856e-10
1.233125000000000000e+02,1.413762972744269736e-10
1.233281250000000000e+02,1.429174292001311711e-10
1.233437500000000000e+02,1.433048131674362631e-10
1.233593750000000000e+02,1.497478301837605263e-10
1.233750000000000000e+02,1.639858708900236703e-10
1.233906250000000000e+02,1.730401092388452831e-10
1.234062500000000000e+02,1.667441459612619039e-10
1.234218750000000000e+02,1.529759045446467204e-10
1.234375000000000000e+02,1.461777584230586463e-10
1.234531250000000000e+02,1.464443737564724622e-10
1.234687500000000000e+02,1.477897164315072502e-10
1.234843750000000000e+02,1.490286002418880783e-10
1.235000000000000000e+02,1.512938743605445857e-10
1.235156250000000000e+02,1.552963002847751038e-10
1.235312500000000000e+02,1.572264324050908620e-10
1.235468750000000000e+02,1.549899620440719924e-10
1.235625000000000000e+02,1.561552536190531816e-10
1.235781250000000000e+02,1.630135204689909902e-10
1.235937500000000000e+02,1.649162356089780592e-10
1.236093750000000000e+02,1.587197393947843876e-10
1.236250000000000000e+02,1.507575227178202617e-10
1.236406250000000000e+02,1.427375357056856118e-10
1.236562500000000000e+02,1.339576148125134864e-10
1.236718750000000000e+02,1.298312353786906527e-10
1.236875000000000000e+02,1.354950553355005976e-10
1.237031250000000000e+02,1.425238733633712366e-10
1.237187500000000000e+02,1.412948830880630103e-10
1.237343750000000000e+02,1.371693016339399319e-10
1.237500000000000000e+02,1.421177618233986291e-10
1.237656250000000000e+02,1.540119416114930569e-10
1.237812500000000000e+02,1.619619151810340114e-10
1.237968750000000000e+02,1.658768977189937754e-10
1.238125000000000000e+02,1.694092726593264661e-10
1.238281250000000000e+02,1.679965089512656550e-10
1.238437500000000000e+02,1.628424800410232860e-10
1.238593750000000000e+02,1.623148985552549671e-10
1.238750000000000000e+02,1.640572535595898404e-10
1.238906250000000000e+02,1.632142472047486827e-10
1.239062500000000000e+02,1.619449315964905849e-10
1.239218750000000000e+02,1.600219325950977315e-10
1.239375000000000000e+02,1.567434848960551483e-10
1.239531250000000000e+02,1.548217916109099453e-10
1.239687500000000000e+02,1.542693145372790940e-10
1.239843750000000000e+02,1.535508576449744106e-10
1.240000000000000000e+02,1.524839368895968153e-10
1.240156250000000000e+02,1.521070522252464084e-10
1.240312500000000000e+02,1.525904337708652495e-10
1.240468750000000000e+02,1.509865912674090777e-10
1.240625000000000000e+02,1.487786372870450211e-10
1.240781250000000000e+02,1.509069249488637214e-10
1.240937500000000000e+02,1.537968724835765380e-10
1.241093750000000000e+02,1.520678737516831705e-10
1.241250000000000000e+02,1.484829625694111048e-10
1.241406250000000000e+02,1.487524420340206503e-10
1.241562500000000000e+02,1.528875666745418840e-10
1.241718750000000000e+02,1.556050521611386409e-10
1.241875000000000000e+02,1.560756385530806370e-10
1.242031250000000000e+02,1.573201705330229734e-10
1.242187500000000000e+02,1.569011522554310872e-10
1.242343750000000000e+02,1.503267863635965751e-10
1.242500000000000000e+02,1.403601494235761301e-10
1.242656250000000000e+02,1.371844571055712448e-10
1.242812500000000000e+02,1.461876938266568723e-10
1.242968750000000000e+02,1.593756484165699318e-10
1.243125000000000000e+02,1.675679633577987476e-10
1.243281250000000000e+02,1.669761071014572271e-10
1.243437500000000000e+02,1.557427743716806919e-10
1.243593750000000000e+02,1.387953394935010773e-10
1.243750000000000000e+02,1.303733373490193390e-10
1.243906250000000000e+02,1.383114912456908138e-10
1.244062500000000000e+02,1.559153627285339617e-10
1.244218750000000000e+02,1.746102715488736920e-10
1.244375000000000000e+02,1.894688329526451873e-10
1.244531250000000000e+02,1.965018552493567603e-10
1.244687500000000000e+02,1.925147391790481468e-10
1.244843750000000000e+02,1.795595064125979842e-10
1.245000000000000000e+02,1.635946916420080908e-10
1.245156250000000000e+02,1.488391763629622928e-10
1.245312500000000000e+02,1.402246013645687606e-10
1.245468750000000000e+02,1.421064919229189212e-10
1.245625000000000000e+02,1.471514268559775223e-10
1.245781250000000000e+02,1.477301569441316497e-10
1.245937500000000000e+02,1.482626646294881428e-10
1.246093750000000000e+02,1.506884752582592068e-10
1.246250000000000000e+02,1.489749463929028834e-10
1.246406250000000000e+02,1.450924244374694759e-10
1.246562500000000000e+02,1.441788350005611317e-10
1.246718750000000000e+02,1.433503010421927905e-10
1.246875000000000000e+02,1.425319615520774651e-10
1.247031250000000000e+02,1.464438055175278570e-10
1.247187500000000000e+02,1.542729844518527777e-10
1.247343750000000000e+02,1.603031094013002213e-10
1.247500000000000000e+02,1.592199999705198199e-10
1.247656250000000000e+02,1.494702866472176206e-10
1.247812500000000000e+02,1.364767407450881926e-10
1.247968750000000000e+02,1.260820826062162358e-10
1.248125000000000000e+02,1.198211032131570798e-10
1.248281250000000000e+02,1.210713103576607947e-10
1.248437500000000000e+02,1.276417731302500764e-10
1.248593750000000000e+02,1.307076087945056301e-10
1.248750000000000000e+02,1.311824036417401906e-10
1.248906250000000000e+02,1.366328498995010466e-10
1.249062500000000000e+02,1.453641831529365127e-10
1.249218750000000000e+02,1.492780245720426176e-10
1.249375000000000000e+02,1.465168046348719690e-10
1.249531250000000000e+02,1.417949410726709299e-10
1.249687500000000000e+02,1.366072276287597996e-10
1.249843750000000000e+02,1.278576180018997946e-10
1.250000000000000000e+02,1.197500273596743083e-10
1.250156250000000000e+02,1.212102243681718229e-10
1.250312500000000000e+02,1.282075832599375749e-10
1.250468750000000000e+02,1.348686520347604485e-10
1.250625000000000000e+02,1.437421881611125358e-10
1.250781250000000000e+02,1.542855669262484970e-10
1.250937500000000000e+02,1.608133617736217599e-10
1.251093750000000000e+02,1.597837740521513438e-10
1.251250000000000000e+02,1.556729534793422557e-10
1.251406250000000000e+02,1.577767961416053420e-10
1.251562500000000000e+02,1.643983369660711567e-10
1.251718750000000000e+02,1.660818718566871636e-10
1.251875000000000000e+02,1.619981629761164157e-10
1.252031250000000000e+02,1.582947654279559596e-10
1.252187500000000000e+02,1.586543727317223217e-10
1.252343750000000000e+02,1.586140025522408782e-10
1.252500000000000000e+02,1.525298859762760603e-10
1.252656250000000000e+02,1.437019384177639748e-10
1.252812500000000000e+02,1.377175170536772994e-10
1.252968750000000000e+02,1.352490994975995980e-10
1.253125000000000000e+02,1.350706112040852084e-10
1.253281250000000000e+02,1.362491228381386022e-10
1.253437500000000000e+02,1.428434589234159559e-10
1.253593750000000000e+02,1.571270151588088486e-10
1.253750000000000000e+02,1.702663711792027111e-10
1.253906250000000000e+02,1.722016559442568770e-10
1.254062500000000000e+02,1.605270758370382129e-10
1.254218750000000000e+02,1.415231758553110836e-10
1.254375000000000000e+02,1.290501344316994833e-10
1.254531250000000000e+02,1.310030641588460760e-10
1.254687500000000000e+02,1.400540791948564872e-10
1.254843750000000000e+02,1.493875438972713457e-10
1.255000000000000000e+02,1.562310174992458656e-10
1.255156250000000000e+02,1.563331237281177123e-10
1.255312500000000000e+02,1.481647111405192913e-10
1.255468750000000000e+02,1.362718061924792486e-10
1.255625000000000000e+02,1.299180478831969403e-10
1.255781250000000000e+02,1.346852683638148011e-10
1.255937500000000000e+02,1.422838199118751053e-10
1.256093750000000000e+02,1.430406728163981369e-10
1.256250000000000000e+02,1.379193615399411754e-10
1.256406250000000000e+02,1.341604094648465292e-10
1.256562500000000000e+02,1.377789811544689884e-10
1.256718750000000000e+02,1.465642132787705985e-10
1.256875000000000000e+02,1.537300120942286437e-10
1.257031250000000000e+02,1.557295012912096626e-10
1.257187500000000000e+02,1.522526766805777491e-10
1.257343750000000000e+02,1.485903892947517096e-10
1.257500000000000000e+02,1.500494515106652902e-10
1.257656250000000000e+02,1.537842162694267506e-10
1.257812500000000000e+02,1.579922942849500804e-10
1.257968750000000000e+02,1.642657314361148637e-10
1.258125000000000000e+02,1.716673869012720752e-10
1.258281250000000000e+02,1.788900093465312272e-10
1.258437500000000000e+02,1.836786939778522276e-10
1.258593750000000000e+02,1.805111087926721354e-10
1.258750000000000000e+02,1.678214174895098273e-10
1.258906250000000000e+02,1.544960362363620995e-10
1.259062500000000000e+02,1.513245532945243379e-10
1.259218750000000000e+02,1.565437938083149188e-10
1.259375000000000000e+02,1.585126198487620102e-10
1.259531250000000000e+02,1.496040927090008427e-10
1.259687500000000000e+02,1.339191305994583230e-10
1.259843750000000000e+02,1.245833411392044230e-10
1.260000000000000000e+02,1.297193948970404272e-10
1.260156250000000000e+02,1.401409566810769445e-10
1.260312500000000000e+02,1.449936295001267651e-10
1.260468750000000000e+02,1.460111758841028216e-10
1.260625000000000000e+02,1.466168626907911098e-10
1.260781250000000000e+02,1.446892857126533863e-10
1.260937500000000000e+02,1.418727532903705643e-10
1.261093750000000000e+02,1.412796094889668838e-10
1.261250000000000000e+02,1.409271551930680042e-10
1.261406250000000000e+02,1.411618561787139665e-10
1.261562500000000000e+02,1.414087834583978865e-10
1.261718750000000000e+02,1.366191498564506140e-10
1.261875000000000000e+02,1.306215718918478538e-10
1.262031250000000000e+02,1.353638302906681774e-10
1.262187500000000000e+02,1.485436428587040591e-10
1.262343750000000000e+02,1.548971070002588752e-10
1.262500000000000000e+02,1.473087796508546889e-10
1.262656250000000000e+02,1.328966540245914805e-10
1.262812500000000000e+02,1.284010582140412753e-10
1.262968750000000000e+02,1.391158354844616029e-10
1.263125000000000000e+02,1.481694190719942830e-10
1.263281250000000000e+02,1.461246118441735788e-10
1.263437500000000000e+02,1.424540459867632549e-10
1.263593750000000000e+02,1.445790059358487197e-10
1.263750000000000000e+02,1.475913366745260073e-10
1.263906250000000000e+02,1.506658254078548641e-10
1.264062500000000000e+02,1.568221306621265792e-10
1.264218750000000000e+02,1.630178250251883486e-10
1.264375000000000000e+02,1.652543433861319983e-10
1.264531250000000000e+02,1.643038480260789002e-10
1.264687500000000000e+02,1.603512688191238242e-10
1.264843750000000000e+02,1.520596522090364464e-10
1.265000000000000000e+02,1.441284321968062981e-10
1.265156250000000000e+02,1.425429090435572360e-10
1.265312500000000000e+02,1.459132876709906705e-10
1.265468750000000000e+02,1.510052283508488010e-10
1.265625000000000000e+02,1.559778530214938055e-10
1.265781250000000000e+02,1.587575649845035333e-10
1.265937500000000000e+02,1.563207302304266217e-10
1.266093750000000000e+02,1.453567934119211394e-10
1.266250000000000000e+02,1.289577065044875491e-10
1.266406250000000000e+02,1.204686631018536527e-10
1.266562500000000000e+02,1.301071985838197612e-10
1.266718750000000000e+02,1.483002925943790641e-10
1.266875000000000000e+02,1.601909014424888317e-10
1.267031250000000000e+02,1.638110547146061411e-10
1.267187500000000000e+02,1.657350240298577670e-10
1.267343750000000000e+02,1.665092118884309253e-10
1.267500000000000000e+02,1.624362454095515265e-10
1.267656250000000000e+02,1.575627212329958505e-10
1.267812500000000000e+02,1.567031385361575620e-10
1.267968750000000000e+02,1.561973986942929079e-10
1.268125000000000000e+02,1.533790973802480582e-10
1.268281250000000000e+02,1.499529015131639795e-10
1.268437500000000000e+02,1.458609752281102290e-10
1.268593750000000000e+02,1.423253675636183115e-10
1.268750000000000000e+02,1.441749476551168581e-10
1.268906250000000000e+02,1.485291098589992514e-10
1.269062500000000000e+02,1.484534444376707354e-10
1.269218750000000000e+02,1.451131276092333901e-10
1.269375000000000000e+02,1.442117444356224015e-10
1.269531250000000000e+02,1.502990544016410851e-10
1.269687500000000000e+02,1.638480824911481300e-10
1.269843750000000000e+02,1.787659728090068808e-10
1.270000000000000000e+02,1.862978756921004290e-10
1.270156250000000000e+02,1.818855259201301741e-10
1.270312500000000000e+02,1.682307864739946002e-10
1.270468750000000000e+02,1.530750168329969281e-10
1.270625000000000000e+02,1.442655102165858075e-10
1.270781250000000000e+02,1.440195415040508013e-10
1.270937500000000000e+02,1.470455773836324594e-10
1.271093750000000000e+02,1.470116710610336313e-10
1.271250000000000000e+02,1.438608924895990338e-10
1.271406250000000000e+02,1.423721628027364070e-10
1.271562500000000000e+02,1.453055974446272326e-10
1.271718750000000000e+02,1.473800357777375071e-10
1.271875000000000000e+02,1.406864392261554449e-10
1.272031250000000000e+02,1.289559415868702361e-10
1.272187500000000000e+02,1.284929414391864266e-10
1.272343750000000000e+02,1.408973431691866083e-10
1.272500000000000000e+02,1.512634765138569458e-10
1.272656250000000000e+02,1.543387714893119205e-10
1.272812500000000000e+02,1.522257422094288816e-10
1.272968750000000000e+02,1.454196023883167752e-10
1.273125000000000000e+02,1.338499095801841724e-10
1.273281250000000000e+02,1.237124417438293822e-10
1.273437500000000000e+02,1.270126996799848016e-10
1.273593750000000000e+02,1.452457607286285801e-10
1.273750000000000000e+02,1.646695090293676318e-10
1.273906250000000000e+02,1.713360005880859606e-10
1.274062500000000000e+02,1.629244911811221092e-10
1.274218750000000000e+02,1.509642683729789142e-10
1.274375000000000000e+02,1.471438815062442347e-10
1.274531250000000000e+02,1.480580850227329427e-10
1.274687500000000000e+02,1.460873267545730545e-10
1.274843750000000000e+02,1.423419042903903201e-10
1.275000000000000000e+02,1.410618722963500659e-10
1.275156250000000000e+02,1.427736606642801425e-10
1.275312500000000000e+02,1.476582221937132191e-10
1.275468750000000000e+02,1.543974360514857095e-10
1.275625000000000000e+02,1.568091400673494530e-10
1.275781250000000000e+02,1.497852658869075836e-10
1.275937500000000000e+02,1.343047065142370744e-10
1.276093750000000000e+02,1.180098077827727104e-10
1.276250000000000000e+02,1.149370474696686031e-10
1.276406250000000000e+02,1.288826713644033771e-10
1.276562500000000000e+02,1.419755618105053755e-10
1.276718750000000000e+02,1.424735003729235268e-10
1.276875000000000000e+02,1.364014590247942583e-10
1.277031250000000000e+02,1.308871012229185836e-10
1.277187500000000000e+02,1.242432991316751337e-10
1.277343750000000000e+02,1.211484917655147158e-10
1.277500000000000000e+02,1.302217628466593587e-10
1.277656250000000000e+02,1.415674387456990212e-10
1.277812500000000000e+02,1.431419314996181687e-10
1.277968750000000000e+02,1.406489604202509917e-10
1.278125000000000000e+02,1.427046010851617295e-10
1.278281250000000000e+02,1.443795192195627474e-10
1.278437500000000000e+02,1.396528356402333662e-10
1.278593750000000000e+02,1.335484117270624071e-10
1.278750000000000000e+02,1.351476569547698202e-10
1.278906250000000000e+02,1.434555458875645340e-10
1.279062500000000000e+02,1.510454200740884256e-10
1.279218750000000000e+02,1.537317952945763135e-10
1.279375000000000000e+02,1.514942768345863330e-10
1.279531250000000000e+02,1.450743251890395971e-10
1.279687500000000000e+02,1.347962070038836682e-10
1.279843750000000000e+02,1.249646899524084546e-10
1.280000000000000000e+02,8.568718412703349345e-11
