0.000000000000000000e+00,1.968998647716733129e-03
1.562500000000000000e-02,3.027198885261045500e-03
3.125000000000000000e-02,3.429775774948150280e-03
4.687500000000000000e-02,3.625594349746250403e-03
6.250000000000000000e-02,3.599396705670972977e-03
7.812500000000000000e-02,3.488794017106037430e-03
9.375000000000000000e-02,3.362861419672373217e-03
1.093750000000000000e-01,3.233236454282437632e-03
1.250000000000000000e-01,3.258977550847631972e-03
1.406250000000000000e-01,3.518710442747748166e-03
1.562500000000000000e-01,3.684364509397357497e-03
1.718750000000000000e-01,3.556101136736515220e-03
1.875000000000000000e-01,3.482713248926763878e-03
2.031250000000000000e-01,3.692519677380862782e-03
2.187500000000000000e-01,3.838225592965475996e-03
2.343750000000000000e-01,3.736783069616913394e-03
2.500000000000000000e-01,3.493439724870159649e-03
2.656250000000000000e-01,3.140934187049068682e-03
2.812500000000000000e-01,2.717374942486918635e-03
2.968750000000000000e-01,2.437608508276731863e-03
3.125000000000000000e-01,2.529762955693676610e-03
3.281250000000000000e-01,2.979565947554739091e-03
3.437500000000000000e-01,3.517538962078726322e-03
3.593750000000000000e-01,3.843777003029220148e-03
3.750000000000000000e-01,3.808225811171701142e-03
3.906250000000000000e-01,3.511632739849400702e-03
4.062500000000000000e-01,3.287932777402298706e-03
4.218750000000000000e-01,3.445519728763351500e-03
4.375000000000000000e-01,3.870612772759473002e-03
4.531250000000000000e-01,4.144670493920351272e-03
4.687500000000000000e-01,4.077929031559329037e-03
4.843750000000000000e-01,3.864569928628193429e-03
5.000000000000000000e-01,3.699019804261367145e-03
5.156250000000000000e-01,3.492581847558540089e-03
5.312500000000000000e-01,3.325445149579971896e-03
5.468750000000000000e-01,3.587920939056893962e-03
5.625000000000000000e-01,4.108885471352278877e-03
5.781250000000000000e-01,4.311635141115682801e-03
5.937500000000000000e-01,4.045293990177781067e-03
6.093750000000000000e-01,3.641714662785764528e-03
6.250000000000000000e-01,3.535072552778863696e-03
6.406250000000000000e-01,3.680701416319045842e-03
6.562500000000000000e-01,3.676674870658840164e-03
6.718750000000000000e-01,3.414014556299679870e-03
6.875000000000000000e-01,3.151513451284334005e-03
7.031250000000000000e-01,3.058649208718532565e-03
7.187500000000000000e-01,3.117925352884856876e-03
7.343750000000000000e-01,3.378711437076989139e-03
7.500000000000000000e-01,3.760894204253701929e-03
7.656250000000000000e-01,4.052376190195242263e-03
7.812500000000000000e-01,4.128846660612080048e-03
7.968750000000000000e-01,4.016416025209409296e-03
8.125000000000000000e-01,3.828345814206302131e-03
8.281250000000000000e-01,3.749392198731968211e-03
8.437500000000000000e-01,3.856145747496713457e-03
8.593750000000000000e-01,3.932596500938566678e-03
8.750000000000000000e-01,3.804629686536911432e-03
8.906250000000000000e-01,3.570765136405544462e-03
9.062500000000000000e-01,3.445127805447449273e-03
9.218750000000000000e-01,3.547384980903109820e-03
9.375000000000000000e-01,3.747617820238782239e-03
9.531250000000000000e-01,3.829069501724846180e-03
9.687500000000000000e-01,3.815292431872380815e-03
9.843750000000000000e-01,3.833193458118974543e-03
1.000000000000000000e+00,3.814709587394151009e-03
1.015625000000000000e+00,3.698396183209223462e-03
1.031250000000000000e+00,3.627157460013915192e-03
1.046875000000000000e+00,3.711848147448580486e-03
1.062500000000000000e+00,3.827323523307858081e-03
1.078125000000000000e+00,3.835162665102040749e-03
1.093750000000000000e+00,3.763573808527902707e-03
1.109375000000000000e+00,3.683872063579103281e-03
1.125000000000000000e+00,3.629877698738892371e-03
1.140625000000000000e+00,3.612596641032314506e-03
1.156250000000000000e+00,3.580261663506518772e-03
1.171875000000000000e+00,3.565414585301912229e-03
1.187500000000000000e+00,3.724735162631706564e-03
1.203125000000000000e+00,3.965023645322389954e-03
1.218750000000000000e+00,4.015383532927573572e-03
1.234375000000000000e+00,3.886670238693944873e-03
1.250000000000000000e+00,3.751987116669111468e-03
1.265625000000000000e+00,3.554892455556987133e-03
1.281250000000000000e+00,3.266630357206961460e-03
1.296875000000000000e+00,3.224980859147034886e-03
1.312500000000000000e+00,3.580918105082363592e-03
1.328125000000000000e+00,3.916040622782962326e-03
1.343750000000000000e+00,3.900340238797021623e-03
1.359375000000000000e+00,3.641046653414058316e-03
1.375000000000000000e+00,3.534903537405814124e-03
1.390625000000000000e+00,3.785240176987384863e-03
1.406250000000000000e+00,4.190788754594955076e-03
1.421875000000000000e+00,4.482957432272093208e-03
1.437500000000000000e+00,4.493091741811582919e-03
1.453125000000000000e+00,4.244893379685612395e-03
1.468750000000000000e+00,3.959212030584705055e-03
1.484375000000000000e+00,3.855691921298541429e-03
1.500000000000000000e+00,3.902854397742427841e-03
1.515625000000000000e+00,3.953061266536199263e-03
1.531250000000000000e+00,4.007058760602501095e-03
1.546875000000000000e+00,4.009493349623771165e-03
1.562500000000000000e+00,3.881881444618438207e-03
1.578125000000000000e+00,3.819461616980583066e-03
1.593750000000000000e+00,3.984998566891989960e-03
1.609375000000000000e+00,4.184089202511067154e-03
1.625000000000000000e+00,4.210053463602324991e-03
1.640625000000000000e+00,4.132984359926043967e-03
1.656250000000000000e+00,4.113832149701584021e-03
1.671875000000000000e+00,4.110195555424901032e-03
1.687500000000000000e+00,4.051628689950461173e-03
1.703125000000000000e+00,4.055008269114660814e-03
1.718750000000000000e+00,4.175692805056212611e-03
1.734375000000000000e+00,4.216106828109630195e-03
1.750000000000000000e+00,4.021373155325413951e-03
1.765625000000000000e+00,3.674981538245187911e-03
1.781250000000000000e+00,3.384122328595334361e-03
1.796875000000000000e+00,3.389317399938915516e-03
1.812500000000000000e+00,3.660825478836145577e-03
1.828125000000000000e+00,3.843887856510826064e-03
1.843750000000000000e+00,3.791591627002047476e-03
1.859375000000000000e+00,3.643022188928882622e-03
1.875000000000000000e+00,3.520817867218658734e-03
1.890625000000000000e+00,3.461749892719256233e-03
1.906250000000000000e+00,3.588014294792364611e-03
1.921875000000000000e+00,3.925659116283107888e-03
1.937500000000000000e+00,4.175532626764334905e-03
1.953125000000000000e+00,4.107911304360340431e-03
1.968750000000000000e+00,3.873983377906992705e-03
1.984375000000000000e+00,3.801730814265119000e-03
2.000000000000000000e+00,3.946895572302041438e-03
2.015625000000000000e+00,4.122665954964509563e-03
2.031250000000000000e+00,4.295785514054680648e-03
2.046875000000000000e+00,4.495465709210638705e-03
2.062500000000000000e+00,4.551891539299621203e-03
2.078125000000000000e+00,4.344913332409520643e-03
2.093750000000000000e+00,4.076774180179779106e-03
2.109375000000000000e+00,4.021768335282121729e-03
2.125000000000000000e+00,4.120557914244414068e-03
2.140625000000000000e+00,4.134664988643121063e-03
2.156250000000000000e+00,3.996093750902499943e-03
2.171875000000000000e+00,3.808245702199133075e-03
2.187500000000000000e+00,3.676770566485182325e-03
2.203125000000000000e+00,3.611509168502518088e-03
2.218750000000000000e+00,3.550686842396243419e-03
2.234375000000000000e+00,3.477952516182410050e-03
2.250000000000000000e+00,3.455616171943644115e-03
2.265625000000000000e+00,3.508217483555769751e-03
2.281250000000000000e+00,3.664049589500564200e-03
2.296875000000000000e+00,3.945427480103140885e-03
2.312500000000000000e+00,4.171157517563097404e-03
2.328125000000000000e+00,4.216091301151737164e-03
2.343750000000000000e+00,4.216393040242506947e-03
2.359375000000000000e+00,4.239705684322044206e-03
2.375000000000000000e+00,4.130134826518251992e-03
2.390625000000000000e+00,3.854100971766639006e-03
2.406250000000000000e+00,3.681669949536143984e-03
2.421875000000000000e+00,3.797347632962787180e-03
2.437500000000000000e+00,3.956790955953332078e-03
2.453125000000000000e+00,3.879068615565800862e-03
2.468750000000000000e+00,3.607719483071150472e-03
2.484375000000000000e+00,3.407831475813658060e-03
2.500000000000000000e+00,3.473418972504165123e-03
2.515625000000000000e+00,3.727033851251157926e-03
2.531250000000000000e+00,3.936669895919487315e-03
2.546875000000000000e+00,3.971624227581855258e-03
2.562500000000000000e+00,3.854722185219386799e-03
2.578125000000000000e+00,3.717604626894637984e-03
2.593750000000000000e+00,3.688707992927151794e-03
2.609375000000000000e+00,3.749224349131089276e-03
2.625000000000000000e+00,3.777443266861434546e-03
2.640625000000000000e+00,3.702667066263619789e-03
2.656250000000000000e+00,3.557017583731108146e-03
2.671875000000000000e+00,3.451476999303467429e-03
2.687500000000000000e+00,3.454464251818585487e-03
2.703125000000000000e+00,3.472275692441388444e-03
2.718750000000000000e+00,3.389653229076191026e-03
2.734375000000000000e+00,3.273374899939131364e-03
2.750000000000000000e+00,3.290655832525638674e-03
2.765625000000000000e+00,3.483630355695699603e-03
2.781250000000000000e+00,3.741212233478246121e-03
2.796875000000000000e+00,3.956680408136918972e-03
2.812500000000000000e+00,4.080592659790907746e-03
2.828125000000000000e+00,4.104007823426278345e-03
2.843750000000000000e+00,4.081739043863362622e-03
2.859375000000000000e+00,4.039870356324230631e-03
2.875000000000000000e+00,3.943535612270615900e-03
2.890625000000000000e+00,3.768755828549835013e-03
2.906250000000000000e+00,3.515412756090594958e-03
2.921875000000000000e+00,3.245412212270300766e-03
2.937500000000000000e+00,3.088301529315256883e-03
2.953125000000000000e+00,3.143423306161170858e-03
2.968750000000000000e+00,3.375933405975676486e-03
2.984375000000000000e+00,3.581668888102542987e-03
3.000000000000000000e+00,3.530201785489447529e-03
3.015625000000000000e+00,3.213024204993210429e-03
3.031250000000000000e+00,2.883444594114643530e-03
3.046875000000000000e+00,2.791086962685189292e-03
3.062500000000000000e+00,2.968497505850553348e-03
3.078125000000000000e+00,3.220663171452079442e-03
3.093750000000000000e+00,3.286144794393434671e-03
3.109375000000000000e+00,3.155623425971254992e-03
3.125000000000000000e+00,3.081876528091936820e-03
3.140625000000000000e+00,3.206337562362025946e-03
3.156250000000000000e+00,3.399680241943880705e-03
3.171875000000000000e+00,3.502786364885978991e-03
3.187500000000000000e+00,3.473143541598957672e-03
3.203125000000000000e+00,3.387906579137680511e-03
3.218750000000000000e+00,3.352950159106213388e-03
3.234375000000000000e+00,3.379361562647549208e-03
3.250000000000000000e+00,3.408368504657276199e-03
3.265625000000000000e+00,3.379534735266175646e-03
3.281250000000000000e+00,3.205374259941691419e-03
3.296875000000000000e+00,2.855137355700010024e-03
3.312500000000000000e+00,2.570834868398823043e-03
3.328125000000000000e+00,2.665481788167549382e-03
3.343750000000000000e+00,2.929885707989515666e-03
3.359375000000000000e+00,3.035484027740651541e-03
3.375000000000000000e+00,3.026290769918265049e-03
3.390625000000000000e+00,3.086141532563697713e-03
3.406250000000000000e+00,3.233383544967360131e-03
3.421875000000000000e+00,3.426289717098929179e-03
3.437500000000000000e+00,3.633159195762592723e-03
3.453125000000000000e+00,3.693533354988074238e-03
3.468750000000000000e+00,3.432179530439118456e-03
3.484375000000000000e+00,2.968959707250809314e-03
3.500000000000000000e+00,2.670138458960269814e-03
3.515625000000000000e+00,2.620114320429140029e-03
3.531250000000000000e+00,2.650812252984492082e-03
3.546875000000000000e+00,2.713911193165468271e-03
3.562500000000000000e+00,2.768264038927924133e-03
3.578125000000000000e+00,2.730965068779097563e-03
3.593750000000000000e+00,2.660743086484469461e-03
3.609375000000000000e+00,2.735998256413011386e-03
3.625000000000000000e+00,2.936391900465187225e-03
3.640625000000000000e+00,3.108841976076127684e-03
3.656250000000000000e+00,3.207110642933280395e-03
3.671875000000000000e+00,3.226311004162860964e-03
3.687500000000000000e+00,3.147270500738067085e-03
3.703125000000000000e+00,3.052893277728171723e-03
3.718750000000000000e+00,3.087869495661694445e-03
3.734375000000000000e+00,3.222385637744440076e-03
3.750000000000000000e+00,3.317999117976573684e-03
3.765625000000000000e+00,3.310455651526944282e-03
3.781250000000000000e+00,3.159087801966312462e-03
3.796875000000000000e+00,2.889212277797730075e-03
3.812500000000000000e+00,2.671220151068806961e-03
3.828125000000000000e+00,2.614561982822036484e-03
3.843750000000000000e+00,2.638888297477060604e-03
3.859375000000000000e+00,2.727283708835096573e-03
3.875000000000000000e+00,2.932250673794938207e-03
3.890625000000000000e+00,3.131473041232408615e-03
3.906250000000000000e+00,3.193796418523674966e-03
3.921875000000000000e+00,3.163830052208068885e-03
3.937500000000000000e+00,3.149905606093540526e-03
3.953125000000000000e+00,3.251317431000340114e-03
3.968750000000000000e+00,3.485752055953237651e-03
3.984375000000000000e+00,3.691727905801946586e-03
4.000000000000000000e+00,3.646700991793098284e-03
4.015625000000000000e+00,3.293094807061579341e-03
4.031250000000000000e+00,2.844319247485019558e-03
4.046875000000000000e+00,2.560426819793556151e-03
4.062500000000000000e+00,2.494352077219045855e-03
4.078125000000000000e+00,2.635158275854215630e-03
4.093750000000000000e+00,2.861127497901167546e-03
4.109375000000000000e+00,2.956153300839117065e-03
4.125000000000000000e+00,2.855873692692965145e-03
4.140625000000000000e+00,2.707815038942483488e-03
4.156250000000000000e+00,2.715407358960116816e-03
4.171875000000000000e+00,2.860149573837584419e-03
4.187500000000000000e+00,2.955814790634924902e-03
4.203125000000000000e+00,2.898872289629730609e-03
4.218750000000000000e+00,2.801161256658213274e-03
4.234375000000000000e+00,2.779603651277291927e-03
4.250000000000000000e+00,2.711459892741774867e-03
4.265625000000000000e+00,2.545695594594091140e-03
4.281250000000000000e+00,2.465386500749849105e-03
4.296875000000000000e+00,2.590821727872700576e-03
4.312500000000000000e+00,2.807817889338158450e-03
4.328125000000000000e+00,2.973015064756296972e-03
4.343750000000000000e+00,3.038603850021181444e-03
4.359375000000000000e+00,2.999193690438511743e-03
4.375000000000000000e+00,2.851164393721643178e-03
4.390625000000000000e+00,2.644399511238139898e-03
4.406250000000000000e+00,2.509860981485572545e-03
4.421875000000000000e+00,2.499601845108044909e-03
4.437500000000000000e+00,2.513243287906612687e-03
4.453125000000000000e+00,2.484951711498170276e-03
4.468750000000000000e+00,2.481570352550533688e-03
4.484375000000000000e+00,2.594113687969541032e-03
4.500000000000000000e+00,2.753147589457702760e-03
4.515625000000000000e+00,2.760931541823302693e-03
4.531250000000000000e+00,2.604409292249609299e-03
4.546875000000000000e+00,2.580178167031158681e-03
4.562500000000000000e+00,2.777575111744343822e-03
4.578125000000000000e+00,2.860884318400951174e-03
4.593750000000000000e+00,2.681397488958773504e-03
4.609375000000000000e+00,2.466055094200270831e-03
4.625000000000000000e+00,2.492947252508282210e-03
4.640625000000000000e+00,2.744027918474287522e-03
4.656250000000000000e+00,2.975684010721377053e-03
4.671875000000000000e+00,3.000657223857517483e-03
4.687500000000000000e+00,2.855630602856065910e-03
4.703125000000000000e+00,2.737039092733398789e-03
4.718750000000000000e+00,2.725864630521574340e-03
4.734375000000000000e+00,2.703182939530995692e-03
4.750000000000000000e+00,2.630908400564503820e-03
4.765625000000000000e+00,2.622010110325220453e-03
4.781250000000000000e+00,2.736319442556409132e-03
4.796875000000000000e+00,2.879471574547069843e-03
4.812500000000000000e+00,2.911741741591249589e-03
4.828125000000000000e+00,2.811555065950813691e-03
4.843750000000000000e+00,2.717494052269173784e-03
4.859375000000000000e+00,2.748778453084683819e-03
4.875000000000000000e+00,2.815004886718572557e-03
4.890625000000000000e+00,2.807633649285296452e-03
4.906250000000000000e+00,2.793169051864240627e-03
4.921875000000000000e+00,2.876454644706621933e-03
4.937500000000000000e+00,2.988421436442256687e-03
4.953125000000000000e+00,3.016886070132748007e-03
4.968750000000000000e+00,3.007726014508321256e-03
4.984375000000000000e+00,2.989341826928844804e-03
5.000000000000000000e+00,2.903672534023054880e-03
5.015625000000000000e+00,2.777107725645583565e-03
5.031250000000000000e+00,2.635505585545239258e-03
5.046875000000000000e+00,2.488575837399254354e-03
5.062500000000000000e+00,2.444027852340744517e-03
5.078125000000000000e+00,2.521360537101865421e-03
5.093750000000000000e+00,2.619145874562758391e-03
5.109375000000000000e+00,2.718956993237978646e-03
5.125000000000000000e+00,2.846741764741444070e-03
5.140625000000000000e+00,2.927522992336214613e-03
5.156250000000000000e+00,2.851883928746049620e-03
5.171875000000000000e+00,2.652403848780787200e-03
5.187500000000000000e+00,2.489085978940862223e-03
5.203125000000000000e+00,2.447837461279867618e-03
5.218750000000000000e+00,2.436798703057490700e-03
5.234375000000000000e+00,2.378107930531626977e-03
5.250000000000000000e+00,2.356990517993063153e-03
5.265625000000000000e+00,2.420457002207915265e-03
5.281250000000000000e+00,2.437251629974258611e-03
5.296875000000000000e+00,2.365299814023614534e-03
5.312500000000000000e+00,2.291213406439968330e-03
5.328125000000000000e+00,2.215521394618214651e-03
5.343750000000000000e+00,2.143034340760141716e-03
5.359375000000000000e+00,2.120342710275925201e-03
5.375000000000000000e+00,2.055518560771641898e-03
5.390625000000000000e+00,1.903155715009060764e-03
5.406250000000000000e+00,1.873363621478725104e-03
5.421875000000000000e+00,2.081565238662895067e-03
5.437500000000000000e+00,2.312459737889692706e-03
5.453125000000000000e+00,2.421955764939138882e-03
5.468750000000000000e+00,2.447438815971557814e-03
5.484375000000000000e+00,2.411027365478810459e-03
5.500000000000000000e+00,2.308047098693556502e-03
5.515625000000000000e+00,2.209234308122108581e-03
5.531250000000000000e+00,2.169933531637673312e-03
5.546875000000000000e+00,2.152007562943822686e-03
5.562500000000000000e+00,2.104412974425185455e-03
5.578125000000000000e+00,2.096017803812395483e-03
5.593750000000000000e+00,2.257709862657811175e-03
5.609375000000000000e+00,2.488176284094099737e-03
5.625000000000000000e+00,2.569410953159396733e-03
5.640625000000000000e+00,2.475121525382502092e-03
5.656250000000000000e+00,2.344131056770803936e-03
5.671875000000000000e+00,2.281964905201063452e-03
5.687500000000000000e+00,2.277578491016615109e-03
5.703125000000000000e+00,2.254428280516676021e-03
5.718750000000000000e+00,2.186737184846914046e-03
5.734375000000000000e+00,2.121479228164808561e-03
5.750000000000000000e+00,2.057130074120722043e-03
5.765625000000000000e+00,1.987865269127336420e-03
5.781250000000000000e+00,1.953440150156633952e-03
5.796875000000000000e+00,1.933057179331368293e-03
5.812500000000000000e+00,1.918013038334945557e-03
5.828125000000000000e+00,1.936922650058062927e-03
5.843750000000000000e+00,1.960969216428989654e-03
5.859375000000000000e+00,2.026051177353935858e-03
5.875000000000000000e+00,2.224301580326499671e-03
5.890625000000000000e+00,2.448192029659453789e-03
5.906250000000000000e+00,2.497800869443102256e-03
5.921875000000000000e+00,2.356191914911704224e-03
5.937500000000000000e+00,2.183348779066600180e-03
5.953125000000000000e+00,2.106848321111215016e-03
5.968750000000000000e+00,2.121436077474586623e-03
5.984375000000000000e+00,2.156871018778849878e-03
6.000000000000000000e+00,2.133749970257739492e-03
6.015625000000000000e+00,2.040289776856349033e-03
6.031250000000000000e+00,1.975664144545426649e-03
6.046875000000000000e+00,2.006195648287982438e-03
6.062500000000000000e+00,2.055345695939301068e-03
6.078125000000000000e+00,2.076872436971240882e-03
6.093750000000000000e+00,2.129342570973598043e-03
6.109375000000000000e+00,2.242624601709636463e-03
6.125000000000000000e+00,2.357648420735579137e-03
6.140625000000000000e+00,2.390770016319388510e-03
6.156250000000000000e+00,2.299691053746458647e-03
6.171875000000000000e+00,2.107174889396776132e-03
6.187500000000000000e+00,1.890565638073526174e-03
6.203125000000000000e+00,1.747722690633118350e-03
6.218750000000000000e+00,1.732146745453024992e-03
6.234375000000000000e+00,1.811488563583798107e-03
6.250000000000000000e+00,1.919447041978318731e-03
6.265625000000000000e+00,1.986332304598128779e-03
6.281250000000000000e+00,1.974856774327909611e-03
6.296875000000000000e+00,1.950030372391924971e-03
6.312500000000000000e+00,1.972970538083455069e-03
6.328125000000000000e+00,1.977089518804078273e-03
6.343750000000000000e+00,1.928115634123887074e-03
6.359375000000000000e+00,1.901295952292156484e-03
6.375000000000000000e+00,1.923037545522980358e-03
6.390625000000000000e+00,1.918886850206917094e-03
6.406250000000000000e+00,1.845349929497967995e-03
6.421875000000000000e+00,1.751516883386381243e-03
6.437500000000000000e+00,1.728714711375564693e-03
6.453125000000000000e+00,1.810314029927341788e-03
6.468750000000000000e+00,1.906407003459864927e-03
6.484375000000000000e+00,1.923389133952958926e-03
6.500000000000000000e+00,1.872022061094040296e-03
6.515625000000000000e+00,1.817089660454095090e-03
6.531250000000000000e+00,1.780712572539945191e-03
6.546875000000000000e+00,1.744407687436371618e-03
6.562500000000000000e+00,1.694253938717752784e-03
6.578125000000000000e+00,1.641245123318459337e-03
6.593750000000000000e+00,1.629468258342849302e-03
6.609375000000000000e+00,1.685348311001959786e-03
6.625000000000000000e+00,1.752894665755241367e-03
6.640625000000000000e+00,1.749973450651855396e-03
6.656250000000000000e+00,1.711710643411649014e-03
6.671875000000000000e+00,1.758562226236208559e-03
6.687500000000000000e+00,1.877668091037813661e-03
6.703125000000000000e+00,1.929841880522320269e-03
6.718750000000000000e+00,1.860719621482165688e-03
6.734375000000000000e+00,1.758749787658284505e-03
6.750000000000000000e+00,1.747063606675657932e-03
6.765625000000000000e+00,1.842442024430869345e-03
6.781250000000000000e+00,1.938686391117624844e-03
6.796875000000000000e+00,1.942076554906187885e-03
6.812500000000000000e+00,1.865662932326928036e-03
6.828125000000000000e+00,1.779346532770060283e-03
6.843750000000000000e+00,1.715049448144584333e-03
6.859375000000000000e+00,1.690780140249257971e-03
6.875000000000000000e+00,1.689509590352831136e-03
6.890625000000000000e+00,1.638915019433505272e-03
6.906250000000000000e+00,1.536914380310037487e-03
6.921875000000000000e+00,1.482880586990718190e-03
6.937500000000000000e+00,1.563171964884519640e-03
6.953125000000000000e+00,1.712991604809284982e-03
6.968750000000000000e+00,1.806461427989201462e-03
6.984375000000000000e+00,1.824781845364989745e-03
7.000000000000000000e+00,1.813422078035414583e-03
7.015625000000000000e+00,1.786080913292462276e-03
7.031250000000000000e+00,1.752015264032308816e-03
7.046875000000000000e+00,1.729491308276685096e-03
7.062500000000000000e+00,1.714737193238028692e-03
7.078125000000000000e+00,1.672150384298909604e-03
7.093750000000000000e+00,1.564771315252732513e-03
7.109375000000000000e+00,1.427514597499284811e-03
7.125000000000000000e+00,1.379414232805566522e-03
7.140625000000000000e+00,1.502184184463323897e-03
7.156250000000000000e+00,1.728699906816639998e-03
7.171875000000000000e+00,1.915893319055631417e-03
7.187500000000000000e+00,1.976660163443319951e-03
7.203125000000000000e+00,1.915170539715802108e-03
7.218750000000000000e+00,1.794794373654384290e-03
7.234375000000000000e+00,1.710389241125707602e-03
7.250000000000000000e+00,1.713501525596863645e-03
7.265625000000000000e+00,1.739450662651187418e-03
7.281250000000000000e+00,1.727400392782049753e-03
7.296875000000000000e+00,1.736103289188369557e-03
7.312500000000000000e+00,1.794765625764863353e-03
7.328125000000000000e+00,1.827155412497339032e-03
7.343750000000000000e+00,1.824120941061589587e-03
7.359375000000000000e+00,1.819186912092159809e-03
7.375000000000000000e+00,1.783770753751238135e-03
7.390625000000000000e+00,1.697043417253601321e-03
7.406250000000000000e+00,1.560675482722387753e-03
7.421875000000000000e+00,1.400433085875767624e-03
7.437500000000000000e+00,1.356518946264301641e-03
7.453125000000000000e+00,1.487819963808255245e-03
7.468750000000000000e+00,1.607164058129552505e-03
7.484375000000000000e+00,1.583824900544553811e-03
7.500000000000000000e+00,1.456020589538557222e-03
7.515625000000000000e+00,1.334884748094733019e-03
7.531250000000000000e+00,1.319425698824296111e-03
7.546875000000000000e+00,1.420238594550833578e-03
7.562500000000000000e+00,1.511277563309704978e-03
7.578125000000000000e+00,1.492588447341798141e-03
7.593750000000000000e+00,1.408453471584218556e-03
7.609375000000000000e+00,1.365133690381911940e-03
7.625000000000000000e+00,1.432689651608007146e-03
7.640625000000000000e+00,1.589628974750122029e-03
7.656250000000000000e+00,1.713432061055077419e-03
7.671875000000000000e+00,1.689774213710414173e-03
7.687500000000000000e+00,1.544855961750510754e-03
7.703125000000000000e+00,1.436659151788683255e-03
7.718750000000000000e+00,1.431358948805992303e-03
7.734375000000000000e+00,1.428439535831358114e-03
7.750000000000000000e+00,1.365563107267698823e-03
7.765625000000000000e+00,1.298057129054912186e-03
7.781250000000000000e+00,1.292669633135235625e-03
7.796875000000000000e+00,1.303821415982467586e-03
7.812500000000000000e+00,1.261448569949901810e-03
7.828125000000000000e+00,1.200416881713992556e-03
7.843750000000000000e+00,1.183591918718150714e-03
7.859375000000000000e+00,1.171903758812369457e-03
7.875000000000000000e+00,1.154077066239911874e-03
7.890625000000000000e+00,1.180404975843899959e-03
7.906250000000000000e+00,1.220555079275287193e-03
7.921875000000000000e+00,1.245964571559649665e-03
7.937500000000000000e+00,1.281944434412822693e-03
7.953125000000000000e+00,1.307167800672075220e-03
7.968750000000000000e+00,1.277182688916792073e-03
7.984375000000000000e+00,1.195210713452269638e-03
8.000000000000000000e+00,1.100504069173196446e-03
8.015625000000000000e+00,1.046188709898848235e-03
8.031250000000000000e+00,1.042860106576792368e-03
8.046875000000000000e+00,1.037389184874528986e-03
8.062500000000000000e+00,1.019471812263398778e-03
8.078125000000000000e+00,1.013603688525771193e-03
8.093750000000000000e+00,9.938893533779781086e-04
8.109375000000000000e+00,9.271120008335363748e-04
8.125000000000000000e+00,8.460723338085112278e-04
8.140625000000000000e+00,8.381756944866860723e-04
8.156250000000000000e+00,9.135308650705132325e-04
8.171875000000000000e+00,9.913446866606457838e-04
8.187500000000000000e+00,1.015061725317908210e-03
8.203125000000000000e+00,9.924874656611205707e-04
8.218750000000000000e+00,9.624470158203595176e-04
8.234375000000000000e+00,9.557786040305273198e-04
8.250000000000000000e+00,9.819419339190103325e-04
8.265625000000000000e+00,9.934150952291696986e-04
8.281250000000000000e+00,9.574802113944609920e-04
8.296875000000000000e+00,9.106847939530233723e-04
8.312500000000000000e+00,8.846997471709674250e-04
8.328125000000000000e+00,8.860022365191450814e-04
8.343750000000000000e+00,9.120360744688292901e-04
8.359375000000000000e+00,9.375941531929772197e-04
8.375000000000000000e+00,9.297853757273979005e-04
8.390625000000000000e+00,8.802307029125244851e-04
8.406250000000000000e+00,8.281611327521358912e-04
8.421875000000000000e+00,8.170076993714796938e-04
8.437500000000000000e+00,8.339924548271713482e-04
8.453125000000000000e+00,8.546689954141410304e-04
8.468750000000000000e+00,8.743331336935102885e-04
8.484375000000000000e+00,8.616345237387826057e-04
8.500000000000000000e+00,7.897732120911896787e-04
8.515625000000000000e+00,6.953313850000329265e-04
8.531250000000000000e+00,6.377772379754928977e-04
8.546875000000000000e+00,6.436254665230726601e-04
8.562500000000000000e+00,6.927635645273134534e-04
8.578125000000000000e+00,7.275929844664559424e-04
8.593750000000000000e+00,7.241473088839390062e-04
8.609375000000000000e+00,7.220002316803865580e-04
8.625000000000000000e+00,7.499739838692770890e-04
8.640625000000000000e+00,7.794113069389502040e-04
8.656250000000000000e+00,7.941893874374332052e-04
8.671875000000000000e+00,8.105445080136298172e-04
8.687500000000000000e+00,8.148863743229544862e-04
8.703125000000000000e+00,7.800134232948416433e-04
8.718750000000000000e+00,7.309974088126353770e-04
8.734375000000000000e+00,7.133086453619384313e-04
8.750000000000000000e+00,7.017162959584963321e-04
8.765625000000000000e+00,6.480601619862181662e-04
8.781250000000000000e+00,5.810807613504847050e-04
8.796875000000000000e+00,5.564300675249997082e-04
8.812500000000000000e+00,5.696189367977265569e-04
8.828125000000000000e+00,6.027097576230095680e-04
8.843750000000000000e+00,6.470383536670270413e-04
8.859375000000000000e+00,6.748019507592593457e-04
8.875000000000000000e+00,6.688734992445780287e-04
8.890625000000000000e+00,6.545664826589399224e-04
8.906250000000000000e+00,6.590945578840364276e-04
8.921875000000000000e+00,6.732206426498747037e-04
8.937500000000000000e+00,6.835901669306026747e-04
8.953125000000000000e+00,6.856119695895541858e-04
8.968750000000000000e+00,6.685076865582675280e-04
8.984375000000000000e+00,6.303573816205181816e-04
9.000000000000000000e+00,5.918140941314572632e-04
9.015625000000000000e+00,5.778498765706438327e-04
9.031250000000000000e+00,5.872032568517621988e-04
9.046875000000000000e+00,6.035838902615131476e-04
9.062500000000000000e+00,6.221913604609489784e-04
9.078125000000000000e+00,6.225413056964020043e-04
9.093750000000000000e+00,5.711793536556742995e-04
9.109375000000000000e+00,4.814187245322620987e-04
9.125000000000000000e+00,4.241617456270719601e-04
9.140625000000000000e+00,4.478990427791692880e-04
9.156250000000000000e+00,5.093912989752589267e-04
9.171875000000000000e+00,5.706599200201939795e-04
9.187500000000000000e+00,6.383083176395930964e-04
9.203125000000000000e+00,6.919077746309373715e-04
9.218750000000000000e+00,6.924065488368162831e-04
9.234375000000000000e+00,6.552619401649918381e-04
9.250000000000000000e+00,6.278354389692464592e-04
9.265625000000000000e+00,6.080656071949412178e-04
9.281250000000000000e+00,5.678123154573018862e-04
9.296875000000000000e+00,5.120756085707589642e-04
9.312500000000000000e+00,4.714678328173697451e-04
9.328125000000000000e+00,4.795139597578185089e-04
9.343750000000000000e+00,5.320618726107733667e-04
9.359375000000000000e+00,5.746153109941848315e-04
9.375000000000000000e+00,5.739689526382824990e-04
9.390625000000000000e+00,5.455098364468321647e-04
9.406250000000000000e+00,5.183135120831532886e-04
9.421875000000000000e+00,5.232749760843917030e-04
9.437500000000000000e+00,5.694149348449385143e-04
9.453125000000000000e+00,5.972250486899340852e-04
9.468750000000000000e+00,5.609819081682387463e-04
9.484375000000000000e+00,5.074400145342753202e-04
9.500000000000000000e+00,5.015430383484839128e-04
9.515625000000000000e+00,5.178615013370119376e-04
9.531250000000000000e+00,5.182002646967862102e-04
9.546875000000000000e+00,5.043610051266238887e-04
9.562500000000000000e+00,4.850630409001412255e-04
9.578125000000000000e+00,4.683725446187867489e-04
9.593750000000000000e+00,4.492226426063313091e-04
9.609375000000000000e+00,4.254837268261310655e-04
9.625000000000000000e+00,4.188777752525949839e-04
9.640625000000000000e+00,4.260853396352590823e-04
9.656250000000000000e+00,4.162236271786863887e-04
9.671875000000000000e+00,3.866887100991642516e-04
9.687500000000000000e+00,3.650329753249897686e-04
9.703125000000000000e+00,3.663512615952618941e-04
9.718750000000000000e+00,3.748003585523444476e-04
9.734375000000000000e+00,3.894504619651729905e-04
9.750000000000000000e+00,4.218860780503460315e-04
9.765625000000000000e+00,4.543515856855062521e-04
9.781250000000000000e+00,4.643632905169004931e-04
9.796875000000000000e+00,4.569575009102620766e-04
9.812500000000000000e+00,4.552194660412791694e-04
9.828125000000000000e+00,4.668231813469112825e-04
9.843750000000000000e+00,4.790451660966000072e-04
9.859375000000000000e+00,4.866550472073161355e-04
9.875000000000000000e+00,4.865694013951406597e-04
9.890625000000000000e+00,4.697942397265700244e-04
9.906250000000000000e+00,4.424518884919087448e-04
9.921875000000000000e+00,4.223878460618629097e-04
9.937500000000000000e+00,4.087243469191385566e-04
9.953125000000000000e+00,3.891473785329926092e-04
9.968750000000000000e+00,3.680162920454106766e-04
9.984375000000000000e+00,3.572007717316143314e-04
1.000000000000000000e+01,3.553899066207333573e-04
1.001562500000000000e+01,3.516122948090426368e-04
1.003125000000000000e+01,3.424130239816333189e-04
1.004687500000000000e+01,3.356445082530074031e-04
1.006250000000000000e+01,3.339840048358223411e-04
1.007812500000000000e+01,3.290471586713826827e-04
1.009375000000000000e+01,3.165705199559417597e-04
1.010937500000000000e+01,3.056246967276600489e-04
1.012500000000000000e+01,3.043384294568697774e-04
1.014062500000000000e+01,3.092950489440978649e-04
1.015625000000000000e+01,3.221147776662732008e-04
1.017187500000000000e+01,3.378355238675775528e-04
1.018750000000000000e+01,3.366900741058897768e-04
1.020312500000000000e+01,3.233042770099601158e-04
1.021875000000000000e+01,3.270769659294804274e-04
1.023437500000000000e+01,3.458910465867564513e-04
1.025000000000000000e+01,3.595349631703931639e-04
1.026562500000000000e+01,3.751341372006678767e-04
1.028125000000000000e+01,4.060179260826546799e-04
1.029687500000000000e+01,4.367825943431693863e-04
1.031250000000000000e+01,4.342422174186461232e-04
1.032812500000000000e+01,3.873046529150007554e-04
1.034375000000000000e+01,3.273446970785140269e-04
1.035937500000000000e+01,3.023082184530600505e-04
1.037500000000000000e+01,3.086229204110289555e-04
1.039062500000000000e+01,3.138482603827845419e-04
1.040625000000000000e+01,3.189848546597904427e-04
1.042187500000000000e+01,3.315916994204513011e-04
1.043750000000000000e+01,3.436084324796908609e-04
1.045312500000000000e+01,3.432649286871358447e-04
1.046875000000000000e+01,3.251789765266550804e-04
1.048437500000000000e+01,2.982322575960701799e-04
1.050000000000000000e+01,2.794782546013044994e-04
1.051562500000000000e+01,2.759493702579259326e-04
1.053125000000000000e+01,2.846984125245043064e-04
1.054687500000000000e+01,3.013940764901242605e-04
1.056250000000000000e+01,3.138352336724484627e-04
1.057812500000000000e+01,3.083278729365046067e-04
1.059375000000000000e+01,2.894008362929371774e-04
1.060937500000000000e+01,2.776415834976924042e-04
1.062500000000000000e+01,2.776364787060274508e-04
1.064062500000000000e+01,2.794318265623850126e-04
1.065625000000000000e+01,2.820427222253567572e-04
1.067187500000000000e+01,2.795050139437123293e-04
1.068750000000000000e+01,2.636760562874674316e-04
1.070312500000000000e+01,2.535876338326671208e-04
1.071875000000000000e+01,2.694772758510896463e-04
1.073437500000000000e+01,2.895565447600472971e-04
1.075000000000000000e+01,2.938571872897275251e-04
1.076562500000000000e+01,2.908601768968664485e-04
1.078125000000000000e+01,2.914746161340048811e-04
1.079687500000000000e+01,2.904873138051180387e-04
1.081250000000000000e+01,2.837184765285177867e-04
1.082812500000000000e+01,2.786351274440267449e-04
1.084375000000000000e+01,2.776658186429202362e-04
1.085937500000000000e+01,2.713506605845134229e-04
1.087500000000000000e+01,2.576063740503305990e-04
1.089062500000000000e+01,2.516600163594169808e-04
1.090625000000000000e+01,2.567446857686504639e-04
1.092187500000000000e+01,2.580347026995483736e-04
1.093750000000000000e+01,2.558320234751964499e-04
1.095312500000000000e+01,2.569149195925715386e-04
1.096875000000000000e+01,2.591842779286091403e-04
1.098437500000000000e+01,2.608970114318224544e-04
1.100000000000000000e+01,2.553259852480015504e-04
1.101562500000000000e+01,2.351610678626489927e-04
1.103125000000000000e+01,2.120696439541597765e-04
1.104687500000000000e+01,2.104959302491838595e-04
1.106250000000000000e+01,2.316018080331530094e-04
1.107812500000000000e+01,2.524796119860737488e-04
1.109375000000000000e+01,2.585973938221025376e-04
1.110937500000000000e+01,2.546921396301286876e-04
1.112500000000000000e+01,2.554026526874839803e-04
1.114062500000000000e+01,2.658135165790161602e-04
1.115625000000000000e+01,2.782425447762766038e-04
1.117187500000000000e+01,2.867078404069932688e-04
1.118750000000000000e+01,2.913676468859527401e-04
1.120312500000000000e+01,2.917297630929773823e-04
1.121875000000000000e+01,2.832474258125104488e-04
1.123437500000000000e+01,2.642135641378478314e-04
1.125000000000000000e+01,2.471677932316252010e-04
1.126562500000000000e+01,2.491831404452658663e-04
1.128125000000000000e+01,2.600257579542752896e-04
1.129687500000000000e+01,2.554319227432417616e-04
1.131250000000000000e+01,2.339712322912096778e-04
1.132812500000000000e+01,2.142435288584716930e-04
1.134375000000000000e+01,2.092277302107171228e-04
1.135937500000000000e+01,2.134354348281245622e-04
1.137500000000000000e+01,2.159469041728321822e-04
1.139062500000000000e+01,2.158799713637463667e-04
1.140625000000000000e+01,2.173986572371099720e-04
1.142187500000000000e+01,2.205954468921190385e-04
1.143750000000000000e+01,2.236003997507661403e-04
1.145312500000000000e+01,2.243685199864536254e-04
1.146875000000000000e+01,2.184090831029651312e-04
1.148437500000000000e+01,2.049330308963265919e-04
1.150000000000000000e+01,1.936954296553692473e-04
1.151562500000000000e+01,1.944704324136161983e-04
1.153125000000000000e+01,2.036531622982764721e-04
1.154687500000000000e+01,2.132040992946068118e-04
1.156250000000000000e+01,2.220755042257979326e-04
1.157812500000000000e+01,2.270000752812005595e-04
1.159375000000000000e+01,2.183683468932557455e-04
1.160937500000000000e+01,1.973154876881023760e-04
1.162500000000000000e+01,1.772597613259235870e-04
1.164062500000000000e+01,1.671367949918854668e-04
1.165625000000000000e+01,1.715835801307169842e-04
1.167187500000000000e+01,1.875897393693376144e-04
1.168750000000000000e+01,1.973199527321906652e-04
1.170312500000000000e+01,1.907514383542269849e-04
1.171875000000000000e+01,1.786548937161863302e-04
1.173437500000000000e+01,1.742620714342118236e-04
1.175000000000000000e+01,1.771545782769974185e-04
1.176562500000000000e+01,1.829358039636676757e-04
1.178125000000000000e+01,1.893617180975918658e-04
1.179687500000000000e+01,1.962120388939789912e-04
1.181250000000000000e+01,2.051008993591913929e-04
1.182812500000000000e+01,2.107270412209506609e-04
1.184375000000000000e+01,2.070532188943615510e-04
1.185937500000000000e+01,1.990178227000407240e-04
1.187500000000000000e+01,1.930289068406443071e-04
1.189062500000000000e+01,1.865032416049029404e-04
1.190625000000000000e+01,1.780599182608749958e-04
1.192187500000000000e+01,1.725259315262373644e-04
1.193750000000000000e+01,1.741576719337361429e-04
1.195312500000000000e+01,1.834831740015221394e-04
1.196875000000000000e+01,1.920536089041561536e-04
1.198437500000000000e+01,1.926404714265613611e-04
1.200000000000000000e+01,1.891442593272745561e-04
1.201562500000000000e+01,1.841581101900786812e-04
1.203125000000000000e+01,1.746484220697047467e-04
1.204687500000000000e+01,1.637645805167226368e-04
1.206250000000000000e+01,1.609960398142412609e-04
1.207812500000000000e+01,1.655054173605046721e-04
1.209375000000000000e+01,1.664787956109863140e-04
1.210937500000000000e+01,1.621128860519333579e-04
1.212500000000000000e+01,1.582374741784065648e-04
1.214062500000000000e+01,1.562185424768880503e-04
1.215625000000000000e+01,1.588255033978973395e-04
1.217187500000000000e+01,1.675678849291170483e-04
1.218750000000000000e+01,1.737457212950599460e-04
1.220312500000000000e+01,1.733894376037762165e-04
1.221875000000000000e+01,1.717243943195283077e-04
1.223437500000000000e+01,1.706146233249591969e-04
1.225000000000000000e+01,1.683746411545224836e-04
1.226562500000000000e+01,1.681745704498352023e-04
1.228125000000000000e+01,1.720715666182699494e-04
1.229687500000000000e+01,1.734538347312735037e-04
1.231250000000000000e+01,1.688178227819350655e-04
1.232812500000000000e+01,1.637567608891780891e-04
1.234375000000000000e+01,1.597945879675771274e-04
1.235937500000000000e+01,1.541662330490915951e-04
1.237500000000000000e+01,1.499421315858423423e-04
1.239062500000000000e+01,1.503652940444020689e-04
1.240625000000000000e+01,1.534516626202719978e-04
1.242187500000000000e+01,1.567211102654143047e-04
1.243750000000000000e+01,1.574746637515094341e-04
1.245312500000000000e+01,1.528710546846508307e-04
1.246875000000000000e+01,1.441903003481301694e-04
1.248437500000000000e+01,1.380969212454012673e-04
1.250000000000000000e+01,1.399827266817863349e-04
1.251562500000000000e+01,1.472693643048594478e-04
1.253125000000000000e+01,1.552959427944629518e-04
1.254687500000000000e+01,1.607991235578655074e-04
1.256250000000000000e+01,1.597070531391183302e-04
1.257812500000000000e+01,1.526992136883902073e-04
1.259375000000000000e+01,1.469672734069337751e-04
1.260937500000000000e+01,1.449366493216162194e-04
1.262500000000000000e+01,1.420005108582480743e-04
1.264062500000000000e+01,1.396159949559521243e-04
1.265625000000000000e+01,1.438380848030614380e-04
1.267187500000000000e+01,1.505823943811417738e-04
1.268750000000000000e+01,1.504709726473964226e-04
1.270312500000000000e+01,1.412436189537925055e-04
1.271875000000000000e+01,1.331211637007103103e-04
1.273437500000000000e+01,1.380571182864437601e-04
1.275000000000000000e+01,1.478428941177650953e-04
1.276562500000000000e+01,1.482647135055587017e-04
1.278125000000000000e+01,1.372695521508962427e-04
1.279687500000000000e+01,1.222261144656182634e-04
1.281250000000000000e+01,1.164282904230362777e-04
1.282812500000000000e+01,1.245939442958063077e-04
1.284375000000000000e+01,1.310926404519956341e-04
1.285937500000000000e+01,1.272578363868639604e-04
1.287500000000000000e+01,1.233742883596717678e-04
1.289062500000000000e+01,1.267853875316764809e-04
1.290625000000000000e+01,1.309702557843063074e-04
1.292187500000000000e+01,1.318620197799519062e-04
1.293750000000000000e+01,1.310417223070612844e-04
1.295312500000000000e+01,1.279500306008429246e-04
1.296875000000000000e+01,1.220638005726760366e-04
1.298437500000000000e+01,1.181155110251693276e-04
1.300000000000000000e+01,1.198030064883039581e-04
1.301562500000000000e+01,1.237694950300696978e-04
1.303125000000000000e+01,1.270732817507814864e-04
1.304687500000000000e+01,1.294426476496421527e-04
1.306250000000000000e+01,1.295394573581906477e-04
1.307812500000000000e+01,1.277244259997703296e-04
1.309375000000000000e+01,1.250654532131343624e-04
1.310937500000000000e+01,1.211780060538358562e-04
1.312500000000000000e+01,1.177809312062798520e-04
1.314062500000000000e+01,1.161877068992975249e-04
1.315625000000000000e+01,1.159314065188355873e-04
1.317187500000000000e+01,1.172995206519123471e-04
1.318750000000000000e+01,1.178935494918295244e-04
1.320312500000000000e+01,1.165632892112883427e-04
1.321875000000000000e+01,1.172728313710981560e-04
1.323437500000000000e+01,1.212981209549303738e-04
1.325000000000000000e+01,1.256362289694994356e-04
1.326562500000000000e+01,1.273909955237878479e-04
1.328125000000000000e+01,1.245968650714804435e-04
1.329687500000000000e+01,1.196086623388735638e-04
1.331250000000000000e+01,1.177857931156352309e-04
1.332812500000000000e+01,1.177691303218290426e-04
1.334375000000000000e+01,1.135685583916985964e-04
1.335937500000000000e+01,1.054033283325935693e-04
1.337500000000000000e+01,9.796094004532306804e-05
1.339062500000000000e+01,9.456839448100515981e-05
1.340625000000000000e+01,9.898006950168856130e-05
1.342187500000000000e+01,1.093956373075019974e-04
1.343750000000000000e+01,1.167091197586790310e-04
1.345312500000000000e+01,1.163004827071447713e-04
1.346875000000000000e+01,1.097556056370516537e-04
1.348437500000000000e+01,1.016183363871712259e-04
1.350000000000000000e+01,1.009013863756735906e-04
1.351562500000000000e+01,1.102594649416245912e-04
1.353125000000000000e+01,1.186786586627438037e-04
1.354687500000000000e+01,1.183135268562192458e-04
1.356250000000000000e+01,1.108978840330829084e-04
1.357812500000000000e+01,1.047718670827437978e-04
1.359375000000000000e+01,1.070251932170541314e-04
1.360937500000000000e+01,1.121889551779924911e-04
1.362500000000000000e+01,1.133582603391224331e-04
1.364062500000000000e+01,1.113038669476191231e-04
1.365625000000000000e+01,1.059531769434747582e-04
1.367187500000000000e+01,9.635805332468491973e-05
1.368750000000000000e+01,8.950913314506127370e-05
1.370312500000000000e+01,9.135875066605550834e-05
1.371875000000000000e+01,9.532729892971415655e-05
1.373437500000000000e+01,9.733160051802217062e-05
1.375000000000000000e+01,1.013506935677898263e-04
1.376562500000000000e+01,1.087424851504954982e-04
1.378125000000000000e+01,1.165844499790487805e-04
1.379687500000000000e+01,1.217684149915755041e-04
1.381250000000000000e+01,1.206329563149244864e-04
1.382812500000000000e+01,1.107456178159100147e-04
1.384375000000000000e+01,9.566138270531949290e-05
1.385937500000000000e+01,8.556403210556359209e-05
1.387500000000000000e+01,8.808370572448455111e-05
1.389062500000000000e+01,9.825666768421163278e-05
1.390625000000000000e+01,1.043873225328907644e-04
1.392187500000000000e+01,9.969724036622757736e-05
1.393750000000000000e+01,8.754800132616711802e-05
1.395312500000000000e+01,7.776585046751098899e-05
1.396875000000000000e+01,7.641079009685795625e-05
1.398437500000000000e+01,8.225619050059662727e-05
1.400000000000000000e+01,9.218056650576311869e-05
1.401562500000000000e+01,9.990974331415155803e-05
1.403125000000000000e+01,9.844765348405636540e-05
1.404687500000000000e+01,8.809860929335499593e-05
1.406250000000000000e+01,7.854634866770796291e-05
1.407812500000000000e+01,8.187694990080181549e-05
1.409375000000000000e+01,9.544938528446354048e-05
1.410937500000000000e+01,1.042475265393019257e-04
1.412500000000000000e+01,1.006377211652791922e-04
1.414062500000000000e+01,8.814467064413380212e-05
1.415625000000000000e+01,7.462565895366275151e-05
1.417187500000000000e+01,6.868697345420474935e-05
1.418750000000000000e+01,7.345946176606535610e-05
1.420312500000000000e+01,8.242378123197927466e-05
1.421875000000000000e+01,8.997909400069795929e-05
1.423437500000000000e+01,9.556679574337691174e-05
1.425000000000000000e+01,1.005225743144398610e-04
1.426562500000000000e+01,1.047415548239184220e-04
1.428125000000000000e+01,1.091123282949553838e-04
1.429687500000000000e+01,1.135216797635848980e-04
1.431250000000000000e+01,1.131777116897124294e-04
1.432812500000000000e+01,1.053932634690899140e-04
1.434375000000000000e+01,9.356392648626140642e-05
1.435937500000000000e+01,8.359954267029597172e-05
1.437500000000000000e+01,7.895459257348937207e-05
1.439062500000000000e+01,7.833105460579211634e-05
1.440625000000000000e+01,7.975254676283190073e-05
1.442187500000000000e+01,8.255630122142521758e-05
1.443750000000000000e+01,8.520124769369540150e-05
1.445312500000000000e+01,8.639723657456253154e-05
1.446875000000000000e+01,8.586562438668422065e-05
1.448437500000000000e+01,8.356915670339368186e-05
1.450000000000000000e+01,8.078755918428371350e-05
1.451562500000000000e+01,7.963768316301679485e-05
1.453125000000000000e+01,7.946491964581662236e-05
1.454687500000000000e+01,7.737696287791753444e-05
1.456250000000000000e+01,7.372590102847088585e-05
1.457812500000000000e+01,7.231664203334798495e-05
1.459375000000000000e+01,7.339075145961771721e-05
1.460937500000000000e+01,7.249719855263613195e-05
1.462500000000000000e+01,6.865665635943880634e-05
1.464062500000000000e+01,6.651120428737420840e-05
1.465625000000000000e+01,6.839092550741804604e-05
1.467187500000000000e+01,7.139554686407439997e-05
1.468750000000000000e+01,7.372678872558837272e-05
1.470312500000000000e+01,7.569342817445705318e-05
1.471875000000000000e+01,7.652132890930095344e-05
1.473437500000000000e+01,7.533349077091535360e-05
1.475000000000000000e+01,7.207034251996985853e-05
1.476562500000000000e+01,6.731399287376962123e-05
1.478125000000000000e+01,6.401429765544807381e-05
1.479687500000000000e+01,6.414660235395967184e-05
1.481250000000000000e+01,6.471817069873367118e-05
1.482812500000000000e+01,6.306020347505942930e-05
1.484375000000000000e+01,6.105775298082605554e-05
1.485937500000000000e+01,6.133231046460540115e-05
1.487500000000000000e+01,6.245232778160034214e-05
1.489062500000000000e+01,6.267743857180198611e-05
1.490625000000000000e+01,6.288708596809052540e-05
1.492187500000000000e+01,6.300101573378149439e-05
1.493750000000000000e+01,6.194984551724218454e-05
1.495312500000000000e+01,6.002488339542802969e-05
1.496875000000000000e+01,5.876782458213080859e-05
1.498437500000000000e+01,5.967770609343379473e-05
1.500000000000000000e+01,6.199181980541858814e-05
1.501562500000000000e+01,6.320706187547955944e-05
1.503125000000000000e+01,6.190979838953997898e-05
1.504687500000000000e+01,6.062297245395984965e-05
1.506250000000000000e+01,6.220668889548217040e-05
1.507812500000000000e+01,6.538809896734415809e-05
1.509375000000000000e+01,6.870914022487135573e-05
1.510937500000000000e+01,7.185231304038688200e-05
1.512500000000000000e+01,7.376586038931108960e-05
1.514062500000000000e+01,7.335893296845192267e-05
1.515625000000000000e+01,7.120987044325323098e-05
1.517187500000000000e+01,6.861474856831394737e-05
1.518750000000000000e+01,6.593940885308048074e-05
1.520312500000000000e+01,6.447828979446677258e-05
1.521875000000000000e+01,6.644926771003835538e-05
1.523437500000000000e+01,7.152048017854352642e-05
1.525000000000000000e+01,7.575170301759774985e-05
1.526562500000000000e+01,7.561326902603298684e-05
1.528125000000000000e+01,7.138003611329624316e-05
1.529687500000000000e+01,6.526011565040947806e-05
1.531250000000000000e+01,5.892443898988553334e-05
1.532812500000000000e+01,5.396206334580524110e-05
1.534375000000000000e+01,5.168611938673210786e-05
1.535937500000000000e+01,5.217286538641142366e-05
1.537500000000000000e+01,5.426567344867331557e-05
1.539062500000000000e+01,5.592453206211652134e-05
1.540625000000000000e+01,5.582726730335079237e-05
1.542187500000000000e+01,5.469326553085427549e-05
1.543750000000000000e+01,5.514713593172185767e-05
1.545312500000000000e+01,5.864425255590624499e-05
1.546875000000000000e+01,6.264331761352780724e-05
1.548437500000000000e+01,6.558395773258931941e-05
1.550000000000000000e+01,6.882377359501335346e-05
1.551562500000000000e+01,7.090000781522146751e-05
1.553125000000000000e+01,6.890846795050572203e-05
1.554687500000000000e+01,6.444174137255609381e-05
1.556250000000000000e+01,6.101439753838689583e-05
1.557812500000000000e+01,5.872731652549589273e-05
1.559375000000000000e+01,5.636467031906945469e-05
1.560937500000000000e+01,5.495164421504057542e-05
1.562500000000000000e+01,5.532802782655925632e-05
1.564062500000000000e+01,5.571026051305685991e-05
1.565625000000000000e+01,5.471237032606314374e-05
1.567187500000000000e+01,5.299992720697725191e-05
1.568750000000000000e+01,5.187519491828538373e-05
1.570312500000000000e+01,5.149118369544227223e-05
1.571875000000000000e+01,5.203861564950682347e-05
1.573437500000000000e+01,5.440669945456892437e-05
1.575000000000000000e+01,5.701611760304751676e-05
1.576562500000000000e+01,5.776971726876748103e-05
1.578125000000000000e+01,5.722924318524639879e-05
1.579687500000000000e+01,5.687816171090546947e-05
1.581250000000000000e+01,5.686231553738932697e-05
1.582812500000000000e+01,5.729675747267123117e-05
1.584375000000000000e+01,5.807304560918167169e-05
1.585937500000000000e+01,5.772099725597840185e-05
1.587500000000000000e+01,5.511206402274523879e-05
1.589062500000000000e+01,4.976019094404410270e-05
1.590625000000000000e+01,4.319026404060293125e-05
1.592187500000000000e+01,4.004775620437441952e-05
1.593750000000000000e+01,4.161003806751637993e-05
1.595312500000000000e+01,4.450878090799194515e-05
1.596875000000000000e+01,4.671839474612518724e-05
1.598437500000000000e+01,4.669486634647894169e-05
1.600000000000000000e+01,4.412260314674958117e-05
1.601562500000000000e+01,4.215224489649696738e-05
1.603125000000000000e+01,4.367202123418887077e-05
1.604687500000000000e+01,4.732097938016650542e-05
1.606250000000000000e+01,5.039063744236750309e-05
1.607812500000000000e+01,5.139475159124408512e-05
1.609375000000000000e+01,4.962055696865511170e-05
1.610937500000000000e+01,4.626357133126260119e-05
1.612500000000000000e+01,4.435472900974490743e-05
1.614062500000000000e+01,4.449084207098407068e-05
1.615625000000000000e+01,4.484401483015197149e-05
1.617187500000000000e+01,4.505184403300197731e-05
1.618750000000000000e+01,4.638137261562384376e-05
1.620312500000000000e+01,4.799187741871812767e-05
1.621875000000000000e+01,4.778996826965847562e-05
1.623437500000000000e+01,4.596482346502006518e-05
1.625000000000000000e+01,4.357658195526240610e-05
1.626562500000000000e+01,4.095192210271497284e-05
1.628125000000000000e+01,3.906297713941564540e-05
1.629687500000000000e+01,3.905475090867875908e-05
1.631250000000000000e+01,4.023887729060692350e-05
1.632812500000000000e+01,4.189438358490196946e-05
1.634375000000000000e+01,4.394802209008068699e-05
1.635937500000000000e+01,4.452209011321089786e-05
1.637500000000000000e+01,4.279706756920959000e-05
1.639062500000000000e+01,4.152984178620863163e-05
1.640625000000000000e+01,4.202188949484696959e-05
1.642187500000000000e+01,4.231484202751257037e-05
1.643750000000000000e+01,4.185980662892348632e-05
1.645312500000000000e+01,4.174051520645385792e-05
1.646875000000000000e+01,4.196538278094018662e-05
1.648437500000000000e+01,4.186358087724726513e-05
1.650000000000000000e+01,4.067769151110320461e-05
1.651562500000000000e+01,3.789042957643209557e-05
1.653125000000000000e+01,3.530467386275669135e-05
1.654687500000000000e+01,3.506224869121960604e-05
1.656250000000000000e+01,3.622908928627074096e-05
1.657812500000000000e+01,3.754051191142683904e-05
1.659375000000000000e+01,3.852008649432861682e-05
1.660937500000000000e+01,3.858771359859843329e-05
1.662500000000000000e+01,3.909723704807125110e-05
1.664062500000000000e+01,4.149442600853477662e-05
1.665625000000000000e+01,4.366482409091674362e-05
1.667187500000000000e+01,4.307069499756720665e-05
1.668750000000000000e+01,4.006630480697971755e-05
1.670312500000000000e+01,3.654815869498578504e-05
1.671875000000000000e+01,3.418836766359416188e-05
1.673437500000000000e+01,3.478728871049515824e-05
1.675000000000000000e+01,3.803634097949118345e-05
1.676562500000000000e+01,4.071045346863941700e-05
1.678125000000000000e+01,4.118523026107938177e-05
1.679687500000000000e+01,4.057016745357207879e-05
1.681250000000000000e+01,3.967660825988883841e-05
1.682812500000000000e+01,3.877402840711213056e-05
1.684375000000000000e+01,3.867515491346135652e-05
1.685937500000000000e+01,3.890682692259002362e-05
1.687500000000000000e+01,3.896598639554037908e-05
1.689062500000000000e+01,3.932290502017024266e-05
1.690625000000000000e+01,3.895541790233931600e-05
1.692187500000000000e+01,3.651634556445014994e-05
1.693750000000000000e+01,3.342619939242328243e-05
1.695312500000000000e+01,3.283699364257973777e-05
1.696875000000000000e+01,3.510080911832798100e-05
1.698437500000000000e+01,3.728554963884633811e-05
1.700000000000000000e+01,3.744098097435059300e-05
1.701562500000000000e+01,3.629649734842671721e-05
1.703125000000000000e+01,3.555307135178676666e-05
1.704687500000000000e+01,3.614168580298850002e-05
1.706250000000000000e+01,3.730297485233945349e-05
1.707812500000000000e+01,3.729725055951140400e-05
1.709375000000000000e+01,3.619067593731129483e-05
1.710937500000000000e+01,3.627002838310944445e-05
1.712500000000000000e+01,3.775190129920514876e-05
1.714062500000000000e+01,3.750753334449575681e-05
1.715625000000000000e+01,3.469655851892375852e-05
1.717187500000000000e+01,3.228010727756470283e-05
1.718750000000000000e+01,3.221884878293247050e-05
1.720312500000000000e+01,3.359772818352808063e-05
1.721875000000000000e+01,3.502471390134159545e-05
1.723437500000000000e+01,3.522346048721394389e-05
1.725000000000000000e+01,3.398805341357443338e-05
1.726562500000000000e+01,3.262988712622078594e-05
1.728125000000000000e+01,3.155463962271471388e-05
1.729687500000000000e+01,2.955005066140367457e-05
1.731250000000000000e+01,2.735569010003816113e-05
1.732812500000000000e+01,2.751263063633746256e-05
1.734375000000000000e+01,2.933525017469747578e-05
1.735937500000000000e+01,2.950437382282564797e-05
1.737500000000000000e+01,2.733442746602920726e-05
1.739062500000000000e+01,2.575805195532390648e-05
1.740625000000000000e+01,2.688656744012739359e-05
1.742187500000000000e+01,2.928158042837604355e-05
1.743750000000000000e+01,3.081078780522991732e-05
1.745312500000000000e+01,3.015069773094394202e-05
1.746875000000000000e+01,2.767489171710156969e-05
1.748437500000000000e+01,2.621333409231196290e-05
1.750000000000000000e+01,2.752196688708062307e-05
1.751562500000000000e+01,2.939553617115398302e-05
1.753125000000000000e+01,2.992419203951783631e-05
1.754687500000000000e+01,2.961618066720253124e-05
1.756250000000000000e+01,2.965581853397926759e-05
1.757812500000000000e+01,2.980567284935364304e-05
1.759375000000000000e+01,2.950842084670625846e-05
1.760937500000000000e+01,2.994491315233278788e-05
1.762500000000000000e+01,3.187609788809646393e-05
1.764062500000000000e+01,3.332816653563964532e-05
1.765625000000000000e+01,3.225298742205364989e-05
1.767187500000000000e+01,2.920326901655217298e-05
1.768750000000000000e+01,2.657621646207071155e-05
1.770312500000000000e+01,2.571758739124293302e-05
1.771875000000000000e+01,2.633199708220073903e-05
1.773437500000000000e+01,2.756457030006074894e-05
1.775000000000000000e+01,2.786070333518184765e-05
1.776562500000000000e+01,2.719776698968882613e-05
1.778125000000000000e+01,2.735541058375411748e-05
1.779687500000000000e+01,2.843013320993012391e-05
1.781250000000000000e+01,2.935233487396953671e-05
1.782812500000000000e+01,2.959692437051082567e-05
1.784375000000000000e+01,2.894096782756760085e-05
1.785937500000000000e+01,2.766296428001521537e-05
1.787500000000000000e+01,2.641559016592093804e-05
1.789062500000000000e+01,2.565655737406484025e-05
1.790625000000000000e+01,2.541814236142293586e-05
1.792187500000000000e+01,2.552013072042813056e-05
1.793750000000000000e+01,2.599376306191479536e-05
1.795312500000000000e+01,2.676190538168152217e-05
1.796875000000000000e+01,2.737544924750795307e-05
1.798437500000000000e+01,2.767724296979800436e-05
1.800000000000000000e+01,2.757884854765169883e-05
1.801562500000000000e+01,2.635854876500855662e-05
1.803125000000000000e+01,2.389584775905359782e-05
1.804687500000000000e+01,2.199203538073429425e-05
1.806250000000000000e+01,2.214926541964586757e-05
1.807812500000000000e+01,2.320317813051787521e-05
1.809375000000000000e+01,2.369668348667755529e-05
1.810937500000000000e+01,2.387978731671186575e-05
1.812500000000000000e+01,2.466944604636675344e-05
1.814062500000000000e+01,2.575839434681421230e-05
1.815625000000000000e+01,2.570989700926899792e-05
1.817187500000000000e+01,2.419762420085479760e-05
1.818750000000000000e+01,2.269305403446002313e-05
1.820312500000000000e+01,2.213723332814117263e-05
1.821875000000000000e+01,2.195638578495147768e-05
1.823437500000000000e+01,2.147519868402036406e-05
1.825000000000000000e+01,2.087954177400092737e-05
1.826562500000000000e+01,2.118173832215441738e-05
1.828125000000000000e+01,2.278549488955817627e-05
1.829687500000000000e+01,2.469238947359718908e-05
1.831250000000000000e+01,2.591792616015242494e-05
1.832812500000000000e+01,2.614009344143290928e-05
1.834375000000000000e+01,2.547429715569673387e-05
1.835937500000000000e+01,2.460487925296184764e-05
1.837500000000000000e+01,2.446239410905052329e-05
1.839062500000000000e+01,2.488640887392067460e-05
1.840625000000000000e+01,2.482732493990096631e-05
1.842187500000000000e+01,2.397573697481809272e-05
1.843750000000000000e+01,2.283338431946328062e-05
1.845312500000000000e+01,2.192579563096334224e-05
1.846875000000000000e+01,2.118051434103262532e-05
1.848437500000000000e+01,2.047455895610897185e-05
1.850000000000000000e+01,2.072788180070066167e-05
1.851562500000000000e+01,2.229837090596309727e-05
1.853125000000000000e+01,2.369382777162427778e-05
1.854687500000000000e+01,2.359460534520753876e-05
1.856250000000000000e+01,2.239639362371833374e-05
1.857812500000000000e+01,2.139067363839484219e-05
1.859375000000000000e+01,2.100622900098532113e-05
1.860937500000000000e+01,2.088589254046563248e-05
1.862500000000000000e+01,2.056014515129245070e-05
1.864062500000000000e+01,2.012565513138560438e-05
1.865625000000000000e+01,2.021004157470225287e-05
1.867187500000000000e+01,2.032280821329423943e-05
1.868750000000000000e+01,1.978455318777717388e-05
1.870312500000000000e+01,1.937153993617902377e-05
1.871875000000000000e+01,1.968117932794147691e-05
1.873437500000000000e+01,1.968034601305379867e-05
1.875000000000000000e+01,1.860030967017915610e-05
1.876562500000000000e+01,1.726985029671806597e-05
1.878125000000000000e+01,1.684132908095827425e-05
1.879687500000000000e+01,1.744939527546691767e-05
1.881250000000000000e+01,1.837547540102423414e-05
1.882812500000000000e+01,1.893553593039607082e-05
1.884375000000000000e+01,1.927825655127027993e-05
1.885937500000000000e+01,2.000025181524638746e-05
1.887500000000000000e+01,2.103006483329153376e-05
1.889062500000000000e+01,2.155977680311223658e-05
1.890625000000000000e+01,2.094694494376136002e-05
1.892187500000000000e+01,1.953559557234208296e-05
1.893750000000000000e+01,1.854655276941374309e-05
1.895312500000000000e+01,1.888534534199384185e-05
1.896875000000000000e+01,2.019340032207580328e-05
1.898437500000000000e+01,2.151788160014098738e-05
1.900000000000000000e+01,2.244450089969361408e-05
1.901562500000000000e+01,2.314234108654405231e-05
1.903125000000000000e+01,2.335051002938312925e-05
1.904687500000000000e+01,2.188674680214942102e-05
1.906250000000000000e+01,1.863080829384651023e-05
1.907812500000000000e+01,1.660275719710341356e-05
1.909375000000000000e+01,1.836003653499634891e-05
1.910937500000000000e+01,2.066934044900844674e-05
1.912500000000000000e+01,2.058033371385138577e-05
1.914062500000000000e+01,1.906519506916005854e-05
1.915625000000000000e+01,1.841926441157966504e-05
1.917187500000000000e+01,1.884578087161011339e-05
1.918750000000000000e+01,1.931848465569526298e-05
1.920312500000000000e+01,1.917101306009879905e-05
1.921875000000000000e+01,1.836313208747004783e-05
1.923437500000000000e+01,1.742139278732612374e-05
1.925000000000000000e+01,1.669040964303235310e-05
1.926562500000000000e+01,1.629215206066477581e-05
1.928125000000000000e+01,1.633286866182900350e-05
1.929687500000000000e+01,1.665849545010171685e-05
1.931250000000000000e+01,1.708518169217497710e-05
1.932812500000000000e+01,1.752969973012994897e-05
1.934375000000000000e+01,1.759950449136272248e-05
1.935937500000000000e+01,1.720865141523439151e-05
1.937500000000000000e+01,1.750147894630407522e-05
1.939062500000000000e+01,1.894052867375638549e-05
1.940625000000000000e+01,2.015472598289423379e-05
1.942187500000000000e+01,2.045532747571108531e-05
1.943750000000000000e+01,2.054007793069516106e-05
1.945312500000000000e+01,2.080073178275912538e-05
1.946875000000000000e+01,2.064008963822394605e-05
1.948437500000000000e+01,1.951925613760268179e-05
1.950000000000000000e+01,1.764993588961481913e-05
1.951562500000000000e+01,1.582821713900677875e-05
1.953125000000000000e+01,1.495221306519113471e-05
1.954687500000000000e+01,1.535685842582116937e-05
1.956250000000000000e+01,1.666833785835842373e-05
1.957812500000000000e+01,1.805665140932705433e-05
1.959375000000000000e+01,1.871962019283517604e-05
1.960937500000000000e+01,1.852072066961219464e-05
1.962500000000000000e+01,1.780622381255977216e-05
1.964062500000000000e+01,1.690656287483237658e-05
1.965625000000000000e+01,1.603565483597629125e-05
1.967187500000000000e+01,1.503477591256998912e-05
1.968750000000000000e+01,1.399063790137664219e-05
1.970312500000000000e+01,1.390536707228738798e-05
1.971875000000000000e+01,1.494247038147148194e-05
1.973437500000000000e+01,1.599327417776460613e-05
1.975000000000000000e+01,1.668512227018062409e-05
1.976562500000000000e+01,1.725272390191641447e-05
1.978125000000000000e+01,1.750425860183053224e-05
1.979687500000000000e+01,1.716782581787960489e-05
1.981250000000000000e+01,1.628022374210820458e-05
1.982812500000000000e+01,1.549157571825848846e-05
1.984375000000000000e+01,1.568707146161591221e-05
1.985937500000000000e+01,1.643466321484572865e-05
1.987500000000000000e+01,1.678244676611454094e-05
1.989062500000000000e+01,1.664735481392614280e-05
1.990625000000000000e+01,1.622519571122133257e-05
1.992187500000000000e+01,1.554591587105097378e-05
1.993750000000000000e+01,1.448598422917184282e-05
1.995312500000000000e+01,1.299725709572230815e-05
1.996875000000000000e+01,1.185629686167595753e-05
1.998437500000000000e+01,1.199343403918439033e-05
2.000000000000000000e+01,1.297898702114045160e-05
2.001562500000000000e+01,1.402586651014549030e-05
2.003125000000000000e+01,1.479196984524382922e-05
2.004687500000000000e+01,1.487610243579720815e-05
2.006250000000000000e+01,1.417783469104818577e-05
2.007812500000000000e+01,1.328501601735404266e-05
2.009375000000000000e+01,1.274045169988956210e-05
2.010937500000000000e+01,1.277112871304991806e-05
2.012500000000000000e+01,1.356194057148477010e-05
2.014062500000000000e+01,1.477688603622605328e-05
2.015625000000000000e+01,1.569769278657727704e-05
2.017187500000000000e+01,1.580854358448081831e-05
2.018750000000000000e+01,1.520491557574934142e-05
2.020312500000000000e+01,1.460665418111604518e-05
2.021875000000000000e+01,1.444308441315702375e-05
2.023437500000000000e+01,1.431795654533822130e-05
2.025000000000000000e+01,1.425538681641068430e-05
2.026562500000000000e+01,1.450589344127732338e-05
2.028125000000000000e+01,1.438993182494512900e-05
2.029687500000000000e+01,1.361274549467834992e-05
2.031250000000000000e+01,1.275530011015944999e-05
2.032812500000000000e+01,1.208072742037870267e-05
2.034375000000000000e+01,1.168730966590776236e-05
2.035937500000000000e+01,1.172103325617820348e-05
2.037500000000000000e+01,1.187496253072055827e-05
2.039062500000000000e+01,1.177833724842975569e-05
2.040625000000000000e+01,1.149501135933326455e-05
2.042187500000000000e+01,1.141530913135432064e-05
2.043750000000000000e+01,1.160401279647110832e-05
2.045312500000000000e+01,1.167327153997287313e-05
2.046875000000000000e+01,1.152168335531155483e-05
2.048437500000000000e+01,1.162058851363289572e-05
2.050000000000000000e+01,1.227888659517591863e-05
2.051562500000000000e+01,1.294514922055413338e-05
2.053125000000000000e+01,1.303955024441365022e-05
2.054687500000000000e+01,1.272580684639805958e-05
2.056250000000000000e+01,1.235658028597769958e-05
2.057812500000000000e+01,1.199410718714657650e-05
2.059375000000000000e+01,1.174630794008894618e-05
2.060937500000000000e+01,1.185568396577803450e-05
2.062500000000000000e+01,1.229629773507225557e-05
2.064062500000000000e+01,1.262938193870096473e-05
2.065625000000000000e+01,1.247415752881491433e-05
2.067187500000000000e+01,1.197004675685183091e-05
2.068750000000000000e+01,1.147038388370606675e-05
2.070312500000000000e+01,1.105872744817668613e-05
2.071875000000000000e+01,1.051640947259278443e-05
2.073437500000000000e+01,9.706238449822495625e-06
2.075000000000000000e+01,9.039979944017808805e-06
2.076562500000000000e+01,9.065048744724040617e-06
2.078125000000000000e+01,9.548583753655452919e-06
2.079687500000000000e+01,9.982533610496284525e-06
2.081250000000000000e+01,1.025570474176505462e-05
2.082812500000000000e+01,1.057109489816590180e-05
2.084375000000000000e+01,1.139464747928286421e-05
2.085937500000000000e+01,1.283585300362643262e-05
2.087500000000000000e+01,1.402005921813212688e-05
2.089062500000000000e+01,1.398367029201213784e-05
2.090625000000000000e+01,1.260597403011951731e-05
2.092187500000000000e+01,1.051357166155501667e-05
2.093750000000000000e+01,8.788057285313182528e-06
2.095312500000000000e+01,8.505270183378224412e-06
2.096875000000000000e+01,9.437748519977773968e-06
2.098437500000000000e+01,1.043181905612474625e-05
2.100000000000000000e+01,1.095008420455244449e-05
2.101562500000000000e+01,1.121105315336045308e-05
2.103125000000000000e+01,1.145365330591159850e-05
2.104687500000000000e+01,1.157334171189118540e-05
2.106250000000000000e+01,1.149544973720365254e-05
2.107812500000000000e+01,1.121195019637994906e-05
2.109375000000000000e+01,1.084280620551783204e-05
2.110937500000000000e+01,1.071321077720655979e-05
2.112500000000000000e+01,1.081165366726607415e-05
2.114062500000000000e+01,1.070540548892332396e-05
2.115625000000000000e+01,1.030795982683448584e-05
2.117187500000000000e+01,1.002553752364171453e-05
2.118750000000000000e+01,9.852522599043017873e-06
2.120312500000000000e+01,9.438266558302669374e-06
2.121875000000000000e+01,9.114417512988457306e-06
2.123437500000000000e+01,9.444586587816881866e-06
2.125000000000000000e+01,1.019656687804624233e-05
2.126562500000000000e+01,1.085057712174387222e-05
2.128125000000000000e+01,1.114122796496380444e-05
2.129687500000000000e+01,1.113454008900598759e-05
2.131250000000000000e+01,1.126188084181427392e-05
2.132812500000000000e+01,1.155061884833274818e-05
2.134375000000000000e+01,1.128460634568092721e-05
2.135937500000000000e+01,1.014730357296658070e-05
2.137500000000000000e+01,8.926718928877749393e-06
2.139062500000000000e+01,8.837552327605118920e-06
2.140625000000000000e+01,9.762667458964970472e-06
2.142187500000000000e+01,1.046765981127178129e-05
2.143750000000000000e+01,1.057188766344928849e-05
2.145312500000000000e+01,1.056982476421403215e-05
2.146875000000000000e+01,1.062963509212507508e-05
2.148437500000000000e+01,1.036397865936727093e-05
2.150000000000000000e+01,9.588275550339316096e-06
2.151562500000000000e+01,8.676966519615766999e-06
2.153125000000000000e+01,8.191744558687251955e-06
2.154687500000000000e+01,8.318991145405604115e-06
2.156250000000000000e+01,8.623719697477400366e-06
2.157812500000000000e+01,8.415408818694910430e-06
2.159375000000000000e+01,7.699041561132723065e-06
2.160937500000000000e+01,7.553112386899654427e-06
2.162500000000000000e+01,8.561172403436583894e-06
2.164062500000000000e+01,9.862833487257593589e-06
2.165625000000000000e+01,1.073421123625742789e-05
2.167187500000000000e+01,1.105668228376794607e-05
2.168750000000000000e+01,1.099385950625788359e-05
2.170312500000000000e+01,1.067782647502570499e-05
2.171875000000000000e+01,1.000429816257572234e-05
2.173437500000000000e+01,9.030520009200018606e-06
2.175000000000000000e+01,8.271242066686786620e-06
2.176562500000000000e+01,8.030234105919750035e-06
2.178125000000000000e+01,8.044950139157518190e-06
2.179687500000000000e+01,8.226934491207635544e-06
2.181250000000000000e+01,8.679274700161575113e-06
2.182812500000000000e+01,9.208646296264817683e-06
2.184375000000000000e+01,9.514191791811225346e-06
2.185937500000000000e+01,9.468618180456012630e-06
2.187500000000000000e+01,9.075210117082182644e-06
2.189062500000000000e+01,8.348014210411727507e-06
2.190625000000000000e+01,7.460610765948605078e-06
2.192187500000000000e+01,6.939324943336454351e-06
2.193750000000000000e+01,7.234865585195771295e-06
2.195312500000000000e+01,8.032868062923056876e-06
2.196875000000000000e+01,8.667046446532153864e-06
2.198437500000000000e+01,8.921621546275156398e-06
2.200000000000000000e+01,8.971325701469005459e-06
2.201562500000000000e+01,8.907062946097898240e-06
2.203125000000000000e+01,8.678171818876913123e-06
2.204687500000000000e+01,8.324755309858498269e-06
2.206250000000000000e+01,8.046259401296033725e-06
2.207812500000000000e+01,7.923268274546066810e-06
2.209375000000000000e+01,7.806557735926042944e-06
2.210937500000000000e+01,7.636717475377725078e-06
2.212500000000000000e+01,7.667994160416553113e-06
2.214062500000000000e+01,8.173149356500248805e-06
2.215625000000000000e+01,8.890187113245095942e-06
2.217187500000000000e+01,9.276282959623956801e-06
2.218750000000000000e+01,9.072872189139855945e-06
2.220312500000000000e+01,8.464920075605605819e-06
2.221875000000000000e+01,7.944907408384148636e-06
2.223437500000000000e+01,7.802088615041451368e-06
2.225000000000000000e+01,7.744915719168118370e-06
2.226562500000000000e+01,7.393908725754747695e-06
2.228125000000000000e+01,6.865466524411171673e-06
2.229687500000000000e+01,6.684931367616714639e-06
2.231250000000000000e+01,7.077340508887084867e-06
2.232812500000000000e+01,7.655743978413664103e-06
2.234375000000000000e+01,8.040843548900206448e-06
2.235937500000000000e+01,8.133129918045771547e-06
2.237500000000000000e+01,7.931326815506718988e-06
2.239062500000000000e+01,7.552824500485125695e-06
2.240625000000000000e+01,7.288216764758161600e-06
2.242187500000000000e+01,7.348199207582124654e-06
2.243750000000000000e+01,7.659483299855963828e-06
2.245312500000000000e+01,7.958554666421717379e-06
2.246875000000000000e+01,8.024214213713959804e-06
2.248437500000000000e+01,7.900280746979819569e-06
2.250000000000000000e+01,7.726574029277304590e-06
2.251562500000000000e+01,7.556878307660123052e-06
2.253125000000000000e+01,7.578915308939819927e-06
2.254687500000000000e+01,7.839353944880351487e-06
2.256250000000000000e+01,7.910118906499486491e-06
2.257812500000000000e+01,7.526431930912685674e-06
2.259375000000000000e+01,6.974020207940667131e-06
2.260937500000000000e+01,6.690645498046799868e-06
2.262500000000000000e+01,6.744310002564180297e-06
2.264062500000000000e+01,6.889779823100610418e-06
2.265625000000000000e+01,7.006761912082260760e-06
2.267187500000000000e+01,7.112073836062912118e-06
2.268750000000000000e+01,7.419951786264427930e-06
2.270312500000000000e+01,8.075472228225130840e-06
2.271875000000000000e+01,8.563629502494970612e-06
2.273437500000000000e+01,8.401770030750090545e-06
2.275000000000000000e+01,7.771915131364723930e-06
2.276562500000000000e+01,7.097313545638593503e-06
2.278125000000000000e+01,6.715731302962514212e-06
2.279687500000000000e+01,6.776365717708886192e-06
2.281250000000000000e+01,6.980463669871650842e-06
2.282812500000000000e+01,6.870488024318055240e-06
2.284375000000000000e+01,6.368180987978830459e-06
2.285937500000000000e+01,5.802870710768809252e-06
2.287500000000000000e+01,5.504416702536205736e-06
2.289062500000000000e+01,5.464493547425905464e-06
2.290625000000000000e+01,5.620393841933498501e-06
2.292187500000000000e+01,6.030689778660391461e-06
2.293750000000000000e+01,6.612756434174964572e-06
2.295312500000000000e+01,7.168071862448454633e-06
2.296875000000000000e+01,7.407988102742426377e-06
2.298437500000000000e+01,7.135442237898774924e-06
2.300000000000000000e+01,6.537625223805657512e-06
2.301562500000000000e+01,6.063039631273114437e-06
2.303125000000000000e+01,5.894982805476874977e-06
2.304687500000000000e+01,5.847692371588857622e-06
2.306250000000000000e+01,5.812681584754565281e-06
2.307812500000000000e+01,5.804373716221182128e-06
2.309375000000000000e+01,5.773878246406768906e-06
2.310937500000000000e+01,5.655079744129597388e-06
2.312500000000000000e+01,5.504562474508332238e-06
2.314062500000000000e+01,5.492228360246397728e-06
2.315625000000000000e+01,5.755696344158803519e-06
2.317187500000000000e+01,6.266371083508145309e-06
2.318750000000000000e+01,6.732303554963265224e-06
2.320312500000000000e+01,6.841717187529711379e-06
2.321875000000000000e+01,6.588618885995664900e-06
2.323437500000000000e+01,6.204496132513079622e-06
2.325000000000000000e+01,5.932994236347887910e-06
2.326562500000000000e+01,5.863831386707019047e-06
2.328125000000000000e+01,5.850880417972015804e-06
2.329687500000000000e+01,5.864302292488085972e-06
2.331250000000000000e+01,6.034674760426293822e-06
2.332812500000000000e+01,6.219432421451586180e-06
2.334375000000000000e+01,6.161664447187962657e-06
2.335937500000000000e+01,5.906052501811754497e-06
2.337500000000000000e+01,5.649433653160700429e-06
2.339062500000000000e+01,5.454218806488821915e-06
2.340625000000000000e+01,5.380194057589800585e-06
2.342187500000000000e+01,5.474731477822522368e-06
2.343750000000000000e+01,5.629106674115664351e-06
2.345312500000000000e+01,5.658113025221074972e-06
2.346875000000000000e+01,5.488099012618756123e-06
2.348437500000000000e+01,5.293730692715621481e-06
2.350000000000000000e+01,5.280208972199608192e-06
2.351562500000000000e+01,5.462394893894038617e-06
2.353125000000000000e+01,5.693415636192218836e-06
2.354687500000000000e+01,5.804531816294858390e-06
2.356250000000000000e+01,5.754272171467181938e-06
2.357812500000000000e+01,5.622328484273600886e-06
2.359375000000000000e+01,5.546365647711621561e-06
2.360937500000000000e+01,5.587220858335377310e-06
2.362500000000000000e+01,5.595847124805582662e-06
2.364062500000000000e+01,5.337144009430363024e-06
2.365625000000000000e+01,4.850154852415877800e-06
2.367187500000000000e+01,4.661196421736325724e-06
2.368750000000000000e+01,5.145870447344806983e-06
2.370312500000000000e+01,5.753612544369938290e-06
2.371875000000000000e+01,5.904125985938521468e-06
2.373437500000000000e+01,5.720604257135601931e-06
2.375000000000000000e+01,5.518704304570711040e-06
2.376562500000000000e+01,5.410660772006725580e-06
2.378125000000000000e+01,5.581160662571811457e-06
2.379687500000000000e+01,6.007714376398455038e-06
2.381250000000000000e+01,6.281421406423776142e-06
2.382812500000000000e+01,6.047456958077092756e-06
2.384375000000000000e+01,5.335657190134116165e-06
2.385937500000000000e+01,4.723854852837928100e-06
2.387500000000000000e+01,4.852166297004429061e-06
2.389062500000000000e+01,5.401462805817548940e-06
2.390625000000000000e+01,5.775239299567494852e-06
2.392187500000000000e+01,5.913272877869866802e-06
2.393750000000000000e+01,5.888729863226872331e-06
2.395312500000000000e+01,5.606996655083054224e-06
2.396875000000000000e+01,5.142356990856345371e-06
2.398437500000000000e+01,4.834382981246661741e-06
2.400000000000000000e+01,4.814126888784076711e-06
2.401562500000000000e+01,4.913864356588446026e-06
2.403125000000000000e+01,4.956643582251059742e-06
2.404687500000000000e+01,4.789504344423844416e-06
2.406250000000000000e+01,4.486051558650734709e-06
2.407812500000000000e+01,4.402768757555495716e-06
2.409375000000000000e+01,4.577241504936335399e-06
2.410937500000000000e+01,4.624399998937970752e-06
2.412500000000000000e+01,4.464414508087698919e-06
2.414062500000000000e+01,4.437098816965956572e-06
2.415625000000000000e+01,4.736780656107571741e-06
2.417187500000000000e+01,5.120518756031902856e-06
2.418750000000000000e+01,5.259699223476015631e-06
2.420312500000000000e+01,5.093535941895267511e-06
2.421875000000000000e+01,4.857252780489221965e-06
2.423437500000000000e+01,4.816532772219191210e-06
2.425000000000000000e+01,4.900196841409553116e-06
2.426562500000000000e+01,4.836496591894057046e-06
2.428125000000000000e+01,4.656695158397862638e-06
2.429687500000000000e+01,4.651959783256958463e-06
2.431250000000000000e+01,4.846249334481270457e-06
2.432812500000000000e+01,4.895672430623349893e-06
2.434375000000000000e+01,4.530202822054277574e-06
2.435937500000000000e+01,3.861501759006645321e-06
2.437500000000000000e+01,3.310860487264723480e-06
2.439062500000000000e+01,3.287754687692701583e-06
2.440625000000000000e+01,3.777879897846048372e-06
2.442187500000000000e+01,4.372401592632990800e-06
2.443750000000000000e+01,4.717558175246656791e-06
2.445312500000000000e+01,4.677275203326338112e-06
2.446875000000000000e+01,4.313760670673608826e-06
2.448437500000000000e+01,3.927035487572466720e-06
2.450000000000000000e+01,3.861487369158052565e-06
2.451562500000000000e+01,4.045417866962949047e-06
2.453125000000000000e+01,4.185352502590333316e-06
2.454687500000000000e+01,4.195668053697681941e-06
2.456250000000000000e+01,4.252039632203686746e-06
2.457812500000000000e+01,4.512169332896872263e-06
2.459375000000000000e+01,4.781107859239090803e-06
2.460937500000000000e+01,4.762218441598212988e-06
2.462500000000000000e+01,4.450315233779986976e-06
2.464062500000000000e+01,4.208686406777471281e-06
2.465625000000000000e+01,4.289957325917219473e-06
2.467187500000000000e+01,4.383522299562657029e-06
2.468750000000000000e+01,4.219696321780666342e-06
2.470312500000000000e+01,4.017098811951001232e-06
2.471875000000000000e+01,4.061380697113269007e-06
2.473437500000000000e+01,4.209473905407277784e-06
2.475000000000000000e+01,4.263597360993391652e-06
2.476562500000000000e+01,4.299464626006382697e-06
2.478125000000000000e+01,4.292491098566619816e-06
2.479687500000000000e+01,4.094968998746593638e-06
2.481250000000000000e+01,3.900277481495193781e-06
2.482812500000000000e+01,4.022661785377017131e-06
2.484375000000000000e+01,4.294475627331684467e-06
2.485937500000000000e+01,4.409427266544875219e-06
2.487500000000000000e+01,4.357121785197217968e-06
2.489062500000000000e+01,4.224333174307197464e-06
2.490625000000000000e+01,4.008533098901019681e-06
2.492187500000000000e+01,3.817931089311422591e-06
2.493750000000000000e+01,3.896431217031227277e-06
2.495312500000000000e+01,4.192759188085793939e-06
2.496875000000000000e+01,4.415732444059411189e-06
2.498437500000000000e+01,4.459568964140671113e-06
2.500000000000000000e+01,4.365062053913487157e-06
2.501562500000000000e+01,4.162451494457902596e-06
2.503125000000000000e+01,3.935491727736778913e-06
2.504687500000000000e+01,3.898456750567848399e-06
2.506250000000000000e+01,4.117646583891693046e-06
2.507812500000000000e+01,4.332272572407276351e-06
2.509375000000000000e+01,4.336097022433447379e-06
2.510937500000000000e+01,4.198184457625481889e-06
2.512500000000000000e+01,4.078392175292792908e-06
2.514062500000000000e+01,3.946690803119285572e-06
2.515625000000000000e+01,3.751342183752558496e-06
2.517187500000000000e+01,3.694426428776814645e-06
2.518750000000000000e+01,3.906700923687837627e-06
2.520312500000000000e+01,4.206151508965310429e-06
2.521875000000000000e+01,4.387441779883239959e-06
2.523437500000000000e+01,4.354579860238564277e-06
2.525000000000000000e+01,4.076593681137963366e-06
2.526562500000000000e+01,3.646448223540359220e-06
2.528125000000000000e+01,3.347251529958681578e-06
2.529687500000000000e+01,3.294123935677394317e-06
2.531250000000000000e+01,3.216207281027148950e-06
2.532812500000000000e+01,3.083645258871939592e-06
2.534375000000000000e+01,3.155454261202991552e-06
2.535937500000000000e+01,3.345809902351818453e-06
2.537500000000000000e+01,3.444505335700758606e-06
2.539062500000000000e+01,3.425266986855235129e-06
2.540625000000000000e+01,3.292984789540130727e-06
2.542187500000000000e+01,3.167712057527009690e-06
2.543750000000000000e+01,3.217364277983397426e-06
2.545312500000000000e+01,3.345639454771471644e-06
2.546875000000000000e+01,3.377599010101026544e-06
2.548437500000000000e+01,3.323914648429405301e-06
2.550000000000000000e+01,3.305522446249978323e-06
2.551562500000000000e+01,3.333070087268779567e-06
2.553125000000000000e+01,3.315609524736113872e-06
2.554687500000000000e+01,3.241931716915629590e-06
2.556250000000000000e+01,3.162790973914694147e-06
2.557812500000000000e+01,3.155537903842016039e-06
2.559375000000000000e+01,3.212524543003363077e-06
2.560937500000000000e+01,3.203400950354595477e-06
2.562500000000000000e+01,3.122221206093625512e-06
2.564062500000000000e+01,3.136161307875590738e-06
2.565625000000000000e+01,3.312952856137734718e-06
2.567187500000000000e+01,3.500940725419460923e-06
2.568750000000000000e+01,3.575183894829411174e-06
2.570312500000000000e+01,3.623572298184542234e-06
2.571875000000000000e+01,3.730616210087069110e-06
2.573437500000000000e+01,3.736293435093430408e-06
2.575000000000000000e+01,3.566003140020870671e-06
2.576562500000000000e+01,3.438663513760959888e-06
2.578125000000000000e+01,3.441149342779654462e-06
2.579687500000000000e+01,3.461111834061973731e-06
2.581250000000000000e+01,3.498508412531617004e-06
2.582812500000000000e+01,3.466063037175300887e-06
2.584375000000000000e+01,3.259518451357346683e-06
2.585937500000000000e+01,3.046386857938285750e-06
2.587500000000000000e+01,3.031927220408122278e-06
2.589062500000000000e+01,3.208507246611143262e-06
2.590625000000000000e+01,3.457985411659378184e-06
2.592187500000000000e+01,3.573711539467067746e-06
2.593750000000000000e+01,3.489707904029869875e-06
2.595312500000000000e+01,3.434917273989576956e-06
2.596875000000000000e+01,3.585000889455953735e-06
2.598437500000000000e+01,3.752930382193843476e-06
2.600000000000000000e+01,3.690573066047920251e-06
2.601562500000000000e+01,3.448484475089922083e-06
2.603125000000000000e+01,3.259816885665996866e-06
2.604687500000000000e+01,3.128608481474234428e-06
2.606250000000000000e+01,2.943430348656085918e-06
2.607812500000000000e+01,2.828357306818208652e-06
2.609375000000000000e+01,2.838849661197554210e-06
2.610937500000000000e+01,2.879210079025521665e-06
2.612500000000000000e+01,3.020316617106425606e-06
2.614062500000000000e+01,3.246192019382468725e-06
2.615625000000000000e+01,3.395327568056593205e-06
2.617187500000000000e+01,3.389020065240792746e-06
2.618750000000000000e+01,3.202995628380235946e-06
2.620312500000000000e+01,2.892609605975375018e-06
2.621875000000000000e+01,2.597459912912494583e-06
2.623437500000000000e+01,2.436735511526610193e-06
2.625000000000000000e+01,2.457517881981377179e-06
2.626562500000000000e+01,2.591581129522408777e-06
2.628125000000000000e+01,2.761042555282565331e-06
2.629687500000000000e+01,2.933571861821844362e-06
2.631250000000000000e+01,3.032081634573090873e-06
2.632812500000000000e+01,2.994360632264303922e-06
2.634375000000000000e+01,2.910081804984325926e-06
2.635937500000000000e+01,2.920671122293775068e-06
2.637500000000000000e+01,3.003428275206100147e-06
2.639062500000000000e+01,3.061314806741075000e-06
2.640625000000000000e+01,3.044319731570302111e-06
2.642187500000000000e+01,2.977197434964664502e-06
2.643750000000000000e+01,2.999237339357001561e-06
2.645312500000000000e+01,3.145075581663169206e-06
2.646875000000000000e+01,3.245238921486241293e-06
2.648437500000000000e+01,3.213432047861185078e-06
2.650000000000000000e+01,3.092875357049399740e-06
2.651562500000000000e+01,2.892882832427869644e-06
2.653125000000000000e+01,2.699211629272025128e-06
2.654687500000000000e+01,2.711098427087512567e-06
2.656250000000000000e+01,2.831321911183897068e-06
2.657812500000000000e+01,2.826441607151904350e-06
2.659375000000000000e+01,2.735692738261542215e-06
2.660937500000000000e+01,2.694885977735461851e-06
2.662500000000000000e+01,2.737368509851576271e-06
2.664062500000000000e+01,2.779297599208902132e-06
2.665625000000000000e+01,2.681525699093542315e-06
2.667187500000000000e+01,2.475048181489663596e-06
2.668750000000000000e+01,2.359851318464342471e-06
2.670312500000000000e+01,2.392395210384225524e-06
2.671875000000000000e+01,2.470672194015394452e-06
2.673437500000000000e+01,2.531188674744587069e-06
2.675000000000000000e+01,2.548831132465569030e-06
2.676562500000000000e+01,2.562204198654886476e-06
2.678125000000000000e+01,2.615588147176970050e-06
2.679687500000000000e+01,2.677073565159674066e-06
2.681250000000000000e+01,2.742508736172086105e-06
2.682812500000000000e+01,2.811438146189072556e-06
2.684375000000000000e+01,2.828327751518392703e-06
2.685937500000000000e+01,2.770940706227840510e-06
2.687500000000000000e+01,2.653866983932891484e-06
2.689062500000000000e+01,2.508435072802584203e-06
2.690625000000000000e+01,2.414233913173602995e-06
2.692187500000000000e+01,2.382881690687740305e-06
2.693750000000000000e+01,2.351855518527959539e-06
2.695312500000000000e+01,2.311036661358975830e-06
2.696875000000000000e+01,2.232343630717421530e-06
2.698437500000000000e+01,2.129410063789567345e-06
2.700000000000000000e+01,2.114983176606921166e-06
2.701562500000000000e+01,2.224988657569450634e-06
2.703125000000000000e+01,2.353763560575980470e-06
2.704687500000000000e+01,2.361002611179237863e-06
2.706250000000000000e+01,2.255873170639379592e-06
2.707812500000000000e+01,2.223323734374467203e-06
2.709375000000000000e+01,2.303347811478296995e-06
2.710937500000000000e+01,2.319767851776949613e-06
2.712500000000000000e+01,2.221723277727705375e-06
2.714062500000000000e+01,2.154962642543699355e-06
2.715625000000000000e+01,2.211053175860860726e-06
2.717187500000000000e+01,2.308393204136653640e-06
2.718750000000000000e+01,2.381354454591184881e-06
2.720312500000000000e+01,2.464433532057117285e-06
2.721875000000000000e+01,2.553932681282739688e-06
2.723437500000000000e+01,2.596059144766809649e-06
2.725000000000000000e+01,2.575141157643691496e-06
2.726562500000000000e+01,2.487757436145277903e-06
2.728125000000000000e+01,2.353296226750101095e-06
2.729687500000000000e+01,2.260062322057284079e-06
2.731250000000000000e+01,2.331135783872940618e-06
2.732812500000000000e+01,2.564882090553322407e-06
2.734375000000000000e+01,2.769728807451013201e-06
2.735937500000000000e+01,2.760685537679429310e-06
2.737500000000000000e+01,2.533039121219758533e-06
2.739062500000000000e+01,2.267257452661086037e-06
2.740625000000000000e+01,2.155870362416369882e-06
2.742187500000000000e+01,2.219317767413794067e-06
2.743750000000000000e+01,2.357966982767082773e-06
2.745312500000000000e+01,2.445012224512563958e-06
2.746875000000000000e+01,2.409617361756659994e-06
2.748437500000000000e+01,2.324352830501765298e-06
2.750000000000000000e+01,2.263657281375177963e-06
2.751562500000000000e+01,2.189889947160523805e-06
2.753125000000000000e+01,2.145204931297356010e-06
2.754687500000000000e+01,2.205799990486008747e-06
2.756250000000000000e+01,2.308375375741256670e-06
2.757812500000000000e+01,2.405775873674562161e-06
2.759375000000000000e+01,2.498937450437283746e-06
2.760937500000000000e+01,2.545749930528532147e-06
2.762500000000000000e+01,2.533617977014893029e-06
2.764062500000000000e+01,2.483286656930573574e-06
2.765625000000000000e+01,2.375886104303222526e-06
2.767187500000000000e+01,2.207170796468949798e-06
2.768750000000000000e+01,2.088388689038200905e-06
2.770312500000000000e+01,2.087986576090181234e-06
2.771875000000000000e+01,2.111384872688380701e-06
2.773437500000000000e+01,2.143874955398835013e-06
2.775000000000000000e+01,2.231753190117563290e-06
2.776562500000000000e+01,2.314654994038787387e-06
2.778125000000000000e+01,2.327053032662725787e-06
2.779687500000000000e+01,2.256299826134044557e-06
2.781250000000000000e+01,2.145737606353829267e-06
2.782812500000000000e+01,2.139852545763551664e-06
2.784375000000000000e+01,2.298616430768242782e-06
2.785937500000000000e+01,2.450173451894552555e-06
2.787500000000000000e+01,2.439006107647398386e-06
2.789062500000000000e+01,2.311442516573446465e-06
2.790625000000000000e+01,2.235861153296874101e-06
2.792187500000000000e+01,2.260146705400781352e-06
2.793750000000000000e+01,2.265173907516445132e-06
2.795312500000000000e+01,2.200379061788429592e-06
2.796875000000000000e+01,2.153832710659398944e-06
2.798437500000000000e+01,2.165247263569620830e-06
2.800000000000000000e+01,2.163499304198678493e-06
2.801562500000000000e+01,2.094301767235409683e-06
2.803125000000000000e+01,1.930031248807945771e-06
2.804687500000000000e+01,1.696067935504342045e-06
2.806250000000000000e+01,1.549891484859718536e-06
2.807812500000000000e+01,1.606501622986471458e-06
2.809375000000000000e+01,1.737189771044335527e-06
2.810937500000000000e+01,1.816201351986796349e-06
2.812500000000000000e+01,1.874830234181179304e-06
2.814062500000000000e+01,1.906880205464402319e-06
2.815625000000000000e+01,1.851343104482826611e-06
2.817187500000000000e+01,1.816496604139889459e-06
2.818750000000000000e+01,1.967959960364124285e-06
2.820312500000000000e+01,2.221506325885479139e-06
2.821875000000000000e+01,2.347549553521120551e-06
2.823437500000000000e+01,2.255768577213669893e-06
2.825000000000000000e+01,2.064481518686070398e-06
2.826562500000000000e+01,1.921819695689425465e-06
2.828125000000000000e+01,1.844234554123364042e-06
2.829687500000000000e+01,1.812858950494050388e-06
2.831250000000000000e+01,1.848445959740546841e-06
2.832812500000000000e+01,1.940391588591628866e-06
2.834375000000000000e+01,2.035203513755104406e-06
2.835937500000000000e+01,2.084054390842350993e-06
2.837500000000000000e+01,2.065840692487521245e-06
2.839062500000000000e+01,1.987126009294080318e-06
2.840625000000000000e+01,1.882514631480496596e-06
2.842187500000000000e+01,1.778994008007778202e-06
2.843750000000000000e+01,1.661111530278751946e-06
2.845312500000000000e+01,1.571223620478289660e-06
2.846875000000000000e+01,1.629599112847877216e-06
2.848437500000000000e+01,1.809927525302526317e-06
2.850000000000000000e+01,1.927017705588150131e-06
2.851562500000000000e+01,1.886158001882909502e-06
2.853125000000000000e+01,1.758138543640380732e-06
2.854687500000000000e+01,1.653055047049999706e-06
2.856250000000000000e+01,1.641412528516507765e-06
2.857812500000000000e+01,1.727391194842718798e-06
2.859375000000000000e+01,1.804192572775856951e-06
2.860937500000000000e+01,1.777187377256537224e-06
2.862500000000000000e+01,1.682938051565226017e-06
2.864062500000000000e+01,1.624047357199455065e-06
2.865625000000000000e+01,1.591513978905549179e-06
2.867187500000000000e+01,1.506060702333339261e-06
2.868750000000000000e+01,1.437147850180450957e-06
2.870312500000000000e+01,1.492707287334067024e-06
2.871875000000000000e+01,1.564160096215744456e-06
2.873437500000000000e+01,1.546055277165690426e-06
2.875000000000000000e+01,1.515695467898402446e-06
2.876562500000000000e+01,1.522209134581962991e-06
2.878125000000000000e+01,1.522035854626507745e-06
2.879687500000000000e+01,1.560188314940264456e-06
2.881250000000000000e+01,1.683672160519479683e-06
2.882812500000000000e+01,1.815221683776709296e-06
2.884375000000000000e+01,1.864254622515162281e-06
2.885937500000000000e+01,1.838859923013488234e-06
2.887500000000000000e+01,1.816953120740871042e-06
2.889062500000000000e+01,1.840029440479186893e-06
2.890625000000000000e+01,1.907044500725628113e-06
2.892187500000000000e+01,2.041336670729883716e-06
2.893750000000000000e+01,2.177134435992824213e-06
2.895312500000000000e+01,2.149519033383657889e-06
2.896875000000000000e+01,1.940103182527514084e-06
2.898437500000000000e+01,1.715872692833312704e-06
2.900000000000000000e+01,1.593924653918399985e-06
2.901562500000000000e+01,1.545707314844412584e-06
2.903125000000000000e+01,1.531289466011356347e-06
2.904687500000000000e+01,1.554009066189722599e-06
2.906250000000000000e+01,1.624607743705778245e-06
2.907812500000000000e+01,1.707559254150345138e-06
2.909375000000000000e+01,1.763871604573467431e-06
2.910937500000000000e+01,1.785736029336734821e-06
2.912500000000000000e+01,1.770984304889534826e-06
2.914062500000000000e+01,1.744596070922459037e-06
2.915625000000000000e+01,1.721869288237127043e-06
2.917187500000000000e+01,1.694253625417138992e-06
2.918750000000000000e+01,1.682426891254140175e-06
2.920312500000000000e+01,1.688063505734676619e-06
2.921875000000000000e+01,1.654104716340080052e-06
2.923437500000000000e+01,1.540083675919460035e-06
2.925000000000000000e+01,1.438574475626926278e-06
2.926562500000000000e+01,1.530195863210223948e-06
2.928125000000000000e+01,1.759383466333436209e-06
2.929687500000000000e+01,1.903847131368820658e-06
2.931250000000000000e+01,1.895675393303439080e-06
2.932812500000000000e+01,1.816603060612817733e-06
2.934375000000000000e+01,1.728571674893888914e-06
2.935937500000000000e+01,1.630524130672947313e-06
2.937500000000000000e+01,1.535417630119534507e-06
2.939062500000000000e+01,1.485330878534686565e-06
2.940625000000000000e+01,1.517385170634529599e-06
2.942187500000000000e+01,1.592313271834976654e-06
2.943750000000000000e+01,1.624654854095806214e-06
2.945312500000000000e+01,1.623284993445335693e-06
2.946875000000000000e+01,1.680367166309423830e-06
2.948437500000000000e+01,1.766542835353638375e-06
2.950000000000000000e+01,1.762441214475345421e-06
2.951562500000000000e+01,1.674277064338124566e-06
2.953125000000000000e+01,1.597112855491695075e-06
2.954687500000000000e+01,1.581393872538352136e-06
2.956250000000000000e+01,1.607127905783147753e-06
2.957812500000000000e+01,1.616797430118028873e-06
2.959375000000000000e+01,1.599392448129551800e-06
2.960937500000000000e+01,1.571108247067176739e-06
2.962500000000000000e+01,1.504918075974121569e-06
2.964062500000000000e+01,1.439825551027175362e-06
2.965625000000000000e+01,1.503541843415260805e-06
2.967187500000000000e+01,1.652112877494502118e-06
2.968750000000000000e+01,1.711588385469614714e-06
2.970312500000000000e+01,1.622182040474918641e-06
2.971875000000000000e+01,1.486975744509326216e-06
2.973437500000000000e+01,1.434197185919539203e-06
2.975000000000000000e+01,1.439599429252888562e-06
2.976562500000000000e+01,1.453330752574975367e-06
2.978125000000000000e+01,1.498760020935591911e-06
2.979687500000000000e+01,1.553962259942497864e-06
2.981250000000000000e+01,1.565660099928993225e-06
2.982812500000000000e+01,1.542750978807823919e-06
2.984375000000000000e+01,1.513401987437635766e-06
2.985937500000000000e+01,1.471865310555547302e-06
2.987500000000000000e+01,1.417422979900245677e-06
2.989062500000000000e+01,1.375579567642356863e-06
2.990625000000000000e+01,1.355194308808587879e-06
2.992187500000000000e+01,1.326083810317651997e-06
2.993750000000000000e+01,1.284534408440637793e-06
2.995312500000000000e+01,1.269175229255875622e-06
2.996875000000000000e+01,1.286908902964329237e-06
2.998437500000000000e+01,1.326163500395209323e-06
3.000000000000000000e+01,1.364375440892933101e-06
3.001562500000000000e+01,1.367362005168637646e-06
3.003125000000000000e+01,1.363168731337439820e-06
3.004687500000000000e+01,1.391393876749972446e-06
3.006250000000000000e+01,1.421220302387990007e-06
3.007812500000000000e+01,1.428419619047642291e-06
3.009375000000000000e+01,1.426374891117623324e-06
3.010937500000000000e+01,1.421118612008561177e-06
3.012500000000000000e+01,1.395855304862960468e-06
3.014062500000000000e+01,1.342136605313219806e-06
3.015625000000000000e+01,1.291968788168963742e-06
3.017187500000000000e+01,1.301820876737153181e-06
3.018750000000000000e+01,1.359664370954883545e-06
3.020312500000000000e+01,1.401013537801681204e-06
3.021875000000000000e+01,1.429611727323955499e-06
3.023437500000000000e+01,1.468224936985448943e-06
3.025000000000000000e+01,1.489850336097870387e-06
3.026562500000000000e+01,1.456266160479156370e-06
3.028125000000000000e+01,1.356815456753260924e-06
3.029687500000000000e+01,1.248946274995453826e-06
3.031250000000000000e+01,1.242870292924334033e-06
3.032812500000000000e+01,1.319322786962797449e-06
3.034375000000000000e+01,1.349459821648503884e-06
3.035937500000000000e+01,1.302435834629307135e-06
3.037500000000000000e+01,1.214972262763489855e-06
3.039062500000000000e+01,1.130782825677123322e-06
3.040625000000000000e+01,1.116095923404052003e-06
3.042187500000000000e+01,1.178332705970069098e-06
3.043750000000000000e+01,1.264170698646567262e-06
3.045312500000000000e+01,1.348952075927079283e-06
3.046875000000000000e+01,1.413415757279976339e-06
3.048437500000000000e+01,1.436058306222832404e-06
3.050000000000000000e+01,1.419255662064842706e-06
3.051562500000000000e+01,1.379374665138426337e-06
3.053125000000000000e+01,1.358578839662383157e-06
3.054687500000000000e+01,1.412218122803994243e-06
3.056250000000000000e+01,1.510247862204487241e-06
3.057812500000000000e+01,1.565595820246687726e-06
3.059375000000000000e+01,1.561480003094662273e-06
3.060937500000000000e+01,1.538323718925466941e-06
3.062500000000000000e+01,1.505158133059856923e-06
3.064062500000000000e+01,1.444283620677786833e-06
3.065625000000000000e+01,1.374965758529757541e-06
3.067187500000000000e+01,1.322410978372010566e-06
3.068750000000000000e+01,1.285048203016925441e-06
3.070312500000000000e+01,1.298612637980302930e-06
3.071875000000000000e+01,1.349045600852186878e-06
3.073437500000000000e+01,1.339042120667883910e-06
3.075000000000000000e+01,1.249294908986964486e-06
3.076562500000000000e+01,1.170227780513767633e-06
3.078125000000000000e+01,1.170976493300181969e-06
3.079687500000000000e+01,1.196486601462794762e-06
3.081250000000000000e+01,1.183178671849830254e-06
3.082812500000000000e+01,1.161784913303066535e-06
3.084375000000000000e+01,1.181836800941573827e-06
3.085937500000000000e+01,1.221743949573787277e-06
3.087500000000000000e+01,1.217994126506625971e-06
3.089062500000000000e+01,1.161609181508968311e-06
3.090625000000000000e+01,1.109025548195264198e-06
3.092187500000000000e+01,1.083057352091935621e-06
3.093750000000000000e+01,1.058884629018392446e-06
3.095312500000000000e+01,1.048450894885688734e-06
3.096875000000000000e+01,1.077929925047618615e-06
3.098437500000000000e+01,1.107465382995655658e-06
3.100000000000000000e+01,1.083706258450683930e-06
3.101562500000000000e+01,1.034073659097636250e-06
3.103125000000000000e+01,1.030750193326885050e-06
3.104687500000000000e+01,1.094426826951397744e-06
3.106250000000000000e+01,1.174295633876208006e-06
3.107812500000000000e+01,1.190222368877654128e-06
3.109375000000000000e+01,1.139563810437212651e-06
3.110937500000000000e+01,1.128525631199005721e-06
3.112500000000000000e+01,1.182965199382565619e-06
3.114062500000000000e+01,1.201251223406024425e-06
3.115625000000000000e+01,1.148379281246662561e-06
3.117187500000000000e+01,1.069927552906456874e-06
3.118750000000000000e+01,1.011708119708750058e-06
3.120312500000000000e+01,1.023641742768330291e-06
3.121875000000000000e+01,1.112276636112172022e-06
3.123437500000000000e+01,1.201973755416632926e-06
3.125000000000000000e+01,1.239958126673104180e-06
3.126562500000000000e+01,1.234509499778535554e-06
3.128125000000000000e+01,1.206891506246719879e-06
3.129687500000000000e+01,1.167683689219085997e-06
3.131250000000000000e+01,1.141027800194920076e-06
3.132812500000000000e+01,1.163584520517857024e-06
3.134375000000000000e+01,1.222509739951265658e-06
3.135937500000000000e+01,1.250791212081252530e-06
3.137500000000000000e+01,1.203479124800725947e-06
3.139062500000000000e+01,1.096791502793540817e-06
3.140625000000000000e+01,9.766996333628726697e-07
3.142187500000000000e+01,8.914627300602321621e-07
3.143750000000000000e+01,8.948527069246698347e-07
3.145312500000000000e+01,9.738810082838541209e-07
3.146875000000000000e+01,1.034004477535207729e-06
3.148437500000000000e+01,1.039446835379340013e-06
3.150000000000000000e+01,1.034778209697854636e-06
3.151562500000000000e+01,1.060520359179002733e-06
3.153125000000000000e+01,1.109503045026512406e-06
3.154687500000000000e+01,1.139661981524529720e-06
3.156250000000000000e+01,1.122292997291509293e-06
3.157812500000000000e+01,1.078063437299166882e-06
3.159375000000000000e+01,1.069154636847456090e-06
3.160937500000000000e+01,1.118611061153947781e-06
3.162500000000000000e+01,1.169707162458046763e-06
3.164062500000000000e+01,1.186511177642624187e-06
3.165625000000000000e+01,1.189977846663589050e-06
3.167187500000000000e+01,1.191874539428991952e-06
3.168750000000000000e+01,1.172157689610797063e-06
3.170312500000000000e+01,1.129467307486758746e-06
3.171875000000000000e+01,1.104471938621150891e-06
3.173437500000000000e+01,1.112152865548290071e-06
3.175000000000000000e+01,1.103510622194597236e-06
3.176562500000000000e+01,1.047573475841595163e-06
3.178125000000000000e+01,9.870552172411218115e-07
3.179687500000000000e+01,9.812104498227215371e-07
3.181250000000000000e+01,1.013218958153507194e-06
3.182812500000000000e+01,1.029728824007487578e-06
3.184375000000000000e+01,1.020102023474814710e-06
3.185937500000000000e+01,1.000841346507989024e-06
3.187500000000000000e+01,9.844843585027757466e-07
3.189062500000000000e+01,9.684039015662010584e-07
3.190625000000000000e+01,9.478436088940842059e-07
3.192187500000000000e+01,9.341002308680331907e-07
3.193750000000000000e+01,9.396220287903573808e-07
3.195312500000000000e+01,9.510244601236206280e-07
3.196875000000000000e+01,9.474426285582242223e-07
3.198437500000000000e+01,9.489868747992272207e-07
3.200000000000000000e+01,9.967208351773786574e-07
3.201562500000000000e+01,1.073968740622065559e-06
3.203125000000000000e+01,1.127162603909562569e-06
3.204687500000000000e+01,1.126765728953024442e-06
3.206250000000000000e+01,1.063795726079232988e-06
3.207812500000000000e+01,9.555757555782031569e-07
3.209375000000000000e+01,8.630983960430281597e-07
3.210937500000000000e+01,8.376767116014750795e-07
3.212500000000000000e+01,8.680199074452886018e-07
3.214062500000000000e+01,9.240322129868642433e-07
3.215625000000000000e+01,9.703083323893062908e-07
3.217187500000000000e+01,9.605125355159167570e-07
3.218750000000000000e+01,9.014150506375278427e-07
3.220312500000000000e+01,8.756428159433017541e-07
3.221875000000000000e+01,9.234172093765882873e-07
3.223437500000000000e+01,9.840115070564277952e-07
3.225000000000000000e+01,1.007076253476405848e-06
3.226562500000000000e+01,9.949562390671205575e-07
3.228125000000000000e+01,9.628216663603190775e-07
3.229687500000000000e+01,9.221502368239952835e-07
3.231250000000000000e+01,8.961653581901504326e-07
3.232812500000000000e+01,9.229010780125437954e-07
3.234375000000000000e+01,1.007066440633703340e-06
3.235937500000000000e+01,1.077439556508028308e-06
3.237500000000000000e+01,1.060012577411277064e-06
3.239062500000000000e+01,9.774858383827778319e-07
3.240625000000000000e+01,9.349638990843294996e-07
3.242187500000000000e+01,9.587077474137396684e-07
3.243750000000000000e+01,9.693352418345396528e-07
3.245312500000000000e+01,9.472671820106570308e-07
3.246875000000000000e+01,9.320690455353043724e-07
3.248437500000000000e+01,9.328967583732732201e-07
3.250000000000000000e+01,9.455967646599242273e-07
3.251562500000000000e+01,9.580163233527557656e-07
3.253125000000000000e+01,9.456615891851585493e-07
3.254687500000000000e+01,9.217261534521521200e-07
3.256250000000000000e+01,9.193135455225727810e-07
3.257812500000000000e+01,9.331589202083667956e-07
3.259375000000000000e+01,9.290964427437436707e-07
3.260937500000000000e+01,8.867694433080545903e-07
3.262500000000000000e+01,8.442252503204001760e-07
3.264062500000000000e+01,8.625800835470871146e-07
3.265625000000000000e+01,9.238078062548728430e-07
3.267187500000000000e+01,9.735031268839781811e-07
3.268750000000000000e+01,9.919286659530868624e-07
3.270312500000000000e+01,9.793971973513005539e-07
3.271875000000000000e+01,9.496958555272699491e-07
3.273437500000000000e+01,9.232618651501784774e-07
3.275000000000000000e+01,8.932008250041073745e-07
3.276562500000000000e+01,8.408149951118370791e-07
3.278125000000000000e+01,7.970670560371956430e-07
3.279687500000000000e+01,8.096561920998483124e-07
3.281250000000000000e+01,8.511998841007016310e-07
3.282812500000000000e+01,8.582220618913667344e-07
3.284375000000000000e+01,8.252384034310233299e-07
3.285937500000000000e+01,8.170904923607511248e-07
3.287500000000000000e+01,8.615232144635005183e-07
3.289062500000000000e+01,9.047279673545914037e-07
3.290625000000000000e+01,9.194476322544189757e-07
3.292187500000000000e+01,9.190420521595115324e-07
3.293750000000000000e+01,9.040205971319859573e-07
3.295312500000000000e+01,8.787185598684491532e-07
3.296875000000000000e+01,8.666842950095675465e-07
3.298437500000000000e+01,8.826582025013194473e-07
3.300000000000000000e+01,9.108888925681566436e-07
3.301562500000000000e+01,8.972736711417087867e-07
3.303125000000000000e+01,8.360620892025841729e-07
3.304687500000000000e+01,8.103463289860304395e-07
3.306250000000000000e+01,8.510321670479604783e-07
3.307812500000000000e+01,8.997614115915466755e-07
3.309375000000000000e+01,9.213061235500960722e-07
3.310937500000000000e+01,9.170148511166996979e-07
3.312500000000000000e+01,8.931438601118777416e-07
3.314062500000000000e+01,8.501450206932600052e-07
3.315625000000000000e+01,7.863488404272441841e-07
3.317187500000000000e+01,7.081919722654996688e-07
3.318750000000000000e+01,6.369163281296589687e-07
3.320312500000000000e+01,6.117936725236327308e-07
3.321875000000000000e+01,6.486666576551309568e-07
3.323437500000000000e+01,6.899408125787018862e-07
3.325000000000000000e+01,6.868993118696726344e-07
3.326562500000000000e+01,6.755952228155458410e-07
3.328125000000000000e+01,7.090005738176348391e-07
3.329687500000000000e+01,7.595686475853082173e-07
3.331250000000000000e+01,7.853756077366190873e-07
3.332812500000000000e+01,7.940066069805589804e-07
3.334375000000000000e+01,8.022564118324624877e-07
3.335937500000000000e+01,8.083185069774614708e-07
3.337500000000000000e+01,8.070358523292871224e-07
3.339062500000000000e+01,7.989102061050943998e-07
3.340625000000000000e+01,7.920286470923641199e-07
3.342187500000000000e+01,7.900736212262885439e-07
3.343750000000000000e+01,7.933237909441930226e-07
3.345312500000000000e+01,8.165331691540989846e-07
3.346875000000000000e+01,8.476573318312656020e-07
3.348437500000000000e+01,8.480334754696803616e-07
3.350000000000000000e+01,8.222393505094939780e-07
3.351562500000000000e+01,7.901873049342629127e-07
3.353125000000000000e+01,7.368247901733591772e-07
3.354687500000000000e+01,6.679633305975249565e-07
3.356250000000000000e+01,6.281841319193361106e-07
3.357812500000000000e+01,6.140990541326640300e-07
3.359375000000000000e+01,5.903160617564146226e-07
3.360937500000000000e+01,5.798924959556581840e-07
3.362500000000000000e+01,6.161557208611720632e-07
3.364062500000000000e+01,6.784819387143512318e-07
3.365625000000000000e+01,7.383516996592095451e-07
3.367187500000000000e+01,7.797749413533029253e-07
3.368750000000000000e+01,7.934920186183531708e-07
3.370312500000000000e+01,7.763402905291633150e-07
3.371875000000000000e+01,7.338887550675369538e-07
3.373437500000000000e+01,6.989137473691994167e-07
3.375000000000000000e+01,7.076779192025495756e-07
3.376562500000000000e+01,7.408942280853862118e-07
3.378125000000000000e+01,7.448161193955093015e-07
3.379687500000000000e+01,7.044904667428120284e-07
3.381250000000000000e+01,6.496987160601775636e-07
3.382812500000000000e+01,6.033532131958506616e-07
3.384375000000000000e+01,5.726608349625127095e-07
3.385937500000000000e+01,5.747392081242958472e-07
3.387500000000000000e+01,6.153419036429050190e-07
3.389062500000000000e+01,6.566723330390326637e-07
3.390625000000000000e+01,6.670089345269977868e-07
3.392187500000000000e+01,6.725129260029090332e-07
3.393750000000000000e+01,6.987693676194615943e-07
3.395312500000000000e+01,7.159134710356081543e-07
3.396875000000000000e+01,7.068028948116854870e-07
3.398437500000000000e+01,6.972239577842685997e-07
3.400000000000000000e+01,7.079423698945495790e-07
3.401562500000000000e+01,7.207705393762384938e-07
3.403125000000000000e+01,7.040205813257093313e-07
3.404687500000000000e+01,6.590478281627455467e-07
3.406250000000000000e+01,6.190455841518262052e-07
3.407812500000000000e+01,6.146536009115774378e-07
3.409375000000000000e+01,6.498226909446080147e-07
3.410937500000000000e+01,6.957160746151480807e-07
3.412500000000000000e+01,7.210348684676572880e-07
3.414062500000000000e+01,7.160242685352530888e-07
3.415625000000000000e+01,6.911341457954800040e-07
3.417187500000000000e+01,6.801922157943697253e-07
3.418750000000000000e+01,6.994123943660858295e-07
3.420312500000000000e+01,7.173869239894731862e-07
3.421875000000000000e+01,7.092799069407468583e-07
3.423437500000000000e+01,6.797238186604022941e-07
3.425000000000000000e+01,6.351874998157089730e-07
3.426562500000000000e+01,5.806934031564650940e-07
3.428125000000000000e+01,5.377776845598758658e-07
3.429687500000000000e+01,5.280543774398205501e-07
3.431250000000000000e+01,5.478503125529050369e-07
3.432812500000000000e+01,5.827320623389532501e-07
3.434375000000000000e+01,6.218723199689418373e-07
3.435937500000000000e+01,6.493999325623224591e-07
3.437500000000000000e+01,6.514386747878649657e-07
3.439062500000000000e+01,6.341200628030079099e-07
3.440625000000000000e+01,6.234542858274982700e-07
3.442187500000000000e+01,6.299238091123350630e-07
3.443750000000000000e+01,6.264064306222390611e-07
3.445312500000000000e+01,6.074177922008674642e-07
3.446875000000000000e+01,6.131318120829132961e-07
3.448437500000000000e+01,6.514381649064235879e-07
3.450000000000000000e+01,6.750243945021492650e-07
3.451562500000000000e+01,6.535927376820905328e-07
3.453125000000000000e+01,6.088394763102745704e-07
3.454687500000000000e+01,5.686872015313036429e-07
3.456250000000000000e+01,5.352514274383059536e-07
3.457812500000000000e+01,5.251858941886858413e-07
3.459375000000000000e+01,5.608325511861807163e-07
3.460937500000000000e+01,6.212516830829975274e-07
3.462500000000000000e+01,6.605313933015180238e-07
3.464062500000000000e+01,6.579146820175380124e-07
3.465625000000000000e+01,6.192834378482826362e-07
3.467187500000000000e+01,5.622100330386221252e-07
3.468750000000000000e+01,5.180090660745303407e-07
3.470312500000000000e+01,5.108567283848444423e-07
3.471875000000000000e+01,5.383703354462071829e-07
3.473437500000000000e+01,5.781461737315848049e-07
3.475000000000000000e+01,5.949353124197524645e-07
3.476562500000000000e+01,5.711798579620964645e-07
3.478125000000000000e+01,5.254397582705319416e-07
3.479687500000000000e+01,4.980808252507500739e-07
3.481250000000000000e+01,5.123085458043380686e-07
3.482812500000000000e+01,5.442200297898362383e-07
3.484375000000000000e+01,5.639851467733833574e-07
3.485937500000000000e+01,5.678171786484064132e-07
3.487500000000000000e+01,5.740400145293756023e-07
3.489062500000000000e+01,5.900834611991992879e-07
3.490625000000000000e+01,5.924467583990159729e-07
3.492187500000000000e+01,5.732845340938721005e-07
3.493750000000000000e+01,5.531919000124616571e-07
3.495312500000000000e+01,5.367370736787228393e-07
3.496875000000000000e+01,5.177483885105567484e-07
3.498437500000000000e+01,5.122655001220067866e-07
3.500000000000000000e+01,5.349641620123802109e-07
3.501562500000000000e+01,5.637128851880793710e-07
3.503125000000000000e+01,5.689008646299572787e-07
3.504687500000000000e+01,5.540897411383272241e-07
3.506250000000000000e+01,5.347611887079910864e-07
3.507812500000000000e+01,5.162008537346699511e-07
3.509375000000000000e+01,5.109432742648012525e-07
3.510937500000000000e+01,5.235521123475438498e-07
3.512500000000000000e+01,5.347171253726214532e-07
3.514062500000000000e+01,5.481743713313140701e-07
3.515625000000000000e+01,5.825741618789173992e-07
3.517187500000000000e+01,6.076559739791073866e-07
3.518750000000000000e+01,5.850951024054020771e-07
3.520312500000000000e+01,5.250176057937878935e-07
3.521875000000000000e+01,4.722114581550118065e-07
3.523437500000000000e+01,4.631166295257874248e-07
3.525000000000000000e+01,4.835757638449833152e-07
3.526562500000000000e+01,4.976600140173978667e-07
3.528125000000000000e+01,4.989278153475731902e-07
3.529687500000000000e+01,4.928443883616176820e-07
3.531250000000000000e+01,4.780577628632008096e-07
3.532812500000000000e+01,4.583616781132440518e-07
3.534375000000000000e+01,4.527007849641257320e-07
3.535937500000000000e+01,4.670327447684781274e-07
3.537500000000000000e+01,4.729034931698004841e-07
3.539062500000000000e+01,4.599021533650197532e-07
3.540625000000000000e+01,4.457323561888382448e-07
3.542187500000000000e+01,4.378297791824197049e-07
3.543750000000000000e+01,4.482969760752535302e-07
3.545312500000000000e+01,4.963418309746129742e-07
3.546875000000000000e+01,5.583013552922310866e-07
3.548437500000000000e+01,5.897759790857254019e-07
3.550000000000000000e+01,5.729207555710113367e-07
3.551562500000000000e+01,5.276182701512594712e-07
3.553125000000000000e+01,4.930216436124278309e-07
3.554687500000000000e+01,4.806119872807552859e-07
3.556250000000000000e+01,4.631043971948575734e-07
3.557812500000000000e+01,4.277994095886055040e-07
3.559375000000000000e+01,4.043223897436909512e-07
3.560937500000000000e+01,4.211235737767297874e-07
3.562500000000000000e+01,4.550807325502677852e-07
3.564062500000000000e+01,4.724790523525877430e-07
3.565625000000000000e+01,4.639677095571332666e-07
3.567187500000000000e+01,4.429531274073234736e-07
3.568750000000000000e+01,4.312517061413288715e-07
3.570312500000000000e+01,4.360843204085099865e-07
3.571875000000000000e+01,4.512617440287445980e-07
3.573437500000000000e+01,4.650049989584917561e-07
3.575000000000000000e+01,4.590072963406463340e-07
3.576562500000000000e+01,4.253101906207703721e-07
3.578125000000000000e+01,3.890108804660608507e-07
3.579687500000000000e+01,3.913458970330144982e-07
3.581250000000000000e+01,4.302766981745955647e-07
3.582812500000000000e+01,4.696304933167378515e-07
3.584375000000000000e+01,4.835802562768245238e-07
3.585937500000000000e+01,4.626280710009247462e-07
3.587500000000000000e+01,4.199321378960778475e-07
3.589062500000000000e+01,3.909002184961365089e-07
3.590625000000000000e+01,4.118289627637426052e-07
3.592187500000000000e+01,4.631040210505616588e-07
3.593750000000000000e+01,4.878471421955043361e-07
3.595312500000000000e+01,4.675612141108804732e-07
3.596875000000000000e+01,4.353045205296153161e-07
3.598437500000000000e+01,4.384271139924956080e-07
3.600000000000000000e+01,4.827898203634467825e-07
3.601562500000000000e+01,5.280892947148266610e-07
3.603125000000000000e+01,5.432006220967601470e-07
3.604687500000000000e+01,5.272121698791030975e-07
3.606250000000000000e+01,4.928342758525261638e-07
3.607812500000000000e+01,4.559472920901692779e-07
3.609375000000000000e+01,4.323535576634893408e-07
3.610937500000000000e+01,4.259788417864125839e-07
3.612500000000000000e+01,4.308408649200380514e-07
3.614062500000000000e+01,4.362621091090713647e-07
3.615625000000000000e+01,4.299713225003829759e-07
3.617187500000000000e+01,4.111097166521538094e-07
3.618750000000000000e+01,3.949145468449383477e-07
3.620312500000000000e+01,4.014730761193855837e-07
3.621875000000000000e+01,4.285771593300207200e-07
3.623437500000000000e+01,4.489016763655736971e-07
3.625000000000000000e+01,4.450168965233141738e-07
3.626562500000000000e+01,4.234555492186117478e-07
3.628125000000000000e+01,4.028925493077343871e-07
3.629687500000000000e+01,3.972798337313181858e-07
3.631250000000000000e+01,4.018249444565144108e-07
3.632812500000000000e+01,4.146260147466780662e-07
3.634375000000000000e+01,4.409364424777643683e-07
3.635937500000000000e+01,4.545066430813116789e-07
3.637500000000000000e+01,4.294267173031075674e-07
3.639062500000000000e+01,3.950614362424700762e-07
3.640625000000000000e+01,3.925364536517035405e-07
3.642187500000000000e+01,4.099546993255001376e-07
3.643750000000000000e+01,4.296083803033458381e-07
3.645312500000000000e+01,4.532108394109786845e-07
3.646875000000000000e+01,4.710910475989136553e-07
3.648437500000000000e+01,4.639039715363203744e-07
3.650000000000000000e+01,4.310073312473590836e-07
3.651562500000000000e+01,3.932747993858111377e-07
3.653125000000000000e+01,3.732898168925836763e-07
3.654687500000000000e+01,3.816391513245308920e-07
3.656250000000000000e+01,4.141473522537943270e-07
3.657812500000000000e+01,4.512122231241651227e-07
3.659375000000000000e+01,4.665720220023268567e-07
3.660937500000000000e+01,4.470710956351864543e-07
3.662500000000000000e+01,4.104291526174465173e-07
3.664062500000000000e+01,3.913238264617175485e-07
3.665625000000000000e+01,3.932147312237805141e-07
3.667187500000000000e+01,3.926405195531147685e-07
3.668750000000000000e+01,3.917089874659165967e-07
3.670312500000000000e+01,4.105406123383816871e-07
3.671875000000000000e+01,4.409364316909796737e-07
3.673437500000000000e+01,4.565927004468485666e-07
3.675000000000000000e+01,4.436496212966815819e-07
3.676562500000000000e+01,4.100605066104158184e-07
3.678125000000000000e+01,3.850055226143599712e-07
3.679687500000000000e+01,3.882341464137715525e-07
3.681250000000000000e+01,4.038880488770485246e-07
3.682812500000000000e+01,4.116933089484077942e-07
3.684375000000000000e+01,4.137970594909582809e-07
3.685937500000000000e+01,4.185689189145374112e-07
3.687500000000000000e+01,4.134306885895780484e-07
3.689062500000000000e+01,3.873382032750161586e-07
3.690625000000000000e+01,3.614523544416662324e-07
3.692187500000000000e+01,3.562522459102925654e-07
3.693750000000000000e+01,3.631337065306062072e-07
3.695312500000000000e+01,3.769019854960232293e-07
3.696875000000000000e+01,4.020457256340633283e-07
3.698437500000000000e+01,4.293568198826542062e-07
3.700000000000000000e+01,4.413352944915064670e-07
3.701562500000000000e+01,4.334071017137108946e-07
3.703125000000000000e+01,4.156016233301534850e-07
3.704687500000000000e+01,4.016582887470645786e-07
3.706250000000000000e+01,3.964630097497207738e-07
3.707812500000000000e+01,3.903081010253665713e-07
3.709375000000000000e+01,3.730652310819513409e-07
3.710937500000000000e+01,3.538411942248608712e-07
3.712500000000000000e+01,3.484957292803509605e-07
3.714062500000000000e+01,3.454099687303203936e-07
3.715625000000000000e+01,3.295232964001831979e-07
3.717187500000000000e+01,3.164715508993825864e-07
3.718750000000000000e+01,3.199368505074470625e-07
3.720312500000000000e+01,3.311441564719987078e-07
3.721875000000000000e+01,3.445627058649120409e-07
3.723437500000000000e+01,3.533466547686146996e-07
3.725000000000000000e+01,3.478715439894827029e-07
3.726562500000000000e+01,3.396725587441749158e-07
3.728125000000000000e+01,3.445551262611820379e-07
3.729687500000000000e+01,3.574430525966388477e-07
3.731250000000000000e+01,3.664574069013772320e-07
3.732812500000000000e+01,3.669363178502887924e-07
3.734375000000000000e+01,3.673639743972711494e-07
3.735937500000000000e+01,3.793657019456754507e-07
3.737500000000000000e+01,4.013143280530642466e-07
3.739062500000000000e+01,4.194624712320610232e-07
3.740625000000000000e+01,4.194856381026030187e-07
3.742187500000000000e+01,3.956845237014064399e-07
3.743750000000000000e+01,3.556009595657253307e-07
3.745312500000000000e+01,3.170565271540971666e-07
3.746875000000000000e+01,2.987774288808322287e-07
3.748437500000000000e+01,3.035369494505570745e-07
3.750000000000000000e+01,3.130886126781440544e-07
3.751562500000000000e+01,3.192088303202175783e-07
3.753125000000000000e+01,3.279300327242250905e-07
3.754687500000000000e+01,3.359968507270756643e-07
3.756250000000000000e+01,3.374397590814954307e-07
3.757812500000000000e+01,3.350570004657491729e-07
3.759375000000000000e+01,3.329827824662334449e-07
3.760937500000000000e+01,3.335740285459766214e-07
3.762500000000000000e+01,3.383527041706313170e-07
3.764062500000000000e+01,3.400808495230692828e-07
3.765625000000000000e+01,3.371250525299138170e-07
3.767187500000000000e+01,3.438585355053440281e-07
3.768750000000000000e+01,3.590892294965619253e-07
3.770312500000000000e+01,3.636234140216502872e-07
3.771875000000000000e+01,3.530950883811340431e-07
3.773437500000000000e+01,3.424234926386628221e-07
3.775000000000000000e+01,3.452921613473427949e-07
3.776562500000000000e+01,3.559812628541970599e-07
3.778125000000000000e+01,3.547077325811140039e-07
3.779687500000000000e+01,3.336292255607074336e-07
3.781250000000000000e+01,3.108552351890623517e-07
3.782812500000000000e+01,2.977233784561666489e-07
3.784375000000000000e+01,2.839762417109583238e-07
3.785937500000000000e+01,2.811072723598349596e-07
3.787500000000000000e+01,3.049333809067233031e-07
3.789062500000000000e+01,3.338281952678162363e-07
3.790625000000000000e+01,3.418958429913338663e-07
3.792187500000000000e+01,3.270549206116269406e-07
3.793750000000000000e+01,3.070471659416007078e-07
3.795312500000000000e+01,2.955502896869003220e-07
3.796875000000000000e+01,2.927480374531022729e-07
3.798437500000000000e+01,2.993515711672451450e-07
3.800000000000000000e+01,3.052874322455456975e-07
3.801562500000000000e+01,2.993279208241116993e-07
3.803125000000000000e+01,2.903127646877255626e-07
3.804687500000000000e+01,2.870147723195459583e-07
3.806250000000000000e+01,2.831413223814706688e-07
3.807812500000000000e+01,2.720809033622343067e-07
3.809375000000000000e+01,2.579520078383144684e-07
3.810937500000000000e+01,2.465828403288544608e-07
3.812500000000000000e+01,2.419079938100576289e-07
3.814062500000000000e+01,2.584712115357230439e-07
3.815625000000000000e+01,2.943684443695362039e-07
3.817187500000000000e+01,3.213763033461148867e-07
3.818750000000000000e+01,3.251289839148728388e-07
3.820312500000000000e+01,3.172196578675582538e-07
3.821875000000000000e+01,3.076039228330504593e-07
3.823437500000000000e+01,2.943741933903999981e-07
3.825000000000000000e+01,2.809512677700856963e-07
3.826562500000000000e+01,2.720996165568457507e-07
3.828125000000000000e+01,2.652362241875636659e-07
3.829687500000000000e+01,2.568705208576375651e-07
3.831250000000000000e+01,2.504311183415991552e-07
3.832812500000000000e+01,2.510883982972162041e-07
3.834375000000000000e+01,2.564652905094538759e-07
3.835937500000000000e+01,2.614891757721869117e-07
3.837500000000000000e+01,2.632735133742654641e-07
3.839062500000000000e+01,2.636817531105968229e-07
3.840625000000000000e+01,2.675567777848221393e-07
3.842187500000000000e+01,2.762295879206478560e-07
3.843750000000000000e+01,2.891066408209544046e-07
3.845312500000000000e+01,3.060171444722896890e-07
3.846875000000000000e+01,3.232812548704120787e-07
3.848437500000000000e+01,3.332376186588989622e-07
3.850000000000000000e+01,3.308819552495854644e-07
3.851562500000000000e+01,3.127900576889753605e-07
3.853125000000000000e+01,2.827892078052874463e-07
3.854687500000000000e+01,2.613242551192740874e-07
3.856250000000000000e+01,2.659328005292937815e-07
3.857812500000000000e+01,2.863686018411814287e-07
3.859375000000000000e+01,3.034184125472353862e-07
3.860937500000000000e+01,3.120753690062973281e-07
3.862500000000000000e+01,3.163013544244651322e-07
3.864062500000000000e+01,3.159754438755431641e-07
3.865625000000000000e+01,3.138622899342870530e-07
3.867187500000000000e+01,3.195771157668665434e-07
3.868750000000000000e+01,3.286937520886839976e-07
3.870312500000000000e+01,3.246633054207715788e-07
3.871875000000000000e+01,3.013406233672046187e-07
3.873437500000000000e+01,2.710248861680156455e-07
3.875000000000000000e+01,2.547632785823449638e-07
3.876562500000000000e+01,2.556878537768179682e-07
3.878125000000000000e+01,2.577647035174523351e-07
3.879687500000000000e+01,2.544759007520923491e-07
3.881250000000000000e+01,2.513932096803213225e-07
3.882812500000000000e+01,2.500429559421193902e-07
3.884375000000000000e+01,2.462480120934734338e-07
3.885937500000000000e+01,2.440492568260482016e-07
3.887500000000000000e+01,2.535937024886615313e-07
3.889062500000000000e+01,2.756505417341513682e-07
3.890625000000000000e+01,2.998691272004021264e-07
3.892187500000000000e+01,3.177033862939355668e-07
3.893750000000000000e+01,3.318111969644966726e-07
3.895312500000000000e+01,3.445414537036901605e-07
3.896875000000000000e+01,3.456285098204434149e-07
3.898437500000000000e+01,3.286228215030069189e-07
3.900000000000000000e+01,3.054121225769086888e-07
3.901562500000000000e+01,2.926091182556037867e-07
3.903125000000000000e+01,2.897863520830073277e-07
3.904687500000000000e+01,2.822268326030768202e-07
3.906250000000000000e+01,2.616524342444250207e-07
3.907812500000000000e+01,2.378290603098936585e-07
3.909375000000000000e+01,2.342001808313802388e-07
3.910937500000000000e+01,2.619953596523023389e-07
3.912500000000000000e+01,2.989274141443442943e-07
3.914062500000000000e+01,3.143269744055751159e-07
3.915625000000000000e+01,2.993302047794817717e-07
3.917187500000000000e+01,2.707608704094777528e-07
3.918750000000000000e+01,2.510647555419269844e-07
3.920312500000000000e+01,2.431072427427966612e-07
3.921875000000000000e+01,2.400146649274880749e-07
3.923437500000000000e+01,2.444363679185147331e-07
3.925000000000000000e+01,2.567138469171866534e-07
3.926562500000000000e+01,2.629195865993928147e-07
3.928125000000000000e+01,2.481036970791686445e-07
3.929687500000000000e+01,2.175028453993964221e-07
3.931250000000000000e+01,1.960359201559018636e-07
3.932812500000000000e+01,1.956910251842601723e-07
3.934375000000000000e+01,2.039458380676874748e-07
3.935937500000000000e+01,2.164575256807980355e-07
3.937500000000000000e+01,2.362228589315816301e-07
3.939062500000000000e+01,2.552626643949129117e-07
3.940625000000000000e+01,2.645177077119056050e-07
3.942187500000000000e+01,2.655861570541241551e-07
3.943750000000000000e+01,2.652991012330075882e-07
3.945312500000000000e+01,2.693518175794254740e-07
3.946875000000000000e+01,2.765921009534438550e-07
3.948437500000000000e+01,2.799935107507723992e-07
3.950000000000000000e+01,2.820586041678667274e-07
3.951562500000000000e+01,2.881286932441993838e-07
3.953125000000000000e+01,2.869333663668478751e-07
3.954687500000000000e+01,2.623166585866754895e-07
3.956250000000000000e+01,2.180685233244596321e-07
3.957812500000000000e+01,1.856749479140291436e-07
3.959375000000000000e+01,1.902184513502484525e-07
3.960937500000000000e+01,2.116420907623403388e-07
3.962500000000000000e+01,2.303550451022642778e-07
3.964062500000000000e+01,2.465629696496895989e-07
3.965625000000000000e+01,2.573139363195735699e-07
3.967187500000000000e+01,2.571000838778398293e-07
3.968750000000000000e+01,2.481371927116398943e-07
3.970312500000000000e+01,2.355160925940663646e-07
3.971875000000000000e+01,2.260501206217101936e-07
3.973437500000000000e+01,2.316199413502007989e-07
3.975000000000000000e+01,2.528043073808729642e-07
3.976562500000000000e+01,2.709730596878182051e-07
3.978125000000000000e+01,2.714285962353777820e-07
3.979687500000000000e+01,2.607885921826113260e-07
3.981250000000000000e+01,2.557551329665468926e-07
3.982812500000000000e+01,2.584206676264601065e-07
3.984375000000000000e+01,2.598298819833251639e-07
3.985937500000000000e+01,2.540095560341918218e-07
3.987500000000000000e+01,2.404829517515251164e-07
3.989062500000000000e+01,2.242614040640675160e-07
3.990625000000000000e+01,2.118540497442606975e-07
3.992187500000000000e+01,2.092427804817066964e-07
3.993750000000000000e+01,2.142487218305037564e-07
3.995312500000000000e+01,2.228651073215148820e-07
3.996875000000000000e+01,2.400685979830158262e-07
3.998437500000000000e+01,2.610684084597130401e-07
4.000000000000000000e+01,2.678188359270566839e-07
4.001562500000000000e+01,2.507426157998958718e-07
4.003125000000000000e+01,2.214601932960272264e-07
4.004687500000000000e+01,2.051628595659025932e-07
4.006250000000000000e+01,2.098934691263665354e-07
4.007812500000000000e+01,2.210522563360071857e-07
4.009375000000000000e+01,2.312218598280769278e-07
4.010937500000000000e+01,2.431325001671963068e-07
4.012500000000000000e+01,2.535092398960619577e-07
4.014062500000000000e+01,2.530060767817207450e-07
4.015625000000000000e+01,2.401489201183252514e-07
4.017187500000000000e+01,2.231243677936866414e-07
4.018750000000000000e+01,2.078054872035600365e-07
4.020312500000000000e+01,1.983696568110336417e-07
4.021875000000000000e+01,1.986652779649471182e-07
4.023437500000000000e+01,2.022413809513921639e-07
4.025000000000000000e+01,2.034029563012929653e-07
4.026562500000000000e+01,2.037120883136565580e-07
4.028125000000000000e+01,1.997757042052715658e-07
4.029687500000000000e+01,1.916890212396491923e-07
4.031250000000000000e+01,1.924437046571471766e-07
4.032812500000000000e+01,2.024797451799317402e-07
4.034375000000000000e+01,2.049668434223125201e-07
4.035937500000000000e+01,1.963977842619113687e-07
4.037500000000000000e+01,1.890309512337526133e-07
4.039062500000000000e+01,1.926171673035900885e-07
4.040625000000000000e+01,2.074229715031154597e-07
4.042187500000000000e+01,2.271501176702029545e-07
4.043750000000000000e+01,2.470003882894335465e-07
4.045312500000000000e+01,2.630957119747886232e-07
4.046875000000000000e+01,2.676722108147837928e-07
4.048437500000000000e+01,2.565920894115843247e-07
4.050000000000000000e+01,2.342436887002341663e-07
4.051562500000000000e+01,2.126489888033004476e-07
4.053125000000000000e+01,2.079929121561764379e-07
4.054687500000000000e+01,2.210071408678206379e-07
4.056250000000000000e+01,2.345076130231701333e-07
4.057812500000000000e+01,2.351857577554981112e-07
4.059375000000000000e+01,2.201474995427900709e-07
4.060937500000000000e+01,1.955457412440694299e-07
4.062500000000000000e+01,1.769457042173993042e-07
4.064062500000000000e+01,1.756527184694272748e-07
4.065625000000000000e+01,1.841272415643641485e-07
4.067187500000000000e+01,1.938068647471517942e-07
4.068750000000000000e+01,2.012974116423988278e-07
4.070312500000000000e+01,2.018429734587960023e-07
4.071875000000000000e+01,2.001045704746253360e-07
4.073437500000000000e+01,2.096353058494427614e-07
4.075000000000000000e+01,2.270382693038963575e-07
4.076562500000000000e+01,2.321857111720701334e-07
4.078125000000000000e+01,2.182088449569760324e-07
4.079687500000000000e+01,1.997051265316609099e-07
4.081250000000000000e+01,1.892258487677362979e-07
4.082812500000000000e+01,1.825437321007852779e-07
4.084375000000000000e+01,1.751009382299075464e-07
4.085937500000000000e+01,1.725113712207232049e-07
4.087500000000000000e+01,1.759633810442428381e-07
4.089062500000000000e+01,1.773383290040719506e-07
4.090625000000000000e+01,1.786015414140700208e-07
4.092187500000000000e+01,1.879566283502951016e-07
4.093750000000000000e+01,2.037167425097423771e-07
4.095312500000000000e+01,2.174452211889809189e-07
4.096875000000000000e+01,2.225513698197526438e-07
4.098437500000000000e+01,2.231874604920018135e-07
4.100000000000000000e+01,2.276117431240477445e-07
4.101562500000000000e+01,2.318642074427668068e-07
4.103125000000000000e+01,2.270486082694071581e-07
4.104687500000000000e+01,2.107180836560452070e-07
4.106250000000000000e+01,1.896958813706091796e-07
4.107812500000000000e+01,1.793106539466392261e-07
4.109375000000000000e+01,1.855290422187886235e-07
4.110937500000000000e+01,1.924113361840271088e-07
4.112500000000000000e+01,1.897363301940779643e-07
4.114062500000000000e+01,1.873820304506240488e-07
4.115625000000000000e+01,1.891796664017667686e-07
4.117187500000000000e+01,1.831917077009304968e-07
4.118750000000000000e+01,1.663142667528720548e-07
4.120312500000000000e+01,1.510506872069739531e-07
4.121875000000000000e+01,1.512625484553601718e-07
4.123437500000000000e+01,1.639547974952486163e-07
4.125000000000000000e+01,1.726898222065384056e-07
4.126562500000000000e+01,1.680117824120625890e-07
4.128125000000000000e+01,1.541002978040165136e-07
4.129687500000000000e+01,1.445687082736583477e-07
4.131250000000000000e+01,1.511500195404652965e-07
4.132812500000000000e+01,1.701280104836524344e-07
4.134375000000000000e+01,1.884791659759352611e-07
4.135937500000000000e+01,1.961793352464972783e-07
4.137500000000000000e+01,1.921652882724321991e-07
4.139062500000000000e+01,1.846843155615316175e-07
4.140625000000000000e+01,1.803360659328721712e-07
4.142187500000000000e+01,1.797843818960046032e-07
4.143750000000000000e+01,1.818082812237683925e-07
4.145312500000000000e+01,1.806218813721611103e-07
4.146875000000000000e+01,1.719720727919597611e-07
4.148437500000000000e+01,1.615080491900438707e-07
4.150000000000000000e+01,1.604334114545456463e-07
4.151562500000000000e+01,1.689132867725866693e-07
4.153125000000000000e+01,1.768796292903257676e-07
4.154687500000000000e+01,1.814689381209980563e-07
4.156250000000000000e+01,1.867877682142986179e-07
4.157812500000000000e+01,1.926221916653334685e-07
4.159375000000000000e+01,1.941496955739976804e-07
4.160937500000000000e+01,1.884884941007463953e-07
4.162500000000000000e+01,1.784545572319485111e-07
4.164062500000000000e+01,1.701361387620431502e-07
4.165625000000000000e+01,1.641557138203258351e-07
4.167187500000000000e+01,1.608856835408707084e-07
4.168750000000000000e+01,1.667954177925967433e-07
4.170312500000000000e+01,1.777519862034810487e-07
4.171875000000000000e+01,1.801471516326047007e-07
4.173437500000000000e+01,1.715657522225420676e-07
4.175000000000000000e+01,1.619161597420288667e-07
4.176562500000000000e+01,1.571442339385218417e-07
4.178125000000000000e+01,1.535061265283425501e-07
4.179687500000000000e+01,1.518600220461902005e-07
4.181250000000000000e+01,1.577991718782036346e-07
4.182812500000000000e+01,1.659077391928074217e-07
4.184375000000000000e+01,1.696028129378145170e-07
4.185937500000000000e+01,1.720738386573715542e-07
4.187500000000000000e+01,1.725969052963945826e-07
4.189062500000000000e+01,1.667774474480835446e-07
4.190625000000000000e+01,1.569706662084912201e-07
4.192187500000000000e+01,1.479016246632905989e-07
4.193750000000000000e+01,1.423014201133197599e-07
4.195312500000000000e+01,1.406373319499714587e-07
4.196875000000000000e+01,1.411333545988978061e-07
4.198437500000000000e+01,1.461141773517917229e-07
4.200000000000000000e+01,1.569245728006152438e-07
4.201562500000000000e+01,1.685776273370798709e-07
4.203125000000000000e+01,1.770432704334041333e-07
4.204687500000000000e+01,1.801852853098967413e-07
4.206250000000000000e+01,1.773346030709928574e-07
4.207812500000000000e+01,1.697709529822284615e-07
4.209375000000000000e+01,1.625492819719143718e-07
4.210937500000000000e+01,1.629019091792557025e-07
4.212500000000000000e+01,1.663998252437952810e-07
4.214062500000000000e+01,1.612699822057187083e-07
4.215625000000000000e+01,1.486554276807478501e-07
4.217187500000000000e+01,1.421426007352053903e-07
4.218750000000000000e+01,1.474994310927028240e-07
4.220312500000000000e+01,1.582836000239035556e-07
4.221875000000000000e+01,1.674508791631028308e-07
4.223437500000000000e+01,1.707489950077512491e-07
4.225000000000000000e+01,1.707360958082317988e-07
4.226562500000000000e+01,1.731122011709096062e-07
4.228125000000000000e+01,1.753748979329429900e-07
4.229687500000000000e+01,1.705119576080207252e-07
4.231250000000000000e+01,1.600808724325474080e-07
4.232812500000000000e+01,1.542024547137654147e-07
4.234375000000000000e+01,1.567635554746208967e-07
4.235937500000000000e+01,1.624056657604084306e-07
4.237500000000000000e+01,1.669938483330554700e-07
4.239062500000000000e+01,1.692458619532894496e-07
4.240625000000000000e+01,1.672846530118891305e-07
4.242187500000000000e+01,1.614950473490313241e-07
4.243750000000000000e+01,1.568558428117357553e-07
4.245312500000000000e+01,1.554005026915677225e-07
4.246875000000000000e+01,1.544477599907696278e-07
4.248437500000000000e+01,1.532758846410433273e-07
4.250000000000000000e+01,1.538856323608577614e-07
4.251562500000000000e+01,1.576069154194801225e-07
4.253125000000000000e+01,1.634793622965063653e-07
4.254687500000000000e+01,1.678931889652422982e-07
4.256250000000000000e+01,1.664154580511114159e-07
4.257812500000000000e+01,1.579259777687318750e-07
4.259375000000000000e+01,1.491126178343426006e-07
4.260937500000000000e+01,1.489837214802310200e-07
4.262500000000000000e+01,1.560932876195549724e-07
4.264062500000000000e+01,1.605218559917222317e-07
4.265625000000000000e+01,1.571403451795134366e-07
4.267187500000000000e+01,1.522598649419846768e-07
4.268750000000000000e+01,1.572774836954536927e-07
4.270312500000000000e+01,1.703253876373933375e-07
4.271875000000000000e+01,1.780019517444603963e-07
4.273437500000000000e+01,1.747439150812894101e-07
4.275000000000000000e+01,1.643242162625071295e-07
4.276562500000000000e+01,1.504238906314460377e-07
4.278125000000000000e+01,1.337886893309079705e-07
4.279687500000000000e+01,1.200581930536968207e-07
4.281250000000000000e+01,1.211636652881994544e-07
4.282812500000000000e+01,1.333445694295363422e-07
4.284375000000000000e+01,1.399317373734082916e-07
4.285937500000000000e+01,1.364309214168041516e-07
4.287500000000000000e+01,1.304960451032162954e-07
4.289062500000000000e+01,1.285517884455101048e-07
4.290625000000000000e+01,1.276800210038356423e-07
4.292187500000000000e+01,1.239676570581839259e-07
4.293750000000000000e+01,1.214697083079292340e-07
4.295312500000000000e+01,1.237870693093950438e-07
4.296875000000000000e+01,1.262238752880434558e-07
4.298437500000000000e+01,1.234900684388201466e-07
4.300000000000000000e+01,1.181858479258045078e-07
4.301562500000000000e+01,1.195054879311429518e-07
4.303125000000000000e+01,1.291419547628098916e-07
4.304687500000000000e+01,1.377217613494291228e-07
4.306250000000000000e+01,1.413022155157543805e-07
4.307812500000000000e+01,1.440014857370005410e-07
4.309375000000000000e+01,1.459352202248964790e-07
4.310937500000000000e+01,1.432340216980303168e-07
4.312500000000000000e+01,1.363913025529628318e-07
4.314062500000000000e+01,1.310870788217556109e-07
4.315625000000000000e+01,1.322512949388995387e-07
4.317187500000000000e+01,1.378263995655041013e-07
4.318750000000000000e+01,1.407786865233938263e-07
4.320312500000000000e+01,1.373294396438602655e-07
4.321875000000000000e+01,1.320569737341057311e-07
4.323437500000000000e+01,1.320964190928139313e-07
4.325000000000000000e+01,1.394667160253991725e-07
4.326562500000000000e+01,1.508013733080722403e-07
4.328125000000000000e+01,1.587928478965077302e-07
4.329687500000000000e+01,1.565955510064937191e-07
4.331250000000000000e+01,1.466906803319900675e-07
4.332812500000000000e+01,1.392963846853709607e-07
4.334375000000000000e+01,1.364438731904266550e-07
4.335937500000000000e+01,1.323919767594904287e-07
4.337500000000000000e+01,1.292267462274538911e-07
4.339062500000000000e+01,1.308811841546872197e-07
4.340625000000000000e+01,1.314812957318922607e-07
4.342187500000000000e+01,1.256842126970502828e-07
4.343750000000000000e+01,1.192457981094205264e-07
4.345312500000000000e+01,1.196609824887224624e-07
4.346875000000000000e+01,1.238092557093587190e-07
4.348437500000000000e+01,1.271460189958235802e-07
4.350000000000000000e+01,1.266143514378156082e-07
4.351562500000000000e+01,1.215388323823810994e-07
4.353125000000000000e+01,1.173006156714071696e-07
4.354687500000000000e+01,1.152500173716371202e-07
4.356250000000000000e+01,1.132031170100350629e-07
4.357812500000000000e+01,1.140613713560497176e-07
4.359375000000000000e+01,1.201150610051706036e-07
4.360937500000000000e+01,1.264639148310014648e-07
4.362500000000000000e+01,1.268015799153481208e-07
4.364062500000000000e+01,1.227506286855445135e-07
4.365625000000000000e+01,1.195027063336089030e-07
4.367187500000000000e+01,1.170615470362632316e-07
4.368750000000000000e+01,1.156926680340257394e-07
4.370312500000000000e+01,1.181810771468942331e-07
4.371875000000000000e+01,1.255107459434663442e-07
4.373437500000000000e+01,1.353763889696346255e-07
4.375000000000000000e+01,1.410637691776480687e-07
4.376562500000000000e+01,1.374468556120320502e-07
4.378125000000000000e+01,1.294541869763294847e-07
4.379687500000000000e+01,1.281555164808948205e-07
4.381250000000000000e+01,1.340878211388280534e-07
4.382812500000000000e+01,1.369325162673847075e-07
4.384375000000000000e+01,1.325948358541919250e-07
4.385937500000000000e+01,1.255409193797237813e-07
4.387500000000000000e+01,1.208175728149958578e-07
4.389062500000000000e+01,1.210879115627779283e-07
4.390625000000000000e+01,1.230729607757247574e-07
4.392187500000000000e+01,1.203493135731985626e-07
4.393750000000000000e+01,1.136292479593274673e-07
4.395312500000000000e+01,1.100441927818867806e-07
4.396875000000000000e+01,1.119536728766937109e-07
4.398437500000000000e+01,1.161533825887416359e-07
4.400000000000000000e+01,1.196902882349009976e-07
4.401562500000000000e+01,1.227140010888970077e-07
4.403125000000000000e+01,1.279702516301562072e-07
4.404687500000000000e+01,1.336810661678280829e-07
4.406250000000000000e+01,1.354994353740622475e-07
4.407812500000000000e+01,1.324601592400457266e-07
4.409375000000000000e+01,1.254705067203786058e-07
4.410937500000000000e+01,1.184816339476007660e-07
4.412500000000000000e+01,1.176433258405258460e-07
4.414062500000000000e+01,1.218188270798903161e-07
4.415625000000000000e+01,1.246193188987903408e-07
4.417187500000000000e+01,1.233062677072508007e-07
4.418750000000000000e+01,1.175951248523001836e-07
4.420312500000000000e+01,1.095898409192577982e-07
4.421875000000000000e+01,1.061879145607776896e-07
4.423437500000000000e+01,1.094458483935541561e-07
4.425000000000000000e+01,1.115595392059722967e-07
4.426562500000000000e+01,1.092635529332289996e-07
4.428125000000000000e+01,1.077018769892310855e-07
4.429687500000000000e+01,1.078726903898567902e-07
4.431250000000000000e+01,1.055891652285244563e-07
4.432812500000000000e+01,1.008509232736038507e-07
4.434375000000000000e+01,9.829591876157367814e-08
4.435937500000000000e+01,1.012527090431582378e-07
4.437500000000000000e+01,1.055915432894347911e-07
4.439062500000000000e+01,1.061082566691409159e-07
4.440625000000000000e+01,1.034554717522548410e-07
4.442187500000000000e+01,9.949796244464244456e-08
4.443750000000000000e+01,9.790710692838605978e-08
4.445312500000000000e+01,1.032170929877152399e-07
4.446875000000000000e+01,1.104812211253698390e-07
4.448437500000000000e+01,1.137437520777047277e-07
4.450000000000000000e+01,1.148386745554713645e-07
4.451562500000000000e+01,1.163862873178073338e-07
4.453125000000000000e+01,1.176797873234053457e-07
4.454687500000000000e+01,1.179423494153580048e-07
4.456250000000000000e+01,1.180458689453437416e-07
4.457812500000000000e+01,1.183447606516897936e-07
4.459375000000000000e+01,1.182658723807655898e-07
4.460937500000000000e+01,1.185841320738204308e-07
4.462500000000000000e+01,1.190077285084334807e-07
4.464062500000000000e+01,1.168256082453311925e-07
4.465625000000000000e+01,1.118229427765833339e-07
4.467187500000000000e+01,1.080048770916411932e-07
4.468750000000000000e+01,1.092003535550565430e-07
4.470312500000000000e+01,1.143767217711066736e-07
4.471875000000000000e+01,1.200565815695881687e-07
4.473437500000000000e+01,1.241096504670010195e-07
4.475000000000000000e+01,1.234608673947234317e-07
4.476562500000000000e+01,1.164650987864345186e-07
4.478125000000000000e+01,1.081055922178474683e-07
4.479687500000000000e+01,1.045212580256960642e-07
4.481250000000000000e+01,1.064542829339160668e-07
4.482812500000000000e+01,1.106967368910052040e-07
4.484375000000000000e+01,1.141434863045327575e-07
4.485937500000000000e+01,1.154463425805538245e-07
4.487500000000000000e+01,1.128953932741760176e-07
4.489062500000000000e+01,1.070825973348333688e-07
4.490625000000000000e+01,1.017544433734274894e-07
4.492187500000000000e+01,9.791899251432646790e-08
4.493750000000000000e+01,9.499147565758518366e-08
4.495312500000000000e+01,9.753626201586295989e-08
4.496875000000000000e+01,1.078351757265055838e-07
4.498437500000000000e+01,1.175120966271879855e-07
4.500000000000000000e+01,1.204024886414965299e-07
4.501562500000000000e+01,1.207523280281175435e-07
4.503125000000000000e+01,1.228220378620337831e-07
4.504687500000000000e+01,1.228706602960117832e-07
4.506250000000000000e+01,1.177756799330091295e-07
4.507812500000000000e+01,1.103690589853732393e-07
4.509375000000000000e+01,1.055642393714493434e-07
4.510937500000000000e+01,1.056591187549275884e-07
4.512500000000000000e+01,1.068485534271944487e-07
4.514062500000000000e+01,1.029901547243131865e-07
4.515625000000000000e+01,9.514535038429987557e-08
4.517187500000000000e+01,9.153637464043018970e-08
4.518750000000000000e+01,9.419846840435812142e-08
4.520312500000000000e+01,9.452789536291585951e-08
4.521875000000000000e+01,8.828398189585115732e-08
4.523437500000000000e+01,8.312232102137836501e-08
4.525000000000000000e+01,8.704212524776120973e-08
4.526562500000000000e+01,9.686551695967735077e-08
4.528125000000000000e+01,1.064439191258967510e-07
4.529687500000000000e+01,1.108645370531043420e-07
4.531250000000000000e+01,1.067828964919873520e-07
4.532812500000000000e+01,9.937837020764798004e-08
4.534375000000000000e+01,9.980503528281030578e-08
4.535937500000000000e+01,1.051416759062899049e-07
4.537500000000000000e+01,1.048525525950484760e-07
4.539062500000000000e+01,1.012559537439429943e-07
4.540625000000000000e+01,1.008096120993930127e-07
4.542187500000000000e+01,1.000827358764191293e-07
4.543750000000000000e+01,9.486632347841366261e-08
4.545312500000000000e+01,8.806097310973442017e-08
4.546875000000000000e+01,8.510219856827701843e-08
4.548437500000000000e+01,8.726327322639207062e-08
4.550000000000000000e+01,9.146888204896539191e-08
4.551562500000000000e+01,9.593022676782076725e-08
4.553125000000000000e+01,9.909823802440171703e-08
4.554687500000000000e+01,9.904604545163134019e-08
4.556250000000000000e+01,9.678138541895315494e-08
4.557812500000000000e+01,9.411751566391536636e-08
4.559375000000000000e+01,9.047097377797429608e-08
4.560937500000000000e+01,8.658312565255637156e-08
4.562500000000000000e+01,8.516475545981458159e-08
4.564062500000000000e+01,8.277967200357620496e-08
4.565625000000000000e+01,7.840360522872773621e-08
4.567187500000000000e+01,7.974521185568401385e-08
4.568750000000000000e+01,8.488691740491208420e-08
4.570312500000000000e+01,8.598404480566694018e-08
4.571875000000000000e+01,8.469030929171264982e-08
4.573437500000000000e+01,8.537330878345482477e-08
4.575000000000000000e+01,8.806897495884793127e-08
4.576562500000000000e+01,9.186437020080436710e-08
4.578125000000000000e+01,9.482168840140111187e-08
4.579687500000000000e+01,9.413159707479676069e-08
4.581250000000000000e+01,8.962649083243092181e-08
4.582812500000000000e+01,8.576938545092504258e-08
4.584375000000000000e+01,8.612953172007047440e-08
4.585937500000000000e+01,8.694054166934608138e-08
4.587500000000000000e+01,8.522161506256336235e-08
4.589062500000000000e+01,8.395498695030533686e-08
4.590625000000000000e+01,8.458459407954708323e-08
4.592187500000000000e+01,8.612207730694520199e-08
4.593750000000000000e+01,9.019543846669390729e-08
4.595312500000000000e+01,9.658833468551554160e-08
4.596875000000000000e+01,1.000576853144103488e-07
4.598437500000000000e+01,9.653723935203956484e-08
4.600000000000000000e+01,8.978901695292867809e-08
4.601562500000000000e+01,8.915872641757707514e-08
4.603125000000000000e+01,9.537078490410480776e-08
4.604687500000000000e+01,9.957649963622013288e-08
4.606250000000000000e+01,9.623967440341946766e-08
4.607812500000000000e+01,8.732540487183144400e-08
4.609375000000000000e+01,7.933708036092316412e-08
4.610937500000000000e+01,7.766064801631434757e-08
4.612500000000000000e+01,8.261794245614080165e-08
4.614062500000000000e+01,8.871533194477121242e-08
4.615625000000000000e+01,9.030052321335682545e-08
4.617187500000000000e+01,8.774729456262540188e-08
4.618750000000000000e+01,8.683636603363147132e-08
4.620312500000000000e+01,8.969047611491464117e-08
4.621875000000000000e+01,9.015991289913530016e-08
4.623437500000000000e+01,8.485174782975259482e-08
4.625000000000000000e+01,7.995347837282515311e-08
4.626562500000000000e+01,8.092161321798756922e-08
4.628125000000000000e+01,8.395449041413015999e-08
4.629687500000000000e+01,8.455240413658625784e-08
4.631250000000000000e+01,8.351326077382468862e-08
4.632812500000000000e+01,8.385605454888893427e-08
4.634375000000000000e+01,8.551006055691531728e-08
4.635937500000000000e+01,8.853152980588498698e-08
4.637500000000000000e+01,9.423730521732551306e-08
4.639062500000000000e+01,9.926315224248688716e-08
4.640625000000000000e+01,9.780164201253267591e-08
4.642187500000000000e+01,8.945277224893870218e-08
4.643750000000000000e+01,8.137632793844719989e-08
4.645312500000000000e+01,8.063716579275635881e-08
4.646875000000000000e+01,8.438876145018373968e-08
4.648437500000000000e+01,8.636715635683692017e-08
4.650000000000000000e+01,8.498100444068490473e-08
4.651562500000000000e+01,8.131848656428006499e-08
4.653125000000000000e+01,7.823378845736268882e-08
4.654687500000000000e+01,7.912265064641110335e-08
4.656250000000000000e+01,8.238022918822392668e-08
4.657812500000000000e+01,8.500756095938945363e-08
4.659375000000000000e+01,8.796500377656723562e-08
4.660937500000000000e+01,9.110505875811699322e-08
4.662500000000000000e+01,9.260699139262638356e-08
4.664062500000000000e+01,9.283537183006000141e-08
4.665625000000000000e+01,9.207375384991954139e-08
4.667187500000000000e+01,8.884053466692518004e-08
4.668750000000000000e+01,8.348686694305161157e-08
4.670312500000000000e+01,7.820135432166331633e-08
4.671875000000000000e+01,7.479135102795048638e-08
4.673437500000000000e+01,7.514365680268785808e-08
4.675000000000000000e+01,7.883096975924986024e-08
4.676562500000000000e+01,8.372005318064531866e-08
4.678125000000000000e+01,8.709243981758195669e-08
4.679687500000000000e+01,8.629574596088002061e-08
4.681250000000000000e+01,8.243260779353505916e-08
4.682812500000000000e+01,7.891102612194747835e-08
4.684375000000000000e+01,7.723500998884100229e-08
4.685937500000000000e+01,7.818742440492935478e-08
4.687500000000000000e+01,8.343218211322583289e-08
4.689062500000000000e+01,9.023639054358203078e-08
4.690625000000000000e+01,9.228434905538903599e-08
4.692187500000000000e+01,8.850096241644124776e-08
4.693750000000000000e+01,8.422343163431144961e-08
4.695312500000000000e+01,8.315134949160813868e-08
4.696875000000000000e+01,8.349740946771829027e-08
4.698437500000000000e+01,8.320452262117133006e-08
4.700000000000000000e+01,8.171800562396360040e-08
4.701562500000000000e+01,7.910694489979979470e-08
4.703125000000000000e+01,7.641052875333889099e-08
4.704687500000000000e+01,7.451106167501430099e-08
4.706250000000000000e+01,7.351676325926575688e-08
4.707812500000000000e+01,7.344948022969194157e-08
4.709375000000000000e+01,7.432657818975327930e-08
4.710937500000000000e+01,7.380583220996527187e-08
4.712500000000000000e+01,7.079507650644755446e-08
4.714062500000000000e+01,7.115586279861821925e-08
4.715625000000000000e+01,7.684905774239883205e-08
4.717187500000000000e+01,8.110579216023832964e-08
4.718750000000000000e+01,8.156141230577138701e-08
4.720312500000000000e+01,8.089163388767313756e-08
4.721875000000000000e+01,7.828396475181493278e-08
4.723437500000000000e+01,7.182816796718417046e-08
4.725000000000000000e+01,6.529225305950152793e-08
4.726562500000000000e+01,6.405983783582704237e-08
4.728125000000000000e+01,6.716772879052449643e-08
4.729687500000000000e+01,7.074333454596881818e-08
4.731250000000000000e+01,7.452540315286502204e-08
4.732812500000000000e+01,7.943108391582410769e-08
4.734375000000000000e+01,8.420919637045543746e-08
4.735937500000000000e+01,8.670076765657224724e-08
4.737500000000000000e+01,8.578794480107461605e-08
4.739062500000000000e+01,8.326860644772653097e-08
4.740625000000000000e+01,8.190228552929205811e-08
4.742187500000000000e+01,8.093753908964046631e-08
4.743750000000000000e+01,7.869667561952501174e-08
4.745312500000000000e+01,7.483951980172386053e-08
4.746875000000000000e+01,7.003501649633484717e-08
4.748437500000000000e+01,6.728999975952296787e-08
4.750000000000000000e+01,6.738969760714684660e-08
4.751562500000000000e+01,6.791053637331750549e-08
4.753125000000000000e+01,6.979716143378385094e-08
4.754687500000000000e+01,7.417508998627386720e-08
4.756250000000000000e+01,7.845231019204437169e-08
4.757812500000000000e+01,8.091392777016957014e-08
4.759375000000000000e+01,8.155583766983497504e-08
4.760937500000000000e+01,8.045271404807189312e-08
4.762500000000000000e+01,7.882349098180782157e-08
4.764062500000000000e+01,7.843273142166650261e-08
4.765625000000000000e+01,7.761272800975193089e-08
4.767187500000000000e+01,7.376664002914799764e-08
4.768750000000000000e+01,6.982128846032192079e-08
4.770312500000000000e+01,6.989459788298991817e-08
4.771875000000000000e+01,7.279654950087013474e-08
4.773437500000000000e+01,7.628969431600946902e-08
4.775000000000000000e+01,7.919324853641312711e-08
4.776562500000000000e+01,7.980934037500730638e-08
4.778125000000000000e+01,7.673633430831444768e-08
4.779687500000000000e+01,7.139507916746576608e-08
4.781250000000000000e+01,6.938389848153835793e-08
4.782812500000000000e+01,7.235398096080782306e-08
4.784375000000000000e+01,7.326964248510791059e-08
4.785937500000000000e+01,6.902540731234924090e-08
4.787500000000000000e+01,6.544484401425396767e-08
4.789062500000000000e+01,6.650832461073795243e-08
4.790625000000000000e+01,6.909476877327366543e-08
4.792187500000000000e+01,7.050936813573303066e-08
4.793750000000000000e+01,7.072653489556077405e-08
4.795312500000000000e+01,6.989441512808343893e-08
4.796875000000000000e+01,6.863987218885337745e-08
4.798437500000000000e+01,6.930632875199260539e-08
4.800000000000000000e+01,7.094301024632042221e-08
4.801562500000000000e+01,6.926239447162119684e-08
4.803125000000000000e+01,6.444837351176981470e-08
4.804687500000000000e+01,6.110234046326172384e-08
4.806250000000000000e+01,6.176642325165222917e-08
4.807812500000000000e+01,6.469117234571498396e-08
4.809375000000000000e+01,6.746561769261345809e-08
4.810937500000000000e+01,6.979047307118202853e-08
4.812500000000000000e+01,7.183775763228930618e-08
4.814062500000000000e+01,7.334058254103408993e-08
4.815625000000000000e+01,7.481885443780244158e-08
4.817187500000000000e+01,7.499782814258267635e-08
4.818750000000000000e+01,7.109554871241285448e-08
4.820312500000000000e+01,6.511533946450997970e-08
4.821875000000000000e+01,6.329885009703698288e-08
4.823437500000000000e+01,6.468382936717399973e-08
4.825000000000000000e+01,6.344999550714105613e-08
4.826562500000000000e+01,6.013649308624523047e-08
4.828125000000000000e+01,5.930779113118131633e-08
4.829687500000000000e+01,6.026306982880436200e-08
4.831250000000000000e+01,5.886682838053986657e-08
4.832812500000000000e+01,5.651796303583942153e-08
4.834375000000000000e+01,5.824873227822454320e-08
4.835937500000000000e+01,6.496828488442873820e-08
4.837500000000000000e+01,7.295912776649165065e-08
4.839062500000000000e+01,7.798710994438341711e-08
4.840625000000000000e+01,7.700070287508671162e-08
4.842187500000000000e+01,7.005508799632346927e-08
4.843750000000000000e+01,6.208653598474157795e-08
4.845312500000000000e+01,5.811224360270412892e-08
4.846875000000000000e+01,5.819038455978137395e-08
4.848437500000000000e+01,6.049120932767559490e-08
4.850000000000000000e+01,6.226237072452185792e-08
4.851562500000000000e+01,6.146914952820241765e-08
4.853125000000000000e+01,5.862751799934548093e-08
4.854687500000000000e+01,5.507887885165688082e-08
4.856250000000000000e+01,5.339087567726987072e-08
4.857812500000000000e+01,5.768143259396598981e-08
4.859375000000000000e+01,6.647199334991676407e-08
4.860937500000000000e+01,7.258403647851421193e-08
4.862500000000000000e+01,7.180584269347569139e-08
4.864062500000000000e+01,6.587709908254268905e-08
4.865625000000000000e+01,5.958485586360168325e-08
4.867187500000000000e+01,5.670384473884445238e-08
4.868750000000000000e+01,5.734790730970074770e-08
4.870312500000000000e+01,5.863847743211800906e-08
4.871875000000000000e+01,5.795659068827928846e-08
4.873437500000000000e+01,5.496324896819531294e-08
4.875000000000000000e+01,5.143478791672955638e-08
4.876562500000000000e+01,5.029106078548199723e-08
4.878125000000000000e+01,5.234840094769699143e-08
4.879687500000000000e+01,5.585379682798987930e-08
4.881250000000000000e+01,6.040247442297237346e-08
4.882812500000000000e+01,6.370606742828440192e-08
4.884375000000000000e+01,6.199999195584747794e-08
4.885937500000000000e+01,5.681746622097604785e-08
4.887500000000000000e+01,5.227948866872139905e-08
4.889062500000000000e+01,4.881384853411031712e-08
4.890625000000000000e+01,4.676179977669067021e-08
4.892187500000000000e+01,4.749623367047796429e-08
4.893750000000000000e+01,4.962121512939869927e-08
4.895312500000000000e+01,5.155918360525788186e-08
4.896875000000000000e+01,5.390164450693233868e-08
4.898437500000000000e+01,5.662680730292650004e-08
4.900000000000000000e+01,5.722886617991198119e-08
4.901562500000000000e+01,5.411385967573692054e-08
4.903125000000000000e+01,5.023005558451009507e-08
4.904687500000000000e+01,5.128282987150562676e-08
4.906250000000000000e+01,5.654186812013030409e-08
4.907812500000000000e+01,5.992198719638791540e-08
4.909375000000000000e+01,5.974987311400357212e-08
4.910937500000000000e+01,5.857316749933596910e-08
4.912500000000000000e+01,5.774837114431732581e-08
4.914062500000000000e+01,5.674203699787406115e-08
4.915625000000000000e+01,5.625951810856060045e-08
4.917187500000000000e+01,5.726773454307528821e-08
4.918750000000000000e+01,5.812405403978531179e-08
4.920312500000000000e+01,5.713791480852355803e-08
4.921875000000000000e+01,5.585941103929146896e-08
4.923437500000000000e+01,5.641938338371972594e-08
4.925000000000000000e+01,5.722965586020680054e-08
4.926562500000000000e+01,5.557727460181507264e-08
4.928125000000000000e+01,5.194732819174376864e-08
4.929687500000000000e+01,4.905381334374884683e-08
4.931250000000000000e+01,4.922444938149712667e-08
4.932812500000000000e+01,5.255320945884144463e-08
4.934375000000000000e+01,5.563381340516004910e-08
4.935937500000000000e+01,5.525535973575740783e-08
4.937500000000000000e+01,5.283184219017124692e-08
4.939062500000000000e+01,5.228665813142267455e-08
4.940625000000000000e+01,5.354941737007857038e-08
4.942187500000000000e+01,5.383151273646914621e-08
4.943750000000000000e+01,5.248454954451197525e-08
4.945312500000000000e+01,4.970932793928102283e-08
4.946875000000000000e+01,4.645657823990775042e-08
4.948437500000000000e+01,4.592409222404950977e-08
4.950000000000000000e+01,4.930139003528192438e-08
4.951562500000000000e+01,5.277820027789683456e-08
4.953125000000000000e+01,5.290207508510729660e-08
4.954687500000000000e+01,5.165463127193459387e-08
4.956250000000000000e+01,5.364451694768734757e-08
4.957812500000000000e+01,5.772666753998515270e-08
4.959375000000000000e+01,5.996169743911591269e-08
4.960937500000000000e+01,6.032093661524821194e-08
4.962500000000000000e+01,6.046413745613932421e-08
4.964062500000000000e+01,5.990515268097137186e-08
4.965625000000000000e+01,5.772765488713132292e-08
4.967187500000000000e+01,5.531815060592932108e-08
4.968750000000000000e+01,5.397235709096722229e-08
4.970312500000000000e+01,5.308771922758334516e-08
4.971875000000000000e+01,5.213046093724992221e-08
4.973437500000000000e+01,5.109539310809412095e-08
4.975000000000000000e+01,5.053145230707109844e-08
4.976562500000000000e+01,5.092049995685370596e-08
4.978125000000000000e+01,5.160202853188973027e-08
4.979687500000000000e+01,5.189796372214676423e-08
4.981250000000000000e+01,5.171605476300991462e-08
4.982812500000000000e+01,5.179957100702372246e-08
4.984375000000000000e+01,5.289679336945511588e-08
4.985937500000000000e+01,5.345265607593734261e-08
4.987500000000000000e+01,5.211704800163272036e-08
4.989062500000000000e+01,4.961811465224545026e-08
4.990625000000000000e+01,4.765066966257825306e-08
4.992187500000000000e+01,4.860803810523447978e-08
4.993750000000000000e+01,5.217983022608454193e-08
4.995312500000000000e+01,5.419232149589092543e-08
4.996875000000000000e+01,5.170670897708624762e-08
4.998437500000000000e+01,4.681391311247979494e-08
5.000000000000000000e+01,4.417273405582038026e-08
5.001562500000000000e+01,4.519095703563983141e-08
5.003125000000000000e+01,4.762641430710600803e-08
5.004687500000000000e+01,5.038871222480713963e-08
5.006250000000000000e+01,5.394278461509477846e-08
5.007812500000000000e+01,5.701417130073648212e-08
5.009375000000000000e+01,5.814297589422797720e-08
5.010937500000000000e+01,5.760537691751346633e-08
5.012500000000000000e+01,5.520392657223320348e-08
5.014062500000000000e+01,5.077234023835732341e-08
5.015625000000000000e+01,4.712921155647390106e-08
5.017187500000000000e+01,4.711153407519043540e-08
5.018750000000000000e+01,4.818291759132305630e-08
5.020312500000000000e+01,4.679449190062091979e-08
5.021875000000000000e+01,4.351542084723655720e-08
5.023437500000000000e+01,4.139976992920671303e-08
5.025000000000000000e+01,4.139717882814452997e-08
5.026562500000000000e+01,4.189735775908647508e-08
5.028125000000000000e+01,4.239955675896650812e-08
5.029687500000000000e+01,4.357248866873140481e-08
5.031250000000000000e+01,4.555725905606089753e-08
5.032812500000000000e+01,4.765245675827885171e-08
5.034375000000000000e+01,4.863841141411658223e-08
5.035937500000000000e+01,4.755215679179705990e-08
5.037500000000000000e+01,4.528138344692835836e-08
5.039062500000000000e+01,4.462951515764626906e-08
5.040625000000000000e+01,4.745458913247332758e-08
5.042187500000000000e+01,5.233869501408541187e-08
5.043750000000000000e+01,5.539921931598522304e-08
5.045312500000000000e+01,5.371147523570839073e-08
5.046875000000000000e+01,4.949723697069340372e-08
5.048437500000000000e+01,4.830109030143494415e-08
5.050000000000000000e+01,5.013107264375989326e-08
5.051562500000000000e+01,5.120347397362450992e-08
5.053125000000000000e+01,5.090110120188283461e-08
5.054687500000000000e+01,5.048442723948332363e-08
5.056250000000000000e+01,5.001910294203840479e-08
5.057812500000000000e+01,4.822541086209396238e-08
5.059375000000000000e+01,4.521297666032356735e-08
5.060937500000000000e+01,4.282352575388275309e-08
5.062500000000000000e+01,4.123647033450493481e-08
5.064062500000000000e+01,3.876680683331983127e-08
5.065625000000000000e+01,3.634086550901776697e-08
5.067187500000000000e+01,3.656535326201483923e-08
5.068750000000000000e+01,3.922426920687242911e-08
5.070312500000000000e+01,4.237910456403660441e-08
5.071875000000000000e+01,4.431474412524278249e-08
5.073437500000000000e+01,4.420738179557867265e-08
5.075000000000000000e+01,4.239029519627923494e-08
5.076562500000000000e+01,4.113632605781681123e-08
5.078125000000000000e+01,4.326998597941832875e-08
5.079687500000000000e+01,4.732237514701746610e-08
5.081250000000000000e+01,4.994898852125894948e-08
5.082812500000000000e+01,5.107650359748173990e-08
5.084375000000000000e+01,5.240045050335239002e-08
5.085937500000000000e+01,5.315174669739663306e-08
5.087500000000000000e+01,5.190217962880582516e-08
5.089062500000000000e+01,4.971241277780099489e-08
5.090625000000000000e+01,4.815351595384829169e-08
5.092187500000000000e+01,4.822025679635266964e-08
5.093750000000000000e+01,4.985114502178025191e-08
5.095312500000000000e+01,5.150605556492527485e-08
5.096875000000000000e+01,5.222603599647865127e-08
5.098437500000000000e+01,5.109747416807857722e-08
5.100000000000000000e+01,4.821893910621443122e-08
5.101562500000000000e+01,4.637959551028852291e-08
5.103125000000000000e+01,4.639964728945969437e-08
5.104687500000000000e+01,4.615084937407575835e-08
5.106250000000000000e+01,4.545187255857550105e-08
5.107812500000000000e+01,4.495417473810263348e-08
5.109375000000000000e+01,4.369975868573216185e-08
5.110937500000000000e+01,4.122566870363083317e-08
5.112500000000000000e+01,3.965766688614948088e-08
5.114062500000000000e+01,4.134091520819186624e-08
5.115625000000000000e+01,4.443330122646702836e-08
5.117187500000000000e+01,4.601759644698852335e-08
5.118750000000000000e+01,4.560293080732327405e-08
5.120312500000000000e+01,4.413565036463354882e-08
5.121875000000000000e+01,4.291293653169148936e-08
5.123437500000000000e+01,4.228512179151315362e-08
5.125000000000000000e+01,4.274402315241810575e-08
5.126562500000000000e+01,4.546514459064023986e-08
5.128125000000000000e+01,4.884760065057340257e-08
5.129687500000000000e+01,5.061046428775402315e-08
5.131250000000000000e+01,5.086538570884912332e-08
5.132812500000000000e+01,5.019207891349683215e-08
5.134375000000000000e+01,4.894877062556774255e-08
5.135937500000000000e+01,4.820016030895745742e-08
5.137500000000000000e+01,4.877368037567394951e-08
5.139062500000000000e+01,5.008453612949734089e-08
5.140625000000000000e+01,5.020808708934056844e-08
5.142187500000000000e+01,4.777872655053117426e-08
5.143750000000000000e+01,4.416910785484451771e-08
5.145312500000000000e+01,4.170201486435446956e-08
5.146875000000000000e+01,3.988698033109416633e-08
5.148437500000000000e+01,3.741225022171240725e-08
5.150000000000000000e+01,3.579433888057977115e-08
5.151562500000000000e+01,3.712669774964537208e-08
5.153125000000000000e+01,4.008485843305359379e-08
5.154687500000000000e+01,4.149178569775784894e-08
5.156250000000000000e+01,4.053537160819915784e-08
5.157812500000000000e+01,3.930875418274339367e-08
5.159375000000000000e+01,3.962799103316641844e-08
5.160937500000000000e+01,4.110420112175459691e-08
5.162500000000000000e+01,4.254403665343791443e-08
5.164062500000000000e+01,4.339021399495175856e-08
5.165625000000000000e+01,4.327296189758582296e-08
5.167187500000000000e+01,4.207473025049954969e-08
5.168750000000000000e+01,4.087918222918518871e-08
5.170312500000000000e+01,4.022982688314033494e-08
5.171875000000000000e+01,3.958006237342093438e-08
5.173437500000000000e+01,3.934715353452963146e-08
5.175000000000000000e+01,3.985012288038889495e-08
5.176562500000000000e+01,4.021006221104369237e-08
5.178125000000000000e+01,3.976865863139797345e-08
5.179687500000000000e+01,3.880507816224137970e-08
5.181250000000000000e+01,3.809811320551710057e-08
5.182812500000000000e+01,3.791639076012621420e-08
5.184375000000000000e+01,3.864560570573350230e-08
5.185937500000000000e+01,4.119398648607177616e-08
5.187500000000000000e+01,4.442841434581681670e-08
5.189062500000000000e+01,4.625261911979152038e-08
5.190625000000000000e+01,4.649149900386378656e-08
5.192187500000000000e+01,4.606370900291641844e-08
5.193750000000000000e+01,4.591829135649644561e-08
5.195312500000000000e+01,4.581481792101075498e-08
5.196875000000000000e+01,4.476111302812297538e-08
5.198437500000000000e+01,4.372926888820614688e-08
5.200000000000000000e+01,4.350786952538161157e-08
5.201562500000000000e+01,4.217833452388352131e-08
5.203125000000000000e+01,3.923004399857041554e-08
5.204687500000000000e+01,3.756580767560389628e-08
5.206250000000000000e+01,3.879185972634887639e-08
5.207812500000000000e+01,4.008323229060010672e-08
5.209375000000000000e+01,3.900082283014104809e-08
5.210937500000000000e+01,3.750459052661901042e-08
5.212500000000000000e+01,3.865772071954151640e-08
5.214062500000000000e+01,4.189195913977045413e-08
5.215625000000000000e+01,4.526112954162729260e-08
5.217187500000000000e+01,4.742430217403377030e-08
5.218750000000000000e+01,4.683020247752346110e-08
5.220312500000000000e+01,4.323796097177489410e-08
5.221875000000000000e+01,3.910873442653238497e-08
5.223437500000000000e+01,3.706202951109058528e-08
5.225000000000000000e+01,3.719933296159356547e-08
5.226562500000000000e+01,3.837754283133415196e-08
5.228125000000000000e+01,3.935093121580438148e-08
5.229687500000000000e+01,3.922431939176620476e-08
5.231250000000000000e+01,3.823787827217865419e-08
5.232812500000000000e+01,3.718743596488222651e-08
5.234375000000000000e+01,3.626959881325009439e-08
5.235937500000000000e+01,3.535865088521103840e-08
5.237500000000000000e+01,3.533291857216492902e-08
5.239062500000000000e+01,3.714189431716865677e-08
5.240625000000000000e+01,3.966002119939164431e-08
5.242187500000000000e+01,4.082517942950062651e-08
5.243750000000000000e+01,4.032940610721873449e-08
5.245312500000000000e+01,3.950357712302666024e-08
5.246875000000000000e+01,3.866522948086755182e-08
5.248437500000000000e+01,3.696903510330336362e-08
5.250000000000000000e+01,3.504584843173912485e-08
5.251562500000000000e+01,3.485925894717428848e-08
5.253125000000000000e+01,3.635816293376436881e-08
5.254687500000000000e+01,3.714003662449677728e-08
5.256250000000000000e+01,3.582293710964971105e-08
5.257812500000000000e+01,3.320570352485431850e-08
5.259375000000000000e+01,3.101605328171102678e-08
5.260937500000000000e+01,3.054343942519645288e-08
5.262500000000000000e+01,3.179757844752236250e-08
5.264062500000000000e+01,3.450679932093701641e-08
5.265625000000000000e+01,3.819558276969797142e-08
5.267187500000000000e+01,4.087838517694416770e-08
5.268750000000000000e+01,4.029060248494984641e-08
5.270312500000000000e+01,3.681413742416240437e-08
5.271875000000000000e+01,3.417377484280156727e-08
5.273437500000000000e+01,3.444350753297613159e-08
5.275000000000000000e+01,3.496371742621448572e-08
5.276562500000000000e+01,3.418771165010654719e-08
5.278125000000000000e+01,3.391169399350615036e-08
5.279687500000000000e+01,3.484153582583141074e-08
5.281250000000000000e+01,3.540818335424071002e-08
5.282812500000000000e+01,3.515112566824068189e-08
5.284375000000000000e+01,3.501755682724116255e-08
5.285937500000000000e+01,3.554813541921038487e-08
5.287500000000000000e+01,3.651796429457848955e-08
5.289062500000000000e+01,3.704904705866749528e-08
5.290625000000000000e+01,3.657264623175993285e-08
5.292187500000000000e+01,3.580723392478109806e-08
5.293750000000000000e+01,3.537422959347249615e-08
5.295312500000000000e+01,3.485331772706152294e-08
5.296875000000000000e+01,3.392521017349547737e-08
5.298437500000000000e+01,3.244531273305353090e-08
5.300000000000000000e+01,3.101348619211411066e-08
5.301562500000000000e+01,3.101868993455418641e-08
5.303125000000000000e+01,3.185891498464252204e-08
5.304687500000000000e+01,3.216691352592091880e-08
5.306250000000000000e+01,3.205828860354049609e-08
5.307812500000000000e+01,3.178792645077114446e-08
5.309375000000000000e+01,3.077995421151102915e-08
5.310937500000000000e+01,2.935086084096397367e-08
5.312500000000000000e+01,2.914123578185626152e-08
5.314062500000000000e+01,3.044587234607813319e-08
5.315625000000000000e+01,3.200189801496750053e-08
5.317187500000000000e+01,3.268201544190014178e-08
5.318750000000000000e+01,3.220057106736107319e-08
5.320312500000000000e+01,3.182749736380022798e-08
5.321875000000000000e+01,3.267691273704380706e-08
5.323437500000000000e+01,3.350897870381115591e-08
5.325000000000000000e+01,3.296975539965841564e-08
5.326562500000000000e+01,3.219150192710843554e-08
5.328125000000000000e+01,3.330957994553513657e-08
5.329687500000000000e+01,3.565831326252733159e-08
5.331250000000000000e+01,3.677124718001587051e-08
5.332812500000000000e+01,3.603406566520503104e-08
5.334375000000000000e+01,3.484099217306805963e-08
5.335937500000000000e+01,3.394925541898705131e-08
5.337500000000000000e+01,3.267146361524714634e-08
5.339062500000000000e+01,3.085579045526299822e-08
5.340625000000000000e+01,3.017592298051407682e-08
5.342187500000000000e+01,3.246706178858587237e-08
5.343750000000000000e+01,3.595771398753999804e-08
5.345312500000000000e+01,3.737040609611652784e-08
5.346875000000000000e+01,3.624128105298575589e-08
5.348437500000000000e+01,3.468741155590490442e-08
5.350000000000000000e+01,3.423479063694349875e-08
5.351562500000000000e+01,3.373081795223486678e-08
5.353125000000000000e+01,3.213174589633221121e-08
5.354687500000000000e+01,3.090894471969318807e-08
5.356250000000000000e+01,3.120015042102139544e-08
5.357812500000000000e+01,3.213502372430213511e-08
5.359375000000000000e+01,3.224538426988604342e-08
5.360937500000000000e+01,3.057881570896634125e-08
5.362500000000000000e+01,2.911711594821178607e-08
5.364062500000000000e+01,3.028471378885814280e-08
5.365625000000000000e+01,3.181237374757497092e-08
5.367187500000000000e+01,3.132915393746125954e-08
5.368750000000000000e+01,2.985148170402760538e-08
5.370312500000000000e+01,2.972851934781226530e-08
5.371875000000000000e+01,3.187105474305145924e-08
5.373437500000000000e+01,3.441331708381767246e-08
5.375000000000000000e+01,3.542678971247198872e-08
5.376562500000000000e+01,3.559030909840906102e-08
5.378125000000000000e+01,3.629995723325894758e-08
5.379687500000000000e+01,3.663736837701753188e-08
5.381250000000000000e+01,3.525701831729246898e-08
5.382812500000000000e+01,3.269753759523619824e-08
5.384375000000000000e+01,3.046639946077635558e-08
5.385937500000000000e+01,3.050432844854908156e-08
5.387500000000000000e+01,3.321857283015473425e-08
5.389062500000000000e+01,3.661625210083341862e-08
5.390625000000000000e+01,3.885299664891077220e-08
5.392187500000000000e+01,3.911471356858242754e-08
5.393750000000000000e+01,3.781007647490691230e-08
5.395312500000000000e+01,3.580856004396656061e-08
5.396875000000000000e+01,3.339010836068679683e-08
5.398437500000000000e+01,3.079787061286591167e-08
5.400000000000000000e+01,2.898131163146089806e-08
5.401562500000000000e+01,2.883316492150121218e-08
5.403125000000000000e+01,2.985960092345709272e-08
5.404687500000000000e+01,3.104554067907384229e-08
5.406250000000000000e+01,3.191936133819094924e-08
5.407812500000000000e+01,3.218641123646437782e-08
5.409375000000000000e+01,3.220091094985197655e-08
5.410937500000000000e+01,3.266357732974051109e-08
5.412500000000000000e+01,3.272879561108323667e-08
5.414062500000000000e+01,3.106642961963489838e-08
5.415625000000000000e+01,2.859862604702804356e-08
5.417187500000000000e+01,2.696233912735907227e-08
5.418750000000000000e+01,2.577150792050520956e-08
5.420312500000000000e+01,2.582442817464063196e-08
5.421875000000000000e+01,2.852526047914257566e-08
5.423437500000000000e+01,3.142606454655811424e-08
5.425000000000000000e+01,3.129421512563916081e-08
5.426562500000000000e+01,2.763519145397820400e-08
5.428125000000000000e+01,2.304852017335042380e-08
5.429687500000000000e+01,2.105316695357000839e-08
5.431250000000000000e+01,2.288454916354415658e-08
5.432812500000000000e+01,2.672046475452562305e-08
5.434375000000000000e+01,3.005687881867545868e-08
5.435937500000000000e+01,3.141230985848764466e-08
5.437500000000000000e+01,3.049008883533070929e-08
5.439062500000000000e+01,2.875963585797966049e-08
5.440625000000000000e+01,2.882213990505932270e-08
5.442187500000000000e+01,3.056824545311543927e-08
5.443750000000000000e+01,3.101704812310172136e-08
5.445312500000000000e+01,2.920434770813656009e-08
5.446875000000000000e+01,2.752789299497382796e-08
5.448437500000000000e+01,2.784637584840834721e-08
5.450000000000000000e+01,2.821238137851449371e-08
5.451562500000000000e+01,2.646406102272192436e-08
5.453125000000000000e+01,2.436643348835102271e-08
5.454687500000000000e+01,2.543996786036893596e-08
5.456250000000000000e+01,2.846213834007932575e-08
5.457812500000000000e+01,3.023837173841509835e-08
5.459375000000000000e+01,3.050865398323893948e-08
5.460937500000000000e+01,3.054167597493354131e-08
5.462500000000000000e+01,2.997365003829561871e-08
5.464062500000000000e+01,2.758275866893781661e-08
5.465625000000000000e+01,2.482363796556548180e-08
5.467187500000000000e+01,2.401790310543111664e-08
5.468750000000000000e+01,2.421896132566318512e-08
5.470312500000000000e+01,2.474662585799158763e-08
5.471875000000000000e+01,2.613363199102085133e-08
5.473437500000000000e+01,2.744208348924767473e-08
5.475000000000000000e+01,2.767148756186081624e-08
5.476562500000000000e+01,2.712510791878361670e-08
5.478125000000000000e+01,2.626908843413822056e-08
5.479687500000000000e+01,2.540532748404939521e-08
5.481250000000000000e+01,2.496114810182885352e-08
5.482812500000000000e+01,2.486898897664739993e-08
5.484375000000000000e+01,2.483034703188418900e-08
5.485937500000000000e+01,2.416890488821885765e-08
5.487500000000000000e+01,2.278025886978594531e-08
5.489062500000000000e+01,2.240343929187054330e-08
5.490625000000000000e+01,2.458810339951460521e-08
5.492187500000000000e+01,2.853029710514783458e-08
5.493750000000000000e+01,3.193661871705509368e-08
5.495312500000000000e+01,3.324468080083287333e-08
5.496875000000000000e+01,3.256017936620522109e-08
5.498437500000000000e+01,3.070695551655769648e-08
5.500000000000000000e+01,2.881697614457574070e-08
5.501562500000000000e+01,2.806905162294766571e-08
5.503125000000000000e+01,2.825643448088701545e-08
5.504687500000000000e+01,2.803275311658715437e-08
5.506250000000000000e+01,2.704222610886100604e-08
5.507812500000000000e+01,2.642399084828771641e-08
5.509375000000000000e+01,2.687256543278652674e-08
5.510937500000000000e+01,2.774749382819088651e-08
5.512500000000000000e+01,2.849976678012229290e-08
5.514062500000000000e+01,2.922157614573134927e-08
5.515625000000000000e+01,3.007760549115151470e-08
5.517187500000000000e+01,3.035406100792217801e-08
5.518750000000000000e+01,2.927126007576698929e-08
5.520312500000000000e+01,2.789384008136946911e-08
5.521875000000000000e+01,2.779826108347701500e-08
5.523437500000000000e+01,2.875495736929184427e-08
5.525000000000000000e+01,2.955112329948934069e-08
5.526562500000000000e+01,2.888871099244128510e-08
5.528125000000000000e+01,2.708007804802613946e-08
5.529687500000000000e+01,2.619763315122054016e-08
5.531250000000000000e+01,2.651708089224197507e-08
5.532812500000000000e+01,2.656171697414929461e-08
5.534375000000000000e+01,2.587336980392803082e-08
5.535937500000000000e+01,2.505559875312311947e-08
5.537500000000000000e+01,2.493611356678566652e-08
5.539062500000000000e+01,2.581569826825603323e-08
5.540625000000000000e+01,2.676269308097159602e-08
5.542187500000000000e+01,2.702363654242834281e-08
5.543750000000000000e+01,2.733535636385278035e-08
5.545312500000000000e+01,2.804602386873629961e-08
5.546875000000000000e+01,2.826871010715738716e-08
5.548437500000000000e+01,2.759599450554125412e-08
5.550000000000000000e+01,2.655841067044751897e-08
5.551562500000000000e+01,2.609442034154610438e-08
5.553125000000000000e+01,2.619123180721825977e-08
5.554687500000000000e+01,2.584531029379739160e-08
5.556250000000000000e+01,2.509863765739536170e-08
5.557812500000000000e+01,2.508211387066780567e-08
5.559375000000000000e+01,2.568090785701289816e-08
5.560937500000000000e+01,2.554767693177839923e-08
5.562500000000000000e+01,2.475808084129481993e-08
5.564062500000000000e+01,2.458034101063228371e-08
5.565625000000000000e+01,2.501464811781988045e-08
5.567187500000000000e+01,2.506707074691756169e-08
5.568750000000000000e+01,2.424878628532382143e-08
5.570312500000000000e+01,2.297192410377410034e-08
5.571875000000000000e+01,2.192718023042638591e-08
5.573437500000000000e+01,2.097936986711227748e-08
5.575000000000000000e+01,2.003250709577788966e-08
5.576562500000000000e+01,2.038534804446229993e-08
5.578125000000000000e+01,2.243210606874609000e-08
5.579687500000000000e+01,2.410237856614451788e-08
5.581250000000000000e+01,2.388731678880358018e-08
5.582812500000000000e+01,2.257257035024450223e-08
5.584375000000000000e+01,2.241521569576895477e-08
5.585937500000000000e+01,2.420949752515991266e-08
5.587500000000000000e+01,2.601401760704257556e-08
5.589062500000000000e+01,2.673140351101330852e-08
5.590625000000000000e+01,2.692940624158067822e-08
5.592187500000000000e+01,2.679970002074348161e-08
5.593750000000000000e+01,2.688040974447628696e-08
5.595312500000000000e+01,2.817408204224233150e-08
5.596875000000000000e+01,2.967422922609232236e-08
5.598437500000000000e+01,2.934791208323452063e-08
5.600000000000000000e+01,2.674685866558055564e-08
5.601562500000000000e+01,2.350674481736649950e-08
5.603125000000000000e+01,2.221176747613002687e-08
5.604687500000000000e+01,2.292566976105795828e-08
5.606250000000000000e+01,2.351619624217726440e-08
5.607812500000000000e+01,2.326502355935358658e-08
5.609375000000000000e+01,2.232828859711696703e-08
5.610937500000000000e+01,2.087429472857135617e-08
5.612500000000000000e+01,1.974472721403087728e-08
5.614062500000000000e+01,1.988520176572101390e-08
5.615625000000000000e+01,2.145409979224206175e-08
5.617187500000000000e+01,2.365305810363937013e-08
5.618750000000000000e+01,2.482153152763444666e-08
5.620312500000000000e+01,2.454406003645964371e-08
5.621875000000000000e+01,2.395716633511802152e-08
5.623437500000000000e+01,2.317889573219727094e-08
5.625000000000000000e+01,2.214268374081340765e-08
5.626562500000000000e+01,2.217777344326107524e-08
5.628125000000000000e+01,2.304737357979586984e-08
5.629687500000000000e+01,2.298723576944654058e-08
5.631250000000000000e+01,2.242121930668461344e-08
5.632812500000000000e+01,2.328318583717267660e-08
5.634375000000000000e+01,2.515019221319027029e-08
5.635937500000000000e+01,2.585561025257661373e-08
5.637500000000000000e+01,2.454803780098029636e-08
5.639062500000000000e+01,2.246195266809667878e-08
5.640625000000000000e+01,2.165643187370467199e-08
5.642187500000000000e+01,2.213164429777217764e-08
5.643750000000000000e+01,2.205968193167154775e-08
5.645312500000000000e+01,2.041766953678485431e-08
5.646875000000000000e+01,1.839132296743929525e-08
5.648437500000000000e+01,1.860184414331303142e-08
5.650000000000000000e+01,2.039921452081977547e-08
5.651562500000000000e+01,2.173156125154100993e-08
5.653125000000000000e+01,2.311461808895680584e-08
5.654687500000000000e+01,2.487012812972174736e-08
5.656250000000000000e+01,2.607119626305305847e-08
5.657812500000000000e+01,2.630903699467012401e-08
5.659375000000000000e+01,2.550119245692415072e-08
5.660937500000000000e+01,2.393176387822740654e-08
5.662500000000000000e+01,2.262176699392015386e-08
5.664062500000000000e+01,2.191039011304758891e-08
5.665625000000000000e+01,2.135429402325709439e-08
5.667187500000000000e+01,2.112130305624473964e-08
5.668750000000000000e+01,2.134317928211567738e-08
5.670312500000000000e+01,2.131051378261836304e-08
5.671875000000000000e+01,2.070118738439714164e-08
5.673437500000000000e+01,1.987856867727622231e-08
5.675000000000000000e+01,1.895943183197676090e-08
5.676562500000000000e+01,1.864489077981939781e-08
5.678125000000000000e+01,1.948266588757348158e-08
5.679687500000000000e+01,2.046549103544899320e-08
5.681250000000000000e+01,2.100111928566452379e-08
5.682812500000000000e+01,2.116170393015450965e-08
5.684375000000000000e+01,2.124220826440700831e-08
5.685937500000000000e+01,2.204023870317690210e-08
5.687500000000000000e+01,2.357737227629006006e-08
5.689062500000000000e+01,2.471217844080177608e-08
5.690625000000000000e+01,2.448719107022810798e-08
5.692187500000000000e+01,2.285270778403286552e-08
5.693750000000000000e+01,2.058439525710057991e-08
5.695312500000000000e+01,1.875762392643499418e-08
5.696875000000000000e+01,1.828188005522452586e-08
5.698437500000000000e+01,1.934030484552692343e-08
5.700000000000000000e+01,2.077841870604516029e-08
5.701562500000000000e+01,2.107289285028148552e-08
5.703125000000000000e+01,2.037815011777628550e-08
5.704687500000000000e+01,2.036260920271848898e-08
5.706250000000000000e+01,2.132260799128514853e-08
5.707812500000000000e+01,2.196661140358608865e-08
5.709375000000000000e+01,2.171390488818363847e-08
5.710937500000000000e+01,2.105112763153381440e-08
5.712500000000000000e+01,2.057485971282853953e-08
5.714062500000000000e+01,2.031842974591558814e-08
5.715625000000000000e+01,1.979743012594331056e-08
5.717187500000000000e+01,1.843860189268140805e-08
5.718750000000000000e+01,1.695937998977046107e-08
5.720312500000000000e+01,1.714862485157690793e-08
5.721875000000000000e+01,1.891276641051987491e-08
5.723437500000000000e+01,2.101087939302813462e-08
5.725000000000000000e+01,2.241348220987575080e-08
5.726562500000000000e+01,2.205454623348905120e-08
5.728125000000000000e+01,2.025433884642680498e-08
5.729687500000000000e+01,1.902873485378829220e-08
5.731250000000000000e+01,1.895348121225292607e-08
5.732812500000000000e+01,1.870590770333516004e-08
5.734375000000000000e+01,1.857163977217650306e-08
5.735937500000000000e+01,1.968295894495929463e-08
5.737500000000000000e+01,2.102724581600247323e-08
5.739062500000000000e+01,2.127410514887011633e-08
5.740625000000000000e+01,2.110347852794061834e-08
5.742187500000000000e+01,2.174354151078401695e-08
5.743750000000000000e+01,2.283018847226014957e-08
5.745312500000000000e+01,2.323547658698815349e-08
5.746875000000000000e+01,2.252371389816416545e-08
5.748437500000000000e+01,2.109837730108969223e-08
5.750000000000000000e+01,2.005051826554712246e-08
5.751562500000000000e+01,2.021269413368852244e-08
5.753125000000000000e+01,2.084320547374810747e-08
5.754687500000000000e+01,2.109312259887818267e-08
5.756250000000000000e+01,2.100936353334504160e-08
5.757812500000000000e+01,2.037195928074312679e-08
5.759375000000000000e+01,1.908960622175423576e-08
5.760937500000000000e+01,1.811996846007925879e-08
5.762500000000000000e+01,1.816325772434278690e-08
5.764062500000000000e+01,1.876930224945605802e-08
5.765625000000000000e+01,1.955556810538740369e-08
5.767187500000000000e+01,2.046664514808004674e-08
5.768750000000000000e+01,2.116936522417102461e-08
5.770312500000000000e+01,2.103652804338414757e-08
5.771875000000000000e+01,2.022727260873984538e-08
5.773437500000000000e+01,1.984784098168576039e-08
5.775000000000000000e+01,1.982968279386267490e-08
5.776562500000000000e+01,1.904793279805635848e-08
5.778125000000000000e+01,1.780351321369150886e-08
5.779687500000000000e+01,1.746343511101732148e-08
5.781250000000000000e+01,1.791661913238550096e-08
5.782812500000000000e+01,1.812954080801164136e-08
5.784375000000000000e+01,1.827479564015624803e-08
5.785937500000000000e+01,1.881225084193215481e-08
5.787500000000000000e+01,1.950037007649759826e-08
5.789062500000000000e+01,2.043430453964346034e-08
5.790625000000000000e+01,2.184380181523692159e-08
5.792187500000000000e+01,2.314048546577959265e-08
5.793750000000000000e+01,2.358089104923771704e-08
5.795312500000000000e+01,2.307042716722519299e-08
5.796875000000000000e+01,2.195926977059620243e-08
5.798437500000000000e+01,2.095231702536224737e-08
5.800000000000000000e+01,2.097259322813098455e-08
5.801562500000000000e+01,2.144156167890064613e-08
5.803125000000000000e+01,2.084053237840802603e-08
5.804687500000000000e+01,1.924243866754096002e-08
5.806250000000000000e+01,1.787706300314535306e-08
5.807812500000000000e+01,1.698067423930022476e-08
5.809375000000000000e+01,1.616399452434957168e-08
5.810937500000000000e+01,1.636841658399164161e-08
5.812500000000000000e+01,1.856022917643995298e-08
5.814062500000000000e+01,2.106359636933685767e-08
5.815625000000000000e+01,2.185668293798755654e-08
5.817187500000000000e+01,2.106818817793834287e-08
5.818750000000000000e+01,2.015556553601738354e-08
5.820312500000000000e+01,1.965025394375177675e-08
5.821875000000000000e+01,1.901315799114002908e-08
5.823437500000000000e+01,1.826736310505052559e-08
5.825000000000000000e+01,1.802318655836411723e-08
5.826562500000000000e+01,1.820655620869212272e-08
5.828125000000000000e+01,1.830847556388830568e-08
5.829687500000000000e+01,1.819735185137758452e-08
5.831250000000000000e+01,1.798960704988374367e-08
5.832812500000000000e+01,1.789501988123517337e-08
5.834375000000000000e+01,1.795264253488210937e-08
5.835937500000000000e+01,1.783845660900725633e-08
5.837500000000000000e+01,1.747172638540425385e-08
5.839062500000000000e+01,1.763206797510205596e-08
5.840625000000000000e+01,1.883499621748026032e-08
5.842187500000000000e+01,2.027302691656004594e-08
5.843750000000000000e+01,2.127947376721095126e-08
5.845312500000000000e+01,2.185137868132986674e-08
5.846875000000000000e+01,2.174802087436693242e-08
5.848437500000000000e+01,2.108113763671649548e-08
5.850000000000000000e+01,2.060218200441415329e-08
5.851562500000000000e+01,2.043031127908998578e-08
5.853125000000000000e+01,1.999282329407335416e-08
5.854687500000000000e+01,1.911827167889615935e-08
5.856250000000000000e+01,1.847731202766531116e-08
5.857812500000000000e+01,1.854927890632978864e-08
5.859375000000000000e+01,1.857842000808143303e-08
5.860937500000000000e+01,1.792485590186432159e-08
5.862500000000000000e+01,1.702253255954013739e-08
5.864062500000000000e+01,1.660102332921124148e-08
5.865625000000000000e+01,1.674621084373750996e-08
5.867187500000000000e+01,1.676773759868747023e-08
5.868750000000000000e+01,1.658240029754119181e-08
5.870312500000000000e+01,1.679400841245564338e-08
5.871875000000000000e+01,1.687665733051676187e-08
5.873437500000000000e+01,1.661327767617036133e-08
5.875000000000000000e+01,1.732580429800673419e-08
5.876562500000000000e+01,1.889256237774910156e-08
5.878125000000000000e+01,1.993106659728680423e-08
5.879687500000000000e+01,2.004018136482739465e-08
5.881250000000000000e+01,1.917323113229681198e-08
5.882812500000000000e+01,1.753191426036190729e-08
5.884375000000000000e+01,1.602268530306682296e-08
5.885937500000000000e+01,1.531965646636187873e-08
5.887500000000000000e+01,1.558334217138370114e-08
5.889062500000000000e+01,1.650601549805951933e-08
5.890625000000000000e+01,1.721109901374149775e-08
5.892187500000000000e+01,1.721249242713966719e-08
5.893750000000000000e+01,1.659374221883212333e-08
5.895312500000000000e+01,1.608076791418364677e-08
5.896875000000000000e+01,1.648352540584283806e-08
5.898437500000000000e+01,1.729794117666718862e-08
5.900000000000000000e+01,1.788414152264084357e-08
5.901562500000000000e+01,1.839133130520938541e-08
5.903125000000000000e+01,1.864029934652762032e-08
5.904687500000000000e+01,1.766783459285126692e-08
5.906250000000000000e+01,1.522670365582004639e-08
5.907812500000000000e+01,1.320982202462209304e-08
5.909375000000000000e+01,1.342464294507535271e-08
5.910937500000000000e+01,1.463111995183728376e-08
5.912500000000000000e+01,1.566196143357898916e-08
5.914062500000000000e+01,1.657630445802158492e-08
5.915625000000000000e+01,1.756593859634307443e-08
5.917187500000000000e+01,1.853724084276341108e-08
5.918750000000000000e+01,1.888502130005820228e-08
5.920312500000000000e+01,1.834437425868075731e-08
5.921875000000000000e+01,1.756206771478710623e-08
5.923437500000000000e+01,1.732930359524820144e-08
5.925000000000000000e+01,1.783834997972346695e-08
5.926562500000000000e+01,1.850995768780763874e-08
5.928125000000000000e+01,1.863144406794886636e-08
5.929687500000000000e+01,1.822240053908079946e-08
5.931250000000000000e+01,1.771596154876626816e-08
5.932812500000000000e+01,1.728418062999980177e-08
5.934375000000000000e+01,1.710392692934303482e-08
5.935937500000000000e+01,1.723337572184337681e-08
5.937500000000000000e+01,1.715788302807882749e-08
5.939062500000000000e+01,1.645200020545753990e-08
5.940625000000000000e+01,1.573348192958978816e-08
5.942187500000000000e+01,1.601440971682370577e-08
5.943750000000000000e+01,1.701235035595191730e-08
5.945312500000000000e+01,1.795367969950164880e-08
5.946875000000000000e+01,1.880889022842632441e-08
5.948437500000000000e+01,1.931764875459311659e-08
5.950000000000000000e+01,1.873243930157058569e-08
5.951562500000000000e+01,1.709340693293438992e-08
5.953125000000000000e+01,1.581244226564405575e-08
5.954687500000000000e+01,1.607004632490195553e-08
5.956250000000000000e+01,1.701574665336876363e-08
5.957812500000000000e+01,1.739801153025787973e-08
5.959375000000000000e+01,1.713961886255850923e-08
5.960937500000000000e+01,1.713095523991410355e-08
5.962500000000000000e+01,1.805776024541457636e-08
5.964062500000000000e+01,1.918486752619498542e-08
5.965625000000000000e+01,1.915779339560745146e-08
5.967187500000000000e+01,1.759374160396135366e-08
5.968750000000000000e+01,1.526292029911449173e-08
5.970312500000000000e+01,1.340544480443245006e-08
5.971875000000000000e+01,1.310744943324548119e-08
5.973437500000000000e+01,1.425703013676983048e-08
5.975000000000000000e+01,1.565539763451267631e-08
5.976562500000000000e+01,1.646706530865224348e-08
5.978125000000000000e+01,1.693668723942883869e-08
5.979687500000000000e+01,1.772180508860031681e-08
5.981250000000000000e+01,1.839855963122595902e-08
5.982812500000000000e+01,1.790072662774793063e-08
5.984375000000000000e+01,1.645173228256289343e-08
5.985937500000000000e+01,1.568358307619406404e-08
5.987500000000000000e+01,1.603380529762389952e-08
5.989062500000000000e+01,1.626133966471062541e-08
5.990625000000000000e+01,1.590122166005971393e-08
5.992187500000000000e+01,1.549907615099290688e-08
5.993750000000000000e+01,1.566034210422356515e-08
5.995312500000000000e+01,1.628548839940846669e-08
5.996875000000000000e+01,1.653268684741750919e-08
5.998437500000000000e+01,1.594169358180494450e-08
6.000000000000000000e+01,1.498931401382713483e-08
6.001562500000000000e+01,1.416179221282055300e-08
6.003125000000000000e+01,1.371915170925772172e-08
6.004687500000000000e+01,1.408428776655238417e-08
6.006250000000000000e+01,1.516889017466627003e-08
6.007812500000000000e+01,1.646010425167064755e-08
6.009375000000000000e+01,1.726937146608328370e-08
6.010937500000000000e+01,1.703315078648197569e-08
6.012500000000000000e+01,1.588690044737302404e-08
6.014062500000000000e+01,1.454279651097504849e-08
6.015625000000000000e+01,1.398792139926782175e-08
6.017187500000000000e+01,1.463230757540397677e-08
6.018750000000000000e+01,1.548375645420335882e-08
6.020312500000000000e+01,1.556714405930674485e-08
6.021875000000000000e+01,1.466539637204879775e-08
6.023437500000000000e+01,1.309782861377385341e-08
6.025000000000000000e+01,1.191330378330519710e-08
6.026562500000000000e+01,1.206703772268767184e-08
6.028125000000000000e+01,1.325795232099109607e-08
6.029687500000000000e+01,1.453760602844125476e-08
6.031250000000000000e+01,1.518905693992003530e-08
6.032812500000000000e+01,1.515186865918469351e-08
6.034375000000000000e+01,1.498529977242436376e-08
6.035937500000000000e+01,1.508568968831655253e-08
6.037500000000000000e+01,1.513094618541973834e-08
6.039062500000000000e+01,1.486176965034036616e-08
6.040625000000000000e+01,1.463327132415690307e-08
6.042187500000000000e+01,1.463521736811157842e-08
6.043750000000000000e+01,1.458914679223053697e-08
6.045312500000000000e+01,1.462894253405299066e-08
6.046875000000000000e+01,1.506890064258587403e-08
6.048437500000000000e+01,1.542692402915156403e-08
6.050000000000000000e+01,1.519475021544233163e-08
6.051562500000000000e+01,1.493702684069715904e-08
6.053125000000000000e+01,1.529101201274792023e-08
6.054687500000000000e+01,1.557933495783227226e-08
6.056250000000000000e+01,1.507325677729837006e-08
6.057812500000000000e+01,1.423931391416767834e-08
6.059375000000000000e+01,1.371465843278259971e-08
6.060937500000000000e+01,1.343140340531058640e-08
6.062500000000000000e+01,1.309930233664385707e-08
6.064062500000000000e+01,1.258035328598882033e-08
6.065625000000000000e+01,1.218595971149139271e-08
6.067187500000000000e+01,1.213553368795482475e-08
6.068750000000000000e+01,1.223397851937981141e-08
6.070312500000000000e+01,1.232141408990045685e-08
6.071875000000000000e+01,1.209627802717998417e-08
6.073437500000000000e+01,1.169071620488157243e-08
6.075000000000000000e+01,1.177945742387134492e-08
6.076562500000000000e+01,1.254434882583412443e-08
6.078125000000000000e+01,1.347896192007235372e-08
6.079687500000000000e+01,1.405415178022248220e-08
6.081250000000000000e+01,1.424052608464691844e-08
6.082812500000000000e+01,1.441307577069280306e-08
6.084375000000000000e+01,1.459020954830517483e-08
6.085937500000000000e+01,1.422027723954175780e-08
6.087500000000000000e+01,1.321221642901849077e-08
6.089062500000000000e+01,1.238787924751720933e-08
6.090625000000000000e+01,1.224447311657194046e-08
6.092187500000000000e+01,1.225394429082612416e-08
6.093750000000000000e+01,1.248441590871621690e-08
6.095312500000000000e+01,1.355822210638743181e-08
6.096875000000000000e+01,1.466665325716206994e-08
6.098437500000000000e+01,1.464078406874773428e-08
6.100000000000000000e+01,1.362321306533726516e-08
6.101562500000000000e+01,1.265819000910343790e-08
6.103125000000000000e+01,1.254434200078487647e-08
6.104687500000000000e+01,1.300677627519361950e-08
6.106250000000000000e+01,1.339116274937783481e-08
6.107812500000000000e+01,1.370117386779869974e-08
6.109375000000000000e+01,1.415630392067800366e-08
6.110937500000000000e+01,1.470246259040673657e-08
6.112500000000000000e+01,1.544570882065484345e-08
6.114062500000000000e+01,1.648257886446088894e-08
6.115625000000000000e+01,1.723251239974275967e-08
6.117187500000000000e+01,1.712289914583818036e-08
6.118750000000000000e+01,1.630694509970547977e-08
6.120312500000000000e+01,1.505476322566859440e-08
6.121875000000000000e+01,1.357226931178093345e-08
6.123437500000000000e+01,1.251698924333704815e-08
6.125000000000000000e+01,1.217815948819134773e-08
6.126562500000000000e+01,1.205291737342627583e-08
6.128125000000000000e+01,1.209819810256695203e-08
6.129687500000000000e+01,1.265982022319368890e-08
6.131250000000000000e+01,1.338007095289323127e-08
6.132812500000000000e+01,1.366030488769343099e-08
6.134375000000000000e+01,1.366881973573730797e-08
6.135937500000000000e+01,1.424083129081586570e-08
6.137500000000000000e+01,1.560078313584847966e-08
6.139062500000000000e+01,1.677313796627060047e-08
6.140625000000000000e+01,1.683217017569763487e-08
6.142187500000000000e+01,1.573547950908952439e-08
6.143750000000000000e+01,1.411906532111044982e-08
6.145312500000000000e+01,1.295918326260643614e-08
6.146875000000000000e+01,1.277585313193619032e-08
6.148437500000000000e+01,1.299593894400099232e-08
6.150000000000000000e+01,1.317283094324619746e-08
6.151562500000000000e+01,1.322327942296405590e-08
6.153125000000000000e+01,1.301083097705097793e-08
6.154687500000000000e+01,1.253434555913986277e-08
6.156250000000000000e+01,1.176480647245333149e-08
6.157812500000000000e+01,1.103758502549831490e-08
6.159375000000000000e+01,1.108986515827294225e-08
6.160937500000000000e+01,1.187441814753699306e-08
6.162500000000000000e+01,1.245548636042524185e-08
6.164062500000000000e+01,1.234220972449959051e-08
6.165625000000000000e+01,1.173113687314574843e-08
6.167187500000000000e+01,1.085432492323139409e-08
6.168750000000000000e+01,1.025672307507434810e-08
6.170312500000000000e+01,1.041581701724467098e-08
6.171875000000000000e+01,1.076924617841311826e-08
6.173437500000000000e+01,1.090890715795175469e-08
6.175000000000000000e+01,1.107003201720006061e-08
6.176562500000000000e+01,1.107251938289145312e-08
6.178125000000000000e+01,1.065726797557426158e-08
6.179687500000000000e+01,1.029101573409583164e-08
6.181250000000000000e+01,1.044315177770591418e-08
6.182812500000000000e+01,1.099564956615818707e-08
6.184375000000000000e+01,1.181172268031640462e-08
6.185937500000000000e+01,1.257958420040161169e-08
6.187500000000000000e+01,1.274944360628774692e-08
6.189062500000000000e+01,1.239418516096866503e-08
6.190625000000000000e+01,1.228260509899735260e-08
6.192187500000000000e+01,1.274287902576173930e-08
6.193750000000000000e+01,1.334422744984522040e-08
6.195312500000000000e+01,1.375899130933519133e-08
6.196875000000000000e+01,1.385397635957456538e-08
6.198437500000000000e+01,1.345035566855882908e-08
6.200000000000000000e+01,1.255754441913598078e-08
6.201562500000000000e+01,1.160040438474365897e-08
6.203125000000000000e+01,1.098070419952430087e-08
6.204687500000000000e+01,1.053339578153945908e-08
6.206250000000000000e+01,1.024763351590547300e-08
6.207812500000000000e+01,1.061522036708931755e-08
6.209375000000000000e+01,1.167578859412257262e-08
6.210937500000000000e+01,1.284550162188005014e-08
6.212500000000000000e+01,1.349067316651909697e-08
6.214062500000000000e+01,1.321633216541979295e-08
6.215625000000000000e+01,1.207059543885601792e-08
6.217187500000000000e+01,1.073724911874172607e-08
6.218750000000000000e+01,1.037309712915393684e-08
6.220312500000000000e+01,1.134204446611617662e-08
6.221875000000000000e+01,1.284895189486737341e-08
6.223437500000000000e+01,1.398090503232629187e-08
6.225000000000000000e+01,1.407161617896346886e-08
6.226562500000000000e+01,1.339609505244469194e-08
6.228125000000000000e+01,1.308855873031655216e-08
6.229687500000000000e+01,1.315182707677441156e-08
6.231250000000000000e+01,1.258677211343593998e-08
6.232812500000000000e+01,1.159246796047371124e-08
6.234375000000000000e+01,1.123955326326354575e-08
6.235937500000000000e+01,1.160469305483658058e-08
6.237500000000000000e+01,1.212962278386218002e-08
6.239062500000000000e+01,1.258281640364928953e-08
6.240625000000000000e+01,1.287220770676923528e-08
6.242187500000000000e+01,1.300947016983071985e-08
6.243750000000000000e+01,1.305158872772671157e-08
6.245312500000000000e+01,1.291013762154110530e-08
6.246875000000000000e+01,1.258094205116114405e-08
6.248437500000000000e+01,1.244536490326975111e-08
6.250000000000000000e+01,1.269460869275701451e-08
6.251562500000000000e+01,1.284557286781019287e-08
6.253125000000000000e+01,1.268129283911787101e-08
6.254687500000000000e+01,1.263899391645230930e-08
6.256250000000000000e+01,1.284612222203011159e-08
6.257812500000000000e+01,1.310605497471501537e-08
6.259375000000000000e+01,1.338536482402776631e-08
6.260937500000000000e+01,1.347510208900321710e-08
6.262500000000000000e+01,1.318842897928787869e-08
6.264062500000000000e+01,1.260886048411507910e-08
6.265625000000000000e+01,1.199525772560532653e-08
6.267187500000000000e+01,1.160347062816770433e-08
6.268750000000000000e+01,1.150342693741453147e-08
6.270312500000000000e+01,1.179448422342131308e-08
6.271875000000000000e+01,1.234536247593926857e-08
6.273437500000000000e+01,1.265416215860421685e-08
6.275000000000000000e+01,1.262150725748270036e-08
6.276562500000000000e+01,1.258573880407268045e-08
6.278125000000000000e+01,1.258003861637212105e-08
6.279687500000000000e+01,1.237842833169297777e-08
6.281250000000000000e+01,1.197751855066587808e-08
6.282812500000000000e+01,1.159601131842195946e-08
6.284375000000000000e+01,1.148591816856003767e-08
6.285937500000000000e+01,1.166228805056701624e-08
6.287500000000000000e+01,1.188176402693607719e-08
6.289062500000000000e+01,1.213445732646195267e-08
6.290625000000000000e+01,1.267750553572640443e-08
6.292187500000000000e+01,1.339695263032488519e-08
6.293750000000000000e+01,1.375145617020792559e-08
6.295312500000000000e+01,1.352246106138828764e-08
6.296875000000000000e+01,1.300957079448213542e-08
6.298437500000000000e+01,1.251111924626895499e-08
6.300000000000000000e+01,1.211796102176763388e-08
6.301562500000000000e+01,1.177374001786444259e-08
6.303125000000000000e+01,1.143072653887157983e-08
6.304687500000000000e+01,1.139352571902497244e-08
6.306250000000000000e+01,1.176455611499300817e-08
6.307812500000000000e+01,1.203270873534345631e-08
6.309375000000000000e+01,1.189303263133755535e-08
6.310937500000000000e+01,1.151294338702709360e-08
6.312500000000000000e+01,1.106399017796190260e-08
6.314062500000000000e+01,1.067866480352375125e-08
6.315625000000000000e+01,1.068057179236085368e-08
6.317187500000000000e+01,1.123165814319057837e-08
6.318750000000000000e+01,1.199849954055166071e-08
6.320312500000000000e+01,1.244935769454817273e-08
6.321875000000000000e+01,1.230012681291916490e-08
6.323437500000000000e+01,1.161278882851293392e-08
6.325000000000000000e+01,1.057840547688082868e-08
6.326562500000000000e+01,9.524515793917852224e-09
6.328125000000000000e+01,8.846970877615439191e-09
6.329687500000000000e+01,8.764130966521340725e-09
6.331250000000000000e+01,9.311122996651173480e-09
6.332812500000000000e+01,1.029074930072866717e-08
6.334375000000000000e+01,1.129148398058825189e-08
6.335937500000000000e+01,1.179844820115599295e-08
6.337500000000000000e+01,1.167125243129713962e-08
6.339062500000000000e+01,1.126376772376963995e-08
6.340625000000000000e+01,1.076429432997984359e-08
6.342187500000000000e+01,1.028734355571192621e-08
6.343750000000000000e+01,1.021378412860874823e-08
6.345312500000000000e+01,1.055263341048677333e-08
6.346875000000000000e+01,1.091859891467013871e-08
6.348437500000000000e+01,1.103578502488521883e-08
6.350000000000000000e+01,1.073139563794887001e-08
6.351562500000000000e+01,1.004261026922139276e-08
6.353125000000000000e+01,9.458328497108586744e-09
6.354687500000000000e+01,9.685024577601884551e-09
6.356250000000000000e+01,1.071799979350969146e-08
6.357812500000000000e+01,1.167700971998053849e-08
6.359375000000000000e+01,1.193359643916549479e-08
6.360937500000000000e+01,1.144818233603453475e-08
6.362500000000000000e+01,1.030070632170187390e-08
6.364062500000000000e+01,9.052802414074532660e-09
6.365625000000000000e+01,8.908667014658575461e-09
6.367187500000000000e+01,9.941726346206945342e-09
6.368750000000000000e+01,1.092063446764349852e-08
6.370312500000000000e+01,1.113754708337586479e-08
6.371875000000000000e+01,1.077971586751793754e-08
6.373437500000000000e+01,1.039726002492358934e-08
6.375000000000000000e+01,1.025430707617663322e-08
6.376562500000000000e+01,1.031441293385365847e-08
6.378125000000000000e+01,1.049135821520256005e-08
6.379687500000000000e+01,1.048604269262892816e-08
6.381250000000000000e+01,1.023913745550825844e-08
6.382812500000000000e+01,1.030297506373021299e-08
6.384375000000000000e+01,1.087535077429510845e-08
6.385937500000000000e+01,1.144259889045943760e-08
6.387500000000000000e+01,1.178797680782429674e-08
6.389062500000000000e+01,1.201687687177231417e-08
6.390625000000000000e+01,1.187807284824059820e-08
6.392187500000000000e+01,1.117511502445102488e-08
6.393750000000000000e+01,1.039271366067869130e-08
6.395312500000000000e+01,1.016427684689500780e-08
6.396875000000000000e+01,1.045673188321876143e-08
6.398437500000000000e+01,1.076270162250194574e-08
6.400000000000000000e+01,1.088226271641031421e-08
6.401562500000000000e+01,1.106313302627407090e-08
6.403125000000000000e+01,1.120579116556171576e-08
6.404687500000000000e+01,1.074248534138611287e-08
6.406250000000000000e+01,9.570732957320336874e-09
6.407812500000000000e+01,8.498331862436695383e-09
6.409375000000000000e+01,8.325978936491369978e-09
6.410937500000000000e+01,8.698583165686253747e-09
6.412500000000000000e+01,9.057086556764668093e-09
6.414062500000000000e+01,9.340045730519860293e-09
6.415625000000000000e+01,9.647927101993208839e-09
6.417187500000000000e+01,1.001078201139727277e-08
6.418750000000000000e+01,1.029465635909333479e-08
6.420312500000000000e+01,1.044569996013410981e-08
6.421875000000000000e+01,1.061928485771527865e-08
6.423437500000000000e+01,1.068818755136784957e-08
6.425000000000000000e+01,1.035430048826753433e-08
6.426562500000000000e+01,9.918840214677346902e-09
6.428125000000000000e+01,9.753440495263995117e-09
6.429687500000000000e+01,9.526919949535491767e-09
6.431250000000000000e+01,8.903143373059048163e-09
6.432812500000000000e+01,8.182102164519293222e-09
6.434375000000000000e+01,7.946979890695075236e-09
6.435937500000000000e+01,8.231026791243028946e-09
6.437500000000000000e+01,8.843306174429676917e-09
6.439062500000000000e+01,9.767603293301252630e-09
6.440625000000000000e+01,1.068754721350769139e-08
6.442187500000000000e+01,1.115009506003948641e-08
6.443750000000000000e+01,1.097800819825677483e-08
6.445312500000000000e+01,1.034146338473330339e-08
6.446875000000000000e+01,9.613442796988344897e-09
6.448437500000000000e+01,9.072146277754609045e-09
6.450000000000000000e+01,8.728614478883229879e-09
6.451562500000000000e+01,8.467493876641317085e-09
6.453125000000000000e+01,8.263079227852307482e-09
6.454687500000000000e+01,8.194040691223284671e-09
6.456250000000000000e+01,8.224992042553967432e-09
6.457812500000000000e+01,8.262553211186839363e-09
6.459375000000000000e+01,8.550111236789636459e-09
6.460937500000000000e+01,9.061627176915995345e-09
6.462500000000000000e+01,9.179884061036920774e-09
6.464062500000000000e+01,8.801917192672832559e-09
6.465625000000000000e+01,8.478658137648860444e-09
6.467187500000000000e+01,8.363757273846760956e-09
6.468750000000000000e+01,8.239836617833811042e-09
6.470312500000000000e+01,8.349512188481053703e-09
6.471875000000000000e+01,8.900013521876928359e-09
6.473437500000000000e+01,9.412281194082565440e-09
6.475000000000000000e+01,9.458268717842888674e-09
6.476562500000000000e+01,9.154659658127964169e-09
6.478125000000000000e+01,8.731566899898932709e-09
6.479687500000000000e+01,8.240164715307031061e-09
6.481250000000000000e+01,7.916590640548773347e-09
6.482812500000000000e+01,8.171323808818669949e-09
6.484375000000000000e+01,8.843916053597056293e-09
6.485937500000000000e+01,9.298751177373438360e-09
6.487500000000000000e+01,9.236525409992003827e-09
6.489062500000000000e+01,9.058682732146930273e-09
6.490625000000000000e+01,9.062820561891913798e-09
6.492187500000000000e+01,8.883368130297547047e-09
6.493750000000000000e+01,8.458777595408436312e-09
6.495312500000000000e+01,8.393552171354098573e-09
6.496875000000000000e+01,8.828247878410793783e-09
6.498437500000000000e+01,9.082960548478412019e-09
6.500000000000000000e+01,8.817217111320057863e-09
6.501562500000000000e+01,8.333043614160724845e-09
6.503125000000000000e+01,7.938246391556546094e-09
6.504687500000000000e+01,7.889717693434565753e-09
6.506250000000000000e+01,8.397689824076587808e-09
6.507812500000000000e+01,9.012719424100245557e-09
6.509375000000000000e+01,9.119689510009952697e-09
6.510937500000000000e+01,8.747776711072866266e-09
6.512500000000000000e+01,8.399915919671526687e-09
6.514062500000000000e+01,8.453076470351829408e-09
6.515625000000000000e+01,8.777411195088145438e-09
6.517187500000000000e+01,8.905811787377400905e-09
6.518750000000000000e+01,8.634094091845822241e-09
6.520312500000000000e+01,8.148565128827556408e-09
6.521875000000000000e+01,7.615640072303463168e-09
6.523437500000000000e+01,7.341911196488555747e-09
6.525000000000000000e+01,7.681515541038698291e-09
6.526562500000000000e+01,8.189016364206271973e-09
6.528125000000000000e+01,8.459413301758355269e-09
6.529687500000000000e+01,8.752348763778528501e-09
6.531250000000000000e+01,9.104356413460029619e-09
6.532812500000000000e+01,9.090838463791090111e-09
6.534375000000000000e+01,8.580632122095118526e-09
6.535937500000000000e+01,8.125370359690749827e-09
6.537500000000000000e+01,8.218402131127129382e-09
6.539062500000000000e+01,8.549359487968599861e-09
6.540625000000000000e+01,8.705512150205032764e-09
6.542187500000000000e+01,8.657596826471337368e-09
6.543750000000000000e+01,8.432583480397253535e-09
6.545312500000000000e+01,8.091047783591451262e-09
6.546875000000000000e+01,7.825047976645381928e-09
6.548437500000000000e+01,7.681346499919827041e-09
6.550000000000000000e+01,7.588363886507838879e-09
6.551562500000000000e+01,7.495433160445665114e-09
6.553125000000000000e+01,7.305487838221585736e-09
6.554687500000000000e+01,7.112566162685184846e-09
6.556250000000000000e+01,7.244781707670461125e-09
6.557812500000000000e+01,7.624617669950780937e-09
6.559375000000000000e+01,7.797609364035471718e-09
6.560937500000000000e+01,7.621268990807610281e-09
6.562500000000000000e+01,7.360164110117228299e-09
6.564062500000000000e+01,7.474040228253479648e-09
6.565625000000000000e+01,8.151716142878367490e-09
6.567187500000000000e+01,9.053064403354199930e-09
6.568750000000000000e+01,9.767330837804610994e-09
6.570312500000000000e+01,9.969878934589216130e-09
6.571875000000000000e+01,9.512058489918560785e-09
6.573437500000000000e+01,8.684556881631442740e-09
6.575000000000000000e+01,8.005552713746048088e-09
6.576562500000000000e+01,7.630529249962610075e-09
6.578125000000000000e+01,7.549072639350545390e-09
6.579687500000000000e+01,7.817785887036991731e-09
6.581250000000000000e+01,8.263611700206974536e-09
6.582812500000000000e+01,8.724280286211436111e-09
6.584375000000000000e+01,9.089009619728756507e-09
6.585937500000000000e+01,9.221337158996753259e-09
6.587500000000000000e+01,9.032110165594573659e-09
6.589062500000000000e+01,8.626046703389447615e-09
6.590625000000000000e+01,8.396748475580676976e-09
6.592187500000000000e+01,8.542035017495203374e-09
6.593750000000000000e+01,8.780487972554605457e-09
6.595312500000000000e+01,8.777588483931826783e-09
6.596875000000000000e+01,8.534911712410286655e-09
6.598437500000000000e+01,8.454367629158730873e-09
6.600000000000000000e+01,8.551085464621196413e-09
6.601562500000000000e+01,8.337068877495147811e-09
6.603125000000000000e+01,7.999233655448832481e-09
6.604687500000000000e+01,8.089894658160972508e-09
6.606250000000000000e+01,8.273240662199648926e-09
6.607812500000000000e+01,8.140341612059912961e-09
6.609375000000000000e+01,7.897050526934741851e-09
6.610937500000000000e+01,7.636098144977879159e-09
6.612500000000000000e+01,7.356637391802991207e-09
6.614062500000000000e+01,7.345802732406539271e-09
6.615625000000000000e+01,7.659508909775600020e-09
6.617187500000000000e+01,7.709362084541770503e-09
6.618750000000000000e+01,7.108396394662972444e-09
6.620312500000000000e+01,6.365716397372014423e-09
6.621875000000000000e+01,6.051310079054308195e-09
6.623437500000000000e+01,6.098623258604764086e-09
6.625000000000000000e+01,6.411356850419656750e-09
6.626562500000000000e+01,7.078056327574415119e-09
6.628125000000000000e+01,8.034482670113216059e-09
6.629687500000000000e+01,8.820145166789196894e-09
6.631250000000000000e+01,9.050408653858706941e-09
6.632812500000000000e+01,8.773005898425192477e-09
6.634375000000000000e+01,8.268298404078055823e-09
6.635937500000000000e+01,7.712779821695463767e-09
6.637500000000000000e+01,7.209917121000085606e-09
6.639062500000000000e+01,7.122205854440659848e-09
6.640625000000000000e+01,7.676590774847202885e-09
6.642187500000000000e+01,8.298459090892781187e-09
6.643750000000000000e+01,8.311206940371349400e-09
6.645312500000000000e+01,7.676149099405639226e-09
6.646875000000000000e+01,6.898402701454905763e-09
6.648437500000000000e+01,6.587324011857284586e-09
6.650000000000000000e+01,6.898370839814706632e-09
6.651562500000000000e+01,7.406636412063526434e-09
6.653125000000000000e+01,7.717914119416768627e-09
6.654687500000000000e+01,7.698492286028013138e-09
6.656250000000000000e+01,7.452088321175682580e-09
6.657812500000000000e+01,7.306083882966399523e-09
6.659375000000000000e+01,7.294803512916270950e-09
6.660937500000000000e+01,7.061383736227479431e-09
6.662500000000000000e+01,6.506423966864157946e-09
6.664062500000000000e+01,5.969814505860009130e-09
6.665625000000000000e+01,5.811567273049259115e-09
6.667187500000000000e+01,6.056703023448444209e-09
6.668750000000000000e+01,6.396311142165900389e-09
6.670312500000000000e+01,6.546880788400085501e-09
6.671875000000000000e+01,6.593375202274201938e-09
6.673437500000000000e+01,6.834605568129905264e-09
6.675000000000000000e+01,7.450778548404292232e-09
6.676562500000000000e+01,8.168910734887991615e-09
6.678125000000000000e+01,8.540963910284821538e-09
6.679687500000000000e+01,8.408043445156546199e-09
6.681250000000000000e+01,7.871573135557819946e-09
6.682812500000000000e+01,7.266208816617420652e-09
6.684375000000000000e+01,6.894131337856365814e-09
6.685937500000000000e+01,6.767455126439543468e-09
6.687500000000000000e+01,6.866033203676602657e-09
6.689062500000000000e+01,7.051462574050433427e-09
6.690625000000000000e+01,7.037827250827065052e-09
6.692187500000000000e+01,6.806588975322848850e-09
6.693750000000000000e+01,6.619652820475557442e-09
6.695312500000000000e+01,6.687451985855767305e-09
6.696875000000000000e+01,6.843978383958288357e-09
6.698437500000000000e+01,6.823832836124160283e-09
6.700000000000000000e+01,6.746262389328081110e-09
6.701562500000000000e+01,6.917713562029738917e-09
6.703125000000000000e+01,7.323905464368538752e-09
6.704687500000000000e+01,7.641393104503555038e-09
6.706250000000000000e+01,7.725096159521907376e-09
6.707812500000000000e+01,7.692782344730823833e-09
6.709375000000000000e+01,7.565775367688233425e-09
6.710937500000000000e+01,7.263120864244689456e-09
6.712500000000000000e+01,6.902370578158799062e-09
6.714062500000000000e+01,6.699196254721684073e-09
6.715625000000000000e+01,6.653585749192157904e-09
6.717187500000000000e+01,6.770484062600200756e-09
6.718750000000000000e+01,7.040156819426708120e-09
6.720312500000000000e+01,7.085173297887436204e-09
6.721875000000000000e+01,6.666921001279121368e-09
6.723437500000000000e+01,6.207569762392815204e-09
6.725000000000000000e+01,6.248720850300976044e-09
6.726562500000000000e+01,6.626812913203222313e-09
6.728125000000000000e+01,7.020310329962267483e-09
6.729687500000000000e+01,7.405748758723067484e-09
6.731250000000000000e+01,7.658976330329000690e-09
6.732812500000000000e+01,7.538154722522984005e-09
6.734375000000000000e+01,7.026208725170686532e-09
6.735937500000000000e+01,6.502745190912162237e-09
6.737500000000000000e+01,6.561663988372059806e-09
6.739062500000000000e+01,7.143992990556688147e-09
6.740625000000000000e+01,7.465612028962697702e-09
6.742187500000000000e+01,7.129339941436372512e-09
6.743750000000000000e+01,6.561324384852631399e-09
6.745312500000000000e+01,6.453668933236666021e-09
6.746875000000000000e+01,6.819487906177205879e-09
6.748437500000000000e+01,7.165676148896467056e-09
6.750000000000000000e+01,7.241191653045109917e-09
6.751562500000000000e+01,7.182160592863771538e-09
6.753125000000000000e+01,7.125023010685219708e-09
6.754687500000000000e+01,7.013503123485247000e-09
6.756250000000000000e+01,6.850059494127826702e-09
6.757812500000000000e+01,6.691839089129992734e-09
6.759375000000000000e+01,6.699250096911542131e-09
6.760937500000000000e+01,6.895871197049473701e-09
6.762500000000000000e+01,7.063570243777513904e-09
6.764062500000000000e+01,7.231061271268064280e-09
6.765625000000000000e+01,7.564875947370349396e-09
6.767187500000000000e+01,7.901175940521393358e-09
6.768750000000000000e+01,7.887705252273117537e-09
6.770312500000000000e+01,7.522122545015386116e-09
6.771875000000000000e+01,7.213427245174533050e-09
6.773437500000000000e+01,7.314201416851152072e-09
6.775000000000000000e+01,7.702279601430736128e-09
6.776562500000000000e+01,7.988724883481972038e-09
6.778125000000000000e+01,8.024604860409356298e-09
6.779687500000000000e+01,7.902490818645380085e-09
6.781250000000000000e+01,7.555935739862071266e-09
6.782812500000000000e+01,6.918475792100710303e-09
6.784375000000000000e+01,6.402001814376231722e-09
6.785937500000000000e+01,6.402842819505449740e-09
6.787500000000000000e+01,6.649091669329209913e-09
6.789062500000000000e+01,6.569379111952448042e-09
6.790625000000000000e+01,5.946636390008845351e-09
6.792187500000000000e+01,5.234089468698693505e-09
6.793750000000000000e+01,4.954111331769675473e-09
6.795312500000000000e+01,5.191076378667715434e-09
6.796875000000000000e+01,5.785391094020256711e-09
6.798437500000000000e+01,6.373897371642157573e-09
6.800000000000000000e+01,6.768040540958929448e-09
6.801562500000000000e+01,6.996288287458742002e-09
6.803125000000000000e+01,6.958831525113932671e-09
6.804687500000000000e+01,6.534844011320334137e-09
6.806250000000000000e+01,6.111680777927156412e-09
6.807812500000000000e+01,6.271204943798590078e-09
6.809375000000000000e+01,6.647997436429047614e-09
6.810937500000000000e+01,6.666728507645872488e-09
6.812500000000000000e+01,6.358168822523580286e-09
6.814062500000000000e+01,6.088488167871771247e-09
6.815625000000000000e+01,6.141302700117122066e-09
6.817187500000000000e+01,6.248917601668745509e-09
6.818750000000000000e+01,6.098793359386009334e-09
6.820312500000000000e+01,5.918064941391897454e-09
6.821875000000000000e+01,5.959030655577695050e-09
6.823437500000000000e+01,6.073889435389356466e-09
6.825000000000000000e+01,6.019069248351840714e-09
6.826562500000000000e+01,5.738751561813814536e-09
6.828125000000000000e+01,5.450476037389758495e-09
6.829687500000000000e+01,5.488969914612512673e-09
6.831250000000000000e+01,5.850920267123375669e-09
6.832812500000000000e+01,6.149391012809538545e-09
6.834375000000000000e+01,6.176285269470571943e-09
6.835937500000000000e+01,6.168955814732804361e-09
6.837500000000000000e+01,6.318695775109303237e-09
6.839062500000000000e+01,6.309693209710459885e-09
6.840625000000000000e+01,5.997163141710529195e-09
6.842187500000000000e+01,5.851812459755189774e-09
6.843750000000000000e+01,6.062741611698186526e-09
6.845312500000000000e+01,6.292792170163532873e-09
6.846875000000000000e+01,6.418921879288947788e-09
6.848437500000000000e+01,6.498596313401957470e-09
6.850000000000000000e+01,6.449523439867480182e-09
6.851562500000000000e+01,6.186174444736723508e-09
6.853125000000000000e+01,5.853377258650093870e-09
6.854687500000000000e+01,5.724171864482404583e-09
6.856250000000000000e+01,5.969659884925556273e-09
6.857812500000000000e+01,6.437088616062826876e-09
6.859375000000000000e+01,6.846615323184936027e-09
6.860937500000000000e+01,7.077430242365157801e-09
6.862500000000000000e+01,7.030653105578769580e-09
6.864062500000000000e+01,6.605443894668886603e-09
6.865625000000000000e+01,5.969035527186176028e-09
6.867187500000000000e+01,5.436855628793012743e-09
6.868750000000000000e+01,5.183144084589144199e-09
6.870312500000000000e+01,5.327056921999534531e-09
6.871875000000000000e+01,5.663301666013132416e-09
6.873437500000000000e+01,5.817063698964598703e-09
6.875000000000000000e+01,5.725927297622716279e-09
6.876562500000000000e+01,5.631074209793984477e-09
6.878125000000000000e+01,5.752011218540894685e-09
6.879687500000000000e+01,6.035626050208192420e-09
6.881250000000000000e+01,6.268191794221970745e-09
6.882812500000000000e+01,6.291241993809459806e-09
6.884375000000000000e+01,6.193040455536037862e-09
6.885937500000000000e+01,6.212077519611632119e-09
6.887500000000000000e+01,6.362000282459754478e-09
6.889062500000000000e+01,6.359418553374490237e-09
6.890625000000000000e+01,6.181478558815581831e-09
6.892187500000000000e+01,6.170605614786566787e-09
6.893750000000000000e+01,6.310971066002308668e-09
6.895312500000000000e+01,6.365902600835594808e-09
6.896875000000000000e+01,6.305092971122022095e-09
6.898437500000000000e+01,6.094424882574402743e-09
6.900000000000000000e+01,5.829184493292476489e-09
6.901562500000000000e+01,5.722597942674367971e-09
6.903125000000000000e+01,5.811609412318251847e-09
6.904687500000000000e+01,6.176462113410180372e-09
6.906250000000000000e+01,6.754662944500127422e-09
6.907812500000000000e+01,7.164168506080926065e-09
6.909375000000000000e+01,7.333891367722903601e-09
6.910937500000000000e+01,7.517466704186693893e-09
6.912500000000000000e+01,7.702792276339530424e-09
6.914062500000000000e+01,7.747287846376740230e-09
6.915625000000000000e+01,7.669440977628093673e-09
6.917187500000000000e+01,7.508081225350353968e-09
6.918750000000000000e+01,7.275452833672048019e-09
6.920312500000000000e+01,6.894680823973403794e-09
6.921875000000000000e+01,6.284860196501771102e-09
6.923437500000000000e+01,5.660780114435776965e-09
6.925000000000000000e+01,5.334265795649746659e-09
6.926562500000000000e+01,5.210710792916820090e-09
6.928125000000000000e+01,5.158001393447845505e-09
6.929687500000000000e+01,5.371460687531944051e-09
6.931250000000000000e+01,5.712874779443005253e-09
6.932812500000000000e+01,5.658305242972003660e-09
6.934375000000000000e+01,5.285719644077281054e-09
6.935937500000000000e+01,5.211741215024558755e-09
6.937500000000000000e+01,5.379066314206703125e-09
6.939062500000000000e+01,5.459711519896216241e-09
6.940625000000000000e+01,5.667244394733484681e-09
6.942187500000000000e+01,6.140261987331605532e-09
6.943750000000000000e+01,6.595776165240929095e-09
6.945312500000000000e+01,6.682788441017796027e-09
6.946875000000000000e+01,6.244000980943847995e-09
6.948437500000000000e+01,5.651641529934770324e-09
6.950000000000000000e+01,5.583555036080655645e-09
6.951562500000000000e+01,5.793144667155757283e-09
6.953125000000000000e+01,5.655983012383602529e-09
6.954687500000000000e+01,5.400948369594311362e-09
6.956250000000000000e+01,5.618880220142975776e-09
6.957812500000000000e+01,6.205279132990176801e-09
6.959375000000000000e+01,6.617000264682734506e-09
6.960937500000000000e+01,6.650222712650851328e-09
6.962500000000000000e+01,6.509442008921155344e-09
6.964062500000000000e+01,6.496105907296732809e-09
6.965625000000000000e+01,6.568491009795614094e-09
6.967187500000000000e+01,6.372442325557390575e-09
6.968750000000000000e+01,5.889460831299604786e-09
6.970312500000000000e+01,5.542349563727780109e-09
6.971875000000000000e+01,5.447561349285058874e-09
6.973437500000000000e+01,5.399780926510428102e-09
6.975000000000000000e+01,5.419774347469326044e-09
6.976562500000000000e+01,5.514176990092044636e-09
6.978125000000000000e+01,5.567294778381612350e-09
6.979687500000000000e+01,5.520380557504122636e-09
6.981250000000000000e+01,5.329189067211489444e-09
6.982812500000000000e+01,5.113922486455434072e-09
6.984375000000000000e+01,5.290181489588613143e-09
6.985937500000000000e+01,5.859438043498385595e-09
6.987500000000000000e+01,6.163402108568321717e-09
6.989062500000000000e+01,5.873714848757572519e-09
6.990625000000000000e+01,5.429331508757261851e-09
6.992187500000000000e+01,5.339463950791611539e-09
6.993750000000000000e+01,5.521088480330035820e-09
6.995312500000000000e+01,5.766822104686029449e-09
6.996875000000000000e+01,5.973831677987457033e-09
6.998437500000000000e+01,5.938800867052527335e-09
7.000000000000000000e+01,5.580068592999407225e-09
7.001562500000000000e+01,5.110797423893584489e-09
7.003125000000000000e+01,4.692386745243174600e-09
7.004687500000000000e+01,4.412467233102619265e-09
7.006250000000000000e+01,4.522252068185324234e-09
7.007812500000000000e+01,4.935290263694344689e-09
7.009375000000000000e+01,5.211750877675234645e-09
7.010937500000000000e+01,5.145442677098158505e-09
7.012500000000000000e+01,4.781621118755567051e-09
7.014062500000000000e+01,4.322871194932210514e-09
7.015625000000000000e+01,4.118005194516955606e-09
7.017187500000000000e+01,4.294150974497989054e-09
7.018750000000000000e+01,4.612310691964420925e-09
7.020312500000000000e+01,4.842497826711093311e-09
7.021875000000000000e+01,4.960371319397915903e-09
7.023437500000000000e+01,4.983161751809559462e-09
7.025000000000000000e+01,4.906572687564694388e-09
7.026562500000000000e+01,4.813277307244455783e-09
7.028125000000000000e+01,4.782589725313666929e-09
7.029687500000000000e+01,4.831597040746597288e-09
7.031250000000000000e+01,4.910007941009856016e-09
7.032812500000000000e+01,5.024059322416402594e-09
7.034375000000000000e+01,5.379772956734249868e-09
7.035937500000000000e+01,5.973383128143556059e-09
7.037500000000000000e+01,6.396111489525256201e-09
7.039062500000000000e+01,6.357449520670277824e-09
7.040625000000000000e+01,5.980135075464844972e-09
7.042187500000000000e+01,5.605504071800401062e-09
7.043750000000000000e+01,5.420561399939843472e-09
7.045312500000000000e+01,5.351266310184681070e-09
7.046875000000000000e+01,5.268135145504163017e-09
7.048437500000000000e+01,5.148525649601864388e-09
7.050000000000000000e+01,5.106979840909833522e-09
7.051562500000000000e+01,5.210113907056838191e-09
7.053125000000000000e+01,5.389037487651142089e-09
7.054687500000000000e+01,5.500838553960887107e-09
7.056250000000000000e+01,5.398366320118080433e-09
7.057812500000000000e+01,5.085830383462345648e-09
7.059375000000000000e+01,4.838536107866956347e-09
7.060937500000000000e+01,4.962480376710761425e-09
7.062500000000000000e+01,5.255738782463385878e-09
7.064062500000000000e+01,5.275352831534794314e-09
7.065625000000000000e+01,4.929864280194386010e-09
7.067187500000000000e+01,4.558341534450208731e-09
7.068750000000000000e+01,4.574369702898197366e-09
7.070312500000000000e+01,4.895489396243097686e-09
7.071875000000000000e+01,5.222895726264406890e-09
7.073437500000000000e+01,5.431373815406319148e-09
7.075000000000000000e+01,5.377839193764531664e-09
7.076562500000000000e+01,4.996252706356203087e-09
7.078125000000000000e+01,4.652514571263836006e-09
7.079687500000000000e+01,4.827182576959212711e-09
7.081250000000000000e+01,5.295737727018905774e-09
7.082812500000000000e+01,5.503406224510465165e-09
7.084375000000000000e+01,5.304326923446188654e-09
7.085937500000000000e+01,4.961017962351468005e-09
7.087500000000000000e+01,4.854327638092507817e-09
7.089062500000000000e+01,5.122674385065316295e-09
7.090625000000000000e+01,5.522306055984299055e-09
7.092187500000000000e+01,5.768474798736962946e-09
7.093750000000000000e+01,5.745795826619217281e-09
7.095312500000000000e+01,5.481869732740266614e-09
7.096875000000000000e+01,5.107570197380507219e-09
7.098437500000000000e+01,4.737125215529937853e-09
7.100000000000000000e+01,4.390296169436626854e-09
7.101562500000000000e+01,4.062154896004287496e-09
7.103125000000000000e+01,3.853931472121541545e-09
7.104687500000000000e+01,3.935797681450531515e-09
7.106250000000000000e+01,4.316152243124938098e-09
7.107812500000000000e+01,4.731002216289319744e-09
7.109375000000000000e+01,4.878706820750126152e-09
7.110937500000000000e+01,4.850417147413925909e-09
7.112500000000000000e+01,5.006169786514728242e-09
7.114062500000000000e+01,5.368525900380620754e-09
7.115625000000000000e+01,5.689446889697418195e-09
7.117187500000000000e+01,5.850253642898408833e-09
7.118750000000000000e+01,5.881008164683947250e-09
7.120312500000000000e+01,5.854401988831758698e-09
7.121875000000000000e+01,5.831498642374335627e-09
7.123437500000000000e+01,5.786325366688394481e-09
7.125000000000000000e+01,5.534035077927664466e-09
7.126562500000000000e+01,4.945639443949439474e-09
7.128125000000000000e+01,4.306876928326456553e-09
7.129687500000000000e+01,4.086060693292273782e-09
7.131250000000000000e+01,4.317468295153728556e-09
7.132812500000000000e+01,4.776597042805542150e-09
7.134375000000000000e+01,5.214885979349459104e-09
7.135937500000000000e+01,5.378461278056614807e-09
7.137500000000000000e+01,5.290294708515740228e-09
7.139062500000000000e+01,5.163919015216590157e-09
7.140625000000000000e+01,5.025744790136885667e-09
7.142187500000000000e+01,4.837170573359186270e-09
7.143750000000000000e+01,4.740697009339911624e-09
7.145312500000000000e+01,4.830243237299062587e-09
7.146875000000000000e+01,4.959409065167328930e-09
7.148437500000000000e+01,4.936720137780150079e-09
7.150000000000000000e+01,4.781837047196089740e-09
7.151562500000000000e+01,4.748417339906775677e-09
7.153125000000000000e+01,5.010053459976262594e-09
7.154687500000000000e+01,5.387181902511328392e-09
7.156250000000000000e+01,5.521611876190610376e-09
7.157812500000000000e+01,5.279622096341525177e-09
7.159375000000000000e+01,4.971950768229684077e-09
7.160937500000000000e+01,5.012568241192357493e-09
7.162500000000000000e+01,5.369891130255436497e-09
7.164062500000000000e+01,5.708806373744649133e-09
7.165625000000000000e+01,5.694438695592080695e-09
7.167187500000000000e+01,5.180700770556105694e-09
7.168750000000000000e+01,4.443309215376851443e-09
7.170312500000000000e+01,4.124685490566477811e-09
7.171875000000000000e+01,4.414223972243811564e-09
7.173437500000000000e+01,4.662085634927620115e-09
7.175000000000000000e+01,4.489863458979226192e-09
7.176562500000000000e+01,4.210575519091034852e-09
7.178125000000000000e+01,4.085710887045920466e-09
7.179687500000000000e+01,3.933314090651570745e-09
7.181250000000000000e+01,3.785432972140213225e-09
7.182812500000000000e+01,3.878350248485603555e-09
7.184375000000000000e+01,4.125399606940417280e-09
7.185937500000000000e+01,4.264374358689631152e-09
7.187500000000000000e+01,4.208958906829106328e-09
7.189062500000000000e+01,3.970118602218691865e-09
7.190625000000000000e+01,3.600805614287133375e-09
7.192187500000000000e+01,3.397716108115486904e-09
7.193750000000000000e+01,3.528997140856715709e-09
7.195312500000000000e+01,3.764647854606454225e-09
7.196875000000000000e+01,4.041323086505106668e-09
7.198437500000000000e+01,4.404889529657555758e-09
7.200000000000000000e+01,4.779512830251024669e-09
7.201562500000000000e+01,5.025811931124990193e-09
7.203125000000000000e+01,5.006661619101135023e-09
7.204687500000000000e+01,4.731079625374896087e-09
7.206250000000000000e+01,4.416260695989999642e-09
7.207812500000000000e+01,4.237562836857661860e-09
7.209375000000000000e+01,4.127116051947380129e-09
7.210937500000000000e+01,4.046820855914168243e-09
7.212500000000000000e+01,4.098040330908275401e-09
7.214062500000000000e+01,4.183350166308583025e-09
7.215625000000000000e+01,4.168567020021599103e-09
7.217187500000000000e+01,4.203436561405416766e-09
7.218750000000000000e+01,4.342872159329981246e-09
7.220312500000000000e+01,4.385319320699966625e-09
7.221875000000000000e+01,4.268911312587583642e-09
7.223437500000000000e+01,4.135621423452611709e-09
7.225000000000000000e+01,4.135376174887539692e-09
7.226562500000000000e+01,4.340237963630198655e-09
7.228125000000000000e+01,4.674273719591592246e-09
7.229687500000000000e+01,4.904981821506193732e-09
7.231250000000000000e+01,4.811382163097000703e-09
7.232812500000000000e+01,4.407214038439364056e-09
7.234375000000000000e+01,3.974622290168693289e-09
7.235937500000000000e+01,3.809275950424222734e-09
7.237500000000000000e+01,3.950020750574054045e-09
7.239062500000000000e+01,4.148759734534960104e-09
7.240625000000000000e+01,4.209606286503131721e-09
7.242187500000000000e+01,4.178173340102821287e-09
7.243750000000000000e+01,4.108124720764591176e-09
7.245312500000000000e+01,3.982043417937565729e-09
7.246875000000000000e+01,3.843478775077011415e-09
7.248437500000000000e+01,3.825197343108352551e-09
7.250000000000000000e+01,3.990277813062087345e-09
7.251562500000000000e+01,4.200878290200803167e-09
7.253125000000000000e+01,4.309818980807764944e-09
7.254687500000000000e+01,4.253569905913056556e-09
7.256250000000000000e+01,4.015453763499189496e-09
7.257812500000000000e+01,3.758709844091368745e-09
7.259375000000000000e+01,3.766026877481565317e-09
7.260937500000000000e+01,3.949461402023866278e-09
7.262500000000000000e+01,3.955718111370171871e-09
7.264062500000000000e+01,3.743050199028820763e-09
7.265625000000000000e+01,3.643603182114774309e-09
7.267187500000000000e+01,3.926083993090669722e-09
7.268750000000000000e+01,4.352986876615067370e-09
7.270312500000000000e+01,4.540329978493714123e-09
7.271875000000000000e+01,4.369016632931288163e-09
7.273437500000000000e+01,3.975530180176626012e-09
7.275000000000000000e+01,3.649482769464940113e-09
7.276562500000000000e+01,3.714723539629726062e-09
7.278125000000000000e+01,4.110378092222189280e-09
7.279687500000000000e+01,4.406593213509840052e-09
7.281250000000000000e+01,4.438945496255859677e-09
7.282812500000000000e+01,4.427496739582126778e-09
7.284375000000000000e+01,4.511298857741761164e-09
7.285937500000000000e+01,4.483994532535766896e-09
7.287500000000000000e+01,4.211081013862240750e-09
7.289062500000000000e+01,3.889510626433759947e-09
7.290625000000000000e+01,3.767383872356650330e-09
7.292187500000000000e+01,3.837298591958126037e-09
7.293750000000000000e+01,3.882546405304527380e-09
7.295312500000000000e+01,3.759235695832625829e-09
7.296875000000000000e+01,3.534436306854669244e-09
7.298437500000000000e+01,3.472519250721857863e-09
7.300000000000000000e+01,3.729158664847642970e-09
7.301562500000000000e+01,4.039707509532075688e-09
7.303125000000000000e+01,4.146034161354190124e-09
7.304687500000000000e+01,4.049141994623053210e-09
7.306250000000000000e+01,3.844696097723889054e-09
7.307812500000000000e+01,3.686608692974623898e-09
7.309375000000000000e+01,3.697225754163616458e-09
7.310937500000000000e+01,3.791347553612030336e-09
7.312500000000000000e+01,3.875524115794508324e-09
7.314062500000000000e+01,4.005578044720899349e-09
7.315625000000000000e+01,4.181809264715264571e-09
7.317187500000000000e+01,4.252806863491619106e-09
7.318750000000000000e+01,4.138694759655246023e-09
7.320312500000000000e+01,3.967559324422714051e-09
7.321875000000000000e+01,3.903386151589004975e-09
7.323437500000000000e+01,4.012960958341924632e-09
7.325000000000000000e+01,4.176583073160502326e-09
7.326562500000000000e+01,4.213946175443022563e-09
7.328125000000000000e+01,4.154995081550425388e-09
7.329687500000000000e+01,4.106832588586844364e-09
7.331250000000000000e+01,4.066718519493469560e-09
7.332812500000000000e+01,3.984525960433697295e-09
7.334375000000000000e+01,3.943582448973753098e-09
7.335937500000000000e+01,4.092035617639522451e-09
7.337500000000000000e+01,4.322188349222230435e-09
7.339062500000000000e+01,4.372430813515844397e-09
7.340625000000000000e+01,4.131752999735299775e-09
7.342187500000000000e+01,3.748764441453820092e-09
7.343750000000000000e+01,3.465247376762519839e-09
7.345312500000000000e+01,3.369699619671377292e-09
7.346875000000000000e+01,3.437394294648246884e-09
7.348437500000000000e+01,3.552479568075159056e-09
7.350000000000000000e+01,3.647180523372540317e-09
7.351562500000000000e+01,3.804064456850637419e-09
7.353125000000000000e+01,4.067080981398230335e-09
7.354687500000000000e+01,4.305289666257100896e-09
7.356250000000000000e+01,4.279134891401113217e-09
7.357812500000000000e+01,3.901179817064148639e-09
7.359375000000000000e+01,3.500330996657205109e-09
7.360937500000000000e+01,3.528670698405867648e-09
7.362500000000000000e+01,3.777713651626242566e-09
7.364062500000000000e+01,3.834188562245371193e-09
7.365625000000000000e+01,3.730722023907619431e-09
7.367187500000000000e+01,3.654197846776007100e-09
7.368750000000000000e+01,3.673768609051113443e-09
7.370312500000000000e+01,3.831601968203321700e-09
7.371875000000000000e+01,4.042894321131479780e-09
7.373437500000000000e+01,4.175271680960308130e-09
7.375000000000000000e+01,4.267264837456386176e-09
7.376562500000000000e+01,4.353606703390111238e-09
7.378125000000000000e+01,4.330786198099654825e-09
7.379687500000000000e+01,4.092549067192906850e-09
7.381250000000000000e+01,3.705986324995157278e-09
7.382812500000000000e+01,3.431879037656568587e-09
7.384375000000000000e+01,3.412865887728096868e-09
7.385937500000000000e+01,3.587150085512266161e-09
7.387500000000000000e+01,3.877528564148080966e-09
7.389062500000000000e+01,4.103512473711490411e-09
7.390625000000000000e+01,4.129261870396068681e-09
7.392187500000000000e+01,4.105110408058816864e-09
7.393750000000000000e+01,4.213496709532150372e-09
7.395312500000000000e+01,4.335502533029551961e-09
7.396875000000000000e+01,4.311881525852465739e-09
7.398437500000000000e+01,4.190754468830771195e-09
7.400000000000000000e+01,4.061160067027403391e-09
7.401562500000000000e+01,3.929991544407793428e-09
7.403125000000000000e+01,3.808244431905708904e-09
7.404687500000000000e+01,3.736301745955380196e-09
7.406250000000000000e+01,3.723191971531453074e-09
7.407812500000000000e+01,3.748706231790385629e-09
7.409375000000000000e+01,3.775913173269618624e-09
7.410937500000000000e+01,3.777761577607458245e-09
7.412500000000000000e+01,3.747877217300468888e-09
7.414062500000000000e+01,3.681298530750956707e-09
7.415625000000000000e+01,3.602414168526743701e-09
7.417187500000000000e+01,3.556798672976855553e-09
7.418750000000000000e+01,3.581781813275542592e-09
7.420312500000000000e+01,3.629599876043814169e-09
7.421875000000000000e+01,3.616025166583417916e-09
7.423437500000000000e+01,3.596067231648645239e-09
7.425000000000000000e+01,3.602787883341147300e-09
7.426562500000000000e+01,3.561246025112818187e-09
7.428125000000000000e+01,3.519270643023962986e-09
7.429687500000000000e+01,3.547118858422893658e-09
7.431250000000000000e+01,3.584711649287841571e-09
7.432812500000000000e+01,3.613850488317375044e-09
7.434375000000000000e+01,3.678017799959765732e-09
7.435937500000000000e+01,3.799332511737886371e-09
7.437500000000000000e+01,3.953756819508050154e-09
7.439062500000000000e+01,4.035329937383622453e-09
7.440625000000000000e+01,3.993136045782594116e-09
7.442187500000000000e+01,3.863080584192808086e-09
7.443750000000000000e+01,3.659225915654409971e-09
7.445312500000000000e+01,3.402235709801545461e-09
7.446875000000000000e+01,3.194225115269568954e-09
7.448437500000000000e+01,3.244815389821467859e-09
7.450000000000000000e+01,3.542385792313961940e-09
7.451562500000000000e+01,3.736037806956411083e-09
7.453125000000000000e+01,3.686820965684842217e-09
7.454687500000000000e+01,3.606429452611142588e-09
7.456250000000000000e+01,3.607711177647549652e-09
7.457812500000000000e+01,3.553429649626805156e-09
7.459375000000000000e+01,3.455712366993166071e-09
7.460937500000000000e+01,3.503988108596320070e-09
7.462500000000000000e+01,3.702823248782503918e-09
7.464062500000000000e+01,3.879736689345693129e-09
7.465625000000000000e+01,3.913945492409441966e-09
7.467187500000000000e+01,3.829620885418302308e-09
7.468750000000000000e+01,3.709802740349589228e-09
7.470312500000000000e+01,3.577668385612780210e-09
7.471875000000000000e+01,3.502652001715153534e-09
7.473437500000000000e+01,3.574311908164460438e-09
7.475000000000000000e+01,3.714324167328299903e-09
7.476562500000000000e+01,3.831992572398782202e-09
7.478125000000000000e+01,4.005854800620563775e-09
7.479687500000000000e+01,4.236156540664257748e-09
7.481250000000000000e+01,4.299906306267879564e-09
7.482812500000000000e+01,4.065721274476264692e-09
7.484375000000000000e+01,3.766882096780854149e-09
7.485937500000000000e+01,3.772341778198583321e-09
7.487500000000000000e+01,3.962518663189418924e-09
7.489062500000000000e+01,3.956327655227688208e-09
7.490625000000000000e+01,3.721218036074802642e-09
7.492187500000000000e+01,3.511408658744003377e-09
7.493750000000000000e+01,3.488510376644600181e-09
7.495312500000000000e+01,3.593459123195308053e-09
7.496875000000000000e+01,3.639084360962722629e-09
7.498437500000000000e+01,3.494722690894553536e-09
7.500000000000000000e+01,3.298135900358770445e-09
7.501562500000000000e+01,3.283534991049035241e-09
7.503125000000000000e+01,3.429974344894671489e-09
7.504687500000000000e+01,3.524793643605651202e-09
7.506250000000000000e+01,3.401995651488890255e-09
7.507812500000000000e+01,3.071013694655931066e-09
7.509375000000000000e+01,2.831789784841376509e-09
7.510937500000000000e+01,2.975985282667666412e-09
7.512500000000000000e+01,3.329770092992723696e-09
7.514062500000000000e+01,3.640786844797472380e-09
7.515625000000000000e+01,3.790350612081302510e-09
7.517187500000000000e+01,3.639663070796006707e-09
7.518750000000000000e+01,3.184915601338952339e-09
7.520312500000000000e+01,2.775361931119534297e-09
7.521875000000000000e+01,2.811933256032421029e-09
7.523437500000000000e+01,3.167869365994155813e-09
7.525000000000000000e+01,3.488543317834204515e-09
7.526562500000000000e+01,3.683029622481786488e-09
7.528125000000000000e+01,3.817567491414136671e-09
7.529687500000000000e+01,3.859466024308277746e-09
7.531250000000000000e+01,3.718265205386090547e-09
7.532812500000000000e+01,3.482458136007515139e-09
7.534375000000000000e+01,3.409420423050493009e-09
7.535937500000000000e+01,3.549756741182186584e-09
7.537500000000000000e+01,3.686369594090338639e-09
7.539062500000000000e+01,3.660100708816283724e-09
7.540625000000000000e+01,3.487842170772892514e-09
7.542187500000000000e+01,3.271476101334745622e-09
7.543750000000000000e+01,3.134482193949102262e-09
7.545312500000000000e+01,3.145728155566415031e-09
7.546875000000000000e+01,3.244319558226298869e-09
7.548437500000000000e+01,3.321371532122556278e-09
7.550000000000000000e+01,3.315420084791976462e-09
7.551562500000000000e+01,3.260039350504227840e-09
7.553125000000000000e+01,3.154635950951846789e-09
7.554687500000000000e+01,2.952061023359397430e-09
7.556250000000000000e+01,2.817564993001759898e-09
7.557812500000000000e+01,2.959169319545419274e-09
7.559375000000000000e+01,3.232997212218128325e-09
7.560937500000000000e+01,3.446342556088558746e-09
7.562500000000000000e+01,3.595402054472599946e-09
7.564062500000000000e+01,3.671049605342167244e-09
7.565625000000000000e+01,3.631293081945629974e-09
7.567187500000000000e+01,3.559790372950020088e-09
7.568750000000000000e+01,3.560006537428415300e-09
7.570312500000000000e+01,3.551585933559848281e-09
7.571875000000000000e+01,3.421283567547323848e-09
7.573437500000000000e+01,3.207052519451253821e-09
7.575000000000000000e+01,3.046266917531565250e-09
7.576562500000000000e+01,3.059451414951028440e-09
7.578125000000000000e+01,3.211750924425126932e-09
7.579687500000000000e+01,3.330318601448112944e-09
7.581250000000000000e+01,3.327901332308469996e-09
7.582812500000000000e+01,3.237579136248834973e-09
7.584375000000000000e+01,3.120527936540893325e-09
7.585937500000000000e+01,3.045019541173729910e-09
7.587500000000000000e+01,3.033549217198000094e-09
7.589062500000000000e+01,3.009540783070848148e-09
7.590625000000000000e+01,2.978830632284081267e-09
7.592187500000000000e+01,3.015684946838228666e-09
7.593750000000000000e+01,3.003574791235245597e-09
7.595312500000000000e+01,2.896839562694679607e-09
7.596875000000000000e+01,2.906278552228767406e-09
7.598437500000000000e+01,3.085533897316841363e-09
7.600000000000000000e+01,3.242581597661141729e-09
7.601562500000000000e+01,3.256381682828275598e-09
7.603125000000000000e+01,3.143971266699423131e-09
7.604687500000000000e+01,3.006527669934502722e-09
7.606250000000000000e+01,2.895806348544823687e-09
7.607812500000000000e+01,2.796343700810391972e-09
7.609375000000000000e+01,2.791163288935163863e-09
7.610937500000000000e+01,2.904480263453834542e-09
7.612500000000000000e+01,3.006552430058255015e-09
7.614062500000000000e+01,3.080636652323903951e-09
7.615625000000000000e+01,3.163993066641856172e-09
7.617187500000000000e+01,3.150173164678500152e-09
7.618750000000000000e+01,3.009624984965352683e-09
7.620312500000000000e+01,2.898193932412196215e-09
7.621875000000000000e+01,2.951411023294516285e-09
7.623437500000000000e+01,3.143583547329704139e-09
7.625000000000000000e+01,3.351500907189018984e-09
7.626562500000000000e+01,3.494669859259166793e-09
7.628125000000000000e+01,3.583672152456025544e-09
7.629687500000000000e+01,3.633151114242097537e-09
7.631250000000000000e+01,3.608320593170500308e-09
7.632812500000000000e+01,3.514448316582834957e-09
7.634375000000000000e+01,3.416093014880096270e-09
7.635937500000000000e+01,3.315356421247664427e-09
7.637500000000000000e+01,3.117319301720953741e-09
7.639062500000000000e+01,2.796072615535763651e-09
7.640625000000000000e+01,2.581730084780538853e-09
7.642187500000000000e+01,2.706542026349638503e-09
7.643750000000000000e+01,2.950830661614171701e-09
7.645312500000000000e+01,3.028604116540199851e-09
7.646875000000000000e+01,2.953521897197759140e-09
7.648437500000000000e+01,2.925404797549987113e-09
7.650000000000000000e+01,2.967868476071573543e-09
7.651562500000000000e+01,2.890868726192555774e-09
7.653125000000000000e+01,2.645319885812267710e-09
7.654687500000000000e+01,2.455185567698642906e-09
7.656250000000000000e+01,2.530757439168588593e-09
7.657812500000000000e+01,2.730287916605301562e-09
7.659375000000000000e+01,2.847081335110174158e-09
7.660937500000000000e+01,2.927387411581185108e-09
7.662500000000000000e+01,3.104587279997948395e-09
7.664062500000000000e+01,3.271107453541046777e-09
7.665625000000000000e+01,3.281642791629827536e-09
7.667187500000000000e+01,3.267635056633191703e-09
7.668750000000000000e+01,3.384865209328402630e-09
7.670312500000000000e+01,3.561988125709211260e-09
7.671875000000000000e+01,3.658157361293130973e-09
7.673437500000000000e+01,3.543428064880851662e-09
7.675000000000000000e+01,3.177194713657846392e-09
7.676562500000000000e+01,2.700193835989207698e-09
7.678125000000000000e+01,2.427683386142193034e-09
7.679687500000000000e+01,2.565383365984099343e-09
7.681250000000000000e+01,2.825512988942459491e-09
7.682812500000000000e+01,2.899205551464649201e-09
7.684375000000000000e+01,2.802679567839459280e-09
7.685937500000000000e+01,2.691284406877184568e-09
7.687500000000000000e+01,2.713606771201187829e-09
7.689062500000000000e+01,2.942196833962555140e-09
7.690625000000000000e+01,3.209741948478449574e-09
7.692187500000000000e+01,3.274138619285435149e-09
7.693750000000000000e+01,3.118569002006283984e-09
7.695312500000000000e+01,2.929192140648499999e-09
7.696875000000000000e+01,2.882759531008378512e-09
7.698437500000000000e+01,2.965101571352420647e-09
7.700000000000000000e+01,2.967244799850163741e-09
7.701562500000000000e+01,2.796707039962895987e-09
7.703125000000000000e+01,2.634967134304551837e-09
7.704687500000000000e+01,2.680511941194950323e-09
7.706250000000000000e+01,2.854682860384793907e-09
7.707812500000000000e+01,2.972754784210575438e-09
7.709375000000000000e+01,3.011713955744572229e-09
7.710937500000000000e+01,3.062226276732362841e-09
7.712500000000000000e+01,3.135714305973471400e-09
7.714062500000000000e+01,3.115037009035611782e-09
7.715625000000000000e+01,2.951926090810901196e-09
7.717187500000000000e+01,2.810277558912812766e-09
7.718750000000000000e+01,2.852989964375620331e-09
7.720312500000000000e+01,2.989587679758615273e-09
7.721875000000000000e+01,3.063599059314286296e-09
7.723437500000000000e+01,3.044536030461518609e-09
7.725000000000000000e+01,2.958654068360908166e-09
7.726562500000000000e+01,2.807724019882056058e-09
7.728125000000000000e+01,2.652179691509306317e-09
7.729687500000000000e+01,2.693276310170132370e-09
7.731250000000000000e+01,2.948654844324447923e-09
7.732812500000000000e+01,3.067100363460861890e-09
7.734375000000000000e+01,2.841194612752192283e-09
7.735937500000000000e+01,2.521223796509053463e-09
7.737500000000000000e+01,2.496509157450339918e-09
7.739062500000000000e+01,2.705152424665849905e-09
7.740625000000000000e+01,2.830264175005239148e-09
7.742187500000000000e+01,2.786108833125562295e-09
7.743750000000000000e+01,2.724490517955052577e-09
7.745312500000000000e+01,2.774377255555266867e-09
7.746875000000000000e+01,2.921474202331706692e-09
7.748437500000000000e+01,3.106418739051329182e-09
7.750000000000000000e+01,3.220829342015396496e-09
7.751562500000000000e+01,3.176254789827093303e-09
7.753125000000000000e+01,3.035873386794066928e-09
7.754687500000000000e+01,2.911124788221484973e-09
7.756250000000000000e+01,2.848385956616372746e-09
7.757812500000000000e+01,2.870961135053990461e-09
7.759375000000000000e+01,2.930456474722797657e-09
7.760937500000000000e+01,2.959197675356447388e-09
7.762500000000000000e+01,2.987238167112719900e-09
7.764062500000000000e+01,3.016217361806062405e-09
7.765625000000000000e+01,2.999163622773179466e-09
7.767187500000000000e+01,2.958294187700237284e-09
7.768750000000000000e+01,2.901835465272631639e-09
7.770312500000000000e+01,2.833880455361388385e-09
7.771875000000000000e+01,2.804998862041241891e-09
7.773437500000000000e+01,2.789227504458314825e-09
7.775000000000000000e+01,2.713040754953311986e-09
7.776562500000000000e+01,2.603609923516433213e-09
7.778125000000000000e+01,2.598465454480091075e-09
7.779687500000000000e+01,2.722810617019648711e-09
7.781250000000000000e+01,2.870696697847521575e-09
7.782812500000000000e+01,3.010505776583156356e-09
7.784375000000000000e+01,3.134734415592998244e-09
7.785937500000000000e+01,3.171336088729390283e-09
7.787500000000000000e+01,3.090977291996369116e-09
7.789062500000000000e+01,2.985839853692542168e-09
7.790625000000000000e+01,2.992373812566679290e-09
7.792187500000000000e+01,3.085140209916413671e-09
7.793750000000000000e+01,3.120797880092202807e-09
7.795312500000000000e+01,3.056002986106685101e-09
7.796875000000000000e+01,2.920135417049144501e-09
7.798437500000000000e+01,2.704111254335197412e-09
7.800000000000000000e+01,2.427670358447852764e-09
7.801562500000000000e+01,2.248486415409725111e-09
7.803125000000000000e+01,2.250836001257688853e-09
7.804687500000000000e+01,2.298409408422387678e-09
7.806250000000000000e+01,2.307305046964194668e-09
7.807812500000000000e+01,2.373386945225812603e-09
7.809375000000000000e+01,2.579056150211735900e-09
7.810937500000000000e+01,2.852294942108250079e-09
7.812500000000000000e+01,3.077363363046702947e-09
7.814062500000000000e+01,3.207959275313101025e-09
7.815625000000000000e+01,3.261082794232361310e-09
7.817187500000000000e+01,3.251593070850466330e-09
7.818750000000000000e+01,3.171522507753488751e-09
7.820312500000000000e+01,3.021909993017109973e-09
7.821875000000000000e+01,2.805867886044073923e-09
7.823437500000000000e+01,2.564943233576072344e-09
7.825000000000000000e+01,2.420426933157349493e-09
7.826562500000000000e+01,2.434876333043835396e-09
7.828125000000000000e+01,2.546389136607406634e-09
7.829687500000000000e+01,2.723795517752867853e-09
7.831250000000000000e+01,2.933005589423503904e-09
7.832812500000000000e+01,2.997279114944385443e-09
7.834375000000000000e+01,2.819837102788030412e-09
7.835937500000000000e+01,2.575983066763366193e-09
7.837500000000000000e+01,2.464063626430574320e-09
7.839062500000000000e+01,2.468772595686004897e-09
7.840625000000000000e+01,2.512770510996694525e-09
7.842187500000000000e+01,2.585414932357547783e-09
7.843750000000000000e+01,2.692770493811799129e-09
7.845312500000000000e+01,2.739493172521298077e-09
7.846875000000000000e+01,2.615231848017874294e-09
7.848437500000000000e+01,2.442370844297489624e-09
7.850000000000000000e+01,2.453784862313876791e-09
7.851562500000000000e+01,2.596799244040003768e-09
7.853125000000000000e+01,2.698393132168783514e-09
7.854687500000000000e+01,2.741305544418496811e-09
7.856250000000000000e+01,2.794700504037252294e-09
7.857812500000000000e+01,2.867806450267842272e-09
7.859375000000000000e+01,2.836875504186822277e-09
7.860937500000000000e+01,2.584086758315465664e-09
7.862500000000000000e+01,2.257053284164767435e-09
7.864062500000000000e+01,2.218867539451082958e-09
7.865625000000000000e+01,2.469817647349794518e-09
7.867187500000000000e+01,2.657146785348715068e-09
7.868750000000000000e+01,2.628940422719293431e-09
7.870312500000000000e+01,2.508856136450907683e-09
7.871875000000000000e+01,2.468955319867243260e-09
7.873437500000000000e+01,2.507933308848489421e-09
7.875000000000000000e+01,2.533549289996001558e-09
7.876562500000000000e+01,2.545216946159722071e-09
7.878125000000000000e+01,2.565294783493008916e-09
7.879687500000000000e+01,2.551766909143042805e-09
7.881250000000000000e+01,2.527771993496569607e-09
7.882812500000000000e+01,2.569316700890862929e-09
7.884375000000000000e+01,2.625748592650414152e-09
7.885937500000000000e+01,2.625790856066612250e-09
7.887500000000000000e+01,2.604541068356173120e-09
7.889062500000000000e+01,2.581445713584244454e-09
7.890625000000000000e+01,2.544612298316264634e-09
7.892187500000000000e+01,2.539934666937062126e-09
7.893750000000000000e+01,2.579912515363008390e-09
7.895312500000000000e+01,2.628022875178643587e-09
7.896875000000000000e+01,2.711785831645048448e-09
7.898437500000000000e+01,2.809371032625163993e-09
7.900000000000000000e+01,2.822935541718992733e-09
7.901562500000000000e+01,2.779335404801933818e-09
7.903125000000000000e+01,2.776376263689328690e-09
7.904687500000000000e+01,2.797031912281877226e-09
7.906250000000000000e+01,2.728962317939719379e-09
7.907812500000000000e+01,2.524308086701962152e-09
7.909375000000000000e+01,2.296562338201389084e-09
7.910937500000000000e+01,2.211803695944143302e-09
7.912500000000000000e+01,2.320251432158635845e-09
7.914062500000000000e+01,2.486631397908387956e-09
7.915625000000000000e+01,2.539477383929176064e-09
7.917187500000000000e+01,2.482051248428144365e-09
7.918750000000000000e+01,2.429048955340857143e-09
7.920312500000000000e+01,2.453144471296054633e-09
7.921875000000000000e+01,2.525676019791427196e-09
7.923437500000000000e+01,2.542089156605058279e-09
7.925000000000000000e+01,2.518824816553545526e-09
7.926562500000000000e+01,2.538747209173336712e-09
7.928125000000000000e+01,2.518843035371638947e-09
7.929687500000000000e+01,2.389877925719528621e-09
7.931250000000000000e+01,2.249920759155914397e-09
7.932812500000000000e+01,2.165452508260834995e-09
7.934375000000000000e+01,2.084918140812141496e-09
7.935937500000000000e+01,2.052434308537350789e-09
7.937500000000000000e+01,2.180735107884752754e-09
7.939062500000000000e+01,2.375108886741004648e-09
7.940625000000000000e+01,2.436907857360560131e-09
7.942187500000000000e+01,2.363369071601028415e-09
7.943750000000000000e+01,2.304515983620348787e-09
7.945312500000000000e+01,2.312250618524017817e-09
7.946875000000000000e+01,2.377794683663796013e-09
7.948437500000000000e+01,2.482512728195392484e-09
7.950000000000000000e+01,2.509317502543712117e-09
7.951562500000000000e+01,2.397378838921073223e-09
7.953125000000000000e+01,2.319407078317184771e-09
7.954687500000000000e+01,2.408234116040700222e-09
7.956250000000000000e+01,2.527593967045732362e-09
7.957812500000000000e+01,2.593674742960197158e-09
7.959375000000000000e+01,2.613285990122734891e-09
7.960937500000000000e+01,2.537881932923609535e-09
7.962500000000000000e+01,2.365873381417768112e-09
7.964062500000000000e+01,2.208909737533980678e-09
7.965625000000000000e+01,2.177718744141972061e-09
7.967187500000000000e+01,2.244734210608724177e-09
7.968750000000000000e+01,2.315805483115305925e-09
7.970312500000000000e+01,2.368396792827245204e-09
7.971875000000000000e+01,2.380748032600592759e-09
7.973437500000000000e+01,2.325537910345470547e-09
7.975000000000000000e+01,2.243779884711543597e-09
7.976562500000000000e+01,2.174387327842226034e-09
7.978125000000000000e+01,2.096692270668456755e-09
7.979687500000000000e+01,2.085240191811248381e-09
7.981250000000000000e+01,2.274237823867162426e-09
7.982812500000000000e+01,2.549387784826797044e-09
7.984375000000000000e+01,2.689075271892352880e-09
7.985937500000000000e+01,2.615395492759460725e-09
7.987500000000000000e+01,2.434614377302408308e-09
7.989062500000000000e+01,2.360709488859619661e-09
7.990625000000000000e+01,2.465346483857946809e-09
7.992187500000000000e+01,2.611857488932454661e-09
7.993750000000000000e+01,2.665086761521386965e-09
7.995312500000000000e+01,2.615376284073022129e-09
7.996875000000000000e+01,2.544346751018496741e-09
7.998437500000000000e+01,2.486920244004560600e-09
8.000000000000000000e+01,2.432915908402966206e-09
8.001562500000000000e+01,2.430693196304802840e-09
8.003125000000000000e+01,2.524343254322452757e-09
8.004687500000000000e+01,2.611150320401735777e-09
8.006250000000000000e+01,2.545721942482074265e-09
8.007812500000000000e+01,2.325812133611795669e-09
8.009375000000000000e+01,2.090730663819915850e-09
8.010937500000000000e+01,1.988355442788967133e-09
8.012500000000000000e+01,1.994195286732529365e-09
8.014062500000000000e+01,2.026343745018387697e-09
8.015625000000000000e+01,2.134546600557648347e-09
8.017187500000000000e+01,2.276364527086043192e-09
8.018750000000000000e+01,2.310406987926644621e-09
8.020312500000000000e+01,2.235667023675636563e-09
8.021875000000000000e+01,2.116659642400222185e-09
8.023437500000000000e+01,2.024935188553434937e-09
8.025000000000000000e+01,2.062226672647305601e-09
8.026562500000000000e+01,2.176628389043580919e-09
8.028125000000000000e+01,2.219589481287729904e-09
8.029687500000000000e+01,2.201874835598495466e-09
8.031250000000000000e+01,2.205664333911014643e-09
8.032812500000000000e+01,2.200683172653536005e-09
8.034375000000000000e+01,2.152159454173837535e-09
8.035937500000000000e+01,2.102024812766085629e-09
8.037500000000000000e+01,2.054661742400989658e-09
8.039062500000000000e+01,1.937493093690739282e-09
8.040625000000000000e+01,1.735176648949511399e-09
8.042187500000000000e+01,1.577040494946688207e-09
8.043750000000000000e+01,1.625758072550994055e-09
8.045312500000000000e+01,1.872999677699542336e-09
8.046875000000000000e+01,2.155374010346548609e-09
8.048437500000000000e+01,2.342542453254705089e-09
8.050000000000000000e+01,2.402359279750147266e-09
8.051562500000000000e+01,2.349488277133038433e-09
8.053125000000000000e+01,2.205211617327113769e-09
8.054687500000000000e+01,2.019914523385082161e-09
8.056250000000000000e+01,1.893194647834068912e-09
8.057812500000000000e+01,1.874742135901815236e-09
8.059375000000000000e+01,1.916184970695063229e-09
8.060937500000000000e+01,2.016683992156411362e-09
8.062500000000000000e+01,2.188508220276424586e-09
8.064062500000000000e+01,2.364148958875423420e-09
8.065625000000000000e+01,2.510779226977732234e-09
8.067187500000000000e+01,2.577982337339387524e-09
8.068750000000000000e+01,2.463362787442518723e-09
8.070312500000000000e+01,2.205346944136188912e-09
8.071875000000000000e+01,2.021238432902982271e-09
8.073437500000000000e+01,2.040987756009500762e-09
8.075000000000000000e+01,2.135928759549197674e-09
8.076562500000000000e+01,2.197791274351019848e-09
8.078125000000000000e+01,2.244251027531510470e-09
8.079687500000000000e+01,2.257391595196228717e-09
8.081250000000000000e+01,2.233413187137444284e-09
8.082812500000000000e+01,2.219244552732035788e-09
8.084375000000000000e+01,2.218685100648960420e-09
8.085937500000000000e+01,2.271410827541368059e-09
8.087500000000000000e+01,2.406845937760204514e-09
8.089062500000000000e+01,2.499341252200623609e-09
8.090625000000000000e+01,2.434146778204945323e-09
8.092187500000000000e+01,2.250127075806495992e-09
8.093750000000000000e+01,2.091739633530682163e-09
8.095312500000000000e+01,2.087621280316438965e-09
8.096875000000000000e+01,2.192448840495228912e-09
8.098437500000000000e+01,2.272413239245435477e-09
8.100000000000000000e+01,2.291430811666833771e-09
8.101562500000000000e+01,2.283476490989925023e-09
8.103125000000000000e+01,2.265020636966184056e-09
8.104687500000000000e+01,2.213036288098227665e-09
8.106250000000000000e+01,2.118033227729948073e-09
8.107812500000000000e+01,2.029831132692223580e-09
8.109375000000000000e+01,2.011728375218837599e-09
8.110937500000000000e+01,2.099653079448406140e-09
8.112500000000000000e+01,2.246956399631752378e-09
8.114062500000000000e+01,2.325598853940565559e-09
8.115625000000000000e+01,2.298310398116754405e-09
8.117187500000000000e+01,2.227603069741409141e-09
8.118750000000000000e+01,2.120867895906441647e-09
8.120312500000000000e+01,1.961023884745199580e-09
8.121875000000000000e+01,1.815348317685768370e-09
8.123437500000000000e+01,1.783096967971250130e-09
8.125000000000000000e+01,1.842029875158515370e-09
8.126562500000000000e+01,1.899253465827045017e-09
8.128125000000000000e+01,1.956989922053037399e-09
8.129687500000000000e+01,2.050152648708981183e-09
8.131250000000000000e+01,2.149365281554209978e-09
8.132812500000000000e+01,2.188119609559335874e-09
8.134375000000000000e+01,2.178338862701378771e-09
8.135937500000000000e+01,2.225243457578053389e-09
8.137500000000000000e+01,2.300561698866630097e-09
8.139062500000000000e+01,2.283828711205019970e-09
8.140625000000000000e+01,2.209311382691306197e-09
8.142187500000000000e+01,2.168919024565135944e-09
8.143750000000000000e+01,2.123272196733096625e-09
8.145312500000000000e+01,2.033303338508131364e-09
8.146875000000000000e+01,1.969913337028338206e-09
8.148437500000000000e+01,1.994141016488200880e-09
8.150000000000000000e+01,2.068179809026224752e-09
8.151562500000000000e+01,2.089562913792050603e-09
8.153125000000000000e+01,2.035738570981299542e-09
8.154687500000000000e+01,1.994086605520279400e-09
8.156250000000000000e+01,2.005800238386986303e-09
8.157812500000000000e+01,2.032267228795082315e-09
8.159375000000000000e+01,2.029602354679248256e-09
8.160937500000000000e+01,1.970063102125982257e-09
8.162500000000000000e+01,1.886665238804465472e-09
8.164062500000000000e+01,1.871180256321057217e-09
8.165625000000000000e+01,1.935443972861141010e-09
8.167187500000000000e+01,1.991807797686679911e-09
8.168750000000000000e+01,2.049361897067115984e-09
8.170312500000000000e+01,2.136115826132407131e-09
8.171875000000000000e+01,2.159306019687629836e-09
8.173437500000000000e+01,2.088778039764298042e-09
8.175000000000000000e+01,2.006443291537652581e-09
8.176562500000000000e+01,1.965706850718904384e-09
8.178125000000000000e+01,1.956564060263350738e-09
8.179687500000000000e+01,1.936881667468254741e-09
8.181250000000000000e+01,1.895657840487854107e-09
8.182812500000000000e+01,1.888085650774535220e-09
8.184375000000000000e+01,1.912709854852074030e-09
8.185937500000000000e+01,1.888649718161567184e-09
8.187500000000000000e+01,1.797326789055670561e-09
8.189062500000000000e+01,1.732315491135891490e-09
8.190625000000000000e+01,1.808817027239455073e-09
8.192187500000000000e+01,1.997326154450966006e-09
8.193750000000000000e+01,2.135756413894567751e-09
8.195312500000000000e+01,2.127248516941680935e-09
8.196875000000000000e+01,2.038545715333973134e-09
8.198437500000000000e+01,1.997107950633239547e-09
8.200000000000000000e+01,2.033856320497835333e-09
8.201562500000000000e+01,2.085845466935920013e-09
8.203125000000000000e+01,2.085603815107974833e-09
8.204687500000000000e+01,2.031444069355786261e-09
8.206250000000000000e+01,1.985288141494648637e-09
8.207812500000000000e+01,1.959178960210804674e-09
8.209375000000000000e+01,1.912693657231571357e-09
8.210937500000000000e+01,1.862198288240286026e-09
8.212500000000000000e+01,1.845698077790852123e-09
8.214062500000000000e+01,1.830048086511400585e-09
8.215625000000000000e+01,1.761940950315004140e-09
8.217187500000000000e+01,1.694424372634417899e-09
8.218750000000000000e+01,1.718641658512084393e-09
8.220312500000000000e+01,1.781861783766393166e-09
8.221875000000000000e+01,1.743069836933976653e-09
8.223437500000000000e+01,1.602204517373394860e-09
8.225000000000000000e+01,1.541804149215611374e-09
8.226562500000000000e+01,1.591423530510937552e-09
8.228125000000000000e+01,1.593785378940501814e-09
8.229687500000000000e+01,1.549808037780738112e-09
8.231250000000000000e+01,1.598792653882392507e-09
8.232812500000000000e+01,1.756899818036523683e-09
8.234375000000000000e+01,1.878306415740735435e-09
8.235937500000000000e+01,1.904367759844085616e-09
8.237500000000000000e+01,1.930151741753181903e-09
8.239062500000000000e+01,2.005081852223124863e-09
8.240625000000000000e+01,2.070373237706672063e-09
8.242187500000000000e+01,2.082306348829227683e-09
8.243750000000000000e+01,2.057930710169497791e-09
8.245312500000000000e+01,2.004393845320163573e-09
8.246875000000000000e+01,1.889695495493587036e-09
8.248437500000000000e+01,1.763069142784498068e-09
8.250000000000000000e+01,1.764822675098575875e-09
8.251562500000000000e+01,1.881936439720402282e-09
8.253125000000000000e+01,1.944234353829732247e-09
8.254687500000000000e+01,1.873234462942522736e-09
8.256250000000000000e+01,1.718999865455619226e-09
8.257812500000000000e+01,1.583220647645363632e-09
8.259375000000000000e+01,1.529596378296018666e-09
8.260937500000000000e+01,1.544173852190853242e-09
8.262500000000000000e+01,1.618202825012326363e-09
8.264062500000000000e+01,1.746336537495014709e-09
8.265625000000000000e+01,1.860624917313054667e-09
8.267187500000000000e+01,1.913741395908145217e-09
8.268750000000000000e+01,1.959032480979383800e-09
8.270312500000000000e+01,2.056732265999511956e-09
8.271875000000000000e+01,2.184858141686863455e-09
8.273437500000000000e+01,2.275044637183577839e-09
8.275000000000000000e+01,2.266650698038627010e-09
8.276562500000000000e+01,2.162715227504629153e-09
8.278125000000000000e+01,2.028646828094788150e-09
8.279687500000000000e+01,1.934101354444995008e-09
8.281250000000000000e+01,1.904366417101356358e-09
8.282812500000000000e+01,1.907596596686106080e-09
8.284375000000000000e+01,1.915082708534069116e-09
8.285937500000000000e+01,1.930201845867116543e-09
8.287500000000000000e+01,1.929717043469994006e-09
8.289062500000000000e+01,1.873429030279095116e-09
8.290625000000000000e+01,1.793821697476213675e-09
8.292187500000000000e+01,1.742105674411776937e-09
8.293750000000000000e+01,1.705851101577630914e-09
8.295312500000000000e+01,1.709666003436209509e-09
8.296875000000000000e+01,1.799179725406148059e-09
8.298437500000000000e+01,1.893132493954759384e-09
8.300000000000000000e+01,1.886198316394913959e-09
8.301562500000000000e+01,1.787348551305936816e-09
8.303125000000000000e+01,1.673483645060670284e-09
8.304687500000000000e+01,1.606525307175369936e-09
8.306250000000000000e+01,1.574386645256860285e-09
8.307812500000000000e+01,1.535964619360080094e-09
8.309375000000000000e+01,1.525525843201608849e-09
8.310937500000000000e+01,1.568855418802231892e-09
8.312500000000000000e+01,1.609698998671298361e-09
8.314062500000000000e+01,1.602857442308751206e-09
8.315625000000000000e+01,1.532857084227957138e-09
8.317187500000000000e+01,1.426947925661641795e-09
8.318750000000000000e+01,1.397725668194363608e-09
8.320312500000000000e+01,1.526251540446883098e-09
8.321875000000000000e+01,1.677153103873853795e-09
8.323437500000000000e+01,1.699215780068037539e-09
8.325000000000000000e+01,1.647571958015617464e-09
8.326562500000000000e+01,1.643262631854724946e-09
8.328125000000000000e+01,1.683338680117842852e-09
8.329687500000000000e+01,1.752612191565565501e-09
8.331250000000000000e+01,1.852748436851764151e-09
8.332812500000000000e+01,1.927529042618183106e-09
8.334375000000000000e+01,1.928096005752745399e-09
8.335937500000000000e+01,1.863027017583887206e-09
8.337500000000000000e+01,1.766811850031373919e-09
8.339062500000000000e+01,1.681616493319616323e-09
8.340625000000000000e+01,1.664951708360780411e-09
8.342187500000000000e+01,1.711169364529102373e-09
8.343750000000000000e+01,1.725297263290930853e-09
8.345312500000000000e+01,1.683208946389561454e-09
8.346875000000000000e+01,1.631558374524226182e-09
8.348437500000000000e+01,1.563906652330183706e-09
8.350000000000000000e+01,1.507891638431239474e-09
8.351562500000000000e+01,1.541352784842267158e-09
8.353125000000000000e+01,1.638787688763372151e-09
8.354687500000000000e+01,1.692353529750259140e-09
8.356250000000000000e+01,1.643502661619968525e-09
8.357812500000000000e+01,1.571597418047069500e-09
8.359375000000000000e+01,1.598724830325002619e-09
8.360937500000000000e+01,1.700825145430401089e-09
8.362500000000000000e+01,1.780420667463970562e-09
8.364062500000000000e+01,1.789948198461431914e-09
8.365625000000000000e+01,1.719094045400519852e-09
8.367187500000000000e+01,1.591369299221869172e-09
8.368750000000000000e+01,1.487287343138616976e-09
8.370312500000000000e+01,1.507657650462379506e-09
8.371875000000000000e+01,1.637881161988063598e-09
8.373437500000000000e+01,1.751665204909710395e-09
8.375000000000000000e+01,1.782082355324916708e-09
8.376562500000000000e+01,1.742688416636664914e-09
8.378125000000000000e+01,1.670175950328008615e-09
8.379687500000000000e+01,1.607990365179296794e-09
8.381250000000000000e+01,1.574868150010156735e-09
8.382812500000000000e+01,1.545045932642103199e-09
8.384375000000000000e+01,1.485987035102781617e-09
8.385937500000000000e+01,1.416046704781793466e-09
8.387500000000000000e+01,1.424394843121899503e-09
8.389062500000000000e+01,1.548109270660990099e-09
8.390625000000000000e+01,1.682017255110294631e-09
8.392187500000000000e+01,1.723809028949931525e-09
8.393750000000000000e+01,1.695814309570847457e-09
8.395312500000000000e+01,1.682774789095486900e-09
8.396875000000000000e+01,1.717929114763399636e-09
8.398437500000000000e+01,1.805316257372877284e-09
8.400000000000000000e+01,1.895285670796746903e-09
8.401562500000000000e+01,1.916987340808778485e-09
8.403125000000000000e+01,1.895308341927776462e-09
8.404687500000000000e+01,1.876867147426137231e-09
8.406250000000000000e+01,1.820038014042445178e-09
8.407812500000000000e+01,1.709831304455435571e-09
8.409375000000000000e+01,1.616694681131487425e-09
8.410937500000000000e+01,1.562950608549918155e-09
8.412500000000000000e+01,1.504206611946524431e-09
8.414062500000000000e+01,1.431455461637234427e-09
8.415625000000000000e+01,1.424986574047214288e-09
8.417187500000000000e+01,1.554439556428506841e-09
8.418750000000000000e+01,1.715599986978261564e-09
8.420312500000000000e+01,1.754587906347495944e-09
8.421875000000000000e+01,1.649485584379374386e-09
8.423437500000000000e+01,1.520237947977351582e-09
8.425000000000000000e+01,1.475152405347909973e-09
8.426562500000000000e+01,1.481037652558235916e-09
8.428125000000000000e+01,1.491288753633573587e-09
8.429687500000000000e+01,1.534116002751481104e-09
8.431250000000000000e+01,1.618481710588919660e-09
8.432812500000000000e+01,1.702618071595551728e-09
8.434375000000000000e+01,1.740363411434992789e-09
8.435937500000000000e+01,1.707142788744406605e-09
8.437500000000000000e+01,1.595513033882130936e-09
8.439062500000000000e+01,1.442826555239132464e-09
8.440625000000000000e+01,1.366546626894945011e-09
8.442187500000000000e+01,1.398840106501897210e-09
8.443750000000000000e+01,1.435790155721573460e-09
8.445312500000000000e+01,1.455204185777237340e-09
8.446875000000000000e+01,1.498161898961455416e-09
8.448437500000000000e+01,1.534378421486286006e-09
8.450000000000000000e+01,1.516859171643308744e-09
8.451562500000000000e+01,1.455433125007003295e-09
8.453125000000000000e+01,1.360007632970099037e-09
8.454687500000000000e+01,1.278935854819025882e-09
8.456250000000000000e+01,1.313123697003080853e-09
8.457812500000000000e+01,1.388519559627997836e-09
8.459375000000000000e+01,1.358518081985848383e-09
8.460937500000000000e+01,1.269093407865953532e-09
8.462500000000000000e+01,1.251328398633124949e-09
8.464062500000000000e+01,1.294837476295543789e-09
8.465625000000000000e+01,1.330426605731171826e-09
8.467187500000000000e+01,1.364639036947811713e-09
8.468750000000000000e+01,1.415819210268306344e-09
8.470312500000000000e+01,1.442281232109666670e-09
8.471875000000000000e+01,1.420419109832125047e-09
8.473437500000000000e+01,1.401465232796561962e-09
8.475000000000000000e+01,1.417502102325863307e-09
8.476562500000000000e+01,1.424768402224639743e-09
8.478125000000000000e+01,1.425254710585867530e-09
8.479687500000000000e+01,1.519872159735472552e-09
8.481250000000000000e+01,1.736164474291308987e-09
8.482812500000000000e+01,1.946357672536566770e-09
8.484375000000000000e+01,2.017534265987056464e-09
8.485937500000000000e+01,1.916656025480398635e-09
8.487500000000000000e+01,1.707858361087915044e-09
8.489062500000000000e+01,1.502811249010017307e-09
8.490625000000000000e+01,1.403315985437189843e-09
8.492187500000000000e+01,1.449182461024594041e-09
8.493750000000000000e+01,1.573031013774852422e-09
8.495312500000000000e+01,1.664359402189531618e-09
8.496875000000000000e+01,1.675242327112338678e-09
8.498437500000000000e+01,1.636963056902520127e-09
8.500000000000000000e+01,1.593203299509335958e-09
8.501562500000000000e+01,1.579992873260802849e-09
8.503125000000000000e+01,1.628362048219275130e-09
8.504687500000000000e+01,1.667957225590999498e-09
8.506250000000000000e+01,1.599670463176593686e-09
8.507812500000000000e+01,1.453697957683361442e-09
8.509375000000000000e+01,1.343783368220403635e-09
8.510937500000000000e+01,1.309711999930159937e-09
8.512500000000000000e+01,1.330793191146516434e-09
8.514062500000000000e+01,1.407904743118362434e-09
8.515625000000000000e+01,1.497974522708330175e-09
8.517187500000000000e+01,1.520092064892446117e-09
8.518750000000000000e+01,1.481736627737857040e-09
8.520312500000000000e+01,1.465403748219709917e-09
8.521875000000000000e+01,1.481666925202847811e-09
8.523437500000000000e+01,1.480829923544219735e-09
8.525000000000000000e+01,1.454858477823868475e-09
8.526562500000000000e+01,1.416368999696820348e-09
8.528125000000000000e+01,1.367125613733518262e-09
8.529687500000000000e+01,1.321439298026979772e-09
8.531250000000000000e+01,1.288766178167793319e-09
8.532812500000000000e+01,1.265246818582395081e-09
8.534375000000000000e+01,1.259185310883177292e-09
8.535937500000000000e+01,1.279262869755936380e-09
8.537500000000000000e+01,1.300071367124235402e-09
8.539062500000000000e+01,1.301286015805460186e-09
8.540625000000000000e+01,1.321090812385489754e-09
8.542187500000000000e+01,1.395749079642171076e-09
8.543750000000000000e+01,1.520958016272867012e-09
8.545312500000000000e+01,1.667173087884774741e-09
8.546875000000000000e+01,1.775007051591261143e-09
8.548437500000000000e+01,1.792626340218911151e-09
8.550000000000000000e+01,1.701672745955753539e-09
8.551562500000000000e+01,1.518891466439367602e-09
8.553125000000000000e+01,1.303177828506378055e-09
8.554687500000000000e+01,1.158666411918961646e-09
8.556250000000000000e+01,1.175695009772570087e-09
8.557812500000000000e+01,1.301815605056058571e-09
8.559375000000000000e+01,1.437076729342050073e-09
8.560937500000000000e+01,1.550778994520287838e-09
8.562500000000000000e+01,1.637239261136344160e-09
8.564062500000000000e+01,1.685700360718294932e-09
8.565625000000000000e+01,1.694227371311186033e-09
8.567187500000000000e+01,1.675982737028096853e-09
8.568750000000000000e+01,1.645072078222015958e-09
8.570312500000000000e+01,1.586180706007991886e-09
8.571875000000000000e+01,1.486650689856530282e-09
8.573437500000000000e+01,1.396818881973683874e-09
8.575000000000000000e+01,1.370296850558848539e-09
8.576562500000000000e+01,1.360205408710200458e-09
8.578125000000000000e+01,1.300783980165920102e-09
8.579687500000000000e+01,1.244949754584997874e-09
8.581250000000000000e+01,1.256760621636177295e-09
8.582812500000000000e+01,1.334954271724559104e-09
8.584375000000000000e+01,1.498013980671115440e-09
8.585937500000000000e+01,1.668904667653003862e-09
8.587500000000000000e+01,1.698907800130017697e-09
8.589062500000000000e+01,1.595937946619893042e-09
8.590625000000000000e+01,1.515475889483712859e-09
8.592187500000000000e+01,1.504735555836430421e-09
8.593750000000000000e+01,1.480878739859148647e-09
8.595312500000000000e+01,1.425254993353706510e-09
8.596875000000000000e+01,1.421386304897519116e-09
8.598437500000000000e+01,1.489181504991537947e-09
8.600000000000000000e+01,1.517054452235826410e-09
8.601562500000000000e+01,1.462746362858812771e-09
8.603125000000000000e+01,1.389742190590017215e-09
8.604687500000000000e+01,1.339353204308477049e-09
8.606250000000000000e+01,1.330397120581349844e-09
8.607812500000000000e+01,1.369687586117481249e-09
8.609375000000000000e+01,1.390100479894911724e-09
8.610937500000000000e+01,1.366252502369493692e-09
8.612500000000000000e+01,1.370555052994195030e-09
8.614062500000000000e+01,1.409888941873039667e-09
8.615625000000000000e+01,1.431206710760877215e-09
8.617187500000000000e+01,1.431422037764311537e-09
8.618750000000000000e+01,1.434958351975359484e-09
8.620312500000000000e+01,1.476602141440706334e-09
8.621875000000000000e+01,1.568098232542215295e-09
8.623437500000000000e+01,1.652393270117185443e-09
8.625000000000000000e+01,1.660052999152925896e-09
8.626562500000000000e+01,1.580080014182605091e-09
8.628125000000000000e+01,1.474957606620932813e-09
8.629687500000000000e+01,1.402405792837800443e-09
8.631250000000000000e+01,1.356358979869839681e-09
8.632812500000000000e+01,1.318222084002254235e-09
8.634375000000000000e+01,1.267682121376180224e-09
8.635937500000000000e+01,1.200753280877948146e-09
8.637500000000000000e+01,1.151305645613612675e-09
8.639062500000000000e+01,1.115660927996092575e-09
8.640625000000000000e+01,1.074610975845352917e-09
8.642187500000000000e+01,1.078510800597053463e-09
8.643750000000000000e+01,1.152523538869148065e-09
8.645312500000000000e+01,1.228027634036969715e-09
8.646875000000000000e+01,1.245104498304930693e-09
8.648437500000000000e+01,1.228176329902613318e-09
8.650000000000000000e+01,1.232576911187214474e-09
8.651562500000000000e+01,1.232815729787073880e-09
8.653125000000000000e+01,1.180791142585696620e-09
8.654687500000000000e+01,1.111560513955712554e-09
8.656250000000000000e+01,1.112575832380652203e-09
8.657812500000000000e+01,1.222723769001855356e-09
8.659375000000000000e+01,1.369956404190476699e-09
8.660937500000000000e+01,1.450741285658971298e-09
8.662500000000000000e+01,1.440155264551417285e-09
8.664062500000000000e+01,1.395547273130119517e-09
8.665625000000000000e+01,1.373429737987071863e-09
8.667187500000000000e+01,1.392859320212603777e-09
8.668750000000000000e+01,1.452683911662712066e-09
8.670312500000000000e+01,1.506686989363455492e-09
8.671875000000000000e+01,1.492299322898307666e-09
8.673437500000000000e+01,1.453321467913113100e-09
8.675000000000000000e+01,1.495655283721191356e-09
8.676562500000000000e+01,1.573713519803022346e-09
8.678125000000000000e+01,1.559336305536407700e-09
8.679687500000000000e+01,1.437842132900908601e-09
8.681250000000000000e+01,1.322293199910425415e-09
8.682812500000000000e+01,1.324432762805195729e-09
8.684375000000000000e+01,1.412693107863681585e-09
8.685937500000000000e+01,1.475152177011804051e-09
8.687500000000000000e+01,1.454167267849381271e-09
8.689062500000000000e+01,1.370312202797875840e-09
8.690625000000000000e+01,1.285224263367362098e-09
8.692187500000000000e+01,1.255180711900571391e-09
8.693750000000000000e+01,1.267754128832982866e-09
8.695312500000000000e+01,1.272874999110355993e-09
8.696875000000000000e+01,1.278141560568565711e-09
8.698437500000000000e+01,1.312796813195195956e-09
8.700000000000000000e+01,1.339933170042510261e-09
8.701562500000000000e+01,1.292867529198217411e-09
8.703125000000000000e+01,1.192851552635651530e-09
8.704687500000000000e+01,1.136349577360282515e-09
8.706250000000000000e+01,1.131065029990908345e-09
8.707812500000000000e+01,1.116288389666569639e-09
8.709375000000000000e+01,1.109505929812862063e-09
8.710937500000000000e+01,1.157205635313128055e-09
8.712500000000000000e+01,1.219051304967597232e-09
8.714062500000000000e+01,1.228457268610900247e-09
8.715625000000000000e+01,1.196231144426058196e-09
8.717187500000000000e+01,1.186364578420974412e-09
8.718750000000000000e+01,1.227313384182462098e-09
8.720312500000000000e+01,1.323286012928504433e-09
8.721875000000000000e+01,1.469187540518690398e-09
8.723437500000000000e+01,1.581089264779762231e-09
8.725000000000000000e+01,1.557580619841003875e-09
8.726562500000000000e+01,1.424749822465940478e-09
8.728125000000000000e+01,1.307834256858064432e-09
8.729687500000000000e+01,1.262372459257874910e-09
8.731250000000000000e+01,1.283309844139856467e-09
8.732812500000000000e+01,1.346820790526038595e-09
8.734375000000000000e+01,1.366624302842072134e-09
8.735937500000000000e+01,1.298397635267650308e-09
8.737500000000000000e+01,1.224033633832812713e-09
8.739062500000000000e+01,1.242857201327257950e-09
8.740625000000000000e+01,1.307966491192168330e-09
8.742187500000000000e+01,1.342114700997219250e-09
8.743750000000000000e+01,1.336142714494284000e-09
8.745312500000000000e+01,1.289375410227870860e-09
8.746875000000000000e+01,1.243121114659365833e-09
8.748437500000000000e+01,1.286058719657180670e-09
8.750000000000000000e+01,1.397352169976311912e-09
8.751562500000000000e+01,1.458234404550188610e-09
8.753125000000000000e+01,1.430201258039008001e-09
8.754687500000000000e+01,1.366788759076965129e-09
8.756250000000000000e+01,1.327149031751973639e-09
8.757812500000000000e+01,1.328365226686003740e-09
8.759375000000000000e+01,1.340176328079990348e-09
8.760937500000000000e+01,1.321886864539407498e-09
8.762500000000000000e+01,1.275553168766050904e-09
8.764062500000000000e+01,1.217837739027821521e-09
8.765625000000000000e+01,1.153076155606420425e-09
8.767187500000000000e+01,1.115354006724981806e-09
8.768750000000000000e+01,1.141859914054057301e-09
8.770312500000000000e+01,1.223435672051447015e-09
8.771875000000000000e+01,1.300408184492486789e-09
8.773437500000000000e+01,1.324095076144672683e-09
8.775000000000000000e+01,1.317935131973482252e-09
8.776562500000000000e+01,1.312681803909756035e-09
8.778125000000000000e+01,1.297690536005685876e-09
8.779687500000000000e+01,1.283668210073695032e-09
8.781250000000000000e+01,1.281595700630799740e-09
8.782812500000000000e+01,1.248173977929294980e-09
8.784375000000000000e+01,1.157036468930155987e-09
8.785937500000000000e+01,1.068676605891477928e-09
8.787500000000000000e+01,1.057446101152382639e-09
8.789062500000000000e+01,1.069641283769462004e-09
8.790625000000000000e+01,1.036282940252230457e-09
8.792187500000000000e+01,1.031609361123107331e-09
8.793750000000000000e+01,1.134780727058872715e-09
8.795312500000000000e+01,1.277638176979865050e-09
8.796875000000000000e+01,1.362188532301640905e-09
8.798437500000000000e+01,1.344442030309700048e-09
8.800000000000000000e+01,1.261431446555537525e-09
8.801562500000000000e+01,1.211761296278005462e-09
8.803125000000000000e+01,1.232360498719894189e-09
8.804687500000000000e+01,1.273858606926402393e-09
8.806250000000000000e+01,1.288954529691819694e-09
8.807812500000000000e+01,1.266999899654597746e-09
8.809375000000000000e+01,1.216103729794462201e-09
8.810937500000000000e+01,1.155696611994624498e-09
8.812500000000000000e+01,1.109443769662644612e-09
8.814062500000000000e+01,1.089197913462611874e-09
8.815625000000000000e+01,1.103573624481767275e-09
8.817187500000000000e+01,1.135960066341777172e-09
8.818750000000000000e+01,1.170433363279240840e-09
8.820312500000000000e+01,1.202335704935158762e-09
8.821875000000000000e+01,1.194623199348007290e-09
8.823437500000000000e+01,1.155573036449627972e-09
8.825000000000000000e+01,1.157888002376428485e-09
8.826562500000000000e+01,1.209883207047707187e-09
8.828125000000000000e+01,1.241916219500141893e-09
8.829687500000000000e+01,1.229189792936932752e-09
8.831250000000000000e+01,1.227392099288965353e-09
8.832812500000000000e+01,1.258882502896774791e-09
8.834375000000000000e+01,1.255018188079823123e-09
8.835937500000000000e+01,1.187520802963348588e-09
8.837500000000000000e+01,1.116930538218853613e-09
8.839062500000000000e+01,1.086111934465185261e-09
8.840625000000000000e+01,1.100404014585604478e-09
8.842187500000000000e+01,1.154259656802940148e-09
8.843750000000000000e+01,1.198726696918771283e-09
8.845312500000000000e+01,1.185121563804824290e-09
8.846875000000000000e+01,1.114379540595783092e-09
8.848437500000000000e+01,1.031393113508509824e-09
8.850000000000000000e+01,9.934844848896731198e-10
8.851562500000000000e+01,1.011475976769332160e-09
8.853125000000000000e+01,1.035260260420116472e-09
8.854687500000000000e+01,1.028994257059209899e-09
8.856250000000000000e+01,1.026837268259795399e-09
8.857812500000000000e+01,1.085861176276992510e-09
8.859375000000000000e+01,1.184487310920917673e-09
8.860937500000000000e+01,1.249316401252800269e-09
8.862500000000000000e+01,1.257451616497188733e-09
8.864062500000000000e+01,1.242957914225883162e-09
8.865625000000000000e+01,1.228249146600707591e-09
8.867187500000000000e+01,1.217368464393488006e-09
8.868750000000000000e+01,1.222251014284400950e-09
8.870312500000000000e+01,1.233402497076072532e-09
8.871875000000000000e+01,1.218645543961458644e-09
8.873437500000000000e+01,1.160267715312022475e-09
8.875000000000000000e+01,1.073197886932264715e-09
8.876562500000000000e+01,1.025428467036168906e-09
8.878125000000000000e+01,1.049210368039524183e-09
8.879687500000000000e+01,1.062449546965377957e-09
8.881250000000000000e+01,1.023430631213243346e-09
8.882812500000000000e+01,9.736667665589783792e-10
8.884375000000000000e+01,9.423676512147002531e-10
8.885937500000000000e+01,9.288821925510026100e-10
8.887500000000000000e+01,9.159495235230266021e-10
8.889062500000000000e+01,9.100669980103303775e-10
8.890625000000000000e+01,9.461424469821768681e-10
8.892187500000000000e+01,9.884647396762652257e-10
8.893750000000000000e+01,9.761265725763746223e-10
8.895312500000000000e+01,9.331857197838131631e-10
8.896875000000000000e+01,9.584260440489842756e-10
8.898437500000000000e+01,1.081299882070538603e-09
8.900000000000000000e+01,1.204985126002380247e-09
8.901562500000000000e+01,1.263492201831316484e-09
8.903125000000000000e+01,1.263454009436714293e-09
8.904687500000000000e+01,1.223106589203859585e-09
8.906250000000000000e+01,1.170762064342288423e-09
8.907812500000000000e+01,1.125575553561065459e-09
8.909375000000000000e+01,1.063058911611857326e-09
8.910937500000000000e+01,9.771702454718525690e-10
8.912500000000000000e+01,9.190186871328662167e-10
8.914062500000000000e+01,9.503106079174812258e-10
8.915625000000000000e+01,1.044672007894514251e-09
8.917187500000000000e+01,1.123194709882449382e-09
8.918750000000000000e+01,1.172629340287399426e-09
8.920312500000000000e+01,1.225328358963742540e-09
8.921875000000000000e+01,1.306212695732421998e-09
8.923437500000000000e+01,1.380055610204023659e-09
8.925000000000000000e+01,1.369994687949827421e-09
8.926562500000000000e+01,1.272996559778754030e-09
8.928125000000000000e+01,1.173905663335034687e-09
8.929687500000000000e+01,1.154149999842966368e-09
8.931250000000000000e+01,1.170750714357456125e-09
8.932812500000000000e+01,1.129738179679837291e-09
8.934375000000000000e+01,1.054663426198432105e-09
8.935937500000000000e+01,1.021964998153801939e-09
8.937500000000000000e+01,1.013464351388282735e-09
8.939062500000000000e+01,1.002756702483507779e-09
8.940625000000000000e+01,1.053853964684449847e-09
8.942187500000000000e+01,1.158199200974304968e-09
8.943750000000000000e+01,1.206051462798425091e-09
8.945312500000000000e+01,1.182027973130271215e-09
8.946875000000000000e+01,1.169843818773670851e-09
8.948437500000000000e+01,1.190606365962982913e-09
8.950000000000000000e+01,1.185035952097820843e-09
8.951562500000000000e+01,1.125143801900913652e-09
8.953125000000000000e+01,1.046854198411655081e-09
8.954687500000000000e+01,9.957246884732935847e-10
8.956250000000000000e+01,9.869237011993106419e-10
8.957812500000000000e+01,1.026802269491030383e-09
8.959375000000000000e+01,1.100960563699165869e-09
8.960937500000000000e+01,1.168843477325764848e-09
8.962500000000000000e+01,1.211177071534151746e-09
8.964062500000000000e+01,1.242008607353587362e-09
8.965625000000000000e+01,1.246547406282170400e-09
8.967187500000000000e+01,1.191496928255689546e-09
8.968750000000000000e+01,1.115920590319775153e-09
8.970312500000000000e+01,1.088838463936280083e-09
8.971875000000000000e+01,1.098695661116834905e-09
8.973437500000000000e+01,1.098509752465190635e-09
8.975000000000000000e+01,1.081561637132426207e-09
8.976562500000000000e+01,1.063662227691977114e-09
8.978125000000000000e+01,1.040326465695145562e-09
8.979687500000000000e+01,1.001965096313678176e-09
8.981250000000000000e+01,9.791277789209405588e-10
8.982812500000000000e+01,1.000081354560064055e-09
8.984375000000000000e+01,1.045002483518386363e-09
8.985937500000000000e+01,1.093395014314775152e-09
8.987500000000000000e+01,1.127452406733943994e-09
8.989062500000000000e+01,1.120188026519266115e-09
8.990625000000000000e+01,1.096794280565593567e-09
8.992187500000000000e+01,1.092156179055863517e-09
8.993750000000000000e+01,1.072219694242456033e-09
8.995312500000000000e+01,1.037446554515537715e-09
8.996875000000000000e+01,1.023634345587632137e-09
8.998437500000000000e+01,1.000925605060031745e-09
9.000000000000000000e+01,9.551579473773210969e-10
9.001562500000000000e+01,9.366202439211066452e-10
9.003125000000000000e+01,9.654338635184109516e-10
9.004687500000000000e+01,1.001738189114712533e-09
9.006250000000000000e+01,1.013088242832768806e-09
9.007812500000000000e+01,1.007966236886783327e-09
9.009375000000000000e+01,9.940948711589393971e-10
9.010937500000000000e+01,9.707990916225421483e-10
9.012500000000000000e+01,9.696721495729176390e-10
9.014062500000000000e+01,1.005972138046401857e-09
9.015625000000000000e+01,1.050325499020702779e-09
9.017187500000000000e+01,1.089914196468769592e-09
9.018750000000000000e+01,1.122941377852894726e-09
9.020312500000000000e+01,1.129624107344484482e-09
9.021875000000000000e+01,1.088427770907091560e-09
9.023437500000000000e+01,1.017428581978187911e-09
9.025000000000000000e+01,9.837426529501588592e-10
9.026562500000000000e+01,1.012897343506913092e-09
9.028125000000000000e+01,1.041258384629789653e-09
9.029687500000000000e+01,1.027920594498041334e-09
9.031250000000000000e+01,1.001763701964282229e-09
9.032812500000000000e+01,9.884405323382752249e-10
9.034375000000000000e+01,9.671583554976033299e-10
9.035937500000000000e+01,9.191294054762205406e-10
9.037500000000000000e+01,8.963061499023171998e-10
9.039062500000000000e+01,9.543266029723936086e-10
9.040625000000000000e+01,1.034938795822323050e-09
9.042187500000000000e+01,1.077702784483013368e-09
9.043750000000000000e+01,1.094938283008674817e-09
9.045312500000000000e+01,1.106194550488657242e-09
9.046875000000000000e+01,1.113674097730792329e-09
9.048437500000000000e+01,1.111207790330102771e-09
9.050000000000000000e+01,1.072169058046288088e-09
9.051562500000000000e+01,1.002555669552527595e-09
9.053125000000000000e+01,9.669484450002753025e-10
9.054687500000000000e+01,9.847061865792456445e-10
9.056250000000000000e+01,1.009892235234583090e-09
9.057812500000000000e+01,1.025326491734862331e-09
9.059375000000000000e+01,1.034467973343629162e-09
9.060937500000000000e+01,1.002889303371685186e-09
9.062500000000000000e+01,9.104813890189559681e-10
9.064062500000000000e+01,8.079517353801738241e-10
9.065625000000000000e+01,7.579402205586123542e-10
9.067187500000000000e+01,7.568140622273188232e-10
9.068750000000000000e+01,7.874940382883203723e-10
9.070312500000000000e+01,8.644239054558230701e-10
9.071875000000000000e+01,9.644603493129908341e-10
9.073437500000000000e+01,1.017802051226814699e-09
9.075000000000000000e+01,9.954571499793338382e-10
9.076562500000000000e+01,9.456562754504454122e-10
9.078125000000000000e+01,9.164967729318778573e-10
9.079687500000000000e+01,8.965200650784144493e-10
9.081250000000000000e+01,8.725388225587683338e-10
9.082812500000000000e+01,8.601559833840557903e-10
9.084375000000000000e+01,8.799051911800499593e-10
9.085937500000000000e+01,9.346217936369203546e-10
9.087500000000000000e+01,9.876133929634271426e-10
9.089062500000000000e+01,1.013039809620868415e-09
9.090625000000000000e+01,1.022385871614727310e-09
9.092187500000000000e+01,1.005983140255742328e-09
9.093750000000000000e+01,9.555223374409411090e-10
9.095312500000000000e+01,9.032296750393524892e-10
9.096875000000000000e+01,8.572342411570273741e-10
9.098437500000000000e+01,7.976370985775612493e-10
9.100000000000000000e+01,7.489072052373350854e-10
9.101562500000000000e+01,7.536217655579485570e-10
9.103125000000000000e+01,7.959344147029286109e-10
9.104687500000000000e+01,8.501566044749535809e-10
9.106250000000000000e+01,9.085445424314113914e-10
9.107812500000000000e+01,9.720540284057724594e-10
9.109375000000000000e+01,1.044345717032377446e-09
9.110937500000000000e+01,1.094742664804752772e-09
9.112500000000000000e+01,1.077299091460196987e-09
9.114062500000000000e+01,1.002542923771110327e-09
9.115625000000000000e+01,9.389975533433993180e-10
9.117187500000000000e+01,9.167287350353750482e-10
9.118750000000000000e+01,9.054029061286170273e-10
9.120312500000000000e+01,8.917596271426343748e-10
9.121875000000000000e+01,8.949962304046163982e-10
9.123437500000000000e+01,9.282408658493846409e-10
9.125000000000000000e+01,9.871745660713901596e-10
9.126562500000000000e+01,1.055859361688102082e-09
9.128125000000000000e+01,1.102693080837421847e-09
9.129687500000000000e+01,1.099600498860053259e-09
9.131250000000000000e+01,1.064319677690493866e-09
9.132812500000000000e+01,1.049729157483973038e-09
9.134375000000000000e+01,1.049151674626596979e-09
9.135937500000000000e+01,1.019412325121934296e-09
9.137500000000000000e+01,9.802230929753679033e-10
9.139062500000000000e+01,9.654374876529018062e-10
9.140625000000000000e+01,9.649032691276488488e-10
9.142187500000000000e+01,9.845838318072484247e-10
9.143750000000000000e+01,1.030628920960415146e-09
9.145312500000000000e+01,1.042156894731522371e-09
9.146875000000000000e+01,9.838618917813618781e-10
9.148437500000000000e+01,9.149758612935787928e-10
9.150000000000000000e+01,8.853827213467374243e-10
9.151562500000000000e+01,8.823331343888688292e-10
9.153125000000000000e+01,8.988797526948471347e-10
9.154687500000000000e+01,9.171778396620721369e-10
9.156250000000000000e+01,9.175720091325445075e-10
9.157812500000000000e+01,9.427038149993516949e-10
9.159375000000000000e+01,1.003316721415970744e-09
9.160937500000000000e+01,1.023665479332788848e-09
9.162500000000000000e+01,9.720628902819299353e-10
9.164062500000000000e+01,9.001493521294651674e-10
9.165625000000000000e+01,8.597232600699641251e-10
9.167187500000000000e+01,8.404049908283860336e-10
9.168750000000000000e+01,8.229986070515396903e-10
9.170312500000000000e+01,8.320293869335775098e-10
9.171875000000000000e+01,8.676176849621212022e-10
9.173437500000000000e+01,9.012258635125007337e-10
9.175000000000000000e+01,9.310209202081725332e-10
9.176562500000000000e+01,9.449796046223295736e-10
9.178125000000000000e+01,9.338021886527910539e-10
9.179687500000000000e+01,9.414773090802489334e-10
9.181250000000000000e+01,9.857290591081708976e-10
9.182812500000000000e+01,1.008325083619756810e-09
9.184375000000000000e+01,9.740437510120034033e-10
9.185937500000000000e+01,9.040612204756149295e-10
9.187500000000000000e+01,8.619094690585054991e-10
9.189062500000000000e+01,9.008722092336510083e-10
9.190625000000000000e+01,9.719306072098680961e-10
9.192187500000000000e+01,9.878543832634660818e-10
9.193750000000000000e+01,9.294775692487970750e-10
9.195312500000000000e+01,8.563590506541186448e-10
9.196875000000000000e+01,8.116284603590640943e-10
9.198437500000000000e+01,7.732541153900694474e-10
9.200000000000000000e+01,7.456650889168442285e-10
9.201562500000000000e+01,7.640324829615976384e-10
9.203125000000000000e+01,8.203730037265073439e-10
9.204687500000000000e+01,8.756916720983130895e-10
9.206250000000000000e+01,8.953894489923316560e-10
9.207812500000000000e+01,8.742322938489401034e-10
9.209375000000000000e+01,8.414565940449811446e-10
9.210937500000000000e+01,8.075879201667627533e-10
9.212500000000000000e+01,7.631037024539303649e-10
9.214062500000000000e+01,7.384007476972011240e-10
9.215625000000000000e+01,7.487162413934626451e-10
9.217187500000000000e+01,7.601614873784008805e-10
9.218750000000000000e+01,7.603263928960278221e-10
9.220312500000000000e+01,7.594850956719835367e-10
9.221875000000000000e+01,7.715285555994881855e-10
9.223437500000000000e+01,8.085399185115838585e-10
9.225000000000000000e+01,8.522876770064301220e-10
9.226562500000000000e+01,8.731840584929667449e-10
9.228125000000000000e+01,8.635811496323813775e-10
9.229687500000000000e+01,8.399839965084378179e-10
9.231250000000000000e+01,8.207443533077137469e-10
9.232812500000000000e+01,8.252111496509140046e-10
9.234375000000000000e+01,8.711823185367576971e-10
9.235937500000000000e+01,9.200220628661322964e-10
9.237500000000000000e+01,9.386208433556722190e-10
9.239062500000000000e+01,9.578955233540042501e-10
9.240625000000000000e+01,9.821138829299774883e-10
9.242187500000000000e+01,9.743969176750316610e-10
9.243750000000000000e+01,9.305949261009924990e-10
9.245312500000000000e+01,8.632201710429504432e-10
9.246875000000000000e+01,7.858135480804354609e-10
9.248437500000000000e+01,7.301112633065355946e-10
9.250000000000000000e+01,7.284621265268436205e-10
9.251562500000000000e+01,7.761777809651130183e-10
9.253125000000000000e+01,8.443659893379706235e-10
9.254687500000000000e+01,9.044134437683751392e-10
9.256250000000000000e+01,9.204000066395397694e-10
9.257812500000000000e+01,8.864593957510899750e-10
9.259375000000000000e+01,8.513473237343915740e-10
9.260937500000000000e+01,8.369938844940529718e-10
9.262500000000000000e+01,8.059119993881425432e-10
9.264062500000000000e+01,7.830538030305354801e-10
9.265625000000000000e+01,8.309219023504649849e-10
9.267187500000000000e+01,9.030406526674746856e-10
9.268750000000000000e+01,9.343347385121893577e-10
9.270312500000000000e+01,9.264465792351163307e-10
9.271875000000000000e+01,8.975548265065785378e-10
9.273437500000000000e+01,8.470620401299725714e-10
9.275000000000000000e+01,7.832523224439764169e-10
9.276562500000000000e+01,7.532816454606937913e-10
9.278125000000000000e+01,8.041779447733402644e-10
9.279687500000000000e+01,9.022844938876629089e-10
9.281250000000000000e+01,9.702445874031962585e-10
9.282812500000000000e+01,9.689907628711236972e-10
9.284375000000000000e+01,8.980896285406851235e-10
9.285937500000000000e+01,7.867766520416741887e-10
9.287500000000000000e+01,6.962130218825523652e-10
9.289062500000000000e+01,6.679156808789666616e-10
9.290625000000000000e+01,6.944574857379418486e-10
9.292187500000000000e+01,7.494659922243136084e-10
9.293750000000000000e+01,8.007281684623028815e-10
9.295312500000000000e+01,8.337186555095091329e-10
9.296875000000000000e+01,8.517552816841779100e-10
9.298437500000000000e+01,8.575196167245669320e-10
9.300000000000000000e+01,8.526838443291217420e-10
9.301562500000000000e+01,8.419398902696037176e-10
9.303125000000000000e+01,8.328959744608356608e-10
9.304687500000000000e+01,8.206841026882007822e-10
9.306250000000000000e+01,7.973867285470136056e-10
9.307812500000000000e+01,7.782451008117930526e-10
9.309375000000000000e+01,7.644643004253061725e-10
9.310937500000000000e+01,7.367739785700526449e-10
9.312500000000000000e+01,7.131290987927489417e-10
9.314062500000000000e+01,7.343719451676439689e-10
9.315625000000000000e+01,8.136431599802385609e-10
9.317187500000000000e+01,9.139250014448200652e-10
9.318750000000000000e+01,9.779991352579950554e-10
9.320312500000000000e+01,9.777940681188880199e-10
9.321875000000000000e+01,9.123636001900990820e-10
9.323437500000000000e+01,8.227349684685061394e-10
9.325000000000000000e+01,8.003751486200525162e-10
9.326562500000000000e+01,8.563503807746248467e-10
9.328125000000000000e+01,8.897617990500742542e-10
9.329687500000000000e+01,8.483156051631237265e-10
9.331250000000000000e+01,7.720287861577255381e-10
9.332812500000000000e+01,7.313653697318458101e-10
9.334375000000000000e+01,7.542575427874874504e-10
9.335937500000000000e+01,8.180935071271640306e-10
9.337500000000000000e+01,8.838082200896532495e-10
9.339062500000000000e+01,9.051619890797146038e-10
9.340625000000000000e+01,8.669082445797891434e-10
9.342187500000000000e+01,8.127959117300398806e-10
9.343750000000000000e+01,7.799906434274172529e-10
9.345312500000000000e+01,7.650617063521851044e-10
9.346875000000000000e+01,7.831847399543711661e-10
9.348437500000000000e+01,8.448604107390519451e-10
9.350000000000000000e+01,9.148631410722088918e-10
9.351562500000000000e+01,9.505812601076582472e-10
9.353125000000000000e+01,9.499749874290391903e-10
9.354687500000000000e+01,9.429412440562608675e-10
9.356250000000000000e+01,9.407852699986786170e-10
9.357812500000000000e+01,9.376350616192536094e-10
9.359375000000000000e+01,9.287037846454345263e-10
9.360937500000000000e+01,8.915248006852394369e-10
9.362500000000000000e+01,8.134912441578789691e-10
9.364062500000000000e+01,7.519789087459721951e-10
9.365625000000000000e+01,7.722018707142711181e-10
9.367187500000000000e+01,8.272317778213234315e-10
9.368750000000000000e+01,8.535585052809691174e-10
9.370312500000000000e+01,8.441336659590763704e-10
9.371875000000000000e+01,8.053464047778135251e-10
9.373437500000000000e+01,7.517617150082617621e-10
9.375000000000000000e+01,7.206356955980211406e-10
9.376562500000000000e+01,7.422297257318813879e-10
9.378125000000000000e+01,7.845509906468261946e-10
9.379687500000000000e+01,7.967928309317860676e-10
9.381250000000000000e+01,7.781918558297711043e-10
9.382812500000000000e+01,7.650103915387100103e-10
9.384375000000000000e+01,7.825985090791123837e-10
9.385937500000000000e+01,8.066289662426485940e-10
9.387500000000000000e+01,8.112324161791080206e-10
9.389062500000000000e+01,8.263839148467772624e-10
9.390625000000000000e+01,8.661562626887254784e-10
9.392187500000000000e+01,8.805152110393099831e-10
9.393750000000000000e+01,8.561455575503313513e-10
9.395312500000000000e+01,8.441902795698713175e-10
9.396875000000000000e+01,8.654346905854634290e-10
9.398437500000000000e+01,8.950309017506014532e-10
9.400000000000000000e+01,8.972086200121160257e-10
9.401562500000000000e+01,8.358484570363044357e-10
9.403125000000000000e+01,7.234607862287340800e-10
9.404687500000000000e+01,6.257984560987446215e-10
9.406250000000000000e+01,5.930119194582406163e-10
9.407812500000000000e+01,6.316019812532001358e-10
9.409375000000000000e+01,7.076739722182894379e-10
9.410937500000000000e+01,7.607435627822968903e-10
9.412500000000000000e+01,7.682552208066629129e-10
9.414062500000000000e+01,7.766905262452355175e-10
9.415625000000000000e+01,8.351523507525118255e-10
9.417187500000000000e+01,9.094306679184753842e-10
9.418750000000000000e+01,9.201945442412333090e-10
9.420312500000000000e+01,8.287147866136148670e-10
9.421875000000000000e+01,6.817232520823626732e-10
9.423437500000000000e+01,5.952587484642720718e-10
9.425000000000000000e+01,6.241205737658477553e-10
9.426562500000000000e+01,6.912274395604756906e-10
9.428125000000000000e+01,7.379825720428521229e-10
9.429687500000000000e+01,7.756207320245522605e-10
9.431250000000000000e+01,8.128687393831322065e-10
9.432812500000000000e+01,8.103724217029944724e-10
9.434375000000000000e+01,7.549221241484882522e-10
9.435937500000000000e+01,6.921076396486851586e-10
9.437500000000000000e+01,6.503224486956079727e-10
9.439062500000000000e+01,6.429645743059428689e-10
9.440625000000000000e+01,6.800666099197076506e-10
9.442187500000000000e+01,7.250242092548013433e-10
9.443750000000000000e+01,7.462837961777025140e-10
9.445312500000000000e+01,7.466434779832569572e-10
9.446875000000000000e+01,7.608620942074780719e-10
9.448437500000000000e+01,8.061822798652700879e-10
9.450000000000000000e+01,8.415398144393420208e-10
9.451562500000000000e+01,8.497483692934929046e-10
9.453125000000000000e+01,8.576095436834776782e-10
9.454687500000000000e+01,8.655031513768655291e-10
9.456250000000000000e+01,8.659418532224796486e-10
9.457812500000000000e+01,8.722216370853887645e-10
9.459375000000000000e+01,8.758685552103150861e-10
9.460937500000000000e+01,8.599973487446814669e-10
9.462500000000000000e+01,8.280997571415318409e-10
9.464062500000000000e+01,7.962649058284321687e-10
9.465625000000000000e+01,7.727905189490294120e-10
9.467187500000000000e+01,7.426838368009138337e-10
9.468750000000000000e+01,7.046761984344654812e-10
9.470312500000000000e+01,6.806538550489784293e-10
9.471875000000000000e+01,6.721470539099221695e-10
9.473437500000000000e+01,6.668292759844587060e-10
9.475000000000000000e+01,6.831295815678649006e-10
9.476562500000000000e+01,7.440600626969460504e-10
9.478125000000000000e+01,8.311412483301417235e-10
9.479687500000000000e+01,9.118247669703213577e-10
9.481250000000000000e+01,9.599577880031952457e-10
9.482812500000000000e+01,9.607944442739207092e-10
9.484375000000000000e+01,9.232174518303157313e-10
9.485937500000000000e+01,8.661750748501691390e-10
9.487500000000000000e+01,8.039428215623408628e-10
9.489062500000000000e+01,7.526363822022366548e-10
9.490625000000000000e+01,7.210679275688655714e-10
9.492187500000000000e+01,7.054367863324021043e-10
9.493750000000000000e+01,7.044841600617787634e-10
9.495312500000000000e+01,7.115970144453269504e-10
9.496875000000000000e+01,6.995757846111614379e-10
9.498437500000000000e+01,6.588154527678271896e-10
9.500000000000000000e+01,6.315010147786953895e-10
9.501562500000000000e+01,6.476939853829770057e-10
9.503125000000000000e+01,6.822798257475498906e-10
9.504687500000000000e+01,7.092503806846556802e-10
9.506250000000000000e+01,7.172079289232852901e-10
9.507812500000000000e+01,7.083134369039051823e-10
9.509375000000000000e+01,6.934697721505392022e-10
9.510937500000000000e+01,6.804041476286080422e-10
9.512500000000000000e+01,6.844163228049347628e-10
9.514062500000000000e+01,7.083187042878411379e-10
9.515625000000000000e+01,7.162139775296598402e-10
9.517187500000000000e+01,6.764493933575738220e-10
9.518750000000000000e+01,6.153223443608911047e-10
9.520312500000000000e+01,6.114087186919681784e-10
9.521875000000000000e+01,6.971827524522655515e-10
9.523437500000000000e+01,8.001438748299291684e-10
9.525000000000000000e+01,8.477076136514897231e-10
9.526562500000000000e+01,8.347846396642200681e-10
9.528125000000000000e+01,7.964453655326678214e-10
9.529687500000000000e+01,7.605952115371707252e-10
9.531250000000000000e+01,7.378583855438439722e-10
9.532812500000000000e+01,7.298695612168985771e-10
9.534375000000000000e+01,7.502966609281723286e-10
9.535937500000000000e+01,7.890360765291470564e-10
9.537500000000000000e+01,8.022064892676106064e-10
9.539062500000000000e+01,7.930783648485660510e-10
9.540625000000000000e+01,7.862048589870831904e-10
9.542187500000000000e+01,7.628412655175764987e-10
9.543750000000000000e+01,7.135310451980330545e-10
9.545312500000000000e+01,6.697976727763810247e-10
9.546875000000000000e+01,6.571273406236205879e-10
9.548437500000000000e+01,6.747358663583401401e-10
9.550000000000000000e+01,7.159509163384476481e-10
9.551562500000000000e+01,7.704287151845328895e-10
9.553125000000000000e+01,8.169016459060985326e-10
9.554687500000000000e+01,8.353741167817286447e-10
9.556250000000000000e+01,8.168830600461757645e-10
9.557812500000000000e+01,7.640370487961723847e-10
9.559375000000000000e+01,6.913931634983194246e-10
9.560937500000000000e+01,6.315131728502123915e-10
9.562500000000000000e+01,6.249295926868738794e-10
9.564062500000000000e+01,6.645075828453022540e-10
9.565625000000000000e+01,7.134665140361811483e-10
9.567187500000000000e+01,7.546335286776092232e-10
9.568750000000000000e+01,7.713626091493201752e-10
9.570312500000000000e+01,7.535270584868008853e-10
9.571875000000000000e+01,7.084478946584358252e-10
9.573437500000000000e+01,6.643459011793431653e-10
9.575000000000000000e+01,6.602698294666802667e-10
9.576562500000000000e+01,6.818002210713528634e-10
9.578125000000000000e+01,6.708591288995055223e-10
9.579687500000000000e+01,6.140632876101895160e-10
9.581250000000000000e+01,5.621400260372054844e-10
9.582812500000000000e+01,5.545149471562290586e-10
9.584375000000000000e+01,5.700984093382605514e-10
9.585937500000000000e+01,5.841145565908696191e-10
9.587500000000000000e+01,5.986699206949898269e-10
9.589062500000000000e+01,6.132284590511068184e-10
9.590625000000000000e+01,6.218228255436440885e-10
9.592187500000000000e+01,6.306299911231257557e-10
9.593750000000000000e+01,6.458447775631296467e-10
9.595312500000000000e+01,6.683281393887677009e-10
9.596875000000000000e+01,7.082041596656976617e-10
9.598437500000000000e+01,7.725008913878105491e-10
9.600000000000000000e+01,8.218994697945277585e-10
9.601562500000000000e+01,8.012870005264333611e-10
9.603125000000000000e+01,7.097031489452141391e-10
9.604687500000000000e+01,5.969223907785113105e-10
9.606250000000000000e+01,5.141187179565417667e-10
9.607812500000000000e+01,4.815196740039204880e-10
9.609375000000000000e+01,4.943559846948928172e-10
9.610937500000000000e+01,5.440171607894160059e-10
9.612500000000000000e+01,6.040501403468345569e-10
9.614062500000000000e+01,6.417906437535848064e-10
9.615625000000000000e+01,6.515446102199020029e-10
9.617187500000000000e+01,6.507333924526012601e-10
9.618750000000000000e+01,6.561549469340434580e-10
9.620312500000000000e+01,6.650498468961590698e-10
9.621875000000000000e+01,6.700326909627957372e-10
9.623437500000000000e+01,6.813157379594268309e-10
9.625000000000000000e+01,7.018861925925393721e-10
9.626562500000000000e+01,7.143353588046697785e-10
9.628125000000000000e+01,6.986719565117232863e-10
9.629687500000000000e+01,6.473326953333752811e-10
9.631250000000000000e+01,5.860168927289012146e-10
9.632812500000000000e+01,5.659347417663067313e-10
9.634375000000000000e+01,5.961843324917272825e-10
9.635937500000000000e+01,6.407868845424117466e-10
9.637500000000000000e+01,6.853957252845040288e-10
9.639062500000000000e+01,7.159429445027423381e-10
9.640625000000000000e+01,6.910128854807759884e-10
9.642187500000000000e+01,6.123640637599865264e-10
9.643750000000000000e+01,5.775979278980772287e-10
9.645312500000000000e+01,6.359338784258810963e-10
9.646875000000000000e+01,6.942451833104548667e-10
9.648437500000000000e+01,7.085003639821666188e-10
9.650000000000000000e+01,7.140787940979521880e-10
9.651562500000000000e+01,7.320363735285767669e-10
9.653125000000000000e+01,7.445110136005343973e-10
9.654687500000000000e+01,7.407354799267506696e-10
9.656250000000000000e+01,7.363969578755052592e-10
9.657812500000000000e+01,7.313067501176052604e-10
9.659375000000000000e+01,6.977684675245592076e-10
9.660937500000000000e+01,6.436164126860951552e-10
9.662500000000000000e+01,6.097688447260130468e-10
9.664062500000000000e+01,6.121122611670907420e-10
9.665625000000000000e+01,6.506738699397693204e-10
9.667187500000000000e+01,7.082372898495456188e-10
9.668750000000000000e+01,7.632178031817735928e-10
9.670312500000000000e+01,8.020817841087052133e-10
9.671875000000000000e+01,7.871099427075905767e-10
9.673437500000000000e+01,6.973831769264902088e-10
9.675000000000000000e+01,5.801820983413310289e-10
9.676562500000000000e+01,5.026495967122281663e-10
9.678125000000000000e+01,4.888361919228700746e-10
9.679687500000000000e+01,5.284114758262687421e-10
9.681250000000000000e+01,5.846318696352263087e-10
9.682812500000000000e+01,6.087038652345469889e-10
9.684375000000000000e+01,5.925301180510776258e-10
9.685937500000000000e+01,5.859611998179909841e-10
9.687500000000000000e+01,6.033242145364143811e-10
9.689062500000000000e+01,6.010223975861991866e-10
9.690625000000000000e+01,5.785466356604214512e-10
9.692187500000000000e+01,5.837473900640776814e-10
9.693750000000000000e+01,6.285467596550284686e-10
9.695312500000000000e+01,6.721193692100208398e-10
9.696875000000000000e+01,6.741565274716165028e-10
9.698437500000000000e+01,6.370299759634928573e-10
9.700000000000000000e+01,6.108030288494863294e-10
9.701562500000000000e+01,6.256906110085865584e-10
9.703125000000000000e+01,6.564335632187971790e-10
9.704687500000000000e+01,6.702302011904856088e-10
9.706250000000000000e+01,6.607895655425825839e-10
9.707812500000000000e+01,6.496194978270561109e-10
9.709375000000000000e+01,6.568973887932765915e-10
9.710937500000000000e+01,6.784290495771810571e-10
9.712500000000000000e+01,6.984376011786174769e-10
9.714062500000000000e+01,7.068128171256313424e-10
9.715625000000000000e+01,6.939612458026184295e-10
9.717187500000000000e+01,6.587056641539375596e-10
9.718750000000000000e+01,6.150124432472970946e-10
9.720312500000000000e+01,5.844895570979806668e-10
9.721875000000000000e+01,5.956023295592254670e-10
9.723437500000000000e+01,6.342972038291534810e-10
9.725000000000000000e+01,6.420727681634753757e-10
9.726562500000000000e+01,6.042704480960423620e-10
9.728125000000000000e+01,5.650957579417133250e-10
9.729687500000000000e+01,5.667501779336289085e-10
9.731250000000000000e+01,5.882935441535558142e-10
9.732812500000000000e+01,5.976062245155391370e-10
9.734375000000000000e+01,6.177266087351529460e-10
9.735937500000000000e+01,6.659686285134125351e-10
9.737500000000000000e+01,7.149512398299021352e-10
9.739062500000000000e+01,7.435302711653410209e-10
9.740625000000000000e+01,7.543899448779753299e-10
9.742187500000000000e+01,7.603478673219960346e-10
9.743750000000000000e+01,7.686686665130160578e-10
9.745312500000000000e+01,7.647185279713887534e-10
9.746875000000000000e+01,7.331672370148572376e-10
9.748437500000000000e+01,6.878535060428474415e-10
9.750000000000000000e+01,6.493599568733889582e-10
9.751562500000000000e+01,6.141764041615702010e-10
9.753125000000000000e+01,5.759271535043267977e-10
9.754687500000000000e+01,5.504077527811341145e-10
9.756250000000000000e+01,5.501827907195315103e-10
9.757812500000000000e+01,5.618021651103330633e-10
9.759375000000000000e+01,5.681936498118616002e-10
9.760937500000000000e+01,5.769635414283907768e-10
9.762500000000000000e+01,6.016988765794651426e-10
9.764062500000000000e+01,6.147533402709816406e-10
9.765625000000000000e+01,5.807715736372264931e-10
9.767187500000000000e+01,5.181220999318157224e-10
9.768750000000000000e+01,4.934600421029522752e-10
9.770312500000000000e+01,5.422240357722497185e-10
9.771875000000000000e+01,6.133812306966423143e-10
9.773437500000000000e+01,6.523671081133331041e-10
9.775000000000000000e+01,6.441221505729663047e-10
9.776562500000000000e+01,6.072372264956706658e-10
9.778125000000000000e+01,5.820447530187349021e-10
9.779687500000000000e+01,5.747041040013069783e-10
9.781250000000000000e+01,5.550225419918844732e-10
9.782812500000000000e+01,5.272589003282049577e-10
9.784375000000000000e+01,5.261026142816996610e-10
9.785937500000000000e+01,5.552096292733584291e-10
9.787500000000000000e+01,5.746570546603161833e-10
9.789062500000000000e+01,5.586579407706623982e-10
9.790625000000000000e+01,5.245084576284614445e-10
9.792187500000000000e+01,4.950710598948099172e-10
9.793750000000000000e+01,4.854474143207334224e-10
9.795312500000000000e+01,5.243027759212044693e-10
9.796875000000000000e+01,5.928177132904359272e-10
9.798437500000000000e+01,6.342579981398411221e-10
9.800000000000000000e+01,6.356858653326906870e-10
9.801562500000000000e+01,6.124033749179615868e-10
9.803125000000000000e+01,5.754439102299636297e-10
9.804687500000000000e+01,5.517475252695884179e-10
9.806250000000000000e+01,5.560996909492877089e-10
9.807812500000000000e+01,5.558422682027030977e-10
9.809375000000000000e+01,5.394240639399153099e-10
9.810937500000000000e+01,5.337905211188021186e-10
9.812500000000000000e+01,5.426308802289437495e-10
9.814062500000000000e+01,5.541871143405396624e-10
9.815625000000000000e+01,5.844852060133773727e-10
9.817187500000000000e+01,6.309107033351048193e-10
9.818750000000000000e+01,6.568629021682581804e-10
9.820312500000000000e+01,6.691491234609340422e-10
9.821875000000000000e+01,6.888919460032170194e-10
9.823437500000000000e+01,6.864156747929182910e-10
9.825000000000000000e+01,6.567038639667459167e-10
9.826562500000000000e+01,6.347812821198067277e-10
9.828125000000000000e+01,6.193659744197460988e-10
9.829687500000000000e+01,5.949587569673797249e-10
9.831250000000000000e+01,5.659865143827536003e-10
9.832812500000000000e+01,5.312343515224610477e-10
9.834375000000000000e+01,5.057907854986153223e-10
9.835937500000000000e+01,5.257311776739668633e-10
9.837500000000000000e+01,5.845882218845505719e-10
9.839062500000000000e+01,6.430993846675891293e-10
9.840625000000000000e+01,6.728526922876993994e-10
9.842187500000000000e+01,6.732623606444225805e-10
9.843750000000000000e+01,6.646833012272110934e-10
9.845312500000000000e+01,6.451776799560386013e-10
9.846875000000000000e+01,6.058825123419493132e-10
9.848437500000000000e+01,5.765587908090027079e-10
9.850000000000000000e+01,5.862678821951072338e-10
9.851562500000000000e+01,6.154192151179593144e-10
9.853125000000000000e+01,6.172072654746659090e-10
9.854687500000000000e+01,5.664736253596995170e-10
9.856250000000000000e+01,5.001111502032715677e-10
9.857812500000000000e+01,4.858665680998568633e-10
9.859375000000000000e+01,5.116260821200854495e-10
9.860937500000000000e+01,5.092250701805437165e-10
9.862500000000000000e+01,4.704327162044479653e-10
9.864062500000000000e+01,4.517826322018007758e-10
9.865625000000000000e+01,4.705724755806465886e-10
9.867187500000000000e+01,4.801535345201661454e-10
9.868750000000000000e+01,4.745521076565873681e-10
9.870312500000000000e+01,4.921529090422417297e-10
9.871875000000000000e+01,5.413294843531567678e-10
9.873437500000000000e+01,5.890577031933400829e-10
9.875000000000000000e+01,6.033533770489558771e-10
9.876562500000000000e+01,5.853808401080297031e-10
9.878125000000000000e+01,5.605501922000822724e-10
9.879687500000000000e+01,5.406849047820371543e-10
9.881250000000000000e+01,5.347594928224668343e-10
9.882812500000000000e+01,5.609502127236469699e-10
9.884375000000000000e+01,6.034049958070028078e-10
9.885937500000000000e+01,6.201724158230050506e-10
9.887500000000000000e+01,6.081915007504193976e-10
9.889062500000000000e+01,6.067784048582863584e-10
9.890625000000000000e+01,6.172049853623083917e-10
9.892187500000000000e+01,6.014455732348601231e-10
9.893750000000000000e+01,5.678236542991191720e-10
9.895312500000000000e+01,5.557657937822751793e-10
9.896875000000000000e+01,5.619913825996767593e-10
9.898437500000000000e+01,5.647591045715607325e-10
9.900000000000000000e+01,5.680390668642676182e-10
9.901562500000000000e+01,5.764540408135836403e-10
9.903125000000000000e+01,5.723020536843616176e-10
9.904687500000000000e+01,5.444268689510409595e-10
9.906250000000000000e+01,5.232977117036247692e-10
9.907812500000000000e+01,5.373327522797217543e-10
9.909375000000000000e+01,5.543684518666121945e-10
9.910937500000000000e+01,5.544703188686153708e-10
9.912500000000000000e+01,5.586462866634959087e-10
9.914062500000000000e+01,5.672994433055061473e-10
9.915625000000000000e+01,5.651640938994156013e-10
9.917187500000000000e+01,5.615375002586356332e-10
9.918750000000000000e+01,5.746736850135837716e-10
9.920312500000000000e+01,5.933491336402725440e-10
9.921875000000000000e+01,5.939020798012842795e-10
9.923437500000000000e+01,5.678888254770732421e-10
9.925000000000000000e+01,5.280964918601102472e-10
9.926562500000000000e+01,5.031227253944826986e-10
9.928125000000000000e+01,4.985086407742247256e-10
9.929687500000000000e+01,4.972808665777644967e-10
9.931250000000000000e+01,5.091209935549005624e-10
9.932812500000000000e+01,5.429124771771411329e-10
9.934375000000000000e+01,5.720688979295780227e-10
9.935937500000000000e+01,5.690225503227795770e-10
9.937500000000000000e+01,5.299930279373162661e-10
9.939062500000000000e+01,4.841655194750167887e-10
9.940625000000000000e+01,4.804731735448280800e-10
9.942187500000000000e+01,5.157213434516696275e-10
9.943750000000000000e+01,5.328929348233310255e-10
9.945312500000000000e+01,5.135537342173711712e-10
9.946875000000000000e+01,4.938736310959007922e-10
9.948437500000000000e+01,4.987410001800757559e-10
9.950000000000000000e+01,5.112673013260872589e-10
9.951562500000000000e+01,5.111117031974133358e-10
9.953125000000000000e+01,5.030815863742861544e-10
9.954687500000000000e+01,5.041199264292936411e-10
9.956250000000000000e+01,5.039932891340057033e-10
9.957812500000000000e+01,4.826491956138984142e-10
9.959375000000000000e+01,4.593123946738058309e-10
9.960937500000000000e+01,4.785420107669599443e-10
9.962500000000000000e+01,5.307580007929812631e-10
9.964062500000000000e+01,5.588283648927886851e-10
9.965625000000000000e+01,5.435375009744054191e-10
9.967187500000000000e+01,5.183492653489603144e-10
9.968750000000000000e+01,5.198904352812786570e-10
9.970312500000000000e+01,5.486314420082299190e-10
9.971875000000000000e+01,5.776580722643525746e-10
9.973437500000000000e+01,5.878763897105227552e-10
9.975000000000000000e+01,5.826189431527093970e-10
9.976562500000000000e+01,5.702465915694429453e-10
9.978125000000000000e+01,5.620956843356990694e-10
9.979687500000000000e+01,5.610321185697872559e-10
9.981250000000000000e+01,5.534551334285762558e-10
9.982812500000000000e+01,5.399198895564760528e-10
9.984375000000000000e+01,5.323234007910334675e-10
9.985937500000000000e+01,5.319926515207003745e-10
9.987500000000000000e+01,5.378293907136303915e-10
9.989062500000000000e+01,5.465725126709652874e-10
9.990625000000000000e+01,5.431526438606986305e-10
9.992187500000000000e+01,5.245181412670837934e-10
9.993750000000000000e+01,5.104123453089559926e-10
9.995312500000000000e+01,5.110918746129111317e-10
9.996875000000000000e+01,5.212401893466037990e-10
9.998437500000000000e+01,5.374346189982745365e-10
1.000000000000000000e+02,5.512980207085738918e-10
1.000156250000000000e+02,5.590016361283543616e-10
1.000312500000000000e+02,5.672895595400473751e-10
1.000468750000000000e+02,5.759401978581308234e-10
1.000625000000000000e+02,5.762164429455529010e-10
1.000781250000000000e+02,5.550731088500111463e-10
1.000937500000000000e+02,5.084386869085138006e-10
1.001093750000000000e+02,4.587200132588926631e-10
1.001250000000000000e+02,4.422838827065037517e-10
1.001406250000000000e+02,4.632866877028718236e-10
1.001562500000000000e+02,4.867943909097675085e-10
1.001718750000000000e+02,4.882115278723392676e-10
1.001875000000000000e+02,4.757484959874081360e-10
1.002031250000000000e+02,4.798041610445808003e-10
1.002187500000000000e+02,5.100374302958656061e-10
1.002343750000000000e+02,5.351046451788364018e-10
1.002500000000000000e+02,5.333583188329652728e-10
1.002656250000000000e+02,5.190075420810844207e-10
1.002812500000000000e+02,5.104545653229763900e-10
1.002968750000000000e+02,5.117613772844327862e-10
1.003125000000000000e+02,5.207686332321630065e-10
1.003281250000000000e+02,5.263937032568815106e-10
1.003437500000000000e+02,5.137561391238724865e-10
1.003593750000000000e+02,4.942238721280673462e-10
1.003750000000000000e+02,4.958156810557122506e-10
1.003906250000000000e+02,5.019935241284137754e-10
1.004062500000000000e+02,4.790437454415667609e-10
1.004218750000000000e+02,4.422659815389710750e-10
1.004375000000000000e+02,4.332098079647497385e-10
1.004531250000000000e+02,4.538579632171272761e-10
1.004687500000000000e+02,4.779141676430484397e-10
1.004843750000000000e+02,4.935750969569618155e-10
1.005000000000000000e+02,4.975753413078773683e-10
1.005156250000000000e+02,4.945306646040994809e-10
1.005312500000000000e+02,5.000520367496932865e-10
1.005468750000000000e+02,5.090233695333918470e-10
1.005625000000000000e+02,4.967407441427622214e-10
1.005781250000000000e+02,4.634052264859443399e-10
1.005937500000000000e+02,4.376384494956378117e-10
1.006093750000000000e+02,4.328154306423865732e-10
1.006250000000000000e+02,4.324865947440368206e-10
1.006406250000000000e+02,4.337485996249939933e-10
1.006562500000000000e+02,4.572394867969973508e-10
1.006718750000000000e+02,4.939918088927144894e-10
1.006875000000000000e+02,5.086283557082661029e-10
1.007031250000000000e+02,4.946382881533876209e-10
1.007187500000000000e+02,4.751990293322677500e-10
1.007343750000000000e+02,4.651027573729003972e-10
1.007500000000000000e+02,4.592380220892219926e-10
1.007656250000000000e+02,4.464100509379685594e-10
1.007812500000000000e+02,4.269687483974505143e-10
1.007968750000000000e+02,4.188279037834343136e-10
1.008125000000000000e+02,4.304203228453268001e-10
1.008281250000000000e+02,4.453731615879360864e-10
1.008437500000000000e+02,4.440150827104941467e-10
1.008593750000000000e+02,4.313628290834365147e-10
1.008750000000000000e+02,4.327114243960723196e-10
1.008906250000000000e+02,4.550476798613411615e-10
1.009062500000000000e+02,4.844785830909921226e-10
1.009218750000000000e+02,5.065837347312077774e-10
1.009375000000000000e+02,5.202183775055618057e-10
1.009531250000000000e+02,5.375194606369898636e-10
1.009687500000000000e+02,5.569581777322182453e-10
1.009843750000000000e+02,5.590312367439415795e-10
1.010000000000000000e+02,5.345911904267371411e-10
1.010156250000000000e+02,4.969885724668339422e-10
1.010312500000000000e+02,4.615679414016677475e-10
1.010468750000000000e+02,4.304051440189204169e-10
1.010625000000000000e+02,4.105747149937880012e-10
1.010781250000000000e+02,4.102508388645751063e-10
1.010937500000000000e+02,4.185475020938692676e-10
1.011093750000000000e+02,4.275815584422214244e-10
1.011250000000000000e+02,4.452774351448231809e-10
1.011406250000000000e+02,4.732378113318547501e-10
1.011562500000000000e+02,4.975012384898111142e-10
1.011718750000000000e+02,5.065385190403197502e-10
1.011875000000000000e+02,5.101996536999069650e-10
1.012031250000000000e+02,5.176463735282241595e-10
1.012187500000000000e+02,5.120211504329317644e-10
1.012343750000000000e+02,4.810750887219074194e-10
1.012500000000000000e+02,4.453510042969014915e-10
1.012656250000000000e+02,4.286401703151695269e-10
1.012812500000000000e+02,4.269611267578167445e-10
1.012968750000000000e+02,4.249851661688324861e-10
1.013125000000000000e+02,4.164629968712067576e-10
1.013281250000000000e+02,4.084018266891411390e-10
1.013437500000000000e+02,4.046809454374936689e-10
1.013593750000000000e+02,4.002222064846075188e-10
1.013750000000000000e+02,4.004188984588005564e-10
1.013906250000000000e+02,4.138293841330718156e-10
1.014062500000000000e+02,4.396626229663300581e-10
1.014218750000000000e+02,4.748140227239487257e-10
1.014375000000000000e+02,5.079577478542734090e-10
1.014531250000000000e+02,5.200819342455587178e-10
1.014687500000000000e+02,5.013292839430908423e-10
1.014843750000000000e+02,4.594630731977649185e-10
1.015000000000000000e+02,4.109614712739337049e-10
1.015156250000000000e+02,3.795217845953155222e-10
1.015312500000000000e+02,3.850611299807605858e-10
1.015468750000000000e+02,4.104994517747450687e-10
1.015625000000000000e+02,4.278320146498135440e-10
1.015781250000000000e+02,4.275695103786283203e-10
1.015937500000000000e+02,4.159017951607742508e-10
1.016093750000000000e+02,4.129154183853392825e-10
1.016250000000000000e+02,4.323078488354609260e-10
1.016406250000000000e+02,4.548777709987847389e-10
1.016562500000000000e+02,4.612459682398567180e-10
1.016718750000000000e+02,4.591646168366201616e-10
1.016875000000000000e+02,4.553420411380393676e-10
1.017031250000000000e+02,4.485775898440135194e-10
1.017187500000000000e+02,4.344061533159957617e-10
1.017343750000000000e+02,4.058393528838235677e-10
1.017500000000000000e+02,3.809325075018254323e-10
1.017656250000000000e+02,3.866062283286773119e-10
1.017812500000000000e+02,4.035655653563634450e-10
1.017968750000000000e+02,4.011288663568919285e-10
1.018125000000000000e+02,3.889933680202313367e-10
1.018281250000000000e+02,3.945713986397358570e-10
1.018437500000000000e+02,4.195332155908951254e-10
1.018593750000000000e+02,4.447990603950112659e-10
1.018750000000000000e+02,4.526365652179575432e-10
1.018906250000000000e+02,4.367865332009089683e-10
1.019062500000000000e+02,4.074026159921783041e-10
1.019218750000000000e+02,3.824691284913637784e-10
1.019375000000000000e+02,3.703179333350770977e-10
1.019531250000000000e+02,3.807406821825098424e-10
1.019687500000000000e+02,4.175326282312464536e-10
1.019843750000000000e+02,4.502585198660839855e-10
1.020000000000000000e+02,4.538694894750451870e-10
1.020156250000000000e+02,4.383850567820662467e-10
1.020312500000000000e+02,4.313700515631015890e-10
1.020468750000000000e+02,4.469116284985466090e-10
1.020625000000000000e+02,4.730655013896520695e-10
1.020781250000000000e+02,4.851322859533174909e-10
1.020937500000000000e+02,4.744887092562285836e-10
1.021093750000000000e+02,4.564774514573550031e-10
1.021250000000000000e+02,4.450809518482650997e-10
1.021406250000000000e+02,4.432366669155841321e-10
1.021562500000000000e+02,4.510412048430547491e-10
1.021718750000000000e+02,4.643299227663603302e-10
1.021875000000000000e+02,4.780478501198647321e-10
1.022031250000000000e+02,4.851313137289504701e-10
1.022187500000000000e+02,4.698575015462174909e-10
1.022343750000000000e+02,4.329058779461087368e-10
1.022500000000000000e+02,4.121685712110721090e-10
1.022656250000000000e+02,4.441406029055066056e-10
1.022812500000000000e+02,5.091488487832701448e-10
1.022968750000000000e+02,5.579932267699142701e-10
1.023125000000000000e+02,5.687937606676343847e-10
1.023281250000000000e+02,5.564323498896093715e-10
1.023437500000000000e+02,5.412897439081008091e-10
1.023593750000000000e+02,5.266623423433238869e-10
1.023750000000000000e+02,5.080814169526018809e-10
1.023906250000000000e+02,4.825692010556592432e-10
1.024062500000000000e+02,4.476461300123637413e-10
1.024218750000000000e+02,4.111243502733967521e-10
1.024375000000000000e+02,3.921019857646768007e-10
1.024531250000000000e+02,3.991999838172878152e-10
1.024687500000000000e+02,4.175989743535793093e-10
1.024843750000000000e+02,4.224123633708144629e-10
1.025000000000000000e+02,4.066503856043300859e-10
1.025156250000000000e+02,3.840507376180394073e-10
1.025312500000000000e+02,3.783806463862495711e-10
1.025468750000000000e+02,3.992153978713567532e-10
1.025625000000000000e+02,4.231629573715799582e-10
1.025781250000000000e+02,4.384419248789233829e-10
1.025937500000000000e+02,4.551019498576570658e-10
1.026093750000000000e+02,4.785130153145965611e-10
1.026250000000000000e+02,5.055363885189157845e-10
1.026406250000000000e+02,5.261114943635706455e-10
1.026562500000000000e+02,5.220638232246197012e-10
1.026718750000000000e+02,4.811735893356121207e-10
1.026875000000000000e+02,4.297322124392563080e-10
1.027031250000000000e+02,4.143696430552298352e-10
1.027187500000000000e+02,4.292258440555465535e-10
1.027343750000000000e+02,4.414146951012163595e-10
1.027500000000000000e+02,4.360502530881504859e-10
1.027656250000000000e+02,4.097084682527354661e-10
1.027812500000000000e+02,3.874250466423284122e-10
1.027968750000000000e+02,3.922240983013649460e-10
1.028125000000000000e+02,4.049727352567416955e-10
1.028281250000000000e+02,4.134959628694333106e-10
1.028437500000000000e+02,4.285394141722598829e-10
1.028593750000000000e+02,4.443420903430924348e-10
1.028750000000000000e+02,4.467013463924330498e-10
1.028906250000000000e+02,4.396910221920104801e-10
1.029062500000000000e+02,4.337628181319799963e-10
1.029218750000000000e+02,4.381656527490839527e-10
1.029375000000000000e+02,4.516368746851594874e-10
1.029531250000000000e+02,4.584239594418752009e-10
1.029687500000000000e+02,4.605414188765034518e-10
1.029843750000000000e+02,4.734697038006762570e-10
1.030000000000000000e+02,4.938072885886252494e-10
1.030156250000000000e+02,5.126867557431095261e-10
1.030312500000000000e+02,5.272035126467915565e-10
1.030468750000000000e+02,5.294095123491111768e-10
1.030625000000000000e+02,5.171485778741676427e-10
1.030781250000000000e+02,4.969273709839205114e-10
1.030937500000000000e+02,4.697201066038022500e-10
1.031093750000000000e+02,4.392349730756960084e-10
1.031250000000000000e+02,4.189176369069158523e-10
1.031406250000000000e+02,4.175890762338612901e-10
1.031562500000000000e+02,4.350388279091695197e-10
1.031718750000000000e+02,4.527651206940852403e-10
1.031875000000000000e+02,4.485275931679612474e-10
1.032031250000000000e+02,4.280172481159053747e-10
1.032187500000000000e+02,4.103727003521243584e-10
1.032343750000000000e+02,3.965302114453911344e-10
1.032500000000000000e+02,3.797479302495762505e-10
1.032656250000000000e+02,3.722490763978325062e-10
1.032812500000000000e+02,3.820906138984258151e-10
1.032968750000000000e+02,3.870964294345882988e-10
1.033125000000000000e+02,3.860150658695941592e-10
1.033281250000000000e+02,4.097478514246845953e-10
1.033437500000000000e+02,4.482820933846271087e-10
1.033593750000000000e+02,4.656959940795016270e-10
1.033750000000000000e+02,4.579723639427690963e-10
1.033906250000000000e+02,4.395718971483628725e-10
1.034062500000000000e+02,4.184024758478154453e-10
1.034218750000000000e+02,3.962681491921618141e-10
1.034375000000000000e+02,3.782693704549236565e-10
1.034531250000000000e+02,3.718438016476128806e-10
1.034687500000000000e+02,3.685655388861081285e-10
1.034843750000000000e+02,3.622593081216516296e-10
1.035000000000000000e+02,3.688056472317284626e-10
1.035156250000000000e+02,3.888467963444870098e-10
1.035312500000000000e+02,4.070155463161568648e-10
1.035468750000000000e+02,4.269420334097891062e-10
1.035625000000000000e+02,4.544306440189125912e-10
1.035781250000000000e+02,4.740547324423596466e-10
1.035937500000000000e+02,4.735588955802534538e-10
1.036093750000000000e+02,4.577905271540940583e-10
1.036250000000000000e+02,4.381680457242692371e-10
1.036406250000000000e+02,4.274742079448156511e-10
1.036562500000000000e+02,4.242360145944516538e-10
1.036718750000000000e+02,4.134620066112042919e-10
1.036875000000000000e+02,3.888298350186243122e-10
1.037031250000000000e+02,3.605501310735239128e-10
1.037187500000000000e+02,3.532403777096370238e-10
1.037343750000000000e+02,3.703180339045498291e-10
1.037500000000000000e+02,3.825801158088862019e-10
1.037656250000000000e+02,3.755274157494424452e-10
1.037812500000000000e+02,3.612307595095091181e-10
1.037968750000000000e+02,3.628985701670049193e-10
1.038125000000000000e+02,3.894924990701114592e-10
1.038281250000000000e+02,4.174889123213275271e-10
1.038437500000000000e+02,4.278867830891797565e-10
1.038593750000000000e+02,4.247785718856841388e-10
1.038750000000000000e+02,4.205518972096724630e-10
1.038906250000000000e+02,4.253625007175214733e-10
1.039062500000000000e+02,4.263644299535390226e-10
1.039218750000000000e+02,4.127983298355075008e-10
1.039375000000000000e+02,4.080359955662495019e-10
1.039531250000000000e+02,4.218639992472329299e-10
1.039687500000000000e+02,4.296531674439692737e-10
1.039843750000000000e+02,4.161918561512934777e-10
1.040000000000000000e+02,3.883530338724153411e-10
1.040156250000000000e+02,3.640293351053837077e-10
1.040312500000000000e+02,3.514188756819111177e-10
1.040468750000000000e+02,3.377079075904894748e-10
1.040625000000000000e+02,3.218365918641612213e-10
1.040781250000000000e+02,3.260386964036783717e-10
1.040937500000000000e+02,3.465597366540028479e-10
1.041093750000000000e+02,3.599255028310121837e-10
1.041250000000000000e+02,3.697109460378749189e-10
1.041406250000000000e+02,3.903571171269330813e-10
1.041562500000000000e+02,4.110327593709997307e-10
1.041718750000000000e+02,4.141104453179139408e-10
1.041875000000000000e+02,4.016798943049651610e-10
1.042031250000000000e+02,3.877452411874535682e-10
1.042187500000000000e+02,3.776681894732163876e-10
1.042343750000000000e+02,3.646375062138602985e-10
1.042500000000000000e+02,3.476381513110147662e-10
1.042656250000000000e+02,3.332790804291921189e-10
1.042812500000000000e+02,3.269867925095738464e-10
1.042968750000000000e+02,3.315331699694131864e-10
1.043125000000000000e+02,3.493637064068153639e-10
1.043281250000000000e+02,3.781954590921992498e-10
1.043437500000000000e+02,4.089710111762588304e-10
1.043593750000000000e+02,4.366823320070028206e-10
1.043750000000000000e+02,4.541510205263001506e-10
1.043906250000000000e+02,4.492095177269460111e-10
1.044062500000000000e+02,4.228791005292209165e-10
1.044218750000000000e+02,3.918203746691671629e-10
1.044375000000000000e+02,3.752254848747654796e-10
1.044531250000000000e+02,3.762092211478364285e-10
1.044687500000000000e+02,3.770241913612306037e-10
1.044843750000000000e+02,3.654434572902634727e-10
1.045000000000000000e+02,3.463289754746055950e-10
1.045156250000000000e+02,3.386536751265703145e-10
1.045312500000000000e+02,3.671103573902850147e-10
1.045468750000000000e+02,4.203702826550036525e-10
1.045625000000000000e+02,4.549119815694631440e-10
1.045781250000000000e+02,4.439145229208768935e-10
1.045937500000000000e+02,3.986849922647044130e-10
1.046093750000000000e+02,3.630980391350853446e-10
1.046250000000000000e+02,3.719374443028022409e-10
1.046406250000000000e+02,4.038405614780072862e-10
1.046562500000000000e+02,4.197287229166497406e-10
1.046718750000000000e+02,4.103003627365235399e-10
1.046875000000000000e+02,3.891153931081451984e-10
1.047031250000000000e+02,3.717344588600990859e-10
1.047187500000000000e+02,3.663378903473796764e-10
1.047343750000000000e+02,3.729852789611033225e-10
1.047500000000000000e+02,3.785758669795382125e-10
1.047656250000000000e+02,3.666317196927437768e-10
1.047812500000000000e+02,3.412325597772966630e-10
1.047968750000000000e+02,3.245784806593616219e-10
1.048125000000000000e+02,3.341768412787111228e-10
1.048281250000000000e+02,3.640636442947341629e-10
1.048437500000000000e+02,3.877978590652461774e-10
1.048593750000000000e+02,3.881115081144568094e-10
1.048750000000000000e+02,3.771289473490056083e-10
1.048906250000000000e+02,3.815783982316881277e-10
1.049062500000000000e+02,4.082531162497923904e-10
1.049218750000000000e+02,4.363728851363937006e-10
1.049375000000000000e+02,4.449836418026122362e-10
1.049531250000000000e+02,4.297823455263308792e-10
1.049687500000000000e+02,4.004018986445016309e-10
1.049843750000000000e+02,3.776825888016057416e-10
1.050000000000000000e+02,3.744757954380767828e-10
1.050156250000000000e+02,3.807476115744896542e-10
1.050312500000000000e+02,3.847683681612908049e-10
1.050468750000000000e+02,3.845962659440550334e-10
1.050625000000000000e+02,3.825380460637449430e-10
1.050781250000000000e+02,3.728141358326014815e-10
1.050937500000000000e+02,3.528624864322488229e-10
1.051093750000000000e+02,3.412790891898718850e-10
1.051250000000000000e+02,3.527287058795543820e-10
1.051406250000000000e+02,3.779179731577368918e-10
1.051562500000000000e+02,4.043328735190779991e-10
1.051718750000000000e+02,4.266258407396640059e-10
1.051875000000000000e+02,4.420480470142856207e-10
1.052031250000000000e+02,4.466590155663873082e-10
1.052187500000000000e+02,4.402258693990293955e-10
1.052343750000000000e+02,4.379110331896267724e-10
1.052500000000000000e+02,4.456908125667783829e-10
1.052656250000000000e+02,4.413813227017397123e-10
1.052812500000000000e+02,4.137235327333334474e-10
1.052968750000000000e+02,3.831427481452328994e-10
1.053125000000000000e+02,3.746587399581278571e-10
1.053281250000000000e+02,3.842863099133574589e-10
1.053437500000000000e+02,3.906965482421748600e-10
1.053593750000000000e+02,3.871678148551824961e-10
1.053750000000000000e+02,3.780629376374648974e-10
1.053906250000000000e+02,3.673233962282022257e-10
1.054062500000000000e+02,3.555703647358680638e-10
1.054218750000000000e+02,3.423953256780600953e-10
1.054375000000000000e+02,3.345586369447479937e-10
1.054531250000000000e+02,3.325068925626965004e-10
1.054687500000000000e+02,3.264151465742644776e-10
1.054843750000000000e+02,3.175124945863660825e-10
1.055000000000000000e+02,3.136599581102046211e-10
1.055156250000000000e+02,3.223149882709423958e-10
1.055312500000000000e+02,3.450329648452357696e-10
1.055468750000000000e+02,3.659286025151434292e-10
1.055625000000000000e+02,3.684128225280344256e-10
1.055781250000000000e+02,3.600021269316010984e-10
1.055937500000000000e+02,3.573794845197354122e-10
1.056093750000000000e+02,3.633854246289293238e-10
1.056250000000000000e+02,3.771722179036472386e-10
1.056406250000000000e+02,3.901033730583678586e-10
1.056562500000000000e+02,3.864364145778430661e-10
1.056718750000000000e+02,3.674853283888937758e-10
1.056875000000000000e+02,3.489290333444836649e-10
1.057031250000000000e+02,3.340891060425003016e-10
1.057187500000000000e+02,3.155287473013173164e-10
1.057343750000000000e+02,3.006015379509070087e-10
1.057500000000000000e+02,2.996251386738107818e-10
1.057656250000000000e+02,3.085152030966902158e-10
1.057812500000000000e+02,3.232682537195597152e-10
1.057968750000000000e+02,3.391992910712977085e-10
1.058125000000000000e+02,3.517208883154434107e-10
1.058281250000000000e+02,3.610014792458549591e-10
1.058437500000000000e+02,3.653046593734142497e-10
1.058593750000000000e+02,3.657424754914232286e-10
1.058750000000000000e+02,3.662807034193817074e-10
1.058906250000000000e+02,3.670555617778442910e-10
1.059062500000000000e+02,3.643833922955171816e-10
1.059218750000000000e+02,3.558066334362223800e-10
1.059375000000000000e+02,3.519257590280157617e-10
1.059531250000000000e+02,3.647679704897115783e-10
1.059687500000000000e+02,3.873683192673251233e-10
1.059843750000000000e+02,4.036756681131367000e-10
1.060000000000000000e+02,4.019114859347248544e-10
1.060156250000000000e+02,3.796860588214364591e-10
1.060312500000000000e+02,3.510793301235458919e-10
1.060468750000000000e+02,3.402985656940791571e-10
1.060625000000000000e+02,3.490017660853335369e-10
1.060781250000000000e+02,3.590530905171208299e-10
1.060937500000000000e+02,3.644412287478040461e-10
1.061093750000000000e+02,3.671253185356728087e-10
1.061250000000000000e+02,3.671956444822537693e-10
1.061406250000000000e+02,3.618477082963231255e-10
1.061562500000000000e+02,3.508682082767038560e-10
1.061718750000000000e+02,3.442956572501211771e-10
1.061875000000000000e+02,3.469164465615030787e-10
1.062031250000000000e+02,3.520408266582985124e-10
1.062187500000000000e+02,3.546130939517349610e-10
1.062343750000000000e+02,3.517486901828930521e-10
1.062500000000000000e+02,3.483280581137902003e-10
1.062656250000000000e+02,3.495430146673333977e-10
1.062812500000000000e+02,3.479399763945725209e-10
1.062968750000000000e+02,3.409811460177217992e-10
1.063125000000000000e+02,3.419303761769246138e-10
1.063281250000000000e+02,3.568769110013506244e-10
1.063437500000000000e+02,3.674135504386713224e-10
1.063593750000000000e+02,3.596898694841216410e-10
1.063750000000000000e+02,3.443246418483439157e-10
1.063906250000000000e+02,3.339598854369008838e-10
1.064062500000000000e+02,3.268174670844252913e-10
1.064218750000000000e+02,3.185655331486647687e-10
1.064375000000000000e+02,3.032763777291362720e-10
1.064531250000000000e+02,2.782340935341146922e-10
1.064687500000000000e+02,2.689729663143010991e-10
1.064843750000000000e+02,3.024736161430622411e-10
1.065000000000000000e+02,3.486537734294798831e-10
1.065156250000000000e+02,3.650859713570691683e-10
1.065312500000000000e+02,3.422023434215623954e-10
1.065468750000000000e+02,3.059795997499995375e-10
1.065625000000000000e+02,2.917566180635408951e-10
1.065781250000000000e+02,2.987094845871959047e-10
1.065937500000000000e+02,3.044012760236460856e-10
1.066093750000000000e+02,3.021114301143082076e-10
1.066250000000000000e+02,2.997278864721216480e-10
1.066406250000000000e+02,3.026475323071179250e-10
1.066562500000000000e+02,3.060474934942193870e-10
1.066718750000000000e+02,3.103211991385440623e-10
1.066875000000000000e+02,3.217242310483781957e-10
1.067031250000000000e+02,3.343557697559641388e-10
1.067187500000000000e+02,3.332757058570735310e-10
1.067343750000000000e+02,3.228274537012310501e-10
1.067500000000000000e+02,3.278703516142799134e-10
1.067656250000000000e+02,3.475187303580502296e-10
1.067812500000000000e+02,3.555719426418418940e-10
1.067968750000000000e+02,3.443862410208337658e-10
1.068125000000000000e+02,3.325768930451836939e-10
1.068281250000000000e+02,3.392341609162875569e-10
1.068437500000000000e+02,3.554050829027306449e-10
1.068593750000000000e+02,3.668000028236218268e-10
1.068750000000000000e+02,3.740221649871379043e-10
1.068906250000000000e+02,3.732946449859851020e-10
1.069062500000000000e+02,3.631255281838368788e-10
1.069218750000000000e+02,3.499785510393243860e-10
1.069375000000000000e+02,3.294989500622931375e-10
1.069531250000000000e+02,3.076174911575117313e-10
1.069687500000000000e+02,3.011875687044361741e-10
1.069843750000000000e+02,3.030151485280015033e-10
1.070000000000000000e+02,3.034776699227384689e-10
1.070156250000000000e+02,3.052895556802404245e-10
1.070312500000000000e+02,3.037965954643459594e-10
1.070468750000000000e+02,2.941806427341620407e-10
1.070625000000000000e+02,2.920036851680446892e-10
1.070781250000000000e+02,3.053561628528453520e-10
1.070937500000000000e+02,3.167660616398460235e-10
1.071093750000000000e+02,3.284012398503544612e-10
1.071250000000000000e+02,3.568912532354359338e-10
1.071406250000000000e+02,3.893574039119090008e-10
1.071562500000000000e+02,4.003737649402070474e-10
1.071718750000000000e+02,3.813364904445242000e-10
1.071875000000000000e+02,3.449562017280728863e-10
1.072031250000000000e+02,3.218422664525480830e-10
1.072187500000000000e+02,3.238373499269894445e-10
1.072343750000000000e+02,3.279538250492870594e-10
1.072500000000000000e+02,3.208528468096305643e-10
1.072656250000000000e+02,3.036823839829663461e-10
1.072812500000000000e+02,2.790712498924639192e-10
1.072968750000000000e+02,2.629464909748099505e-10
1.073125000000000000e+02,2.705021737139956060e-10
1.073281250000000000e+02,2.922706196138578068e-10
1.073437500000000000e+02,3.108057545960320234e-10
1.073593750000000000e+02,3.145177202072074434e-10
1.073750000000000000e+02,3.099983674700497870e-10
1.073906250000000000e+02,3.215269006642035630e-10
1.074062500000000000e+02,3.529256115270043899e-10
1.074218750000000000e+02,3.790543344655764687e-10
1.074375000000000000e+02,3.827601616962110520e-10
1.074531250000000000e+02,3.659517570802289843e-10
1.074687500000000000e+02,3.455290686656990851e-10
1.074843750000000000e+02,3.446519040350306408e-10
1.075000000000000000e+02,3.579993707007024636e-10
1.075156250000000000e+02,3.613142039528349766e-10
1.075312500000000000e+02,3.540275981666854631e-10
1.075468750000000000e+02,3.511680622809512423e-10
1.075625000000000000e+02,3.499847719990596552e-10
1.075781250000000000e+02,3.401304620323856859e-10
1.075937500000000000e+02,3.258401814758951564e-10
1.076093750000000000e+02,3.159550539052843704e-10
1.076250000000000000e+02,3.170544684269404591e-10
1.076406250000000000e+02,3.271503646228718409e-10
1.076562500000000000e+02,3.312046605774439604e-10
1.076718750000000000e+02,3.211381962307191886e-10
1.076875000000000000e+02,3.086218227341543764e-10
1.077031250000000000e+02,3.170540780542977333e-10
1.077187500000000000e+02,3.463376799830549674e-10
1.077343750000000000e+02,3.644430104445392201e-10
1.077500000000000000e+02,3.531576749995050686e-10
1.077656250000000000e+02,3.277493069069194592e-10
1.077812500000000000e+02,3.117755277130921833e-10
1.077968750000000000e+02,3.085922725851069144e-10
1.078125000000000000e+02,3.094468847610921767e-10
1.078281250000000000e+02,3.110225275839950901e-10
1.078437500000000000e+02,3.095632458424691794e-10
1.078593750000000000e+02,3.045496620457263082e-10
1.078750000000000000e+02,3.070326411669393597e-10
1.078906250000000000e+02,3.170628869478706716e-10
1.079062500000000000e+02,3.227515222809003351e-10
1.079218750000000000e+02,3.242739882360176962e-10
1.079375000000000000e+02,3.255575507340031165e-10
1.079531250000000000e+02,3.279512441159173266e-10
1.079687500000000000e+02,3.391628108641398712e-10
1.079843750000000000e+02,3.598936933891259388e-10
1.080000000000000000e+02,3.708839251402488093e-10
1.080156250000000000e+02,3.546169389715678212e-10
1.080312500000000000e+02,3.157113055884886625e-10
1.080468750000000000e+02,2.763599149816814637e-10
1.080625000000000000e+02,2.658413086469425990e-10
1.080781250000000000e+02,2.962787303678579334e-10
1.080937500000000000e+02,3.398967893044679790e-10
1.081093750000000000e+02,3.634541205553914192e-10
1.081250000000000000e+02,3.568906217450926670e-10
1.081406250000000000e+02,3.358660493243748315e-10
1.081562500000000000e+02,3.219211959103742089e-10
1.081718750000000000e+02,3.150746916103295580e-10
1.081875000000000000e+02,3.095487388673291306e-10
1.082031250000000000e+02,3.054535246932604408e-10
1.082187500000000000e+02,2.971433184454228886e-10
1.082343750000000000e+02,2.877905084631861476e-10
1.082500000000000000e+02,2.893834039588340778e-10
1.082656250000000000e+02,2.978038287487546959e-10
1.082812500000000000e+02,3.014134679286007758e-10
1.082968750000000000e+02,3.081092891855887556e-10
1.083125000000000000e+02,3.306317279442313689e-10
1.083281250000000000e+02,3.502001336843883871e-10
1.083437500000000000e+02,3.418224322058350779e-10
1.083593750000000000e+02,3.138648717056731733e-10
1.083750000000000000e+02,3.003877365829032380e-10
1.083906250000000000e+02,3.120005295767860588e-10
1.084062500000000000e+02,3.215830654762046681e-10
1.084218750000000000e+02,3.154294673145253458e-10
1.084375000000000000e+02,3.083532335217026820e-10
1.084531250000000000e+02,3.108934675808772615e-10
1.084687500000000000e+02,3.154411796755744722e-10
1.084843750000000000e+02,3.154342511153915094e-10
1.085000000000000000e+02,3.169807504513982056e-10
1.085156250000000000e+02,3.211744259588293048e-10
1.085312500000000000e+02,3.162582540127125144e-10
1.085468750000000000e+02,3.064598073416914500e-10
1.085625000000000000e+02,3.081756956599294671e-10
1.085781250000000000e+02,3.151716340031434499e-10
1.085937500000000000e+02,3.085959580435499790e-10
1.086093750000000000e+02,2.905936135141010353e-10
1.086250000000000000e+02,2.833751668869417455e-10
1.086406250000000000e+02,2.906033022166328281e-10
1.086562500000000000e+02,2.971053108241335530e-10
1.086718750000000000e+02,3.027109755037052054e-10
1.086875000000000000e+02,3.111356260668917887e-10
1.087031250000000000e+02,3.150512469222855183e-10
1.087187500000000000e+02,3.126562948903817890e-10
1.087343750000000000e+02,3.056976149507134397e-10
1.087500000000000000e+02,2.892594912527113689e-10
1.087656250000000000e+02,2.688578103349671560e-10
1.087812500000000000e+02,2.597938673079517729e-10
1.087968750000000000e+02,2.653310358279004271e-10
1.088125000000000000e+02,2.737299770841531945e-10
1.088281250000000000e+02,2.775951165563192882e-10
1.088437500000000000e+02,2.870049172928309897e-10
1.088593750000000000e+02,3.001689053846425427e-10
1.088750000000000000e+02,2.983868588832058385e-10
1.088906250000000000e+02,2.787340008669464533e-10
1.089062500000000000e+02,2.551999773671511858e-10
1.089218750000000000e+02,2.467089918868682202e-10
1.089375000000000000e+02,2.659558665896457831e-10
1.089531250000000000e+02,2.949900808826459434e-10
1.089687500000000000e+02,3.081743834776571870e-10
1.089843750000000000e+02,3.091731806231301779e-10
1.090000000000000000e+02,3.142174314995689052e-10
1.090156250000000000e+02,3.203461251504735527e-10
1.090312500000000000e+02,3.182993531170785850e-10
1.090468750000000000e+02,3.186083427778098060e-10
1.090625000000000000e+02,3.335035727464628864e-10
1.090781250000000000e+02,3.505424775037111304e-10
1.090937500000000000e+02,3.540809926888712426e-10
1.091093750000000000e+02,3.417934408037148283e-10
1.091250000000000000e+02,3.211379089242806527e-10
1.091406250000000000e+02,3.028537693300353363e-10
1.091562500000000000e+02,2.971162356176283971e-10
1.091718750000000000e+02,3.024240912775994264e-10
1.091875000000000000e+02,3.010735232465232148e-10
1.092031250000000000e+02,2.832142210905944983e-10
1.092187500000000000e+02,2.640565661469069784e-10
1.092343750000000000e+02,2.658251517318378109e-10
1.092500000000000000e+02,2.798843481195815945e-10
1.092656250000000000e+02,2.889891406572782283e-10
1.092812500000000000e+02,3.009346512433989725e-10
1.092968750000000000e+02,3.215224354744093635e-10
1.093125000000000000e+02,3.355170604754105066e-10
1.093281250000000000e+02,3.309091531473512853e-10
1.093437500000000000e+02,3.088400938364757044e-10
1.093593750000000000e+02,2.806200510785276868e-10
1.093750000000000000e+02,2.677532492895113930e-10
1.093906250000000000e+02,2.774943485467487998e-10
1.094062500000000000e+02,2.879117837135437737e-10
1.094218750000000000e+02,2.845752294691254225e-10
1.094375000000000000e+02,2.759572300597979850e-10
1.094531250000000000e+02,2.725960595772328433e-10
1.094687500000000000e+02,2.741450230228585748e-10
1.094843750000000000e+02,2.808283883687447364e-10
1.095000000000000000e+02,2.927632225435154530e-10
1.095156250000000000e+02,3.034830689176222746e-10
1.095312500000000000e+02,3.147099342372795169e-10
1.095468750000000000e+02,3.279757837553659711e-10
1.095625000000000000e+02,3.327980929775004626e-10
1.095781250000000000e+02,3.250428305970984009e-10
1.095937500000000000e+02,3.095747924289849362e-10
1.096093750000000000e+02,2.901599159418390566e-10
1.096250000000000000e+02,2.738342822122724873e-10
1.096406250000000000e+02,2.644651944005927884e-10
1.096562500000000000e+02,2.517537818145329319e-10
1.096718750000000000e+02,2.325486357430922568e-10
1.096875000000000000e+02,2.316006219302853640e-10
1.097031250000000000e+02,2.626511835370031044e-10
1.097187500000000000e+02,2.944654424658497269e-10
1.097343750000000000e+02,3.071639253613877259e-10
1.097500000000000000e+02,3.132120956930726352e-10
1.097656250000000000e+02,3.210049165593594834e-10
1.097812500000000000e+02,3.186661374498651062e-10
1.097968750000000000e+02,2.996937548154376562e-10
1.098125000000000000e+02,2.763622878466884246e-10
1.098281250000000000e+02,2.582262962377921735e-10
1.098437500000000000e+02,2.405238674363894749e-10
1.098593750000000000e+02,2.305908907424993790e-10
1.098750000000000000e+02,2.402371968361531949e-10
1.098906250000000000e+02,2.554100170810431790e-10
1.099062500000000000e+02,2.597167323798176686e-10
1.099218750000000000e+02,2.552221010783642120e-10
1.099375000000000000e+02,2.497219675640380675e-10
1.099531250000000000e+02,2.444542612183885198e-10
1.099687500000000000e+02,2.423669939081893325e-10
1.099843750000000000e+02,2.508768582081897274e-10
1.100000000000000000e+02,2.634507457186588742e-10
1.100156250000000000e+02,2.656979782307931426e-10
1.100312500000000000e+02,2.640406593209009439e-10
1.100468750000000000e+02,2.760357030129885113e-10
1.100625000000000000e+02,2.932062917227747279e-10
1.100781250000000000e+02,2.926379870630835770e-10
1.100937500000000000e+02,2.687916536334472109e-10
1.101093750000000000e+02,2.410527315334859132e-10
1.101250000000000000e+02,2.386070657132670591e-10
1.101406250000000000e+02,2.624209079921288507e-10
1.101562500000000000e+02,2.889610489152147961e-10
1.101718750000000000e+02,3.072123490512704609e-10
1.101875000000000000e+02,3.154264034837848930e-10
1.102031250000000000e+02,3.093592139094734866e-10
1.102187500000000000e+02,2.906337490411719019e-10
1.102343750000000000e+02,2.695499237056548590e-10
1.102500000000000000e+02,2.543536064612701148e-10
1.102656250000000000e+02,2.482714968976038717e-10
1.102812500000000000e+02,2.497873766196016104e-10
1.102968750000000000e+02,2.517337693753638254e-10
1.103125000000000000e+02,2.477558851997745114e-10
1.103281250000000000e+02,2.420164907632994552e-10
1.103437500000000000e+02,2.414707181108144480e-10
1.103593750000000000e+02,2.428256955164180389e-10
1.103750000000000000e+02,2.428619351186333268e-10
1.103906250000000000e+02,2.442449502453758933e-10
1.104062500000000000e+02,2.449753304475018639e-10
1.104218750000000000e+02,2.419499030366119745e-10
1.104375000000000000e+02,2.382942556508689189e-10
1.104531250000000000e+02,2.324144256143068875e-10
1.104687500000000000e+02,2.205963368521139534e-10
1.104843750000000000e+02,2.123538540650795565e-10
1.105000000000000000e+02,2.166323987356502155e-10
1.105156250000000000e+02,2.324178354162720075e-10
1.105312500000000000e+02,2.571471052768140416e-10
1.105468750000000000e+02,2.778976189992600289e-10
1.105625000000000000e+02,2.798114067343436881e-10
1.105781250000000000e+02,2.686183805074501486e-10
1.105937500000000000e+02,2.624016020502026518e-10
1.106093750000000000e+02,2.635494906140917395e-10
1.106250000000000000e+02,2.688310785848784788e-10
1.106406250000000000e+02,2.853728641941710503e-10
1.106562500000000000e+02,3.084774183881503663e-10
1.106718750000000000e+02,3.198580498320224876e-10
1.106875000000000000e+02,3.103434610223355170e-10
1.107031250000000000e+02,2.875037175209561099e-10
1.107187500000000000e+02,2.698489738266915411e-10
1.107343750000000000e+02,2.671650385219750695e-10
1.107500000000000000e+02,2.681000569951950217e-10
1.107656250000000000e+02,2.585788970717511749e-10
1.107812500000000000e+02,2.389666031564464659e-10
1.107968750000000000e+02,2.227813192326444673e-10
1.108125000000000000e+02,2.244899380076645730e-10
1.108281250000000000e+02,2.479237736154889981e-10
1.108437500000000000e+02,2.789955643456995781e-10
1.108593750000000000e+02,2.976768444484586707e-10
1.108750000000000000e+02,2.968228179423718523e-10
1.108906250000000000e+02,2.840602779745774486e-10
1.109062500000000000e+02,2.723924245630620814e-10
1.109218750000000000e+02,2.703144650677686915e-10
1.109375000000000000e+02,2.706861504779922479e-10
1.109531250000000000e+02,2.614901734919069488e-10
1.109687500000000000e+02,2.519665069205854299e-10
1.109843750000000000e+02,2.550795481708745091e-10
1.110000000000000000e+02,2.604894124802994694e-10
1.110156250000000000e+02,2.605225926559523057e-10
1.110312500000000000e+02,2.663176159850485921e-10
1.110468750000000000e+02,2.807638182066414417e-10
1.110625000000000000e+02,2.869481729459472887e-10
1.110781250000000000e+02,2.748902980196868705e-10
1.110937500000000000e+02,2.513374356349531769e-10
1.111093750000000000e+02,2.289034247662915810e-10
1.111250000000000000e+02,2.207742296334945490e-10
1.111406250000000000e+02,2.304726974372697531e-10
1.111562500000000000e+02,2.408518726971125573e-10
1.111718750000000000e+02,2.330368210219892500e-10
1.111875000000000000e+02,2.125536469868517548e-10
1.112031250000000000e+02,2.017869168950483895e-10
1.112187500000000000e+02,2.070652119818248167e-10
1.112343750000000000e+02,2.209902302775867898e-10
1.112500000000000000e+02,2.344864446547098603e-10
1.112656250000000000e+02,2.390177416665975848e-10
1.112812500000000000e+02,2.372690943295790053e-10
1.112968750000000000e+02,2.353203496007824511e-10
1.113125000000000000e+02,2.304536050200321656e-10
1.113281250000000000e+02,2.188624081286864798e-10
1.113437500000000000e+02,2.063070535345647548e-10
1.113593750000000000e+02,2.017080885049331749e-10
1.113750000000000000e+02,2.083951295931857945e-10
1.113906250000000000e+02,2.208875725431626110e-10
1.114062500000000000e+02,2.253173499671668094e-10
1.114218750000000000e+02,2.192884056356215089e-10
1.114375000000000000e+02,2.193785424142576289e-10
1.114531250000000000e+02,2.289164921750154561e-10
1.114687500000000000e+02,2.269764074448959143e-10
1.114843750000000000e+02,2.068025344273063066e-10
1.115000000000000000e+02,1.888138251536806935e-10
1.115156250000000000e+02,1.881107725344156124e-10
1.115312500000000000e+02,1.991327517504204293e-10
1.115468750000000000e+02,2.189550413890254584e-10
1.115625000000000000e+02,2.433763546392710197e-10
1.115781250000000000e+02,2.594248576244329317e-10
1.115937500000000000e+02,2.597275322552617732e-10
1.116093750000000000e+02,2.522265063940717425e-10
1.116250000000000000e+02,2.492653524131219809e-10
1.116406250000000000e+02,2.514556462234447064e-10
1.116562500000000000e+02,2.553026189183613896e-10
1.116718750000000000e+02,2.613137646236174885e-10
1.116875000000000000e+02,2.655446446485882991e-10
1.117031250000000000e+02,2.598489446974006766e-10
1.117187500000000000e+02,2.402485617765684428e-10
1.117343750000000000e+02,2.170628262768914084e-10
1.117500000000000000e+02,2.075997179319289724e-10
1.117656250000000000e+02,2.134821155095842887e-10
1.117812500000000000e+02,2.279391766887458166e-10
1.117968750000000000e+02,2.430861937633175682e-10
1.118125000000000000e+02,2.471424709607271421e-10
1.118281250000000000e+02,2.396171331632294257e-10
1.118437500000000000e+02,2.357122500539842877e-10
1.118593750000000000e+02,2.443254746236368827e-10
1.118750000000000000e+02,2.519546298683590559e-10
1.118906250000000000e+02,2.442662702561021024e-10
1.119062500000000000e+02,2.278609593156825399e-10
1.119218750000000000e+02,2.182899236075152955e-10
1.119375000000000000e+02,2.171157166551269977e-10
1.119531250000000000e+02,2.204189555867840881e-10
1.119687500000000000e+02,2.316811915821743591e-10
1.119843750000000000e+02,2.513847495160691277e-10
1.120000000000000000e+02,2.718678568097293413e-10
1.120156250000000000e+02,2.852745276005125713e-10
1.120312500000000000e+02,2.860573591132584736e-10
1.120468750000000000e+02,2.732023157027006540e-10
1.120625000000000000e+02,2.532526782508728026e-10
1.120781250000000000e+02,2.331129885613004938e-10
1.120937500000000000e+02,2.147616787600076946e-10
1.121093750000000000e+02,2.049842187189487255e-10
1.121250000000000000e+02,2.101525304889550867e-10
1.121406250000000000e+02,2.168850783275699872e-10
1.121562500000000000e+02,2.063485391845552716e-10
1.121718750000000000e+02,1.850295438051901526e-10
1.121875000000000000e+02,1.831556977102568832e-10
1.122031250000000000e+02,2.059572317644819925e-10
1.122187500000000000e+02,2.292944822262300263e-10
1.122343750000000000e+02,2.421080479818990286e-10
1.122500000000000000e+02,2.497750057228095683e-10
1.122656250000000000e+02,2.552651663856008947e-10
1.122812500000000000e+02,2.533551976024847840e-10
1.122968750000000000e+02,2.423072725534192339e-10
1.123125000000000000e+02,2.311547756073754802e-10
1.123281250000000000e+02,2.312306062203135204e-10
1.123437500000000000e+02,2.398827583247199394e-10
1.123593750000000000e+02,2.467680931490122663e-10
1.123750000000000000e+02,2.478184754196891691e-10
1.123906250000000000e+02,2.417792318925696468e-10
1.124062500000000000e+02,2.328448797594854691e-10
1.124218750000000000e+02,2.321909606989034206e-10
1.124375000000000000e+02,2.353024423555686580e-10
1.124531250000000000e+02,2.273832920807539545e-10
1.124687500000000000e+02,2.140806912166265474e-10
1.124843750000000000e+02,2.120181593543018632e-10
1.125000000000000000e+02,2.203142282947572269e-10
1.125156250000000000e+02,2.265069290841321583e-10
1.125312500000000000e+02,2.216007284002769081e-10
1.125468750000000000e+02,2.076792495671890346e-10
1.125625000000000000e+02,1.998576757122415697e-10
1.125781250000000000e+02,2.074855430599338283e-10
1.125937500000000000e+02,2.231201536488123018e-10
1.126093750000000000e+02,2.380759644283354113e-10
1.126250000000000000e+02,2.492137977396103091e-10
1.126406250000000000e+02,2.551490644263625646e-10
1.126562500000000000e+02,2.547201750031035085e-10
1.126718750000000000e+02,2.494534412570551298e-10
1.126875000000000000e+02,2.416336464503877151e-10
1.127031250000000000e+02,2.339461852191609010e-10
1.127187500000000000e+02,2.326830134128869368e-10
1.127343750000000000e+02,2.379946323743719242e-10
1.127500000000000000e+02,2.395569062050429861e-10
1.127656250000000000e+02,2.337536213416328667e-10
1.127812500000000000e+02,2.281767879591104602e-10
1.127968750000000000e+02,2.272670805004278322e-10
1.128125000000000000e+02,2.243443032151788162e-10
1.128281250000000000e+02,2.169439925629782783e-10
1.128437500000000000e+02,2.116173735727236655e-10
1.128593750000000000e+02,2.043284045048324023e-10
1.128750000000000000e+02,1.955150031103818807e-10
1.128906250000000000e+02,1.976187731225889885e-10
1.129062500000000000e+02,2.026198441309385625e-10
1.129218750000000000e+02,2.001139807497584632e-10
1.129375000000000000e+02,1.938151160684625153e-10
1.129531250000000000e+02,1.852646384961241039e-10
1.129687500000000000e+02,1.756272405562763269e-10
1.129843750000000000e+02,1.742081676731889413e-10
1.130000000000000000e+02,1.879817037372804142e-10
1.130156250000000000e+02,2.000278539024970886e-10
1.130312500000000000e+02,1.971065895429461227e-10
1.130468750000000000e+02,1.979260197449878540e-10
1.130625000000000000e+02,2.164139376753685135e-10
1.130781250000000000e+02,2.353517119657458561e-10
1.130937500000000000e+02,2.436095382899978171e-10
1.131093750000000000e+02,2.442963536788601822e-10
1.131250000000000000e+02,2.440195685441195722e-10
1.131406250000000000e+02,2.472664636398281812e-10
1.131562500000000000e+02,2.495415154125117927e-10
1.131718750000000000e+02,2.474313183413200438e-10
1.131875000000000000e+02,2.458841496751176410e-10
1.132031250000000000e+02,2.457459111827515228e-10
1.132187500000000000e+02,2.385781558045550705e-10
1.132343750000000000e+02,2.230398366917012449e-10
1.132500000000000000e+02,2.151067475766984941e-10
1.132656250000000000e+02,2.203340664316244315e-10
1.132812500000000000e+02,2.218324950710668577e-10
1.132968750000000000e+02,2.154795124741607792e-10
1.133125000000000000e+02,2.137333065172451654e-10
1.133281250000000000e+02,2.193433736482150116e-10
1.133437500000000000e+02,2.226754544259341672e-10
1.133593750000000000e+02,2.172360162156657524e-10
1.133750000000000000e+02,2.032219578302827814e-10
1.133906250000000000e+02,1.860800833871273976e-10
1.134062500000000000e+02,1.796168683669476052e-10
1.134218750000000000e+02,1.897872405758547673e-10
1.134375000000000000e+02,2.062721575405934980e-10
1.134531250000000000e+02,2.223615330246839173e-10
1.134687500000000000e+02,2.298887013314510003e-10
1.134843750000000000e+02,2.255650730705203481e-10
1.135000000000000000e+02,2.226449045874868645e-10
1.135156250000000000e+02,2.273490657881056007e-10
1.135312500000000000e+02,2.286219659332527207e-10
1.135468750000000000e+02,2.246748430846476366e-10
1.135625000000000000e+02,2.254138840937747711e-10
1.135781250000000000e+02,2.299475822868369021e-10
1.135937500000000000e+02,2.274444943866772756e-10
1.136093750000000000e+02,2.132525615860213124e-10
1.136250000000000000e+02,1.958294583033580154e-10
1.136406250000000000e+02,1.903522731002284998e-10
1.136562500000000000e+02,1.962763199573281189e-10
1.136718750000000000e+02,1.986216407700748272e-10
1.136875000000000000e+02,1.951925413477329906e-10
1.137031250000000000e+02,1.982705647711036283e-10
1.137187500000000000e+02,2.113594009559620069e-10
1.137343750000000000e+02,2.240938877443609890e-10
1.137500000000000000e+02,2.295204415954274190e-10
1.137656250000000000e+02,2.269600261050982206e-10
1.137812500000000000e+02,2.179655871931709100e-10
1.137968750000000000e+02,2.086305440734933027e-10
1.138125000000000000e+02,2.041569077915639479e-10
1.138281250000000000e+02,2.021531694264415992e-10
1.138437500000000000e+02,2.022860138573322240e-10
1.138593750000000000e+02,2.103969916466162290e-10
1.138750000000000000e+02,2.237144759207825876e-10
1.138906250000000000e+02,2.302213708801021904e-10
1.139062500000000000e+02,2.267100254194822554e-10
1.139218750000000000e+02,2.197768553688624176e-10
1.139375000000000000e+02,2.147531732013708625e-10
1.139531250000000000e+02,2.116555077720830363e-10
1.139687500000000000e+02,2.095749563386685753e-10
1.139843750000000000e+02,2.156648458867299202e-10
1.140000000000000000e+02,2.314505852258132838e-10
1.140156250000000000e+02,2.407899688686722350e-10
1.140312500000000000e+02,2.348772393836088703e-10
1.140468750000000000e+02,2.245240984349736660e-10
1.140625000000000000e+02,2.233520298350407005e-10
1.140781250000000000e+02,2.320381641694478523e-10
1.140937500000000000e+02,2.391966709490743245e-10
1.141093750000000000e+02,2.317539117311513445e-10
1.141250000000000000e+02,2.122017990741013590e-10
1.141406250000000000e+02,1.996007706364534229e-10
1.141562500000000000e+02,2.016902374379936124e-10
1.141718750000000000e+02,2.063261652020532913e-10
1.141875000000000000e+02,2.073299091043558545e-10
1.142031250000000000e+02,2.107341873853344618e-10
1.142187500000000000e+02,2.154473324811403059e-10
1.142343750000000000e+02,2.125792621477272242e-10
1.142500000000000000e+02,2.020349059232740100e-10
1.142656250000000000e+02,1.929362453987416698e-10
1.142812500000000000e+02,1.968206711886513647e-10
1.142968750000000000e+02,2.152041680273942245e-10
1.143125000000000000e+02,2.334763054369630028e-10
1.143281250000000000e+02,2.389627256224386355e-10
1.143437500000000000e+02,2.342974325617497006e-10
1.143593750000000000e+02,2.305975331330266446e-10
1.143750000000000000e+02,2.323013931508789696e-10
1.143906250000000000e+02,2.319343871195327166e-10
1.144062500000000000e+02,2.216251255217254418e-10
1.144218750000000000e+02,2.056238776097452465e-10
1.144375000000000000e+02,1.962130489681072333e-10
1.144531250000000000e+02,1.951590268672920686e-10
1.144687500000000000e+02,1.945975693892418485e-10
1.144843750000000000e+02,1.923062808911556440e-10
1.145000000000000000e+02,1.876499338531798811e-10
1.145156250000000000e+02,1.816004984250519938e-10
1.145312500000000000e+02,1.789780133237360758e-10
1.145468750000000000e+02,1.781284465504654115e-10
1.145625000000000000e+02,1.828381833983527121e-10
1.145781250000000000e+02,2.006388923345017567e-10
1.145937500000000000e+02,2.194986686425547769e-10
1.146093750000000000e+02,2.267729458972886379e-10
1.146250000000000000e+02,2.262125490698154699e-10
1.146406250000000000e+02,2.218308932696973175e-10
1.146562500000000000e+02,2.120571504114001245e-10
1.146718750000000000e+02,2.024458632791664830e-10
1.146875000000000000e+02,2.019269875764269038e-10
1.147031250000000000e+02,2.089398860072903336e-10
1.147187500000000000e+02,2.121122663183312638e-10
1.147343750000000000e+02,2.034672952573912502e-10
1.147500000000000000e+02,1.871740200727436644e-10
1.147656250000000000e+02,1.789541469031398478e-10
1.147812500000000000e+02,1.918031506182696561e-10
1.147968750000000000e+02,2.166861156671374911e-10
1.148125000000000000e+02,2.367819895025830623e-10
1.148281250000000000e+02,2.444874808533683686e-10
1.148437500000000000e+02,2.383263135497345967e-10
1.148593750000000000e+02,2.231233934303070980e-10
1.148750000000000000e+02,2.082113232014271827e-10
1.148906250000000000e+02,1.976729182757687218e-10
1.149062500000000000e+02,1.927213474893992801e-10
1.149218750000000000e+02,1.939027105781975658e-10
1.149375000000000000e+02,1.951032900726581002e-10
1.149531250000000000e+02,1.934691761781282472e-10
1.149687500000000000e+02,1.910635482689420243e-10
1.149843750000000000e+02,1.878810676464544478e-10
1.150000000000000000e+02,1.877351769683761005e-10
1.150156250000000000e+02,1.915161579038339919e-10
1.150312500000000000e+02,1.897579074164423857e-10
1.150468750000000000e+02,1.794793451061850591e-10
1.150625000000000000e+02,1.720626014044083629e-10
1.150781250000000000e+02,1.779849718287361992e-10
1.150937500000000000e+02,1.919953347378343957e-10
1.151093750000000000e+02,2.005558085452286177e-10
1.151250000000000000e+02,1.998402458984265422e-10
1.151406250000000000e+02,1.981514797627623354e-10
1.151562500000000000e+02,2.008367409229693747e-10
1.151718750000000000e+02,2.046528807442025523e-10
1.151875000000000000e+02,2.079054539925019005e-10
1.152031250000000000e+02,2.095933143372283367e-10
1.152187500000000000e+02,2.069894334128280365e-10
1.152343750000000000e+02,2.005155041791741565e-10
1.152500000000000000e+02,1.895843680352090146e-10
1.152656250000000000e+02,1.751545034383835772e-10
1.152812500000000000e+02,1.664422814914318156e-10
1.152968750000000000e+02,1.685153739504660292e-10
1.153125000000000000e+02,1.785979227294105379e-10
1.153281250000000000e+02,1.954081665174807677e-10
1.153437500000000000e+02,2.122830814450132474e-10
1.153593750000000000e+02,2.182258677781895266e-10
1.153750000000000000e+02,2.118890214266428560e-10
1.153906250000000000e+02,2.042021328527571594e-10
1.154062500000000000e+02,2.019981238746488204e-10
1.154218750000000000e+02,1.983745726329857838e-10
1.154375000000000000e+02,1.902941261840049702e-10
1.154531250000000000e+02,1.845254355661067107e-10
1.154687500000000000e+02,1.827762203992471270e-10
1.154843750000000000e+02,1.825478524760908648e-10
1.155000000000000000e+02,1.844227347668378737e-10
1.155156250000000000e+02,1.826873530304364547e-10
1.155312500000000000e+02,1.717493330778790265e-10
1.155468750000000000e+02,1.630311232483229676e-10
1.155625000000000000e+02,1.688828832864255361e-10
1.155781250000000000e+02,1.789083223401798427e-10
1.155937500000000000e+02,1.805466057231531486e-10
1.156093750000000000e+02,1.764765969701604556e-10
1.156250000000000000e+02,1.758815350534652892e-10
1.156406250000000000e+02,1.824470656626674228e-10
1.156562500000000000e+02,1.939960236278700615e-10
1.156718750000000000e+02,2.046369527172195924e-10
1.156875000000000000e+02,2.102339340303450595e-10
1.157031250000000000e+02,2.124868853876245247e-10
1.157187500000000000e+02,2.104133778070888136e-10
1.157343750000000000e+02,1.984805507105348758e-10
1.157500000000000000e+02,1.783708364472104336e-10
1.157656250000000000e+02,1.683530825354116517e-10
1.157812500000000000e+02,1.822283768867212216e-10
1.157968750000000000e+02,2.005917509935383090e-10
1.158125000000000000e+02,2.026807816445184247e-10
1.158281250000000000e+02,1.937517728670121686e-10
1.158437500000000000e+02,1.905850298191578177e-10
1.158593750000000000e+02,1.935464387490294593e-10
1.158750000000000000e+02,1.922665157460580632e-10
1.158906250000000000e+02,1.884231984311390770e-10
1.159062500000000000e+02,1.901013619938631657e-10
1.159218750000000000e+02,1.933617549526655234e-10
1.159375000000000000e+02,1.899109330611679987e-10
1.159531250000000000e+02,1.847815769376777374e-10
1.159687500000000000e+02,1.892484719114391639e-10
1.159843750000000000e+02,1.987001900029774004e-10
1.160000000000000000e+02,1.991573562577744098e-10
1.160156250000000000e+02,1.885969881611866564e-10
1.160312500000000000e+02,1.789251918707179900e-10
1.160468750000000000e+02,1.860747969155319156e-10
1.160625000000000000e+02,2.103121432468835809e-10
1.160781250000000000e+02,2.328785902303858805e-10
1.160937500000000000e+02,2.389172249329408116e-10
1.161093750000000000e+02,2.275022238505695709e-10
1.161250000000000000e+02,2.086286694600768309e-10
1.161406250000000000e+02,1.936416055332931431e-10
1.161562500000000000e+02,1.827046182121546275e-10
1.161718750000000000e+02,1.725421868524468844e-10
1.161875000000000000e+02,1.689283246340199489e-10
1.162031250000000000e+02,1.770380809932369849e-10
1.162187500000000000e+02,1.888681795932212150e-10
1.162343750000000000e+02,1.910117488912188376e-10
1.162500000000000000e+02,1.807259471382455831e-10
1.162656250000000000e+02,1.681726491440638404e-10
1.162812500000000000e+02,1.659951266776809382e-10
1.162968750000000000e+02,1.748421071430604172e-10
1.163125000000000000e+02,1.810600695557082596e-10
1.163281250000000000e+02,1.781087566202180573e-10
1.163437500000000000e+02,1.748032334121111573e-10
1.163593750000000000e+02,1.765826047250022000e-10
1.163750000000000000e+02,1.760128486317324493e-10
1.163906250000000000e+02,1.703066660220387854e-10
1.164062500000000000e+02,1.661044035678207833e-10
1.164218750000000000e+02,1.670290813554059534e-10
1.164375000000000000e+02,1.728124852292696524e-10
1.164531250000000000e+02,1.822829249141472003e-10
1.164687500000000000e+02,1.932521330383907335e-10
1.164843750000000000e+02,2.020500626732568406e-10
1.165000000000000000e+02,2.045398473871392620e-10
1.165156250000000000e+02,1.996886904097332057e-10
1.165312500000000000e+02,1.911008487125290010e-10
1.165468750000000000e+02,1.848367171189680010e-10
1.165625000000000000e+02,1.803863282303863282e-10
1.165781250000000000e+02,1.741336446556460822e-10
1.165937500000000000e+02,1.700819430135037617e-10
1.166093750000000000e+02,1.734722885940147595e-10
1.166250000000000000e+02,1.830057292123134364e-10
1.166406250000000000e+02,1.913115130474557369e-10
1.166562500000000000e+02,1.919613379810271510e-10
1.166718750000000000e+02,1.911784254702218000e-10
1.166875000000000000e+02,1.955470029797871644e-10
1.167031250000000000e+02,1.964911837720455635e-10
1.167187500000000000e+02,1.881717024606442896e-10
1.167343750000000000e+02,1.787832467322855755e-10
1.167500000000000000e+02,1.753272071179092976e-10
1.167656250000000000e+02,1.749258150402175002e-10
1.167812500000000000e+02,1.752511070724044518e-10
1.167968750000000000e+02,1.768409352411062272e-10
1.168125000000000000e+02,1.785844945495005674e-10
1.168281250000000000e+02,1.782101151775167524e-10
1.168437500000000000e+02,1.760290942006564574e-10
1.168593750000000000e+02,1.764850919967045512e-10
1.168750000000000000e+02,1.810286628491376927e-10
1.168906250000000000e+02,1.806397828033958348e-10
1.169062500000000000e+02,1.693685994968961873e-10
1.169218750000000000e+02,1.586935837512236709e-10
1.169375000000000000e+02,1.624853400513867061e-10
1.169531250000000000e+02,1.743117269480555507e-10
1.169687500000000000e+02,1.822491027396561434e-10
1.169843750000000000e+02,1.860978938840643508e-10
1.170000000000000000e+02,1.902659798773159694e-10
1.170156250000000000e+02,1.900272436730450504e-10
1.170312500000000000e+02,1.791146508676531882e-10
1.170468750000000000e+02,1.666008979580909330e-10
1.170625000000000000e+02,1.672202502137448606e-10
1.170781250000000000e+02,1.776386468991103002e-10
1.170937500000000000e+02,1.864253594727606412e-10
1.171093750000000000e+02,1.917386470282465920e-10
1.171250000000000000e+02,1.913311569588982377e-10
1.171406250000000000e+02,1.808666809078972725e-10
1.171562500000000000e+02,1.659565170331544205e-10
1.171718750000000000e+02,1.581302065229173496e-10
1.171875000000000000e+02,1.603003829487688528e-10
1.172031250000000000e+02,1.645233733566934824e-10
1.172187500000000000e+02,1.653001019039058672e-10
1.172343750000000000e+02,1.659087211667470524e-10
1.172500000000000000e+02,1.670150401227705229e-10
1.172656250000000000e+02,1.629716344356306696e-10
1.172812500000000000e+02,1.551249728706749363e-10
1.172968750000000000e+02,1.524603962529592293e-10
1.173125000000000000e+02,1.559806887842124801e-10
1.173281250000000000e+02,1.608167662220723011e-10
1.173437500000000000e+02,1.649719254808572215e-10
1.173593750000000000e+02,1.667621366796407169e-10
1.173750000000000000e+02,1.700222539430947757e-10
1.173906250000000000e+02,1.794186825671141630e-10
1.174062500000000000e+02,1.883319410001701536e-10
1.174218750000000000e+02,1.908863975395573835e-10
1.174375000000000000e+02,1.896326888750572281e-10
1.174531250000000000e+02,1.862240381812710695e-10
1.174687500000000000e+02,1.788747647183458572e-10
1.174843750000000000e+02,1.687996786115059692e-10
1.175000000000000000e+02,1.613013519865205037e-10
1.175156250000000000e+02,1.581377848157377286e-10
1.175312500000000000e+02,1.590102506524183171e-10
1.175468750000000000e+02,1.682486104051399062e-10
1.175625000000000000e+02,1.848472629843089430e-10
1.175781250000000000e+02,1.986962815728716248e-10
1.175937500000000000e+02,2.017482147513601949e-10
1.176093750000000000e+02,1.959421353674633764e-10
1.176250000000000000e+02,1.914684953048534107e-10
1.176406250000000000e+02,1.950665987830513206e-10
1.176562500000000000e+02,2.020582732655791081e-10
1.176718750000000000e+02,2.032184956684456490e-10
1.176875000000000000e+02,1.955569119340022273e-10
1.177031250000000000e+02,1.841647543014225520e-10
1.177187500000000000e+02,1.766983495688494622e-10
1.177343750000000000e+02,1.748224974811606070e-10
1.177500000000000000e+02,1.727259579117345688e-10
1.177656250000000000e+02,1.672655929453519930e-10
1.177812500000000000e+02,1.634292909302212755e-10
1.177968750000000000e+02,1.664113530438740178e-10
1.178125000000000000e+02,1.718217426226200798e-10
1.178281250000000000e+02,1.718954599438143889e-10
1.178437500000000000e+02,1.659092218354241216e-10
1.178593750000000000e+02,1.599892602992128578e-10
1.178750000000000000e+02,1.581482717753670610e-10
1.178906250000000000e+02,1.603346598511536621e-10
1.179062500000000000e+02,1.655130217558897781e-10
1.179218750000000000e+02,1.708881447056843811e-10
1.179375000000000000e+02,1.730090986228252174e-10
1.179531250000000000e+02,1.718789165735299943e-10
1.179687500000000000e+02,1.712226502314116306e-10
1.179843750000000000e+02,1.732508966316355000e-10
1.180000000000000000e+02,1.766942342793800329e-10
1.180156250000000000e+02,1.812432266652798086e-10
1.180312500000000000e+02,1.854181552799334992e-10
1.180468750000000000e+02,1.861959165355457658e-10
1.180625000000000000e+02,1.835578699839950460e-10
1.180781250000000000e+02,1.770358079508977320e-10
1.180937500000000000e+02,1.673466238781042209e-10
1.181093750000000000e+02,1.591594440502275039e-10
1.181250000000000000e+02,1.546360865695983254e-10
1.181406250000000000e+02,1.570114769747388367e-10
1.181562500000000000e+02,1.706174337931226004e-10
1.181718750000000000e+02,1.865178868964478644e-10
1.181875000000000000e+02,1.925697641502872465e-10
1.182031250000000000e+02,1.909669209484930276e-10
1.182187500000000000e+02,1.899866487196429309e-10
1.182343750000000000e+02,1.905945720444610231e-10
1.182500000000000000e+02,1.897239897932948363e-10
1.182656250000000000e+02,1.831973531339158512e-10
1.182812500000000000e+02,1.704739601204569282e-10
1.182968750000000000e+02,1.588345791077583396e-10
1.183125000000000000e+02,1.515433289758673450e-10
1.183281250000000000e+02,1.451556410021337158e-10
1.183437500000000000e+02,1.384841153519651440e-10
1.183593750000000000e+02,1.344213653468790614e-10
1.183750000000000000e+02,1.395192256872436105e-10
1.183906250000000000e+02,1.518603881963307988e-10
1.184062500000000000e+02,1.629084141197909893e-10
1.184218750000000000e+02,1.679009223861328591e-10
1.184375000000000000e+02,1.652469308890681687e-10
1.184531250000000000e+02,1.587225038222368638e-10
1.184687500000000000e+02,1.555823505938530146e-10
1.184843750000000000e+02,1.556714839750031909e-10
1.185000000000000000e+02,1.546670518227575530e-10
1.185156250000000000e+02,1.532009415222584631e-10
1.185312500000000000e+02,1.523642329384055065e-10
1.185468750000000000e+02,1.518543770715690731e-10
1.185625000000000000e+02,1.516194716330374976e-10
1.185781250000000000e+02,1.502652667387728243e-10
1.185937500000000000e+02,1.455771184389421836e-10
1.186093750000000000e+02,1.395089766063168702e-10
1.186250000000000000e+02,1.391359170076834083e-10
1.186406250000000000e+02,1.480838071528972547e-10
1.186562500000000000e+02,1.576906188807740662e-10
1.186718750000000000e+02,1.574614720583598038e-10
1.186875000000000000e+02,1.507014554606537556e-10
1.187031250000000000e+02,1.497366524472298266e-10
1.187187500000000000e+02,1.556255817556177910e-10
1.187343750000000000e+02,1.603224632167893839e-10
1.187500000000000000e+02,1.644064802111756056e-10
1.187656250000000000e+02,1.742143690560015431e-10
1.187812500000000000e+02,1.876166746278270605e-10
1.187968750000000000e+02,1.938709109187344817e-10
1.188125000000000000e+02,1.856868735570755935e-10
1.188281250000000000e+02,1.697586039367747463e-10
1.188437500000000000e+02,1.626434600591147215e-10
1.188593750000000000e+02,1.654038244890665848e-10
1.188750000000000000e+02,1.654917581404479095e-10
1.188906250000000000e+02,1.623915476800942145e-10
1.189062500000000000e+02,1.625329040012114344e-10
1.189218750000000000e+02,1.646628143433401953e-10
1.189375000000000000e+02,1.651625965530740256e-10
1.189531250000000000e+02,1.636820637844845534e-10
1.189687500000000000e+02,1.605465515530710878e-10
1.189843750000000000e+02,1.546032906853271384e-10
1.190000000000000000e+02,1.443079357712927949e-10
1.190156250000000000e+02,1.348824834761902194e-10
1.190312500000000000e+02,1.369491631625374661e-10
1.190468750000000000e+02,1.496024956352405423e-10
1.190625000000000000e+02,1.625488474389173200e-10
1.190781250000000000e+02,1.681641944763938861e-10
1.190937500000000000e+02,1.650762902992426719e-10
1.191093750000000000e+02,1.584733194811712787e-10
1.191250000000000000e+02,1.522909647370887651e-10
1.191406250000000000e+02,1.471101902095126899e-10
1.191562500000000000e+02,1.441428467008964808e-10
1.191718750000000000e+02,1.432526195847639500e-10
1.191875000000000000e+02,1.464663159792296034e-10
1.192031250000000000e+02,1.582935688734572271e-10
1.192187500000000000e+02,1.736942512885830513e-10
1.192343750000000000e+02,1.766771953185368047e-10
1.192500000000000000e+02,1.572428875314318366e-10
1.192656250000000000e+02,1.260581156117473476e-10
1.192812500000000000e+02,1.101076720885614673e-10
1.192968750000000000e+02,1.216262014162178151e-10
1.193125000000000000e+02,1.435710087130514163e-10
1.193281250000000000e+02,1.615476819013787906e-10
1.193437500000000000e+02,1.700007768777641964e-10
1.193593750000000000e+02,1.693702566706823816e-10
1.193750000000000000e+02,1.651695165201724911e-10
1.193906250000000000e+02,1.592406183410684017e-10
1.194062500000000000e+02,1.523557372706666464e-10
1.194218750000000000e+02,1.512074046495624085e-10
1.194375000000000000e+02,1.580425135009131279e-10
1.194531250000000000e+02,1.650613329656382553e-10
1.194687500000000000e+02,1.601240448760178150e-10
1.194843750000000000e+02,1.436921672327119503e-10
1.195000000000000000e+02,1.385059315461654950e-10
1.195156250000000000e+02,1.525698949221359319e-10
1.195312500000000000e+02,1.660525917126619941e-10
1.195468750000000000e+02,1.685366942258700269e-10
1.195625000000000000e+02,1.636886153190060944e-10
1.195781250000000000e+02,1.596101309590578263e-10
1.195937500000000000e+02,1.605106392667043655e-10
1.196093750000000000e+02,1.617494004333694870e-10
1.196250000000000000e+02,1.593745617254251486e-10
1.196406250000000000e+02,1.582805518312102325e-10
1.196562500000000000e+02,1.616979572008389338e-10
1.196718750000000000e+02,1.637348784666780063e-10
1.196875000000000000e+02,1.579660976791027595e-10
1.197031250000000000e+02,1.468951732247201604e-10
1.197187500000000000e+02,1.407014317487407504e-10
1.197343750000000000e+02,1.440750117280945895e-10
1.197500000000000000e+02,1.528110157049022100e-10
1.197656250000000000e+02,1.617323520148567655e-10
1.197812500000000000e+02,1.661116773498855479e-10
1.197968750000000000e+02,1.640874539367843399e-10
1.198125000000000000e+02,1.600811365455631872e-10
1.198281250000000000e+02,1.581284757040615827e-10
1.198437500000000000e+02,1.542996535369784598e-10
1.198593750000000000e+02,1.472235898880330144e-10
1.198750000000000000e+02,1.438553895565570776e-10
1.198906250000000000e+02,1.461295410596752170e-10
1.199062500000000000e+02,1.487841082706987025e-10
1.199218750000000000e+02,1.490716130406400839e-10
1.199375000000000000e+02,1.471018201980252859e-10
1.199531250000000000e+02,1.443371294231780852e-10
1.199687500000000000e+02,1.449635888646630220e-10
1.199843750000000000e+02,1.482878383345178287e-10
1.200000000000000000e+02,1.472593986260676139e-10
1.200156250000000000e+02,1.422466969634818367e-10
1.200312500000000000e+02,1.371395335473072700e-10
1.200468750000000000e+02,1.312620454605077374e-10
1.200625000000000000e+02,1.313743839600729533e-10
1.200781250000000000e+02,1.462292090879512429e-10
1.200937500000000000e+02,1.637068630029945759e-10
1.201093750000000000e+02,1.668620764278634264e-10
1.201250000000000000e+02,1.540195098093995859e-10
1.201406250000000000e+02,1.347091371606951679e-10
1.201562500000000000e+02,1.165983224710073334e-10
1.201718750000000000e+02,1.052558567796509235e-10
1.201875000000000000e+02,1.073565244302215493e-10
1.202031250000000000e+02,1.204536693199363226e-10
1.202187500000000000e+02,1.364186994079023387e-10
1.202343750000000000e+02,1.475646162483470278e-10
1.202500000000000000e+02,1.502930485943107948e-10
1.202656250000000000e+02,1.483097271286999784e-10
1.202812500000000000e+02,1.465164154311075943e-10
1.202968750000000000e+02,1.449643511655251160e-10
1.203125000000000000e+02,1.390072454810281438e-10
1.203281250000000000e+02,1.284255939906641477e-10
1.203437500000000000e+02,1.229857226084167302e-10
1.203593750000000000e+02,1.277721620019155785e-10
1.203750000000000000e+02,1.354045605696278617e-10
1.203906250000000000e+02,1.413853358462403703e-10
1.204062500000000000e+02,1.466664503381888661e-10
1.204218750000000000e+02,1.503093398223156100e-10
1.204375000000000000e+02,1.496603770357692619e-10
1.204531250000000000e+02,1.438077620230178574e-10
1.204687500000000000e+02,1.385486350504657168e-10
1.204843750000000000e+02,1.401955760643776027e-10
1.205000000000000000e+02,1.445669633990949575e-10
1.205156250000000000e+02,1.483083411891642587e-10
1.205312500000000000e+02,1.553623645053998724e-10
1.205468750000000000e+02,1.637966323078214486e-10
1.205625000000000000e+02,1.645288026676694485e-10
1.205781250000000000e+02,1.551478770097373482e-10
1.205937500000000000e+02,1.433212289623773000e-10
1.206093750000000000e+02,1.380682166155909643e-10
1.206250000000000000e+02,1.420220353968370648e-10
1.206406250000000000e+02,1.531274441442538526e-10
1.206562500000000000e+02,1.664566174227110759e-10
1.206718750000000000e+02,1.731471855246874753e-10
1.206875000000000000e+02,1.683721588879108441e-10
1.207031250000000000e+02,1.552651580410196350e-10
1.207187500000000000e+02,1.397710870210954707e-10
1.207343750000000000e+02,1.308836582201731159e-10
1.207500000000000000e+02,1.328701654508395036e-10
1.207656250000000000e+02,1.367766299505001403e-10
1.207812500000000000e+02,1.395152059912784000e-10
1.207968750000000000e+02,1.461024618497500130e-10
1.208125000000000000e+02,1.532823109873047768e-10
1.208281250000000000e+02,1.549396125157018165e-10
1.208437500000000000e+02,1.531149414956076462e-10
1.208593750000000000e+02,1.528729940521400059e-10
1.208750000000000000e+02,1.537419821696540691e-10
1.208906250000000000e+02,1.517562616567906423e-10
1.209062500000000000e+02,1.496373391439339842e-10
1.209218750000000000e+02,1.552773507534600155e-10
1.209375000000000000e+02,1.660588867251047506e-10
1.209531250000000000e+02,1.709915505524978923e-10
1.209687500000000000e+02,1.676512524637860392e-10
1.209843750000000000e+02,1.614191848584697442e-10
1.210000000000000000e+02,1.536436664743309108e-10
1.210156250000000000e+02,1.445988112874794508e-10
1.210312500000000000e+02,1.382651001158024615e-10
1.210468750000000000e+02,1.398797615074378988e-10
1.210625000000000000e+02,1.503667827966742274e-10
1.210781250000000000e+02,1.608421143190818737e-10
1.210937500000000000e+02,1.650650501362474557e-10
1.211093750000000000e+02,1.662401436967671082e-10
1.211250000000000000e+02,1.642868461803063070e-10
1.211406250000000000e+02,1.534530281060585267e-10
1.211562500000000000e+02,1.372965573750030576e-10
1.211718750000000000e+02,1.294395244980589184e-10
1.211875000000000000e+02,1.332675981780123360e-10
1.212031250000000000e+02,1.383531689839658596e-10
1.212187500000000000e+02,1.374748349301184868e-10
1.212343750000000000e+02,1.301213160647366759e-10
1.212500000000000000e+02,1.216197389847786105e-10
1.212656250000000000e+02,1.198312336866345831e-10
1.212812500000000000e+02,1.234439001708469354e-10
1.212968750000000000e+02,1.267988454189084732e-10
1.213125000000000000e+02,1.329548904436862994e-10
1.213281250000000000e+02,1.453919828017556866e-10
1.213437500000000000e+02,1.585070787845925309e-10
1.213593750000000000e+02,1.648194589091638690e-10
1.213750000000000000e+02,1.641997868896585513e-10
1.213906250000000000e+02,1.628673453629756814e-10
1.214062500000000000e+02,1.633864716004007265e-10
1.214218750000000000e+02,1.613130830332221188e-10
1.214375000000000000e+02,1.526678375770098527e-10
1.214531250000000000e+02,1.394290134443246373e-10
1.214687500000000000e+02,1.294696771363952402e-10
1.214843750000000000e+02,1.298311111015243815e-10
1.215000000000000000e+02,1.358232013077366581e-10
1.215156250000000000e+02,1.351989881238390639e-10
1.215312500000000000e+02,1.256543436438400688e-10
1.215468750000000000e+02,1.202758923101944656e-10
1.215625000000000000e+02,1.292499457735091602e-10
1.215781250000000000e+02,1.439654730500769058e-10
1.215937500000000000e+02,1.527623607686783055e-10
1.216093750000000000e+02,1.522059509618036224e-10
1.216250000000000000e+02,1.470314435474178360e-10
1.216406250000000000e+02,1.458208555532450729e-10
1.216562500000000000e+02,1.498174334911787789e-10
1.216718750000000000e+02,1.535611834019222536e-10
1.216875000000000000e+02,1.564617618915484705e-10
1.217031250000000000e+02,1.602851699263170647e-10
1.217187500000000000e+02,1.617059148196209409e-10
1.217343750000000000e+02,1.577170481789291973e-10
1.217500000000000000e+02,1.524677829779501672e-10
1.217656250000000000e+02,1.525850112242868263e-10
1.217812500000000000e+02,1.563871066373487226e-10
1.217968750000000000e+02,1.559772406921734375e-10
1.218125000000000000e+02,1.472850539037618952e-10
1.218281250000000000e+02,1.327286261422342090e-10
1.218437500000000000e+02,1.214878894245173378e-10
1.218593750000000000e+02,1.175178503361454032e-10
1.218750000000000000e+02,1.143486917213436788e-10
1.218906250000000000e+02,1.153440278301779442e-10
1.219062500000000000e+02,1.280498965301392060e-10
1.219218750000000000e+02,1.426731067995948175e-10
1.219375000000000000e+02,1.490989038240462968e-10
1.219531250000000000e+02,1.516303381526744305e-10
1.219687500000000000e+02,1.548511511566775844e-10
1.219843750000000000e+02,1.531535467873837650e-10
1.220000000000000000e+02,1.454400179585081436e-10
1.220156250000000000e+02,1.406481939631093778e-10
1.220312500000000000e+02,1.406721102974668990e-10
1.220468750000000000e+02,1.388893608830306748e-10
1.220625000000000000e+02,1.353086432840391086e-10
1.220781250000000000e+02,1.337270089537466309e-10
1.220937500000000000e+02,1.330258475177218426e-10
1.221093750000000000e+02,1.306900263861799629e-10
1.221250000000000000e+02,1.280876861417334842e-10
1.221406250000000000e+02,1.271232970702682495e-10
1.221562500000000000e+02,1.287613142471483570e-10
1.221718750000000000e+02,1.339346589860334731e-10
1.221875000000000000e+02,1.383100425205451441e-10
1.222031250000000000e+02,1.378062839654436387e-10
1.222187500000000000e+02,1.342231502842989251e-10
1.222343750000000000e+02,1.301933436972872155e-10
1.222500000000000000e+02,1.278060846606026291e-10
1.222656250000000000e+02,1.289616989732923203e-10
1.222812500000000000e+02,1.341570329974477520e-10
1.222968750000000000e+02,1.430874344786430715e-10
1.223125000000000000e+02,1.542267124352700983e-10
1.223281250000000000e+02,1.645635954752829736e-10
1.223437500000000000e+02,1.692062758656781716e-10
1.223593750000000000e+02,1.620767669881001528e-10
1.223750000000000000e+02,1.414639599353142759e-10
1.223906250000000000e+02,1.178538847627079893e-10
1.224062500000000000e+02,1.085862748588696993e-10
1.224218750000000000e+02,1.129262953808095699e-10
1.224375000000000000e+02,1.185383303108598677e-10
1.224531250000000000e+02,1.244045000406154385e-10
1.224687500000000000e+02,1.327177069607089042e-10
1.224843750000000000e+02,1.407218131356467502e-10
1.225000000000000000e+02,1.445498876386099031e-10
1.225156250000000000e+02,1.428780513756091659e-10
1.225312500000000000e+02,1.377993591123529732e-10
1.225468750000000000e+02,1.320546839254513699e-10
1.225625000000000000e+02,1.297613106325615255e-10
1.225781250000000000e+02,1.343000700216575200e-10
1.225937500000000000e+02,1.392421383801265679e-10
1.226093750000000000e+02,1.368786448948908411e-10
1.226250000000000000e+02,1.302213288554168700e-10
1.226406250000000000e+02,1.283236824203339951e-10
1.226562500000000000e+02,1.329971572035742280e-10
1.226718750000000000e+02,1.385053369636413391e-10
1.226875000000000000e+02,1.420459292238094689e-10
1.227031250000000000e+02,1.446650114711258348e-10
1.227187500000000000e+02,1.452305485775930850e-10
1.227343750000000000e+02,1.411805347484670444e-10
1.227500000000000000e+02,1.358301859919528786e-10
1.227656250000000000e+02,1.332566440014522596e-10
1.227812500000000000e+02,1.300329473446564513e-10
1.227968750000000000e+02,1.255359751576149197e-10
1.228125000000000000e+02,1.241312723079583594e-10
1.228281250000000000e+02,1.238997599227076978e-10
1.228437500000000000e+02,1.219050910246674166e-10
1.228593750000000000e+02,1.204423185929283171e-10
1.228750000000000000e+02,1.224461131856658064e-10
1.228906250000000000e+02,1.275788900807505405e-10
1.229062500000000000e+02,1.328043683395257796e-10
1.229218750000000000e+02,1.357710726731400259e-10
1.229375000000000000e+02,1.370667696082349394e-10
1.229531250000000000e+02,1.378026338784757042e-10
1.229687500000000000e+02,1.377241043777323445e-10
1.229843750000000000e+02,1.377047705396747853e-10
1.230000000000000000e+02,1.390054688775146961e-10
1.230156250000000000e+02,1.420756205470478270e-10
1.230312500000000000e+02,1.460211392679002211e-10
1.230468750000000000e+02,1.470262828168266840e-10
1.230625000000000000e+02,1.421565585976036067e-10
1.230781250000000000e+02,1.357479363231656559e-10
1.230937500000000000e+02,1.345970069856358957e-10
1.231093750000000000e+02,1.376804123172765899e-10
1.231250000000000000e+02,1.389950003741166212e-10
1.231406250000000000e+02,1.360458178029426893e-10
1.231562500000000000e+02,1.308853644119584460e-10
1.231718750000000000e+02,1.254964138103199544e-10
1.231875000000000000e+02,1.212220446381456344e-10
1.232031250000000000e+02,1.189679181501183183e-10
1.232187500000000000e+02,1.159095420648536330e-10
1.232343750000000000e+02,1.121841065949388109e-10
1.232500000000000000e+02,1.123814888634238252e-10
1.232656250000000000e+02,1.143008917614107189e-10
1.232812500000000000e+02,1.109424702102112907e-10
1.232968750000000000e+02,1.036253409192557473e-10
1.233125000000000000e+02,1.051751823089705991e-10
1.233281250000000000e+02,1.221728417275195482e-10
1.233437500000000000e+02,1.424251428820981866e-10
1.233593750000000000e+02,1.515962761101358359e-10
1.233750000000000000e+02,1.461814992251306184e-10
1.233906250000000000e+02,1.333810240086026062e-10
1.234062500000000000e+02,1.216599967005854221e-10
1.234218750000000000e+02,1.139902830837932674e-10
1.234375000000000000e+02,1.109759838996212152e-10
1.234531250000000000e+02,1.152629928914133776e-10
1.234687500000000000e+02,1.266363245829866974e-10
1.234843750000000000e+02,1.352869647788023446e-10
1.235000000000000000e+02,1.337009550685888113e-10
1.235156250000000000e+02,1.297087764245832538e-10
1.235312500000000000e+02,1.354294565990029833e-10
1.235468750000000000e+02,1.438898163652268175e-10
1.235625000000000000e+02,1.415346553482529966e-10
1.235781250000000000e+02,1.307187861556043046e-10
1.235937500000000000e+02,1.224256205791409827e-10
1.236093750000000000e+02,1.179384579156601320e-10
1.236250000000000000e+02,1.158216611136999330e-10
1.236406250000000000e+02,1.190453195005208988e-10
1.236562500000000000e+02,1.232229998287087461e-10
1.236718750000000000e+02,1.244486636299737278e-10
1.236875000000000000e+02,1.274466755905344077e-10
1.237031250000000000e+02,1.302751973940589705e-10
1.237187500000000000e+02,1.266890821922241380e-10
1.237343750000000000e+02,1.207200250234873339e-10
1.237500000000000000e+02,1.178119264128948204e-10
1.237656250000000000e+02,1.164379774566312561e-10
1.237812500000000000e+02,1.142448432618765368e-10
1.237968750000000000e+02,1.124454599878447487e-10
1.238125000000000000e+02,1.152400855239391322e-10
1.238281250000000000e+02,1.237438862757740916e-10
1.238437500000000000e+02,1.333412235410474553e-10
1.238593750000000000e+02,1.380946019885133488e-10
1.238750000000000000e+02,1.387833305921359306e-10
1.238906250000000000e+02,1.399804377601050839e-10
1.239062500000000000e+02,1.411546338637926904e-10
1.239218750000000000e+02,1.399505124900878953e-10
1.239375000000000000e+02,1.357723786066072181e-10
1.239531250000000000e+02,1.292074337659321503e-10
1.239687500000000000e+02,1.237792472353610306e-10
1.239843750000000000e+02,1.220954323784642593e-10
1.240000000000000000e+02,1.226831568978198426e-10
1.240156250000000000e+02,1.229765376052955485e-10
1.240312500000000000e+02,1.196514225030612910e-10
1.240468750000000000e+02,1.109379841937792656e-10
1.240625000000000000e+02,9.966134548278544033e-11
1.240781250000000000e+02,9.297639456126494585e-11
1.240937500000000000e+02,1.000434630429605557e-10
1.241093750000000000e+02,1.205910518128584582e-10
1.241250000000000000e+02,1.408951006347111045e-10
1.241406250000000000e+02,1.482247318512481599e-10
1.241562500000000000e+02,1.399208451180957584e-10
1.241718750000000000e+02,1.226762686277628255e-10
1.241875000000000000e+02,1.092408060414976890e-10
1.242031250000000000e+02,1.081766912387790004e-10
1.242187500000000000e+02,1.140741865581648299e-10
1.242343750000000000e+02,1.205350587770419984e-10
1.242500000000000000e+02,1.261048226161481114e-10
1.242656250000000000e+02,1.284591979791807209e-10
1.242812500000000000e+02,1.259619481946154975e-10
1.242968750000000000e+02,1.213964758836785506e-10
1.243125000000000000e+02,1.206368961133012303e-10
1.243281250000000000e+02,1.239265784185477621e-10
1.243437500000000000e+02,1.235653014037993970e-10
1.243593750000000000e+02,1.154439813372505652e-10
1.243750000000000000e+02,1.066804143297442486e-10
1.243906250000000000e+02,1.062143200113537520e-10
1.244062500000000000e+02,1.122035277134903482e-10
1.244218750000000000e+02,1.186435000178801757e-10
1.244375000000000000e+02,1.218179257665158683e-10
1.244531250000000000e+02,1.228278267603942076e-10
1.244687500000000000e+02,1.262791468152141918e-10
1.244843750000000000e+02,1.305660097105427545e-10
1.245000000000000000e+02,1.279141814331148487e-10
1.245156250000000000e+02,1.179874533292572987e-10
1.245312500000000000e+02,1.100425920866998881e-10
1.245468750000000000e+02,1.071254834100938584e-10
1.245625000000000000e+02,1.069367763510075865e-10
1.245781250000000000e+02,1.102556335951721624e-10
1.245937500000000000e+02,1.137654181703996228e-10
1.246093750000000000e+02,1.139175117196543549e-10
1.246250000000000000e+02,1.121822940768105830e-10
1.246406250000000000e+02,1.124197507744325803e-10
1.246562500000000000e+02,1.154731872109006195e-10
1.246718750000000000e+02,1.188642630455906564e-10
1.246875000000000000e+02,1.210762061621069056e-10
1.247031250000000000e+02,1.223084699219823128e-10
1.247187500000000000e+02,1.234875144960925811e-10
1.247343750000000000e+02,1.248688712110654523e-10
1.247500000000000000e+02,1.261687646246567612e-10
1.247656250000000000e+02,1.282172852402654923e-10
1.247812500000000000e+02,1.290290263510203865e-10
1.247968750000000000e+02,1.255636441279645441e-10
1.248125000000000000e+02,1.205223742914378842e-10
1.248281250000000000e+02,1.178224136421972593e-10
1.248437500000000000e+02,1.190380369805926443e-10
1.248593750000000000e+02,1.234766874014662975e-10
1.248750000000000000e+02,1.286393755802572112e-10
1.248906250000000000e+02,1.333662504375440552e-10
1.249062500000000000e+02,1.351927339886220680e-10
1.249218750000000000e+02,1.318292401095789933e-10
1.249375000000000000e+02,1.266228674559622247e-10
1.249531250000000000e+02,1.258068388504680215e-10
1.249687500000000000e+02,1.292851911390360552e-10
1.249843750000000000e+02,1.291472262260965105e-10
1.250000000000000000e+02,1.219242045888867845e-10
1.250156250000000000e+02,1.153778066827749820e-10
1.250312500000000000e+02,1.167669035763706912e-10
1.250468750000000000e+02,1.219867212156130512e-10
1.250625000000000000e+02,1.226216171013287544e-10
1.250781250000000000e+02,1.141266082182330748e-10
1.250937500000000000e+02,1.022223066636814984e-10
1.251093750000000000e+02,9.873358952832334804e-11
1.251250000000000000e+02,1.046344074224079702e-10
1.251406250000000000e+02,1.102704703989327409e-10
1.251562500000000000e+02,1.107578888028049016e-10
1.251718750000000000e+02,1.102774443122491821e-10
1.251875000000000000e+02,1.129310210000030819e-10
1.252031250000000000e+02,1.155314048562469478e-10
1.252187500000000000e+02,1.135419832190327642e-10
1.252343750000000000e+02,1.073349184364900015e-10
1.252500000000000000e+02,1.018073224787310384e-10
1.252656250000000000e+02,1.021519399066406861e-10
1.252812500000000000e+02,1.077398248014794739e-10
1.252968750000000000e+02,1.136589471002368463e-10
1.253125000000000000e+02,1.167743164442665688e-10
1.253281250000000000e+02,1.146874079085463137e-10
1.253437500000000000e+02,1.059104727610532227e-10
1.253593750000000000e+02,9.405487766650981805e-11
1.253750000000000000e+02,8.691883190970331630e-11
1.253906250000000000e+02,8.956289772024652611e-11
1.254062500000000000e+02,9.831721074195863163e-11
1.254218750000000000e+02,1.041526238207922117e-10
1.254375000000000000e+02,1.027519245031418033e-10
1.254531250000000000e+02,9.988745567048241376e-11
1.254687500000000000e+02,1.023880801096743374e-10
1.254843750000000000e+02,1.072303488242146998e-10
1.255000000000000000e+02,1.099505094121780331e-10
1.255156250000000000e+02,1.120468251577451129e-10
1.255312500000000000e+02,1.143953900694623903e-10
1.255468750000000000e+02,1.137122721045435000e-10
1.255625000000000000e+02,1.111831703840200909e-10
1.255781250000000000e+02,1.123840796677361079e-10
1.255937500000000000e+02,1.159668155136861441e-10
1.256093750000000000e+02,1.175611436680290462e-10
1.256250000000000000e+02,1.178976137738942965e-10
1.256406250000000000e+02,1.196868548066828013e-10
1.256562500000000000e+02,1.219642448192603118e-10
1.256718750000000000e+02,1.191354955437718672e-10
1.256875000000000000e+02,1.105864798576286585e-10
1.257031250000000000e+02,1.072490175596914689e-10
1.257187500000000000e+02,1.157007541340173803e-10
1.257343750000000000e+02,1.236912959697422114e-10
1.257500000000000000e+02,1.203735710264479047e-10
1.257656250000000000e+02,1.107298384440248647e-10
1.257812500000000000e+02,1.047591584786969432e-10
1.257968750000000000e+02,1.026724586969573778e-10
1.258125000000000000e+02,1.022206908037636928e-10
1.258281250000000000e+02,1.056159983765519982e-10
1.258437500000000000e+02,1.125866349332190969e-10
1.258593750000000000e+02,1.202431139375034457e-10
1.258750000000000000e+02,1.268229273832375060e-10
1.258906250000000000e+02,1.287349500906908728e-10
1.259062500000000000e+02,1.238985098319473365e-10
1.259218750000000000e+02,1.183874433121899783e-10
1.259375000000000000e+02,1.186542586378507974e-10
1.259531250000000000e+02,1.212441874993869590e-10
1.259687500000000000e+02,1.226129511068505203e-10
1.259843750000000000e+02,1.241192483121817234e-10
1.260000000000000000e+02,1.225784069565294063e-10
1.260156250000000000e+02,1.147959224598339727e-10
1.260312500000000000e+02,1.066683527423379608e-10
1.260468750000000000e+02,1.017508181746155571e-10
1.260625000000000000e+02,9.530590484587290958e-11
1.260781250000000000e+02,9.075699703270180700e-11
1.260937500000000000e+02,9.496438819228650928e-11
1.261093750000000000e+02,1.024159502970812530e-10
1.261250000000000000e+02,1.067158085095757285e-10
1.261406250000000000e+02,1.062300961433580597e-10
1.261562500000000000e+02,1.003682863513902702e-10
1.261718750000000000e+02,9.373263117223713284e-11
1.261875000000000000e+02,9.431908080118758869e-11
1.262031250000000000e+02,1.018535286845345019e-10
1.262187500000000000e+02,1.111152466073809350e-10
1.262343750000000000e+02,1.203266052781246284e-10
1.262500000000000000e+02,1.280514764972747072e-10
1.262656250000000000e+02,1.330326344022302087e-10
1.262812500000000000e+02,1.349906645675004806e-10
1.262968750000000000e+02,1.313602425048590596e-10
1.263125000000000000e+02,1.209730202988381073e-10
1.263281250000000000e+02,1.103201239991542407e-10
1.263437500000000000e+02,1.093153351749935665e-10
1.263593750000000000e+02,1.174595994593757438e-10
1.263750000000000000e+02,1.251175351635804030e-10
1.263906250000000000e+02,1.271209144320266569e-10
1.264062500000000000e+02,1.249763341446116514e-10
1.264218750000000000e+02,1.223361152695137715e-10
1.264375000000000000e+02,1.217233053125114032e-10
1.264531250000000000e+02,1.236578228858326671e-10
1.264687500000000000e+02,1.279564965856095812e-10
1.264843750000000000e+02,1.324651134637869593e-10
1.265000000000000000e+02,1.338150245736136235e-10
1.265156250000000000e+02,1.325332369788150591e-10
1.265312500000000000e+02,1.298734269733272838e-10
1.265468750000000000e+02,1.231219586545462511e-10
1.265625000000000000e+02,1.125715836559410633e-10
1.265781250000000000e+02,1.059375356034683397e-10
1.265937500000000000e+02,1.061380617919198094e-10
1.266093750000000000e+02,1.056850862499616179e-10
1.266250000000000000e+02,1.003198928507304815e-10
1.266406250000000000e+02,9.452490731268568006e-11
1.266562500000000000e+02,9.265529446822574465e-11
1.266718750000000000e+02,9.093796925780741577e-11
1.266875000000000000e+02,8.660492947225253243e-11
1.267031250000000000e+02,8.578904093444799544e-11
1.267187500000000000e+02,9.348294965721592121e-11
1.267343750000000000e+02,1.059183259295637331e-10
1.267500000000000000e+02,1.161710327878380535e-10
1.267656250000000000e+02,1.191759857986733301e-10
1.267812500000000000e+02,1.153119120321290059e-10
1.267968750000000000e+02,1.092641875292748489e-10
1.268125000000000000e+02,1.046431404162741099e-10
1.268281250000000000e+02,1.028599702166273349e-10
1.268437500000000000e+02,1.045341502590324792e-10
1.268593750000000000e+02,1.084308747581019141e-10
1.268750000000000000e+02,1.119870104793183349e-10
1.268906250000000000e+02,1.128718026110215811e-10
1.269062500000000000e+02,1.098543035196806884e-10
1.269218750000000000e+02,1.038478172133918236e-10
1.269375000000000000e+02,9.903773423355289357e-11
1.269531250000000000e+02,9.903558238174942032e-11
1.269687500000000000e+02,1.021961904041238100e-10
1.269843750000000000e+02,1.051106643050871979e-10
1.270000000000000000e+02,1.056668522156697677e-10
1.270156250000000000e+02,1.023390452630525113e-10
1.270312500000000000e+02,9.484671361133130520e-11
1.270468750000000000e+02,8.854172411796364430e-11
1.270625000000000000e+02,9.290415685508611147e-11
1.270781250000000000e+02,1.065047521957094697e-10
1.270937500000000000e+02,1.170653992545675762e-10
1.271093750000000000e+02,1.151919679635115417e-10
1.271250000000000000e+02,1.030331321698102701e-10
1.271406250000000000e+02,9.463602324457857338e-11
1.271562500000000000e+02,9.869873185217829825e-11
1.271718750000000000e+02,1.069848440625662547e-10
1.271875000000000000e+02,1.109738647803750243e-10
1.272031250000000000e+02,1.105356971613682077e-10
1.272187500000000000e+02,1.086735656895172933e-10
1.272343750000000000e+02,1.043816685388082990e-10
1.272500000000000000e+02,9.546116042136876049e-11
1.272656250000000000e+02,8.485077321464555927e-11
1.272812500000000000e+02,8.138098734361539094e-11
1.272968750000000000e+02,8.831448212564927049e-11
1.273125000000000000e+02,9.658450848583791094e-11
1.273281250000000000e+02,9.878285641390408028e-11
1.273437500000000000e+02,9.688929484083297705e-11
1.273593750000000000e+02,9.803527127674844301e-11
1.273750000000000000e+02,1.033037659723693733e-10
1.273906250000000000e+02,1.070812352504257015e-10
1.274062500000000000e+02,1.074890756452698676e-10
1.274218750000000000e+02,1.060684712016601109e-10
1.274375000000000000e+02,1.030681497324754346e-10
1.274531250000000000e+02,1.010731976656513386e-10
1.274687500000000000e+02,1.042875663972486681e-10
1.274843750000000000e+02,1.085948853328391180e-10
1.275000000000000000e+02,1.063310139253481517e-10
1.275156250000000000e+02,9.916085826991619503e-11
1.275312500000000000e+02,9.424604313278375699e-11
1.275468750000000000e+02,9.385860990362013172e-11
1.275625000000000000e+02,9.831909166468412336e-11
1.275781250000000000e+02,1.070894756371459377e-10
1.275937500000000000e+02,1.147606190292164474e-10
1.276093750000000000e+02,1.169439828284005975e-10
1.276250000000000000e+02,1.155718972720007129e-10
1.276406250000000000e+02,1.145749426366803694e-10
1.276562500000000000e+02,1.139590599134030822e-10
1.276718750000000000e+02,1.109882317515151603e-10
1.276875000000000000e+02,1.038757031576582743e-10
1.277031250000000000e+02,9.624732339336059910e-11
1.277187500000000000e+02,9.598055880740342202e-11
1.277343750000000000e+02,1.017403524040560144e-10
1.277500000000000000e+02,1.051376780333638022e-10
1.277656250000000000e+02,1.047852368342141911e-10
1.277812500000000000e+02,1.051143651248904226e-10
1.277968750000000000e+02,1.059346302499879011e-10
1.278125000000000000e+02,1.028157547697172332e-10
1.278281250000000000e+02,9.593904567685703295e-11
1.278437500000000000e+02,9.010188827525061281e-11
1.278593750000000000e+02,8.950598634689939212e-11
1.278750000000000000e+02,9.346947169122523266e-11
1.278906250000000000e+02,9.756019603568008065e-11
1.279062500000000000e+02,1.003483700135190494e-10
1.279218750000000000e+02,1.034425341487778902e-10
1.279375000000000000e+02,1.046359913075136526e-10
1.279531250000000000e+02,1.000386445816150423e-10
1.279687500000000000e+02,9.221707184743481642e-11
1.279843750000000000e+02,8.791499337949458392e-11
1.280000000000000000e+02,6.181340082428636164e-11
