0.000000000000000000e+00,3.655246975675054557e-07
1.562500000000000000e-02,5.176496894650636149e-07
3.125000000000000000e-02,4.982779894329441057e-07
4.687500000000000000e-02,4.455926362883070807e-07
6.250000000000000000e-02,3.835485446932421273e-07
7.812500000000000000e-02,3.305390584389231737e-07
9.375000000000000000e-02,2.831409002320256857e-07
1.093750000000000000e-01,2.470955050260372987e-07
1.250000000000000000e-01,2.444157154239670239e-07
1.406250000000000000e-01,2.694267755328824020e-07
1.562500000000000000e-01,2.923147593698646721e-07
1.718750000000000000e-01,2.978692181682031429e-07
1.875000000000000000e-01,2.912047162521495536e-07
2.031250000000000000e-01,2.828834685203876444e-07
2.187500000000000000e-01,2.759596220210689348e-07
2.343750000000000000e-01,2.671513454745994576e-07
2.500000000000000000e-01,2.533145204116770389e-07
2.656250000000000000e-01,2.362849837408488101e-07
2.812500000000000000e-01,2.196197842754448056e-07
2.968750000000000000e-01,2.026174144904540067e-07
3.125000000000000000e-01,1.859229514514356036e-07
3.281250000000000000e-01,1.748647128034889276e-07
3.437500000000000000e-01,1.721760150878862270e-07
3.593750000000000000e-01,1.772277300363748279e-07
3.750000000000000000e-01,1.873117738789960536e-07
3.906250000000000000e-01,1.940661159099635834e-07
4.062500000000000000e-01,1.920981591620147960e-07
4.218750000000000000e-01,1.867296989962696654e-07
4.375000000000000000e-01,1.829166073178545925e-07
4.531250000000000000e-01,1.760371487047745951e-07
4.687500000000000000e-01,1.626223993055555983e-07
4.843750000000000000e-01,1.510947382934820335e-07
5.000000000000000000e-01,1.498161646316210692e-07
5.156250000000000000e-01,1.522900035514162319e-07
5.312500000000000000e-01,1.508520720751134553e-07
5.468750000000000000e-01,1.465589957508622466e-07
5.625000000000000000e-01,1.412935658975157186e-07
5.781250000000000000e-01,1.357907723536023956e-07
5.937500000000000000e-01,1.330460873184557051e-07
6.093750000000000000e-01,1.337764840031849515e-07
6.250000000000000000e-01,1.346336811189757770e-07
6.406250000000000000e-01,1.362533322265613643e-07
6.562500000000000000e-01,1.414633940230628550e-07
6.718750000000000000e-01,1.491688099788253968e-07
6.875000000000000000e-01,1.571197699129049551e-07
7.031250000000000000e-01,1.611431797952083381e-07
7.187500000000000000e-01,1.574504414461569053e-07
7.343750000000000000e-01,1.472250629481034428e-07
7.500000000000000000e-01,1.327321977697287238e-07
7.656250000000000000e-01,1.171607098144937821e-07
7.812500000000000000e-01,1.095504183644032147e-07
7.968750000000000000e-01,1.127422394480186600e-07
8.125000000000000000e-01,1.155687033255190385e-07
8.281250000000000000e-01,1.115211479980396918e-07
8.437500000000000000e-01,1.062792367677470675e-07
8.593750000000000000e-01,1.056275808087212332e-07
8.750000000000000000e-01,1.047927520499256880e-07
8.906250000000000000e-01,1.000857793665951774e-07
9.062500000000000000e-01,9.800856230534815159e-08
9.218750000000000000e-01,1.036196731115978505e-07
9.375000000000000000e-01,1.117132936810262355e-07
9.531250000000000000e-01,1.171966073562148266e-07
9.687500000000000000e-01,1.199708279064797747e-07
9.843750000000000000e-01,1.200321967753378770e-07
1.000000000000000000e+00,1.185633249825301460e-07
1.015625000000000000e+00,1.170138056664390102e-07
1.031250000000000000e+00,1.124411951858777011e-07
1.046875000000000000e+00,1.035821063815448212e-07
1.062500000000000000e+00,9.564632639674369412e-08
1.078125000000000000e+00,9.386144827949803553e-08
1.093750000000000000e+00,9.614433413705931220e-08
1.109375000000000000e+00,9.705723557798062000e-08
1.125000000000000000e+00,9.684345925262790716e-08
1.140625000000000000e+00,9.781990347672892695e-08
1.156250000000000000e+00,9.765150799349151317e-08
1.171875000000000000e+00,9.380563090163615283e-08
1.187500000000000000e+00,8.689612500215580755e-08
1.203125000000000000e+00,7.942163205829054085e-08
1.218750000000000000e+00,7.455901883957561484e-08
1.234375000000000000e+00,7.393604838899741589e-08
1.250000000000000000e+00,7.576330302904727654e-08
1.265625000000000000e+00,7.866241478067790768e-08
1.281250000000000000e+00,8.368613981111305966e-08
1.296875000000000000e+00,8.934116808298285802e-08
1.312500000000000000e+00,9.251847788652606177e-08
1.328125000000000000e+00,9.285810929978246491e-08
1.343750000000000000e+00,9.086716688959481327e-08
1.359375000000000000e+00,8.670063056418450352e-08
1.375000000000000000e+00,8.203438676565486816e-08
1.390625000000000000e+00,8.003992333718550516e-08
1.406250000000000000e+00,8.221431181147948118e-08
1.421875000000000000e+00,8.581330107772048301e-08
1.437500000000000000e+00,8.745088749075268546e-08
1.453125000000000000e+00,8.757872143171023360e-08
1.468750000000000000e+00,8.839301460561934643e-08
1.484375000000000000e+00,8.919656097919199734e-08
1.500000000000000000e+00,8.732137615575245038e-08
1.515625000000000000e+00,8.331756262266121661e-08
1.531250000000000000e+00,8.213508928032210541e-08
1.546875000000000000e+00,8.531411577436543394e-08
1.562500000000000000e+00,8.808036092240261473e-08
1.578125000000000000e+00,8.681671199789741603e-08
1.593750000000000000e+00,8.281099047614082040e-08
1.609375000000000000e+00,7.994446484316279422e-08
1.625000000000000000e+00,7.784824044330572464e-08
1.640625000000000000e+00,7.478980864158322822e-08
1.656250000000000000e+00,7.359065891585286925e-08
1.671875000000000000e+00,7.507697253670794364e-08
1.687500000000000000e+00,7.662691653487969515e-08
1.703125000000000000e+00,7.701248206075157512e-08
1.718750000000000000e+00,7.631956547218814628e-08
1.734375000000000000e+00,7.624913423254128180e-08
1.750000000000000000e+00,7.832777977089785801e-08
1.765625000000000000e+00,8.089101600199394004e-08
1.781250000000000000e+00,8.162590280656426176e-08
1.796875000000000000e+00,7.999073096951562339e-08
1.812500000000000000e+00,7.662272235508995726e-08
1.828125000000000000e+00,7.217248062344356614e-08
1.843750000000000000e+00,6.752095459360060156e-08
1.859375000000000000e+00,6.395748761721375906e-08
1.875000000000000000e+00,6.128756068249247405e-08
1.890625000000000000e+00,6.020986042955943451e-08
1.906250000000000000e+00,6.308036358591427535e-08
1.921875000000000000e+00,6.756097231057451288e-08
1.937500000000000000e+00,6.865592343395005483e-08
1.953125000000000000e+00,6.616410221137574403e-08
1.968750000000000000e+00,6.314159792147783038e-08
1.984375000000000000e+00,6.092621737701088945e-08
2.000000000000000000e+00,6.027866789863668558e-08
2.015625000000000000e+00,6.301092839927666487e-08
2.031250000000000000e+00,6.769803947310372554e-08
2.046875000000000000e+00,6.978185786837954719e-08
2.062500000000000000e+00,6.686688734279030252e-08
2.078125000000000000e+00,6.109299319314760372e-08
2.093750000000000000e+00,5.747109409977266179e-08
2.109375000000000000e+00,5.776134823672392607e-08
2.125000000000000000e+00,5.939876553819603530e-08
2.140625000000000000e+00,6.212851878380172454e-08
2.156250000000000000e+00,6.691113583606448875e-08
2.171875000000000000e+00,7.134244094248425544e-08
2.187500000000000000e+00,7.218996635349462460e-08
2.203125000000000000e+00,6.868277667942535162e-08
2.218750000000000000e+00,6.354049208592102026e-08
2.234375000000000000e+00,6.086065461303345866e-08
2.250000000000000000e+00,6.045005044703299151e-08
2.265625000000000000e+00,5.934348795367278443e-08
2.281250000000000000e+00,5.860234028414930557e-08
2.296875000000000000e+00,6.169406816910600351e-08
2.312500000000000000e+00,6.710015657851400901e-08
2.328125000000000000e+00,6.993147187822602799e-08
2.343750000000000000e+00,6.965690612489947100e-08
2.359375000000000000e+00,6.869237925606061659e-08
2.375000000000000000e+00,6.680609710716708886e-08
2.390625000000000000e+00,6.323405736845811836e-08
2.406250000000000000e+00,5.923492065681295339e-08
2.421875000000000000e+00,5.672879267600175307e-08
2.437500000000000000e+00,5.637986534016028480e-08
2.453125000000000000e+00,5.749277047045265722e-08
2.468750000000000000e+00,5.966215022289232276e-08
2.484375000000000000e+00,6.224072876357267397e-08
2.500000000000000000e+00,6.388198414230637654e-08
2.515625000000000000e+00,6.387652941013836470e-08
2.531250000000000000e+00,6.344450974679475295e-08
2.546875000000000000e+00,6.325104488347963928e-08
2.562500000000000000e+00,6.165763323096670812e-08
2.578125000000000000e+00,5.922193095701504366e-08
2.593750000000000000e+00,5.986674543014433846e-08
2.609375000000000000e+00,6.359254454150155166e-08
2.625000000000000000e+00,6.562245187818329700e-08
2.640625000000000000e+00,6.389695065923496663e-08
2.656250000000000000e+00,6.040150668801717088e-08
2.671875000000000000e+00,5.882940879354397594e-08
2.687500000000000000e+00,6.085846425881044430e-08
2.703125000000000000e+00,6.440659076979603351e-08
2.718750000000000000e+00,6.666197208928351551e-08
2.734375000000000000e+00,6.483202089557673720e-08
2.750000000000000000e+00,5.959044327839201441e-08
2.765625000000000000e+00,5.707969521729912035e-08
2.781250000000000000e+00,5.920940046545347135e-08
2.796875000000000000e+00,6.116209093645527189e-08
2.812500000000000000e+00,6.075218841724324904e-08
2.828125000000000000e+00,5.894093150073464343e-08
2.843750000000000000e+00,5.840062307564153466e-08
2.859375000000000000e+00,6.243101516694648795e-08
2.875000000000000000e+00,6.829254140341135657e-08
2.890625000000000000e+00,6.997823657809694459e-08
2.906250000000000000e+00,6.625548728012122019e-08
2.921875000000000000e+00,6.021424613153074829e-08
2.937500000000000000e+00,5.634330849179483593e-08
2.953125000000000000e+00,5.701396023766494863e-08
2.968750000000000000e+00,5.850959587568927534e-08
2.984375000000000000e+00,5.597505917631708019e-08
3.000000000000000000e+00,5.016456312263263191e-08
3.015625000000000000e+00,4.585928324225644699e-08
3.031250000000000000e+00,4.504562006086217249e-08
3.046875000000000000e+00,4.625439788525662186e-08
3.062500000000000000e+00,4.879661299957749188e-08
3.078125000000000000e+00,5.311901731725931004e-08
3.093750000000000000e+00,5.843698344832150292e-08
3.109375000000000000e+00,6.248617396057155966e-08
3.125000000000000000e+00,6.398668327922094752e-08
3.140625000000000000e+00,6.324258885836387270e-08
3.156250000000000000e+00,6.048375273790997177e-08
3.171875000000000000e+00,5.645023010676618005e-08
3.187500000000000000e+00,5.434080795231472019e-08
3.203125000000000000e+00,5.511493275351482453e-08
3.218750000000000000e+00,5.575568109815843361e-08
3.234375000000000000e+00,5.525854121855746421e-08
3.250000000000000000e+00,5.398920573385667681e-08
3.265625000000000000e+00,5.253326118440977149e-08
3.281250000000000000e+00,5.247420100208986036e-08
3.296875000000000000e+00,5.325207214978876619e-08
3.312500000000000000e+00,5.332908381727763002e-08
3.328125000000000000e+00,5.264872803143927207e-08
3.343750000000000000e+00,5.129940306006543006e-08
3.359375000000000000e+00,5.067291232111334510e-08
3.375000000000000000e+00,5.313375687505503335e-08
3.390625000000000000e+00,5.701272112247718176e-08
3.406250000000000000e+00,5.861842444771648157e-08
3.421875000000000000e+00,5.677606875266187670e-08
3.437500000000000000e+00,5.306404638997641671e-08
3.453125000000000000e+00,5.099439499470600114e-08
3.468750000000000000e+00,5.139646320417709123e-08
3.484375000000000000e+00,5.039839759643013339e-08
3.500000000000000000e+00,4.649767285404005894e-08
3.515625000000000000e+00,4.206035091844182809e-08
3.531250000000000000e+00,3.947387443462678593e-08
3.546875000000000000e+00,4.059587187233076770e-08
3.562500000000000000e+00,4.572770669449807935e-08
3.578125000000000000e+00,5.216848889407688358e-08
3.593750000000000000e+00,5.598097807425730366e-08
3.609375000000000000e+00,5.517694033490134162e-08
3.625000000000000000e+00,5.205336277608174782e-08
3.640625000000000000e+00,5.088238555739409298e-08
3.656250000000000000e+00,5.312964841791511117e-08
3.671875000000000000e+00,5.688585968520964727e-08
3.687500000000000000e+00,5.893300590309011112e-08
3.703125000000000000e+00,5.830150205267936288e-08
3.718750000000000000e+00,5.664680206456825685e-08
3.734375000000000000e+00,5.509361779633732114e-08
3.750000000000000000e+00,5.397408483372601771e-08
3.765625000000000000e+00,5.287999373664222907e-08
3.781250000000000000e+00,5.137008434986760379e-08
3.796875000000000000e+00,5.018159859841135668e-08
3.812500000000000000e+00,4.983383137212379890e-08
3.828125000000000000e+00,5.036262091828631536e-08
3.843750000000000000e+00,5.090331908169069802e-08
3.859375000000000000e+00,5.040154124385944172e-08
3.875000000000000000e+00,4.880391777878754386e-08
3.890625000000000000e+00,4.638237036785657233e-08
3.906250000000000000e+00,4.439246383350737635e-08
3.921875000000000000e+00,4.382119641406737316e-08
3.937500000000000000e+00,4.433250494145433507e-08
3.953125000000000000e+00,4.629071750843912326e-08
3.968750000000000000e+00,4.861470715693177090e-08
3.984375000000000000e+00,4.830574391607208489e-08
4.000000000000000000e+00,4.588378573390360740e-08
4.015625000000000000e+00,4.588863886305287336e-08
4.031250000000000000e+00,4.900576535973228220e-08
4.046875000000000000e+00,5.006002875778763216e-08
4.062500000000000000e+00,4.586415680563029083e-08
4.078125000000000000e+00,3.937748353550815329e-08
4.093750000000000000e+00,3.681299370775098655e-08
4.109375000000000000e+00,3.847223689752524740e-08
4.125000000000000000e+00,3.965888734773111732e-08
4.140625000000000000e+00,3.997814223766136591e-08
4.156250000000000000e+00,4.161009485113192189e-08
4.171875000000000000e+00,4.357659960213386637e-08
4.187500000000000000e+00,4.398492627914595731e-08
4.203125000000000000e+00,4.354995031562338895e-08
4.218750000000000000e+00,4.396042165046114738e-08
4.234375000000000000e+00,4.538137565943981757e-08
4.250000000000000000e+00,4.591117652457520345e-08
4.265625000000000000e+00,4.408225461775074243e-08
4.281250000000000000e+00,4.101531509134129820e-08
4.296875000000000000e+00,3.884586994210375038e-08
4.312500000000000000e+00,3.870370509100503021e-08
4.328125000000000000e+00,3.966731196801489172e-08
4.343750000000000000e+00,3.977010665592931651e-08
4.359375000000000000e+00,3.917089169482935426e-08
4.375000000000000000e+00,3.873790984435134017e-08
4.390625000000000000e+00,3.801261201993156509e-08
4.406250000000000000e+00,3.766808860898796123e-08
4.421875000000000000e+00,3.915054720493666575e-08
4.437500000000000000e+00,4.176179801605561090e-08
4.453125000000000000e+00,4.315364679290103381e-08
4.468750000000000000e+00,4.182845921815430152e-08
4.484375000000000000e+00,3.939297977333109250e-08
4.500000000000000000e+00,3.835147973789682927e-08
4.515625000000000000e+00,3.798796096741636296e-08
4.531250000000000000e+00,3.680483026020994722e-08
4.546875000000000000e+00,3.574767639432547446e-08
4.562500000000000000e+00,3.587288736377993830e-08
4.578125000000000000e+00,3.635465151915912099e-08
4.593750000000000000e+00,3.695685930818303423e-08
4.609375000000000000e+00,3.780188767876856551e-08
4.625000000000000000e+00,3.775743476910767428e-08
4.640625000000000000e+00,3.630826592518488389e-08
4.656250000000000000e+00,3.490926337560524569e-08
4.671875000000000000e+00,3.503101345268169602e-08
4.687500000000000000e+00,3.586500523325825787e-08
4.703125000000000000e+00,3.592696397506708539e-08
4.718750000000000000e+00,3.553953228976996032e-08
4.734375000000000000e+00,3.571954607025934391e-08
4.750000000000000000e+00,3.655618966214729782e-08
4.765625000000000000e+00,3.758832946308997979e-08
4.781250000000000000e+00,3.808618750609201275e-08
4.796875000000000000e+00,3.793775683371208389e-08
4.812500000000000000e+00,3.790493652755432808e-08
4.828125000000000000e+00,3.840467572824101447e-08
4.843750000000000000e+00,3.913494780870637963e-08
4.859375000000000000e+00,3.977820843098253374e-08
4.875000000000000000e+00,4.006734772046357225e-08
4.890625000000000000e+00,3.966224010900307366e-08
4.906250000000000000e+00,3.852804510876318329e-08
4.921875000000000000e+00,3.701712689492826015e-08
4.937500000000000000e+00,3.543032464555020377e-08
4.953125000000000000e+00,3.415019415674233553e-08
4.968750000000000000e+00,3.365521234411010674e-08
4.984375000000000000e+00,3.430644473878320088e-08
5.000000000000000000e+00,3.606178489212678393e-08
5.015625000000000000e+00,3.769795003815606992e-08
5.031250000000000000e+00,3.778700777355711236e-08
5.046875000000000000e+00,3.670387855511057574e-08
5.062500000000000000e+00,3.605657256193956973e-08
5.078125000000000000e+00,3.604460289781467846e-08
5.093750000000000000e+00,3.570073891758903058e-08
5.109375000000000000e+00,3.493163625972280871e-08
5.125000000000000000e+00,3.470345500579345976e-08
5.140625000000000000e+00,3.578337284028264689e-08
5.156250000000000000e+00,3.717577753822503689e-08
5.171875000000000000e+00,3.770402192982242537e-08
5.187500000000000000e+00,3.780426532087783263e-08
5.203125000000000000e+00,3.808190621156221448e-08
5.218750000000000000e+00,3.790818563220300546e-08
5.234375000000000000e+00,3.660404139739666876e-08
5.250000000000000000e+00,3.468338423380096920e-08
5.265625000000000000e+00,3.296450756043708909e-08
5.281250000000000000e+00,3.194808742066786928e-08
5.296875000000000000e+00,3.201168193836675296e-08
5.312500000000000000e+00,3.321883985599186204e-08
5.328125000000000000e+00,3.484990339894531497e-08
5.343750000000000000e+00,3.561403835913675775e-08
5.359375000000000000e+00,3.522024723976289608e-08
5.375000000000000000e+00,3.418104338157755361e-08
5.390625000000000000e+00,3.323542791125315884e-08
5.406250000000000000e+00,3.332810609099385746e-08
5.421875000000000000e+00,3.448314998861191994e-08
5.437500000000000000e+00,3.536412017225940643e-08
5.453125000000000000e+00,3.489540975942477666e-08
5.468750000000000000e+00,3.371683533890573092e-08
5.484375000000000000e+00,3.268689851534220442e-08
5.500000000000000000e+00,3.133231454901486670e-08
5.515625000000000000e+00,2.942493104424771899e-08
5.531250000000000000e+00,2.866521037918719594e-08
5.546875000000000000e+00,2.999354228175536870e-08
5.562500000000000000e+00,3.187173468294328654e-08
5.578125000000000000e+00,3.301370153961481392e-08
5.593750000000000000e+00,3.285535452322839055e-08
5.609375000000000000e+00,3.146104314557388489e-08
5.625000000000000000e+00,2.943251740897165512e-08
5.640625000000000000e+00,2.732539331419142109e-08
5.656250000000000000e+00,2.602671159173298766e-08
5.671875000000000000e+00,2.655722599910082167e-08
5.687500000000000000e+00,2.884992049913213837e-08
5.703125000000000000e+00,3.155116621065744047e-08
5.718750000000000000e+00,3.319577462297190994e-08
5.734375000000000000e+00,3.323615241882701743e-08
5.750000000000000000e+00,3.197809823833528687e-08
5.765625000000000000e+00,3.039588151949167398e-08
5.781250000000000000e+00,2.936722023808264919e-08
5.796875000000000000e+00,2.916090924403813268e-08
5.812500000000000000e+00,3.001257655898840460e-08
5.828125000000000000e+00,3.145879506612931289e-08
5.843750000000000000e+00,3.198704786957911697e-08
5.859375000000000000e+00,3.073676273162796674e-08
5.875000000000000000e+00,2.888336048214648312e-08
5.890625000000000000e+00,2.772463370636619290e-08
5.906250000000000000e+00,2.698644799298634695e-08
5.921875000000000000e+00,2.615741181364472088e-08
5.937500000000000000e+00,2.530982566854330269e-08
5.953125000000000000e+00,2.498810716381123159e-08
5.968750000000000000e+00,2.489431756403715797e-08
5.984375000000000000e+00,2.451924642497413301e-08
6.000000000000000000e+00,2.489081814135889589e-08
6.015625000000000000e+00,2.674459715473086304e-08
6.031250000000000000e+00,2.850159342528670831e-08
6.046875000000000000e+00,2.904428649149340251e-08
6.062500000000000000e+00,2.950627502063627159e-08
6.078125000000000000e+00,3.045585875083988811e-08
6.093750000000000000e+00,3.076987462332937845e-08
6.109375000000000000e+00,2.990169239204090113e-08
6.125000000000000000e+00,2.879836344710996833e-08
6.140625000000000000e+00,2.813208055979996118e-08
6.156250000000000000e+00,2.746705447891059970e-08
6.171875000000000000e+00,2.698316466758714479e-08
6.187500000000000000e+00,2.700434840246297662e-08
6.203125000000000000e+00,2.740148822115865648e-08
6.218750000000000000e+00,2.810425211515107423e-08
6.234375000000000000e+00,2.819945611641405730e-08
6.250000000000000000e+00,2.700776972510859476e-08
6.265625000000000000e+00,2.705496135445489020e-08
6.281250000000000000e+00,3.033360426533625207e-08
6.296875000000000000e+00,3.332201549405252724e-08
6.312500000000000000e+00,3.306257792708192546e-08
6.328125000000000000e+00,3.046803450678790830e-08
6.343750000000000000e+00,2.759452420133120539e-08
6.359375000000000000e+00,2.546761637429189190e-08
6.375000000000000000e+00,2.468941160861576348e-08
6.390625000000000000e+00,2.564034389136297584e-08
6.406250000000000000e+00,2.785176065460295321e-08
6.421875000000000000e+00,3.010037483081534175e-08
6.437500000000000000e+00,3.118122214321495864e-08
6.453125000000000000e+00,3.073874425825168267e-08
6.468750000000000000e+00,2.935311623941963836e-08
6.484375000000000000e+00,2.783973464311620172e-08
6.500000000000000000e+00,2.650461400143132767e-08
6.515625000000000000e+00,2.543682520696678504e-08
6.531250000000000000e+00,2.516875568810653755e-08
6.546875000000000000e+00,2.667020548590648440e-08
6.562500000000000000e+00,2.981884852950543009e-08
6.578125000000000000e+00,3.221572679977609315e-08
6.593750000000000000e+00,3.187433566281868894e-08
6.609375000000000000e+00,2.939856950955089287e-08
6.625000000000000000e+00,2.644186768349731200e-08
6.640625000000000000e+00,2.376797584985849377e-08
6.656250000000000000e+00,2.197996691032868004e-08
6.671875000000000000e+00,2.218944874598203732e-08
6.687500000000000000e+00,2.439971788265803060e-08
6.703125000000000000e+00,2.740231778882451681e-08
6.718750000000000000e+00,2.990188832948835470e-08
6.734375000000000000e+00,3.111375467203375416e-08
6.750000000000000000e+00,3.140913133069327518e-08
6.765625000000000000e+00,3.165221448595716156e-08
6.781250000000000000e+00,3.159290274689965593e-08
6.796875000000000000e+00,3.038019166659813051e-08
6.812500000000000000e+00,2.826797439688726693e-08
6.828125000000000000e+00,2.665538267973321210e-08
6.843750000000000000e+00,2.595953281875052895e-08
6.859375000000000000e+00,2.509407021859764278e-08
6.875000000000000000e+00,2.429371239089670861e-08
6.890625000000000000e+00,2.478651261982463310e-08
6.906250000000000000e+00,2.592482656281433695e-08
6.921875000000000000e+00,2.614942903500735806e-08
6.937500000000000000e+00,2.525223838254071862e-08
6.953125000000000000e+00,2.487084932296150291e-08
6.968750000000000000e+00,2.619475833374642262e-08
6.984375000000000000e+00,2.742395405521936475e-08
7.000000000000000000e+00,2.738853707849026431e-08
7.015625000000000000e+00,2.727776399784272489e-08
7.031250000000000000e+00,2.761735807730351567e-08
7.046875000000000000e+00,2.738152367030255700e-08
7.062500000000000000e+00,2.620629114241189757e-08
7.078125000000000000e+00,2.540548397858089947e-08
7.093750000000000000e+00,2.633297216145907051e-08
7.109375000000000000e+00,2.796613481480745316e-08
7.125000000000000000e+00,2.810113278830528471e-08
7.140625000000000000e+00,2.673471377001736195e-08
7.156250000000000000e+00,2.589966687037755219e-08
7.171875000000000000e+00,2.577319943434487249e-08
7.187500000000000000e+00,2.530038371717017489e-08
7.203125000000000000e+00,2.519922416357034199e-08
7.218750000000000000e+00,2.560756752441767637e-08
7.234375000000000000e+00,2.545200604992840055e-08
7.250000000000000000e+00,2.484065074214464712e-08
7.265625000000000000e+00,2.439867287370344750e-08
7.281250000000000000e+00,2.410806135478273721e-08
7.296875000000000000e+00,2.404642023753171622e-08
7.312500000000000000e+00,2.454210911812182558e-08
7.328125000000000000e+00,2.560865091417804852e-08
7.343750000000000000e+00,2.655970938624799752e-08
7.359375000000000000e+00,2.676052743159999887e-08
7.375000000000000000e+00,2.649230653389363628e-08
7.390625000000000000e+00,2.632387492345231025e-08
7.406250000000000000e+00,2.646158555110055228e-08
7.421875000000000000e+00,2.682095588304971922e-08
7.437500000000000000e+00,2.701534069179731817e-08
7.453125000000000000e+00,2.659015911554748294e-08
7.468750000000000000e+00,2.574020777575050975e-08
7.484375000000000000e+00,2.546622894190849002e-08
7.500000000000000000e+00,2.645117882768132507e-08
7.515625000000000000e+00,2.857970221736561424e-08
7.531250000000000000e+00,3.090046703750295157e-08
7.546875000000000000e+00,3.150733359068223321e-08
7.562500000000000000e+00,2.984852568008670621e-08
7.578125000000000000e+00,2.789050046261078714e-08
7.593750000000000000e+00,2.703863914211036925e-08
7.609375000000000000e+00,2.669053723103089184e-08
7.625000000000000000e+00,2.657426449748272416e-08
7.640625000000000000e+00,2.666952295857600599e-08
7.656250000000000000e+00,2.687645625873353100e-08
7.671875000000000000e+00,2.807229749287579320e-08
7.687500000000000000e+00,2.990818339933801176e-08
7.703125000000000000e+00,2.994129429725504026e-08
7.718750000000000000e+00,2.741069264064788131e-08
7.734375000000000000e+00,2.440630978521364011e-08
7.750000000000000000e+00,2.294332972606671426e-08
7.765625000000000000e+00,2.261404192633032521e-08
7.781250000000000000e+00,2.236340867556417420e-08
7.796875000000000000e+00,2.276504000043392427e-08
7.812500000000000000e+00,2.431828824954324064e-08
7.828125000000000000e+00,2.600521536794157255e-08
7.843750000000000000e+00,2.703926498176036298e-08
7.859375000000000000e+00,2.748275208367392372e-08
7.875000000000000000e+00,2.780559485684948067e-08
7.890625000000000000e+00,2.811668047577183550e-08
7.906250000000000000e+00,2.771582810273428981e-08
7.921875000000000000e+00,2.637081883187653004e-08
7.937500000000000000e+00,2.498827495658571685e-08
7.953125000000000000e+00,2.434383968855554892e-08
7.968750000000000000e+00,2.426979762136831186e-08
7.984375000000000000e+00,2.422967094262224980e-08
8.000000000000000000e+00,2.402542280098598028e-08
8.015625000000000000e+00,2.378107167013790740e-08
8.031250000000000000e+00,2.353852698825199512e-08
8.046875000000000000e+00,2.343024904630456682e-08
8.062500000000000000e+00,2.339797001807505031e-08
8.078125000000000000e+00,2.286483410482283850e-08
8.093750000000000000e+00,2.190428656827284985e-08
8.109375000000000000e+00,2.166472380855724340e-08
8.125000000000000000e+00,2.247900595678760594e-08
8.140625000000000000e+00,2.310188286990004372e-08
8.156250000000000000e+00,2.286572086105653176e-08
8.171875000000000000e+00,2.260268102500866583e-08
8.187500000000000000e+00,2.260024192579656036e-08
8.203125000000000000e+00,2.182137005933307917e-08
8.218750000000000000e+00,2.003163077894389425e-08
8.234375000000000000e+00,1.873232891289160244e-08
8.250000000000000000e+00,1.933208993140106434e-08
8.265625000000000000e+00,2.154309548681183804e-08
8.281250000000000000e+00,2.389803295780485248e-08
8.296875000000000000e+00,2.499628689127853329e-08
8.312500000000000000e+00,2.466340624512946313e-08
8.328125000000000000e+00,2.348546825366104455e-08
8.343750000000000000e+00,2.210958647847807038e-08
8.359375000000000000e+00,2.147474023390824953e-08
8.375000000000000000e+00,2.153251043392931860e-08
8.390625000000000000e+00,2.112448806264239554e-08
8.406250000000000000e+00,2.052072053587935032e-08
8.421875000000000000e+00,2.132315461898846506e-08
8.437500000000000000e+00,2.325778833457546062e-08
8.453125000000000000e+00,2.443547550880995772e-08
8.468750000000000000e+00,2.431587655801366987e-08
8.484375000000000000e+00,2.401388943647768925e-08
8.500000000000000000e+00,2.497383723562921691e-08
8.515625000000000000e+00,2.674780901386905711e-08
8.531250000000000000e+00,2.720301871817831285e-08
8.546875000000000000e+00,2.577519649886395242e-08
8.562500000000000000e+00,2.427082528478955638e-08
8.578125000000000000e+00,2.413876521229939474e-08
8.593750000000000000e+00,2.446017084115729468e-08
8.609375000000000000e+00,2.399075151926162989e-08
8.625000000000000000e+00,2.310707548084607602e-08
8.640625000000000000e+00,2.298683719965967839e-08
8.656250000000000000e+00,2.346123181709669355e-08
8.671875000000000000e+00,2.344452391961929271e-08
8.687500000000000000e+00,2.309120394251017678e-08
8.703125000000000000e+00,2.317357551547052897e-08
8.718750000000000000e+00,2.343121500126998583e-08
8.734375000000000000e+00,2.323485471090796550e-08
8.750000000000000000e+00,2.238468390810377440e-08
8.765625000000000000e+00,2.103003392371146935e-08
8.781250000000000000e+00,1.953013266458274118e-08
8.796875000000000000e+00,1.846169097158344181e-08
8.812500000000000000e+00,1.852552850575000062e-08
8.828125000000000000e+00,1.978514875902486979e-08
8.843750000000000000e+00,2.127599234615930920e-08
8.859375000000000000e+00,2.194130249299639729e-08
8.875000000000000000e+00,2.222457248168427889e-08
8.890625000000000000e+00,2.332220731826434668e-08
8.906250000000000000e+00,2.470973844966129377e-08
8.921875000000000000e+00,2.510424599672370303e-08
8.937500000000000000e+00,2.446963438269242955e-08
8.953125000000000000e+00,2.318592306115394765e-08
8.968750000000000000e+00,2.140809298040754764e-08
8.984375000000000000e+00,1.991625514823565906e-08
9.000000000000000000e+00,1.942683348290693539e-08
9.015625000000000000e+00,1.937426358554608086e-08
9.031250000000000000e+00,1.913413539153172984e-08
9.046875000000000000e+00,1.916442188847891187e-08
9.062500000000000000e+00,1.966949593334821311e-08
9.078125000000000000e+00,2.000522177557679166e-08
9.093750000000000000e+00,1.994636090358193984e-08
9.109375000000000000e+00,2.002787218330505807e-08
9.125000000000000000e+00,2.028809428711720595e-08
9.140625000000000000e+00,1.998930682908394799e-08
9.156250000000000000e+00,1.948569431290073538e-08
9.171875000000000000e+00,1.959506235304043829e-08
9.187500000000000000e+00,1.943440402083123373e-08
9.203125000000000000e+00,1.836591417733473134e-08
9.218750000000000000e+00,1.768814551574062603e-08
9.234375000000000000e+00,1.785156462194058870e-08
9.250000000000000000e+00,1.770703341521806365e-08
9.265625000000000000e+00,1.747347368045760738e-08
9.281250000000000000e+00,1.798382097026847183e-08
9.296875000000000000e+00,1.894142173048560690e-08
9.312500000000000000e+00,2.000103904024891860e-08
9.328125000000000000e+00,2.101589234591106655e-08
9.343750000000000000e+00,2.139728856820944957e-08
9.359375000000000000e+00,2.093086242310719422e-08
9.375000000000000000e+00,2.031369691258980815e-08
9.390625000000000000e+00,1.992192601317685238e-08
9.406250000000000000e+00,1.958063586412822732e-08
9.421875000000000000e+00,1.968804534880649194e-08
9.437500000000000000e+00,2.012458161955276845e-08
9.453125000000000000e+00,1.968858532337648506e-08
9.468750000000000000e+00,1.811294508144037208e-08
9.484375000000000000e+00,1.683924328498727993e-08
9.500000000000000000e+00,1.686085138095286294e-08
9.515625000000000000e+00,1.733886975731397196e-08
9.531250000000000000e+00,1.803223315625207556e-08
9.546875000000000000e+00,1.964894620766026704e-08
9.562500000000000000e+00,2.109905491797005064e-08
9.578125000000000000e+00,2.105384297129542393e-08
9.593750000000000000e+00,2.037861371116292246e-08
9.609375000000000000e+00,1.990366165703980623e-08
9.625000000000000000e+00,1.933264025172727267e-08
9.640625000000000000e+00,1.922260059046148709e-08
9.656250000000000000e+00,1.985295196175843153e-08
9.671875000000000000e+00,2.033156703349964414e-08
9.687500000000000000e+00,2.055234314520072161e-08
9.703125000000000000e+00,2.119361256444774086e-08
9.718750000000000000e+00,2.217863285954131913e-08
9.734375000000000000e+00,2.249086795698190344e-08
9.750000000000000000e+00,2.146487845785413196e-08
9.765625000000000000e+00,1.980646722116644892e-08
9.781250000000000000e+00,1.878649502363677458e-08
9.796875000000000000e+00,1.839989491600154813e-08
9.812500000000000000e+00,1.808888170333310548e-08
9.828125000000000000e+00,1.790505222974431695e-08
9.843750000000000000e+00,1.756886677742215870e-08
9.859375000000000000e+00,1.674783951254518886e-08
9.875000000000000000e+00,1.612905933167869713e-08
9.890625000000000000e+00,1.677316300487921060e-08
9.906250000000000000e+00,1.824862963108157741e-08
9.921875000000000000e+00,1.920824555772095714e-08
9.937500000000000000e+00,1.918624033035727640e-08
9.953125000000000000e+00,1.828223660195941270e-08
9.968750000000000000e+00,1.691453072987857821e-08
9.984375000000000000e+00,1.627372629964744680e-08
1.000000000000000000e+01,1.694998939247639148e-08
1.001562500000000000e+01,1.822826309310422768e-08
1.003125000000000000e+01,1.958801943343139715e-08
1.004687500000000000e+01,2.064892911547572940e-08
1.006250000000000000e+01,2.069084113606335790e-08
1.007812500000000000e+01,1.985112624578095694e-08
1.009375000000000000e+01,1.944370431651891129e-08
1.010937500000000000e+01,1.988708501613638657e-08
1.012500000000000000e+01,1.980649072994414800e-08
1.014062500000000000e+01,1.827241646042278443e-08
1.015625000000000000e+01,1.614399867003904184e-08
1.017187500000000000e+01,1.545392378339716109e-08
1.018750000000000000e+01,1.721150418774460088e-08
1.020312500000000000e+01,1.926855634611815592e-08
1.021875000000000000e+01,1.908911361270545737e-08
1.023437500000000000e+01,1.734954081955871111e-08
1.025000000000000000e+01,1.706460746554811929e-08
1.026562500000000000e+01,1.820190588088983284e-08
1.028125000000000000e+01,1.846347086924194158e-08
1.029687500000000000e+01,1.776154130705211990e-08
1.031250000000000000e+01,1.738244672321300561e-08
1.032812500000000000e+01,1.726545436279859288e-08
1.034375000000000000e+01,1.642023981854544671e-08
1.035937500000000000e+01,1.510620844023681123e-08
1.037500000000000000e+01,1.448338387785667577e-08
1.039062500000000000e+01,1.478126921967720064e-08
1.040625000000000000e+01,1.564746226650129406e-08
1.042187500000000000e+01,1.702480701039966532e-08
1.043750000000000000e+01,1.838775796126390407e-08
1.045312500000000000e+01,1.876047184252703819e-08
1.046875000000000000e+01,1.797561671343613643e-08
1.048437500000000000e+01,1.700320707313823105e-08
1.050000000000000000e+01,1.689242411240557293e-08
1.051562500000000000e+01,1.761276062318687849e-08
1.053125000000000000e+01,1.811578288420805025e-08
1.054687500000000000e+01,1.781996845525948974e-08
1.056250000000000000e+01,1.757677406538094780e-08
1.057812500000000000e+01,1.798390187131658343e-08
1.059375000000000000e+01,1.804919447720049603e-08
1.060937500000000000e+01,1.733092592711436441e-08
1.062500000000000000e+01,1.664308546963784063e-08
1.064062500000000000e+01,1.628623124067272082e-08
1.065625000000000000e+01,1.602526736867485096e-08
1.067187500000000000e+01,1.638030062350046090e-08
1.068750000000000000e+01,1.760140785274187052e-08
1.070312500000000000e+01,1.843280272366404781e-08
1.071875000000000000e+01,1.775295847844334755e-08
1.073437500000000000e+01,1.645690448411275628e-08
1.075000000000000000e+01,1.654518949528795185e-08
1.076562500000000000e+01,1.762111163175831114e-08
1.078125000000000000e+01,1.808995596560807450e-08
1.079687500000000000e+01,1.843808027565639239e-08
1.081250000000000000e+01,1.943762311500012868e-08
1.082812500000000000e+01,2.008341668712176142e-08
1.084375000000000000e+01,1.967937359284407082e-08
1.085937500000000000e+01,1.878570541793286771e-08
1.087500000000000000e+01,1.834863627285540572e-08
1.089062500000000000e+01,1.882710651571077668e-08
1.090625000000000000e+01,1.927091599021870573e-08
1.092187500000000000e+01,1.889374392637331353e-08
1.093750000000000000e+01,1.866283230304908128e-08
1.095312500000000000e+01,1.921034499809085929e-08
1.096875000000000000e+01,1.920158207673236190e-08
1.098437500000000000e+01,1.781813389080986372e-08
1.100000000000000000e+01,1.640355189234794433e-08
1.101562500000000000e+01,1.643197100696521663e-08
1.103125000000000000e+01,1.729321470816659406e-08
1.104687500000000000e+01,1.799950159963393518e-08
1.106250000000000000e+01,1.853634935250449713e-08
1.107812500000000000e+01,1.912245734984876836e-08
1.109375000000000000e+01,1.935796807533948455e-08
1.110937500000000000e+01,1.880276846009923620e-08
1.112500000000000000e+01,1.805433200998822312e-08
1.114062500000000000e+01,1.789290627620921196e-08
1.115625000000000000e+01,1.804639910919692965e-08
1.117187500000000000e+01,1.784603110923451675e-08
1.118750000000000000e+01,1.722615926969958770e-08
1.120312500000000000e+01,1.670166388222508309e-08
1.121875000000000000e+01,1.663817722469533498e-08
1.123437500000000000e+01,1.681111095229068373e-08
1.125000000000000000e+01,1.677167638050717683e-08
1.126562500000000000e+01,1.669132019735131130e-08
1.128125000000000000e+01,1.720221715007758923e-08
1.129687500000000000e+01,1.821368266341847006e-08
1.131250000000000000e+01,1.884791584165754098e-08
1.132812500000000000e+01,1.859609736211892752e-08
1.134375000000000000e+01,1.790764683728732392e-08
1.135937500000000000e+01,1.747068362597764664e-08
1.137500000000000000e+01,1.735833928684941276e-08
1.139062500000000000e+01,1.720448520283101461e-08
1.140625000000000000e+01,1.687697779604059980e-08
1.142187500000000000e+01,1.661506387674649953e-08
1.143750000000000000e+01,1.662935190231615954e-08
1.145312500000000000e+01,1.712271807651064645e-08
1.146875000000000000e+01,1.803222545533668692e-08
1.148437500000000000e+01,1.882423093513674264e-08
1.150000000000000000e+01,1.906753330150953269e-08
1.151562500000000000e+01,1.874495412763359661e-08
1.153125000000000000e+01,1.803621178687881265e-08
1.154687500000000000e+01,1.719817656572935757e-08
1.156250000000000000e+01,1.668226610608119749e-08
1.157812500000000000e+01,1.682722508904437629e-08
1.159375000000000000e+01,1.751208088680744453e-08
1.160937500000000000e+01,1.835825793171191679e-08
1.162500000000000000e+01,1.878025720469166191e-08
1.164062500000000000e+01,1.830388010174960891e-08
1.165625000000000000e+01,1.714423610004015004e-08
1.167187500000000000e+01,1.588190124594971542e-08
1.168750000000000000e+01,1.492098847063889962e-08
1.170312500000000000e+01,1.460737559008969830e-08
1.171875000000000000e+01,1.529928433493478188e-08
1.173437500000000000e+01,1.668455432532679670e-08
1.175000000000000000e+01,1.761731161002029878e-08
1.176562500000000000e+01,1.729483618205453937e-08
1.178125000000000000e+01,1.605017605627414062e-08
1.179687500000000000e+01,1.513643555069296201e-08
1.181250000000000000e+01,1.496231032728168373e-08
1.182812500000000000e+01,1.437145864113266675e-08
1.184375000000000000e+01,1.288487052036336620e-08
1.185937500000000000e+01,1.143994391512583347e-08
1.187500000000000000e+01,1.069043754941250137e-08
1.189062500000000000e+01,1.096897696779153390e-08
1.190625000000000000e+01,1.261948750217823151e-08
1.192187500000000000e+01,1.458048005049245919e-08
1.193750000000000000e+01,1.584567597681759930e-08
1.195312500000000000e+01,1.641324784920368966e-08
1.196875000000000000e+01,1.674178858467226127e-08
1.198437500000000000e+01,1.706231036461907367e-08
1.200000000000000000e+01,1.722135010070953559e-08
1.201562500000000000e+01,1.721586916832684549e-08
1.203125000000000000e+01,1.716837578968881246e-08
1.204687500000000000e+01,1.703105873488110061e-08
1.206250000000000000e+01,1.680617257242029010e-08
1.207812500000000000e+01,1.677031233245111855e-08
1.209375000000000000e+01,1.700505012768900097e-08
1.210937500000000000e+01,1.707157042779181041e-08
1.212500000000000000e+01,1.658374694407349183e-08
1.214062500000000000e+01,1.615884556937795543e-08
1.215625000000000000e+01,1.661965855307076784e-08
1.217187500000000000e+01,1.738973592126147234e-08
1.218750000000000000e+01,1.766409228158294925e-08
1.220312500000000000e+01,1.722576079237343914e-08
1.221875000000000000e+01,1.638574173424255825e-08
1.223437500000000000e+01,1.603005755238240549e-08
1.225000000000000000e+01,1.641590435834708089e-08
1.226562500000000000e+01,1.669293871669331007e-08
1.228125000000000000e+01,1.610644421750219687e-08
1.229687500000000000e+01,1.503684171796560694e-08
1.231250000000000000e+01,1.478772264036799287e-08
1.232812500000000000e+01,1.582172042067648572e-08
1.234375000000000000e+01,1.727548444715173980e-08
1.235937500000000000e+01,1.834844417341522168e-08
1.237500000000000000e+01,1.863878446241367212e-08
1.239062500000000000e+01,1.820674210642028576e-08
1.240625000000000000e+01,1.765433027283066535e-08
1.242187500000000000e+01,1.739632766270221373e-08
1.243750000000000000e+01,1.751415456247106394e-08
1.245312500000000000e+01,1.774992573007408803e-08
1.246875000000000000e+01,1.734072798942550723e-08
1.248437500000000000e+01,1.619149805993992830e-08
1.250000000000000000e+01,1.547954718866308429e-08
1.251562500000000000e+01,1.605139395416171270e-08
1.253125000000000000e+01,1.714499201730297705e-08
1.254687500000000000e+01,1.774487277224940755e-08
1.256250000000000000e+01,1.768195206380992380e-08
1.257812500000000000e+01,1.705605609128172183e-08
1.259375000000000000e+01,1.572917707617575241e-08
1.260937500000000000e+01,1.425794912048829234e-08
1.262500000000000000e+01,1.403773315329293141e-08
1.264062500000000000e+01,1.469033851408194249e-08
1.265625000000000000e+01,1.459049616541472127e-08
1.267187500000000000e+01,1.373040233053755976e-08
1.268750000000000000e+01,1.336549666729156011e-08
1.270312500000000000e+01,1.390940179253103854e-08
1.271875000000000000e+01,1.453308720324169750e-08
1.273437500000000000e+01,1.485366709941646209e-08
1.275000000000000000e+01,1.526591374646544134e-08
1.276562500000000000e+01,1.600325079103479316e-08
1.278125000000000000e+01,1.708913270986675855e-08
1.279687500000000000e+01,1.800928389737785284e-08
1.281250000000000000e+01,1.784673428245140361e-08
1.282812500000000000e+01,1.672037333624646388e-08
1.284375000000000000e+01,1.559399726901684307e-08
1.285937500000000000e+01,1.508104089701298726e-08
1.287500000000000000e+01,1.527893725226335943e-08
1.289062500000000000e+01,1.586593916546673978e-08
1.290625000000000000e+01,1.627622594805120353e-08
1.292187500000000000e+01,1.640199807705766391e-08
1.293750000000000000e+01,1.655673321444017958e-08
1.295312500000000000e+01,1.656667129488112992e-08
1.296875000000000000e+01,1.621942359195635730e-08
1.298437500000000000e+01,1.613829338547991591e-08
1.300000000000000000e+01,1.697108449932710085e-08
1.301562500000000000e+01,1.772663396830451314e-08
1.303125000000000000e+01,1.700829515407920127e-08
1.304687500000000000e+01,1.536953720614302641e-08
1.306250000000000000e+01,1.463229315659874225e-08
1.307812500000000000e+01,1.514990053390871052e-08
1.309375000000000000e+01,1.578721450693769439e-08
1.310937500000000000e+01,1.583093782772831965e-08
1.312500000000000000e+01,1.554186837209360177e-08
1.314062500000000000e+01,1.541956468512083427e-08
1.315625000000000000e+01,1.550372325612035536e-08
1.317187500000000000e+01,1.568381202261650064e-08
1.318750000000000000e+01,1.569456815827478702e-08
1.320312500000000000e+01,1.553862955527287398e-08
1.321875000000000000e+01,1.560715924679062595e-08
1.323437500000000000e+01,1.583187128848102963e-08
1.325000000000000000e+01,1.595095198779511181e-08
1.326562500000000000e+01,1.598952480027313203e-08
1.328125000000000000e+01,1.579043784668664457e-08
1.329687500000000000e+01,1.543174316742828075e-08
1.331250000000000000e+01,1.542446481744128745e-08
1.332812500000000000e+01,1.549899216566975416e-08
1.334375000000000000e+01,1.520102096663543012e-08
1.335937500000000000e+01,1.477871650594009166e-08
1.337500000000000000e+01,1.434847601886144019e-08
1.339062500000000000e+01,1.418233711686198989e-08
1.340625000000000000e+01,1.486803408690310260e-08
1.342187500000000000e+01,1.614810049739759782e-08
1.343750000000000000e+01,1.717292846461069184e-08
1.345312500000000000e+01,1.739206568558228222e-08
1.346875000000000000e+01,1.694018985804900663e-08
1.348437500000000000e+01,1.670581490790614570e-08
1.350000000000000000e+01,1.725059720619090167e-08
1.351562500000000000e+01,1.760021151190914595e-08
1.353125000000000000e+01,1.685681010708112333e-08
1.354687500000000000e+01,1.581902756565773383e-08
1.356250000000000000e+01,1.577632254107136403e-08
1.357812500000000000e+01,1.670260165225800487e-08
1.359375000000000000e+01,1.739246946200860389e-08
1.360937500000000000e+01,1.688231333847754118e-08
1.362500000000000000e+01,1.548825713852588444e-08
1.364062500000000000e+01,1.447245413990574343e-08
1.365625000000000000e+01,1.463806597890136846e-08
1.367187500000000000e+01,1.534776147641991095e-08
1.368750000000000000e+01,1.553726272327047474e-08
1.370312500000000000e+01,1.505997579049221010e-08
1.371875000000000000e+01,1.456167940597250079e-08
1.373437500000000000e+01,1.450392380330491501e-08
1.375000000000000000e+01,1.458882340644318848e-08
1.376562500000000000e+01,1.445796202793549133e-08
1.378125000000000000e+01,1.433876401905876518e-08
1.379687500000000000e+01,1.447625445179782009e-08
1.381250000000000000e+01,1.480415427895187411e-08
1.382812500000000000e+01,1.505203749710374464e-08
1.384375000000000000e+01,1.484423926541741555e-08
1.385937500000000000e+01,1.410125515049232577e-08
1.387500000000000000e+01,1.315757003249885557e-08
1.389062500000000000e+01,1.266435217683335761e-08
1.390625000000000000e+01,1.312397233889409530e-08
1.392187500000000000e+01,1.422305436402956651e-08
1.393750000000000000e+01,1.511870461198177376e-08
1.395312500000000000e+01,1.511432281490049659e-08
1.396875000000000000e+01,1.429110467136659287e-08
1.398437500000000000e+01,1.342691911257275728e-08
1.400000000000000000e+01,1.268299346090224101e-08
1.401562500000000000e+01,1.178043629213363021e-08
1.403125000000000000e+01,1.176117165559758698e-08
1.404687500000000000e+01,1.348835349319900531e-08
1.406250000000000000e+01,1.534792218869594616e-08
1.407812500000000000e+01,1.588018433145854039e-08
1.409375000000000000e+01,1.561425420154468868e-08
1.410937500000000000e+01,1.562457862723909128e-08
1.412500000000000000e+01,1.579829591903461400e-08
1.414062500000000000e+01,1.586787144396914834e-08
1.415625000000000000e+01,1.599893184370977995e-08
1.417187500000000000e+01,1.606852457922641488e-08
1.418750000000000000e+01,1.598026968109262627e-08
1.420312500000000000e+01,1.595491239558001148e-08
1.421875000000000000e+01,1.623248420163288582e-08
1.423437500000000000e+01,1.663257350105222219e-08
1.425000000000000000e+01,1.647243867150210530e-08
1.426562500000000000e+01,1.544458696372270155e-08
1.428125000000000000e+01,1.431035235015372266e-08
1.429687500000000000e+01,1.408375805038043564e-08
1.431250000000000000e+01,1.462560945027637774e-08
1.432812500000000000e+01,1.515733817241257360e-08
1.434375000000000000e+01,1.529371168053140787e-08
1.435937500000000000e+01,1.503965616413973250e-08
1.437500000000000000e+01,1.477277181079674786e-08
1.439062500000000000e+01,1.502752612539578826e-08
1.440625000000000000e+01,1.571371553804020459e-08
1.442187500000000000e+01,1.590929386098367037e-08
1.443750000000000000e+01,1.490583775621069868e-08
1.445312500000000000e+01,1.324684659341079356e-08
1.446875000000000000e+01,1.256309717603510456e-08
1.448437500000000000e+01,1.326005195805529670e-08
1.450000000000000000e+01,1.360266951388591401e-08
1.451562500000000000e+01,1.274664457438422395e-08
1.453125000000000000e+01,1.185733800646976680e-08
1.454687500000000000e+01,1.213085151099298736e-08
1.456250000000000000e+01,1.334916330005043823e-08
1.457812500000000000e+01,1.468589011377651244e-08
1.459375000000000000e+01,1.505638257191234660e-08
1.460937500000000000e+01,1.420691412323622323e-08
1.462500000000000000e+01,1.368567938061873933e-08
1.464062500000000000e+01,1.416897734490623957e-08
1.465625000000000000e+01,1.421943748237869414e-08
1.467187500000000000e+01,1.357632171331488834e-08
1.468750000000000000e+01,1.300328216224579237e-08
1.470312500000000000e+01,1.272405742196393035e-08
1.471875000000000000e+01,1.296018913117592011e-08
1.473437500000000000e+01,1.363615481856239801e-08
1.475000000000000000e+01,1.417828308003744568e-08
1.476562500000000000e+01,1.440721689958475787e-08
1.478125000000000000e+01,1.436652906294223674e-08
1.479687500000000000e+01,1.389626144644155234e-08
1.481250000000000000e+01,1.304651786358061023e-08
1.482812500000000000e+01,1.250432351564202465e-08
1.484375000000000000e+01,1.272130668006627607e-08
1.485937500000000000e+01,1.319976604101863813e-08
1.487500000000000000e+01,1.350940310543433329e-08
1.489062500000000000e+01,1.381396166241580133e-08
1.490625000000000000e+01,1.426234756269655044e-08
1.492187500000000000e+01,1.459595405426665208e-08
1.493750000000000000e+01,1.479320949713757239e-08
1.495312500000000000e+01,1.500941019497775703e-08
1.496875000000000000e+01,1.480526424465418805e-08
1.498437500000000000e+01,1.396143107390789305e-08
1.500000000000000000e+01,1.337653451341323502e-08
1.501562500000000000e+01,1.342329814645558111e-08
1.503125000000000000e+01,1.314161326038689152e-08
1.504687500000000000e+01,1.233617500050028871e-08
1.506250000000000000e+01,1.188264477776642129e-08
1.507812500000000000e+01,1.224498706598179429e-08
1.509375000000000000e+01,1.319337535254868818e-08
1.510937500000000000e+01,1.414072798954596736e-08
1.512500000000000000e+01,1.452839669548337401e-08
1.514062500000000000e+01,1.428486579852435323e-08
1.515625000000000000e+01,1.385952787394061754e-08
1.517187500000000000e+01,1.394449700747969823e-08
1.518750000000000000e+01,1.461996907494893074e-08
1.520312500000000000e+01,1.521045137795183513e-08
1.521875000000000000e+01,1.532774565473599529e-08
1.523437500000000000e+01,1.500382675106046879e-08
1.525000000000000000e+01,1.416680219542685279e-08
1.526562500000000000e+01,1.288489017689785860e-08
1.528125000000000000e+01,1.205234143671539149e-08
1.529687500000000000e+01,1.249918702666811105e-08
1.531250000000000000e+01,1.338616829101386115e-08
1.532812500000000000e+01,1.374555099302088554e-08
1.534375000000000000e+01,1.375286781830517940e-08
1.535937500000000000e+01,1.384284522636799063e-08
1.537500000000000000e+01,1.397288485735269032e-08
1.539062500000000000e+01,1.403455173127269859e-08
1.540625000000000000e+01,1.426558408070265545e-08
1.542187500000000000e+01,1.455689622270377111e-08
1.543750000000000000e+01,1.436157076513543269e-08
1.545312500000000000e+01,1.378620853557822478e-08
1.546875000000000000e+01,1.367530874612679463e-08
1.548437500000000000e+01,1.441398462146185045e-08
1.550000000000000000e+01,1.535516455961496168e-08
1.551562500000000000e+01,1.564260152621758237e-08
1.553125000000000000e+01,1.515322636961417811e-08
1.554687500000000000e+01,1.438622522205752995e-08
1.556250000000000000e+01,1.376321624489363955e-08
1.557812500000000000e+01,1.341177425893042512e-08
1.559375000000000000e+01,1.323480445523208489e-08
1.560937500000000000e+01,1.316585480125095213e-08
1.562500000000000000e+01,1.314986368748793687e-08
1.564062500000000000e+01,1.299650922300944278e-08
1.565625000000000000e+01,1.271697759163032530e-08
1.567187500000000000e+01,1.251950277267297767e-08
1.568750000000000000e+01,1.241772759499479458e-08
1.570312500000000000e+01,1.227103223340124361e-08
1.571875000000000000e+01,1.237035852796021453e-08
1.573437500000000000e+01,1.311621441962820215e-08
1.575000000000000000e+01,1.390568996905402452e-08
1.576562500000000000e+01,1.414408849528513094e-08
1.578125000000000000e+01,1.411129377912323101e-08
1.579687500000000000e+01,1.398677861947823765e-08
1.581250000000000000e+01,1.392271578571776759e-08
1.582812500000000000e+01,1.425394535712538317e-08
1.584375000000000000e+01,1.456790641290987905e-08
1.585937500000000000e+01,1.437618479115935351e-08
1.587500000000000000e+01,1.408170187695305496e-08
1.589062500000000000e+01,1.420344860320365290e-08
1.590625000000000000e+01,1.450402544329212048e-08
1.592187500000000000e+01,1.443694606499505968e-08
1.593750000000000000e+01,1.387508515757857585e-08
1.595312500000000000e+01,1.304849513317694161e-08
1.596875000000000000e+01,1.228291486777402524e-08
1.598437500000000000e+01,1.190646928097540666e-08
1.600000000000000000e+01,1.201118388856077691e-08
1.601562500000000000e+01,1.234665136391414754e-08
1.603125000000000000e+01,1.276404874394074071e-08
1.604687500000000000e+01,1.340367488229154478e-08
1.606250000000000000e+01,1.401266619659557502e-08
1.607812500000000000e+01,1.385675780937761441e-08
1.609375000000000000e+01,1.272801581800384077e-08
1.610937500000000000e+01,1.154542891126802261e-08
1.612500000000000000e+01,1.149055784206210912e-08
1.614062500000000000e+01,1.213205378826197258e-08
1.615625000000000000e+01,1.219707020473984335e-08
1.617187500000000000e+01,1.155280610400285803e-08
1.618750000000000000e+01,1.107942320912561572e-08
1.620312500000000000e+01,1.104050307513271723e-08
1.621875000000000000e+01,1.085722203661651847e-08
1.623437500000000000e+01,1.057330061629931900e-08
1.625000000000000000e+01,1.085386696476362104e-08
1.626562500000000000e+01,1.180744039348702888e-08
1.628125000000000000e+01,1.287786142629891227e-08
1.629687500000000000e+01,1.341097337691155267e-08
1.631250000000000000e+01,1.331238140857228561e-08
1.632812500000000000e+01,1.316987703106994801e-08
1.634375000000000000e+01,1.319177223291935162e-08
1.635937500000000000e+01,1.324008481839053980e-08
1.637500000000000000e+01,1.346281685645266874e-08
1.639062500000000000e+01,1.358490302737662042e-08
1.640625000000000000e+01,1.297541156246221051e-08
1.642187500000000000e+01,1.158361943846705581e-08
1.643750000000000000e+01,1.022652982242181926e-08
1.645312500000000000e+01,1.016083408185078470e-08
1.646875000000000000e+01,1.137731338930220272e-08
1.648437500000000000e+01,1.267811352427185406e-08
1.650000000000000000e+01,1.359732028616550728e-08
1.651562500000000000e+01,1.423999682475467960e-08
1.653125000000000000e+01,1.433680776149126788e-08
1.654687500000000000e+01,1.359712660043180474e-08
1.656250000000000000e+01,1.273694020160136472e-08
1.657812500000000000e+01,1.285331785199233292e-08
1.659375000000000000e+01,1.346738870250847542e-08
1.660937500000000000e+01,1.342040253920918622e-08
1.662500000000000000e+01,1.264226633998098296e-08
1.664062500000000000e+01,1.187968921750304219e-08
1.665625000000000000e+01,1.171809682949311038e-08
1.667187500000000000e+01,1.199890648653428255e-08
1.668750000000000000e+01,1.210590719775218586e-08
1.670312500000000000e+01,1.190118877493475401e-08
1.671875000000000000e+01,1.188078060971647229e-08
1.673437500000000000e+01,1.205874573050908351e-08
1.675000000000000000e+01,1.202213996989568475e-08
1.676562500000000000e+01,1.200163913361561885e-08
1.678125000000000000e+01,1.252990572919028738e-08
1.679687500000000000e+01,1.345349492228790882e-08
1.681250000000000000e+01,1.397629769072309116e-08
1.682812500000000000e+01,1.366026200580404548e-08
1.684375000000000000e+01,1.307546664633274139e-08
1.685937500000000000e+01,1.290880436145964240e-08
1.687500000000000000e+01,1.284256107945881771e-08
1.689062500000000000e+01,1.241190852918091487e-08
1.690625000000000000e+01,1.187873731980532338e-08
1.692187500000000000e+01,1.187192702080439668e-08
1.693750000000000000e+01,1.234060473896169827e-08
1.695312500000000000e+01,1.242389617253854428e-08
1.696875000000000000e+01,1.204215440212053952e-08
1.698437500000000000e+01,1.213811484697287989e-08
1.700000000000000000e+01,1.280861913622403741e-08
1.701562500000000000e+01,1.313363596279138461e-08
1.703125000000000000e+01,1.273512027616426441e-08
1.704687500000000000e+01,1.210113762313966410e-08
1.706250000000000000e+01,1.167607048624815286e-08
1.707812500000000000e+01,1.132437092779580650e-08
1.709375000000000000e+01,1.095658794190269618e-08
1.710937500000000000e+01,1.082937056717356692e-08
1.712500000000000000e+01,1.085111478575130860e-08
1.714062500000000000e+01,1.051923367406148523e-08
1.715625000000000000e+01,9.765754803332327693e-09
1.717187500000000000e+01,9.154422472412892417e-09
1.718750000000000000e+01,9.280964758016860826e-09
1.720312500000000000e+01,1.014644008100682140e-08
1.721875000000000000e+01,1.138774960780695416e-08
1.723437500000000000e+01,1.252632587649077140e-08
1.725000000000000000e+01,1.281872369794311956e-08
1.726562500000000000e+01,1.191474380959672832e-08
1.728125000000000000e+01,1.054363079522023254e-08
1.729687500000000000e+01,9.819361674723378406e-09
1.731250000000000000e+01,1.000703998734614772e-08
1.732812500000000000e+01,1.061238737144042343e-08
1.734375000000000000e+01,1.126714158699606371e-08
1.735937500000000000e+01,1.191821483613751610e-08
1.737500000000000000e+01,1.239318565404876387e-08
1.739062500000000000e+01,1.228562884728556375e-08
1.740625000000000000e+01,1.154545857421795400e-08
1.742187500000000000e+01,1.078258420124223120e-08
1.743750000000000000e+01,1.066002157055345986e-08
1.745312500000000000e+01,1.140696317574572012e-08
1.746875000000000000e+01,1.252498506051200878e-08
1.748437500000000000e+01,1.320934824636082918e-08
1.750000000000000000e+01,1.326976898357256678e-08
1.751562500000000000e+01,1.297335081129469706e-08
1.753125000000000000e+01,1.268990488615825504e-08
1.754687500000000000e+01,1.274619114164459503e-08
1.756250000000000000e+01,1.294914270425207215e-08
1.757812500000000000e+01,1.303740749063825147e-08
1.759375000000000000e+01,1.326083551035379584e-08
1.760937500000000000e+01,1.348787268347663269e-08
1.762500000000000000e+01,1.308311424262044675e-08
1.764062500000000000e+01,1.211978775648716694e-08
1.765625000000000000e+01,1.150358771117825500e-08
1.767187500000000000e+01,1.168387600178607231e-08
1.768750000000000000e+01,1.215296155217995991e-08
1.770312500000000000e+01,1.252828618988237507e-08
1.771875000000000000e+01,1.298709730312841892e-08
1.773437500000000000e+01,1.373080697259493921e-08
1.775000000000000000e+01,1.428958233469084988e-08
1.776562500000000000e+01,1.382646615449787372e-08
1.778125000000000000e+01,1.231658467886944660e-08
1.779687500000000000e+01,1.115151938458786514e-08
1.781250000000000000e+01,1.173934714937666390e-08
1.782812500000000000e+01,1.328733303869443908e-08
1.784375000000000000e+01,1.426190913597906255e-08
1.785937500000000000e+01,1.418771980264858541e-08
1.787500000000000000e+01,1.338839185996589735e-08
1.789062500000000000e+01,1.232054487179680598e-08
1.790625000000000000e+01,1.146467021481960855e-08
1.792187500000000000e+01,1.099704899263274553e-08
1.793750000000000000e+01,1.078588245174635812e-08
1.795312500000000000e+01,1.088976636083581890e-08
1.796875000000000000e+01,1.117864786670710098e-08
1.798437500000000000e+01,1.149287760062378494e-08
1.800000000000000000e+01,1.205010815374882979e-08
1.801562500000000000e+01,1.270056750951184927e-08
1.803125000000000000e+01,1.286109264226629710e-08
1.804687500000000000e+01,1.251511266482340604e-08
1.806250000000000000e+01,1.213541384214704790e-08
1.807812500000000000e+01,1.170551148381629455e-08
1.809375000000000000e+01,1.094825065265889878e-08
1.810937500000000000e+01,1.023710892681553539e-08
1.812500000000000000e+01,1.033067615681741928e-08
1.814062500000000000e+01,1.098184847012913829e-08
1.815625000000000000e+01,1.128157462822367854e-08
1.817187500000000000e+01,1.110510386463524540e-08
1.818750000000000000e+01,1.091476414722260103e-08
1.820312500000000000e+01,1.091502826743490304e-08
1.821875000000000000e+01,1.085504386445662581e-08
1.823437500000000000e+01,1.046053438082125069e-08
1.825000000000000000e+01,1.008289140760032421e-08
1.826562500000000000e+01,1.011662195720048477e-08
1.828125000000000000e+01,1.001676500500331029e-08
1.829687500000000000e+01,9.500478516424132001e-09
1.831250000000000000e+01,9.345227843976713283e-09
1.832812500000000000e+01,9.889703981407518772e-09
1.834375000000000000e+01,1.059993106735937213e-08
1.835937500000000000e+01,1.125365780125052619e-08
1.837500000000000000e+01,1.162001704937525080e-08
1.839062500000000000e+01,1.148887326658629607e-08
1.840625000000000000e+01,1.127197895669516251e-08
1.842187500000000000e+01,1.119565488470647501e-08
1.843750000000000000e+01,1.104914895322958496e-08
1.845312500000000000e+01,1.097315144550162758e-08
1.846875000000000000e+01,1.114450057150739107e-08
1.848437500000000000e+01,1.123818081493007984e-08
1.850000000000000000e+01,1.081314854085100770e-08
1.851562500000000000e+01,9.988546291930089084e-09
1.853125000000000000e+01,9.681274244793748094e-09
1.854687500000000000e+01,1.050870012891245423e-08
1.856250000000000000e+01,1.151894543809945883e-08
1.857812500000000000e+01,1.174391426389697255e-08
1.859375000000000000e+01,1.147044799113494491e-08
1.860937500000000000e+01,1.153748399773185896e-08
1.862500000000000000e+01,1.212910554986425339e-08
1.864062500000000000e+01,1.279910515638135326e-08
1.865625000000000000e+01,1.316400186489113142e-08
1.867187500000000000e+01,1.293894001756553433e-08
1.868750000000000000e+01,1.221824773029493093e-08
1.870312500000000000e+01,1.172859911944963498e-08
1.871875000000000000e+01,1.177993290451697894e-08
1.873437500000000000e+01,1.184503411970371563e-08
1.875000000000000000e+01,1.151917611275181004e-08
1.876562500000000000e+01,1.087528247027283327e-08
1.878125000000000000e+01,1.027545780937283286e-08
1.879687500000000000e+01,1.004879374948030967e-08
1.881250000000000000e+01,1.030620993269769739e-08
1.882812500000000000e+01,1.079010985566208979e-08
1.884375000000000000e+01,1.146867087125283432e-08
1.885937500000000000e+01,1.252313927436336542e-08
1.887500000000000000e+01,1.320253399515025779e-08
1.889062500000000000e+01,1.274721571889713882e-08
1.890625000000000000e+01,1.162048704960294808e-08
1.892187500000000000e+01,1.086567531240109361e-08
1.893750000000000000e+01,1.066293198707700105e-08
1.895312500000000000e+01,1.039385962666747598e-08
1.896875000000000000e+01,9.897617681643483381e-09
1.898437500000000000e+01,9.706421138353515789e-09
1.900000000000000000e+01,1.020697825811882787e-08
1.901562500000000000e+01,1.089497503337771835e-08
1.903125000000000000e+01,1.110801720919114107e-08
1.904687500000000000e+01,1.085492025230249080e-08
1.906250000000000000e+01,1.057782694296983739e-08
1.907812500000000000e+01,1.059580990691838148e-08
1.909375000000000000e+01,1.078716297689775697e-08
1.910937500000000000e+01,1.087014991634093202e-08
1.912500000000000000e+01,1.088075421846410165e-08
1.914062500000000000e+01,1.112097575614142446e-08
1.915625000000000000e+01,1.173815432482731010e-08
1.917187500000000000e+01,1.246644845707991209e-08
1.918750000000000000e+01,1.287215184921493180e-08
1.920312500000000000e+01,1.273049613395415924e-08
1.921875000000000000e+01,1.207089905915194394e-08
1.923437500000000000e+01,1.097404489226546815e-08
1.925000000000000000e+01,9.793764017347414188e-09
1.926562500000000000e+01,9.512417582911391713e-09
1.928125000000000000e+01,1.066938008637150773e-08
1.929687500000000000e+01,1.200697053479681834e-08
1.931250000000000000e+01,1.215560351171430928e-08
1.932812500000000000e+01,1.108393345420920415e-08
1.934375000000000000e+01,9.816790095109539889e-09
1.935937500000000000e+01,9.443055528751949481e-09
1.937500000000000000e+01,9.812918041335836738e-09
1.939062500000000000e+01,1.017433437339706222e-08
1.940625000000000000e+01,1.058845196134544506e-08
1.942187500000000000e+01,1.122903832682175468e-08
1.943750000000000000e+01,1.163216210583130891e-08
1.945312500000000000e+01,1.153752731873694982e-08
1.946875000000000000e+01,1.120019434626743942e-08
1.948437500000000000e+01,1.088718881832443362e-08
1.950000000000000000e+01,1.085576607728725782e-08
1.951562500000000000e+01,1.117874912640314670e-08
1.953125000000000000e+01,1.144431287913776901e-08
1.954687500000000000e+01,1.142173391787248867e-08
1.956250000000000000e+01,1.136139300873402754e-08
1.957812500000000000e+01,1.145359774112230014e-08
1.959375000000000000e+01,1.171292023376114983e-08
1.960937500000000000e+01,1.208605163398692543e-08
1.962500000000000000e+01,1.242068528258074407e-08
1.964062500000000000e+01,1.259104258364220269e-08
1.965625000000000000e+01,1.228317536829075537e-08
1.967187500000000000e+01,1.133366077777401942e-08
1.968750000000000000e+01,1.029505966589550188e-08
1.970312500000000000e+01,9.792831631267263038e-09
1.971875000000000000e+01,9.773902674934204764e-09
1.973437500000000000e+01,9.864736309652785456e-09
1.975000000000000000e+01,9.930067110277978973e-09
1.976562500000000000e+01,1.005299487711285456e-08
1.978125000000000000e+01,1.007985073155952976e-08
1.979687500000000000e+01,1.005926550485630082e-08
1.981250000000000000e+01,1.055317737067228548e-08
1.982812500000000000e+01,1.134270346064395828e-08
1.984375000000000000e+01,1.157127607575447781e-08
1.985937500000000000e+01,1.110623369521581932e-08
1.987500000000000000e+01,1.037836338747451392e-08
1.989062500000000000e+01,9.832785371702140181e-09
1.990625000000000000e+01,9.785411757414945612e-09
1.992187500000000000e+01,1.001019853480289177e-08
1.993750000000000000e+01,1.010756535457746514e-08
1.995312500000000000e+01,1.011742608182751431e-08
1.996875000000000000e+01,1.001398828874602160e-08
1.998437500000000000e+01,9.476969955532622947e-09
2.000000000000000000e+01,8.778002264496633861e-09
2.001562500000000000e+01,8.664395659164488112e-09
2.003125000000000000e+01,9.082727801717424076e-09
2.004687500000000000e+01,9.629545049505197699e-09
2.006250000000000000e+01,1.024381223991149794e-08
2.007812500000000000e+01,1.071536199204023940e-08
2.009375000000000000e+01,1.091800013168432512e-08
2.010937500000000000e+01,1.102970861195427682e-08
2.012500000000000000e+01,1.095723236308288269e-08
2.014062500000000000e+01,1.050692066183773185e-08
2.015625000000000000e+01,1.002366229281852960e-08
2.017187500000000000e+01,9.965116156530931763e-09
2.018750000000000000e+01,1.014434912118442982e-08
2.020312500000000000e+01,1.010007307959885041e-08
2.021875000000000000e+01,9.886887511967528330e-09
2.023437500000000000e+01,9.822488060184596215e-09
2.025000000000000000e+01,9.938617676113296427e-09
2.026562500000000000e+01,9.969959310347896654e-09
2.028125000000000000e+01,9.756503904662946120e-09
2.029687500000000000e+01,9.854372675855678003e-09
2.031250000000000000e+01,1.088599164076714945e-08
2.032812500000000000e+01,1.217427605504790096e-08
2.034375000000000000e+01,1.265166350092720826e-08
2.035937500000000000e+01,1.211152499385034756e-08
2.037500000000000000e+01,1.102698851060170562e-08
2.039062500000000000e+01,1.006038820029387089e-08
2.040625000000000000e+01,9.763820076048177547e-09
2.042187500000000000e+01,1.019478904033330702e-08
2.043750000000000000e+01,1.082211176950794561e-08
2.045312500000000000e+01,1.109054337006270397e-08
2.046875000000000000e+01,1.095142502964108394e-08
2.048437500000000000e+01,1.072067369528131914e-08
2.050000000000000000e+01,1.071966211839431557e-08
2.051562500000000000e+01,1.102779187002646139e-08
2.053125000000000000e+01,1.129537240560400223e-08
2.054687500000000000e+01,1.132174054036550935e-08
2.056250000000000000e+01,1.135211049525479917e-08
2.057812500000000000e+01,1.129369451052403891e-08
2.059375000000000000e+01,1.074591012771830637e-08
2.060937500000000000e+01,9.864424642708739123e-09
2.062500000000000000e+01,9.385124508966767851e-09
2.064062500000000000e+01,9.699747004506271119e-09
2.065625000000000000e+01,1.027298561370367037e-08
2.067187500000000000e+01,1.047498045890372154e-08
2.068750000000000000e+01,1.041208978302617412e-08
2.070312500000000000e+01,1.065005330466469798e-08
2.071875000000000000e+01,1.102489544743494936e-08
2.073437500000000000e+01,1.087671779950887616e-08
2.075000000000000000e+01,1.023715123386083144e-08
2.076562500000000000e+01,9.751049130971228533e-09
2.078125000000000000e+01,9.990405891283227753e-09
2.079687500000000000e+01,1.067097824972724769e-08
2.081250000000000000e+01,1.099662342315661506e-08
2.082812500000000000e+01,1.087746608035441420e-08
2.084375000000000000e+01,1.079228698449810969e-08
2.085937500000000000e+01,1.091253304792678170e-08
2.087500000000000000e+01,1.096696013786376279e-08
2.089062500000000000e+01,1.086202198500886215e-08
2.090625000000000000e+01,1.088432917472877279e-08
2.092187500000000000e+01,1.102273300388441014e-08
2.093750000000000000e+01,1.099327834178963168e-08
2.095312500000000000e+01,1.089001377901626057e-08
2.096875000000000000e+01,1.093926295822690824e-08
2.098437500000000000e+01,1.086026555443254699e-08
2.100000000000000000e+01,1.030208027487960608e-08
2.101562500000000000e+01,9.774130529496652449e-09
2.103125000000000000e+01,9.924896565355645709e-09
2.104687500000000000e+01,1.034747167619415697e-08
2.106250000000000000e+01,1.075291631571745919e-08
2.107812500000000000e+01,1.132719540581726068e-08
2.109375000000000000e+01,1.180054127500997069e-08
2.110937500000000000e+01,1.169294927168943212e-08
2.112500000000000000e+01,1.098835986536619038e-08
2.114062500000000000e+01,1.022757145855138213e-08
2.115625000000000000e+01,9.801267831861935642e-09
2.117187500000000000e+01,9.598751554909626141e-09
2.118750000000000000e+01,9.523068492649412322e-09
2.120312500000000000e+01,9.514977569320679046e-09
2.121875000000000000e+01,9.569033153718694009e-09
2.123437500000000000e+01,9.833048844954918862e-09
2.125000000000000000e+01,1.017252111125455229e-08
2.126562500000000000e+01,1.028419460819197373e-08
2.128125000000000000e+01,1.007028835058471605e-08
2.129687500000000000e+01,9.805876692661386613e-09
2.131250000000000000e+01,9.926113434533811617e-09
2.132812500000000000e+01,1.038095401301505730e-08
2.134375000000000000e+01,1.078409496931246251e-08
2.135937500000000000e+01,1.102371959609786804e-08
2.137500000000000000e+01,1.130715622066616968e-08
2.139062500000000000e+01,1.163490909471538173e-08
2.140625000000000000e+01,1.175138982246281645e-08
2.142187500000000000e+01,1.165595859956870835e-08
2.143750000000000000e+01,1.146041165195365775e-08
2.145312500000000000e+01,1.113166402730710521e-08
2.146875000000000000e+01,1.083670192815169980e-08
2.148437500000000000e+01,1.089933178542122170e-08
2.150000000000000000e+01,1.129590056527445375e-08
2.151562500000000000e+01,1.150768750150068350e-08
2.153125000000000000e+01,1.102252918537701938e-08
2.154687500000000000e+01,1.020076554610139060e-08
2.156250000000000000e+01,1.002447058669715939e-08
2.157812500000000000e+01,1.052736357427044679e-08
2.159375000000000000e+01,1.098405626744541268e-08
2.160937500000000000e+01,1.107228922233088481e-08
2.162500000000000000e+01,1.064171075316014415e-08
2.164062500000000000e+01,9.688849565875694468e-09
2.165625000000000000e+01,8.945176344738824414e-09
2.167187500000000000e+01,9.127797701739909016e-09
2.168750000000000000e+01,9.645268607586209982e-09
2.170312500000000000e+01,9.780763771814221824e-09
2.171875000000000000e+01,9.664521414608733060e-09
2.173437500000000000e+01,9.720909466800848793e-09
2.175000000000000000e+01,1.004789315189677964e-08
2.176562500000000000e+01,1.039875597530530134e-08
2.178125000000000000e+01,1.039853378482088136e-08
2.179687500000000000e+01,9.850372415691890961e-09
2.181250000000000000e+01,9.307742249597706758e-09
2.182812500000000000e+01,9.462150885760920299e-09
2.184375000000000000e+01,1.001916661418821422e-08
2.185937500000000000e+01,1.056983062168338364e-08
2.187500000000000000e+01,1.116951053387702274e-08
2.189062500000000000e+01,1.182023544283349816e-08
2.190625000000000000e+01,1.222402812989775817e-08
2.192187500000000000e+01,1.212572999879216789e-08
2.193750000000000000e+01,1.156262798831573925e-08
2.195312500000000000e+01,1.070159350718556075e-08
2.196875000000000000e+01,9.745040070983367809e-09
2.198437500000000000e+01,9.118546553503183356e-09
2.200000000000000000e+01,9.362869595861559796e-09
2.201562500000000000e+01,1.012771972307424926e-08
2.203125000000000000e+01,1.035950207881117790e-08
2.204687500000000000e+01,9.916730581027374077e-09
2.206250000000000000e+01,9.669533164496628896e-09
2.207812500000000000e+01,9.841756402214081082e-09
2.209375000000000000e+01,9.978098765064690368e-09
2.210937500000000000e+01,1.018491919603961037e-08
2.212500000000000000e+01,1.067171902189532950e-08
2.214062500000000000e+01,1.122208615133565151e-08
2.215625000000000000e+01,1.154204961864556519e-08
2.217187500000000000e+01,1.155493503186878650e-08
2.218750000000000000e+01,1.128466068169629051e-08
2.220312500000000000e+01,1.067624142223276526e-08
2.221875000000000000e+01,1.004972199962730688e-08
2.223437500000000000e+01,1.001232297050906164e-08
2.225000000000000000e+01,1.030256112459127764e-08
2.226562500000000000e+01,1.019333905553165990e-08
2.228125000000000000e+01,9.660207439957852926e-09
2.229687500000000000e+01,9.290868719719740742e-09
2.231250000000000000e+01,9.302416284903076883e-09
2.232812500000000000e+01,9.075866778480651750e-09
2.234375000000000000e+01,8.407806778127805589e-09
2.235937500000000000e+01,8.050973968990223472e-09
2.237500000000000000e+01,8.429556898764649843e-09
2.239062500000000000e+01,9.115224080221508898e-09
2.240625000000000000e+01,9.636218382942135714e-09
2.242187500000000000e+01,9.968628188454325901e-09
2.243750000000000000e+01,1.031595087210597463e-08
2.245312500000000000e+01,1.047744851996512324e-08
2.246875000000000000e+01,1.024280138363374258e-08
2.248437500000000000e+01,1.017717165469822047e-08
2.250000000000000000e+01,1.076034574440474381e-08
2.251562500000000000e+01,1.155899141715104080e-08
2.253125000000000000e+01,1.220896420507120827e-08
2.254687500000000000e+01,1.250433480710133218e-08
2.256250000000000000e+01,1.193982611284229552e-08
2.257812500000000000e+01,1.045145332514848528e-08
2.259375000000000000e+01,9.140614841759689015e-09
2.260937500000000000e+01,9.059088948467371294e-09
2.262500000000000000e+01,9.494953504555508681e-09
2.264062500000000000e+01,9.795134547564988797e-09
2.265625000000000000e+01,1.037037705011135651e-08
2.267187500000000000e+01,1.127172651380212274e-08
2.268750000000000000e+01,1.178482349189738801e-08
2.270312500000000000e+01,1.141706575980911058e-08
2.271875000000000000e+01,1.049975581585190691e-08
2.273437500000000000e+01,9.705529390153951606e-09
2.275000000000000000e+01,9.079942669917561195e-09
2.276562500000000000e+01,8.447672401114527015e-09
2.278125000000000000e+01,8.269124744869025485e-09
2.279687500000000000e+01,8.770506447012981580e-09
2.281250000000000000e+01,9.288251886387978127e-09
2.282812500000000000e+01,9.443577150304114706e-09
2.284375000000000000e+01,9.576702283342034718e-09
2.285937500000000000e+01,9.914562212680295820e-09
2.287500000000000000e+01,1.030079325508407885e-08
2.289062500000000000e+01,1.040331401832021729e-08
2.290625000000000000e+01,9.967483849200029061e-09
2.292187500000000000e+01,9.483562951623834522e-09
2.293750000000000000e+01,9.684712437928149822e-09
2.295312500000000000e+01,1.037587929242878373e-08
2.296875000000000000e+01,1.101503868089307460e-08
2.298437500000000000e+01,1.149067926974987477e-08
2.300000000000000000e+01,1.164135892534503572e-08
2.301562500000000000e+01,1.111195167519824830e-08
2.303125000000000000e+01,9.948094519670445450e-09
2.304687500000000000e+01,8.746629895351327662e-09
2.306250000000000000e+01,8.064908193816553878e-09
2.307812500000000000e+01,7.822741197226561206e-09
2.309375000000000000e+01,7.897443681231536927e-09
2.310937500000000000e+01,8.311123588652594546e-09
2.312500000000000000e+01,8.687886658586908212e-09
2.314062500000000000e+01,8.761314487558049670e-09
2.315625000000000000e+01,8.723507633699431894e-09
2.317187500000000000e+01,8.773437177969011139e-09
2.318750000000000000e+01,9.009895608810490049e-09
2.320312500000000000e+01,9.437570241064542928e-09
2.321875000000000000e+01,9.709466746487405830e-09
2.323437500000000000e+01,9.621598092744009056e-09
2.325000000000000000e+01,9.519671195648870784e-09
2.326562500000000000e+01,9.674892454439994747e-09
2.328125000000000000e+01,9.950919194519175662e-09
2.329687500000000000e+01,1.017447191695688544e-08
2.331250000000000000e+01,1.008758466255711109e-08
2.332812500000000000e+01,9.398821457203698058e-09
2.334375000000000000e+01,8.425778341362957368e-09
2.335937500000000000e+01,8.065352600445598546e-09
2.337500000000000000e+01,8.390524119700998035e-09
2.339062500000000000e+01,8.767636804276744979e-09
2.340625000000000000e+01,9.192929456447411150e-09
2.342187500000000000e+01,9.667358813861542013e-09
2.343750000000000000e+01,9.911678673415882366e-09
2.345312500000000000e+01,1.001462817407842404e-08
2.346875000000000000e+01,1.035839935938390737e-08
2.348437500000000000e+01,1.086504887260104747e-08
2.350000000000000000e+01,1.102335672140681062e-08
2.351562500000000000e+01,1.087428188716370950e-08
2.353125000000000000e+01,1.081551871846098330e-08
2.354687500000000000e+01,1.079237689544632539e-08
2.356250000000000000e+01,1.057943784637046522e-08
2.357812500000000000e+01,1.023274029334158284e-08
2.359375000000000000e+01,1.003115054111339169e-08
2.360937500000000000e+01,1.007390106617728420e-08
2.362500000000000000e+01,1.010709008914510375e-08
2.364062500000000000e+01,1.001551485243130238e-08
2.365625000000000000e+01,1.010068089936587320e-08
2.367187500000000000e+01,1.060706894684387576e-08
2.368750000000000000e+01,1.122595637466035432e-08
2.370312500000000000e+01,1.148934273428842598e-08
2.371875000000000000e+01,1.133530507282004769e-08
2.373437500000000000e+01,1.097385113058443740e-08
2.375000000000000000e+01,1.055657241242604532e-08
2.376562500000000000e+01,1.022134989647600383e-08
2.378125000000000000e+01,9.968937445188213161e-09
2.379687500000000000e+01,9.606643204261078666e-09
2.381250000000000000e+01,9.355723329321943691e-09
2.382812500000000000e+01,9.534031594788968627e-09
2.384375000000000000e+01,9.764060671843726623e-09
2.385937500000000000e+01,9.690355450149452741e-09
2.387500000000000000e+01,9.667814258859227243e-09
2.389062500000000000e+01,1.005225833558596266e-08
2.390625000000000000e+01,1.037461447533052255e-08
2.392187500000000000e+01,1.009832883890600113e-08
2.393750000000000000e+01,9.493982100743001516e-09
2.395312500000000000e+01,9.218388679506957717e-09
2.396875000000000000e+01,9.443268861063373032e-09
2.398437500000000000e+01,9.820269191708862040e-09
2.400000000000000000e+01,1.005892526881137366e-08
2.401562500000000000e+01,1.015926302322319791e-08
2.403125000000000000e+01,1.018323793653528287e-08
2.404687500000000000e+01,1.012109516580421022e-08
2.406250000000000000e+01,1.006584969513200637e-08
2.407812500000000000e+01,1.023137307196886959e-08
2.409375000000000000e+01,1.051085587332943489e-08
2.410937500000000000e+01,1.044547150892889191e-08
2.412500000000000000e+01,9.936798525297137130e-09
2.414062500000000000e+01,9.387391030054469867e-09
2.415625000000000000e+01,9.048643726126123521e-09
2.417187500000000000e+01,8.682668841370190321e-09
2.418750000000000000e+01,8.160327750106068741e-09
2.420312500000000000e+01,7.935109847109158303e-09
2.421875000000000000e+01,8.338344016392720039e-09
2.423437500000000000e+01,9.246093896528858020e-09
2.425000000000000000e+01,1.036387589127354680e-08
2.426562500000000000e+01,1.110613105402575229e-08
2.428125000000000000e+01,1.120153483387135426e-08
2.429687500000000000e+01,1.103817502111899853e-08
2.431250000000000000e+01,1.092985715791027283e-08
2.432812500000000000e+01,1.073100298187767507e-08
2.434375000000000000e+01,1.029050013292307259e-08
2.435937500000000000e+01,9.723170534315351337e-09
2.437500000000000000e+01,9.376315577453571529e-09
2.439062500000000000e+01,9.574230674049184570e-09
2.440625000000000000e+01,1.021172103673670016e-08
2.442187500000000000e+01,1.068791931712811816e-08
2.443750000000000000e+01,1.052039968622137056e-08
2.445312500000000000e+01,1.012534416625584375e-08
2.446875000000000000e+01,1.015790265314587071e-08
2.448437500000000000e+01,1.028318094550327987e-08
2.450000000000000000e+01,1.010581434057381785e-08
2.451562500000000000e+01,9.920696027654929908e-09
2.453125000000000000e+01,9.904560939403902237e-09
2.454687500000000000e+01,9.829644824914003688e-09
2.456250000000000000e+01,9.699945708382454833e-09
2.457812500000000000e+01,9.764387398119897903e-09
2.459375000000000000e+01,1.008867623821283053e-08
2.460937500000000000e+01,1.064828730177332904e-08
2.462500000000000000e+01,1.102687554070902723e-08
2.464062500000000000e+01,1.064604189395468611e-08
2.465625000000000000e+01,9.688882806538664848e-09
2.467187500000000000e+01,8.724956206930985703e-09
2.468750000000000000e+01,7.873602981269286546e-09
2.470312500000000000e+01,7.304325075719826038e-09
2.471875000000000000e+01,7.483486518545653509e-09
2.473437500000000000e+01,8.131564012173859877e-09
2.475000000000000000e+01,8.679734961116612288e-09
2.476562500000000000e+01,9.218610930512885979e-09
2.478125000000000000e+01,9.939207695412435374e-09
2.479687500000000000e+01,1.048918835173853030e-08
2.481250000000000000e+01,1.049751855485664239e-08
2.482812500000000000e+01,9.990405081129034576e-09
2.484375000000000000e+01,9.181377581388901972e-09
2.485937500000000000e+01,8.591242116452324647e-09
2.487500000000000000e+01,8.715408085005114711e-09
2.489062500000000000e+01,9.206155913771728279e-09
2.490625000000000000e+01,9.420063032237219869e-09
2.492187500000000000e+01,9.166784693592009957e-09
2.493750000000000000e+01,8.792435190812716702e-09
2.495312500000000000e+01,8.743180988978436140e-09
2.496875000000000000e+01,9.017801644376676198e-09
2.498437500000000000e+01,9.215114746350670527e-09
2.500000000000000000e+01,9.006023877172017762e-09
2.501562500000000000e+01,8.684597775834329200e-09
2.503125000000000000e+01,8.905318952172245038e-09
2.504687500000000000e+01,9.444540849613817084e-09
2.506250000000000000e+01,9.618713790572139217e-09
2.507812500000000000e+01,9.506916716850417126e-09
2.509375000000000000e+01,9.496795780217370184e-09
2.510937500000000000e+01,9.216842461027575857e-09
2.512500000000000000e+01,8.409776634243535771e-09
2.514062500000000000e+01,7.930981881462486286e-09
2.515625000000000000e+01,8.169437490205790185e-09
2.517187500000000000e+01,8.681350027852012479e-09
2.518750000000000000e+01,9.487652125962188755e-09
2.520312500000000000e+01,1.000729343997073115e-08
2.521875000000000000e+01,9.470626565860276833e-09
2.523437500000000000e+01,8.540082926431270039e-09
2.525000000000000000e+01,8.557613957959373184e-09
2.526562500000000000e+01,9.264876659283171869e-09
2.528125000000000000e+01,9.755583245867660571e-09
2.529687500000000000e+01,1.004153973577316138e-08
2.531250000000000000e+01,1.032383071274547446e-08
2.532812500000000000e+01,1.037843342645405113e-08
2.534375000000000000e+01,1.015747190442079840e-08
2.535937500000000000e+01,9.973987122429819266e-09
2.537500000000000000e+01,9.857898359600737477e-09
2.539062500000000000e+01,9.635455623128009199e-09
2.540625000000000000e+01,9.431855035500234215e-09
2.542187500000000000e+01,9.272210404859070159e-09
2.543750000000000000e+01,9.019220717391019518e-09
2.545312500000000000e+01,8.962728701577982805e-09
2.546875000000000000e+01,9.369708976073978204e-09
2.548437500000000000e+01,9.919173855944676750e-09
2.550000000000000000e+01,1.031787419901384991e-08
2.551562500000000000e+01,1.074513942896989929e-08
2.553125000000000000e+01,1.132714615282928580e-08
2.554687500000000000e+01,1.176909502239060281e-08
2.556250000000000000e+01,1.176423335599386596e-08
2.557812500000000000e+01,1.126997665184394871e-08
2.559375000000000000e+01,1.060565894398839255e-08
2.560937500000000000e+01,1.013054339886662514e-08
2.562500000000000000e+01,9.617554583704969547e-09
2.564062500000000000e+01,8.835343860782395859e-09
2.565625000000000000e+01,8.352910352171510371e-09
2.567187500000000000e+01,8.742849597768823537e-09
2.568750000000000000e+01,9.630544008278293446e-09
2.570312500000000000e+01,1.030943532660861987e-08
2.571875000000000000e+01,1.039662892885792072e-08
2.573437500000000000e+01,9.927463283847831721e-09
2.575000000000000000e+01,9.212072861069047331e-09
2.576562500000000000e+01,8.526101788987050407e-09
2.578125000000000000e+01,8.102456792985295377e-09
2.579687500000000000e+01,8.282143195032946156e-09
2.581250000000000000e+01,8.969435407116880608e-09
2.582812500000000000e+01,9.627887900546436427e-09
2.584375000000000000e+01,1.010808641863221484e-08
2.585937500000000000e+01,1.067848903561366746e-08
2.587500000000000000e+01,1.108784397172181299e-08
2.589062500000000000e+01,1.072667459826812322e-08
2.590625000000000000e+01,9.721959644854948678e-09
2.592187500000000000e+01,8.875077930769452924e-09
2.593750000000000000e+01,8.492309634327214860e-09
2.595312500000000000e+01,8.288637792729846060e-09
2.596875000000000000e+01,8.316114260636211588e-09
2.598437500000000000e+01,8.497854228002870430e-09
2.600000000000000000e+01,8.446425554205856888e-09
2.601562500000000000e+01,8.271560425294367580e-09
2.603125000000000000e+01,8.404154112338358201e-09
2.604687500000000000e+01,8.817153155902190581e-09
2.606250000000000000e+01,9.134916730190736103e-09
2.607812500000000000e+01,9.239943989816793590e-09
2.609375000000000000e+01,9.199494531151941812e-09
2.610937500000000000e+01,9.075360679909840320e-09
2.612500000000000000e+01,9.093828722300119522e-09
2.614062500000000000e+01,9.436404515184374998e-09
2.615625000000000000e+01,9.736238532550680635e-09
2.617187500000000000e+01,9.506123127527618291e-09
2.618750000000000000e+01,9.091928157894083078e-09
2.620312500000000000e+01,9.137113078875781483e-09
2.621875000000000000e+01,9.393702174660611318e-09
2.623437500000000000e+01,9.373433319719449564e-09
2.625000000000000000e+01,9.148419961597771277e-09
2.626562500000000000e+01,9.037928508308690080e-09
2.628125000000000000e+01,9.014769789515278343e-09
2.629687500000000000e+01,8.728331467036967000e-09
2.631250000000000000e+01,8.172559252998618149e-09
2.632812500000000000e+01,7.690365871206983273e-09
2.634375000000000000e+01,7.444386216861881782e-09
2.635937500000000000e+01,7.566982909098927549e-09
2.637500000000000000e+01,8.186583091931235518e-09
2.639062500000000000e+01,9.006322702395839318e-09
2.640625000000000000e+01,9.690931202279069658e-09
2.642187500000000000e+01,1.021401292992965159e-08
2.643750000000000000e+01,1.054415679540066603e-08
2.645312500000000000e+01,1.049467597737869801e-08
2.646875000000000000e+01,1.001002730251431017e-08
2.648437500000000000e+01,9.519397407638865746e-09
2.650000000000000000e+01,9.455398499561684209e-09
2.651562500000000000e+01,9.473727017736352094e-09
2.653125000000000000e+01,9.116441410653651644e-09
2.654687500000000000e+01,8.543626473724250827e-09
2.656250000000000000e+01,8.154719926724216336e-09
2.657812500000000000e+01,8.063595507208128333e-09
2.659375000000000000e+01,8.184371643413052469e-09
2.660937500000000000e+01,8.296548044917222106e-09
2.662500000000000000e+01,8.167329562494417179e-09
2.664062500000000000e+01,7.904099560554866279e-09
2.665625000000000000e+01,7.789414868861476742e-09
2.667187500000000000e+01,7.841928240150157731e-09
2.668750000000000000e+01,7.974857697249681947e-09
2.670312500000000000e+01,8.178248876596976413e-09
2.671875000000000000e+01,8.347971574061704377e-09
2.673437500000000000e+01,8.394203265749307133e-09
2.675000000000000000e+01,8.269945459362570076e-09
2.676562500000000000e+01,7.889627773582877373e-09
2.678125000000000000e+01,7.496509570317442703e-09
2.679687500000000000e+01,7.568361125777660678e-09
2.681250000000000000e+01,8.263129974861768787e-09
2.682812500000000000e+01,9.241010824751429304e-09
2.684375000000000000e+01,9.875105632375900125e-09
2.685937500000000000e+01,9.725721989136780543e-09
2.687500000000000000e+01,8.996673714317515010e-09
2.689062500000000000e+01,8.504751050569793382e-09
2.690625000000000000e+01,8.591515213094625862e-09
2.692187500000000000e+01,8.733245121834409890e-09
2.693750000000000000e+01,8.661319635523800704e-09
2.695312500000000000e+01,8.673269582099302881e-09
2.696875000000000000e+01,9.061742097176679567e-09
2.698437500000000000e+01,9.559360263927626721e-09
2.700000000000000000e+01,9.545112027591186446e-09
2.701562500000000000e+01,9.028626336089292213e-09
2.703125000000000000e+01,8.887121841245350752e-09
2.704687500000000000e+01,9.427622706310553234e-09
2.706250000000000000e+01,9.966007775931896832e-09
2.707812500000000000e+01,1.012195425776957586e-08
2.709375000000000000e+01,9.863769760315661959e-09
2.710937500000000000e+01,9.454380796789937475e-09
2.712500000000000000e+01,9.533485770103043443e-09
2.714062500000000000e+01,9.927266050541822914e-09
2.715625000000000000e+01,9.860142085941485718e-09
2.717187500000000000e+01,9.405194522812138776e-09
2.718750000000000000e+01,9.118113143243702734e-09
2.720312500000000000e+01,8.942731538020900102e-09
2.721875000000000000e+01,8.487340492543991996e-09
2.723437500000000000e+01,7.815152930689790325e-09
2.725000000000000000e+01,7.366722345057024152e-09
2.726562500000000000e+01,7.484461775988365615e-09
2.728125000000000000e+01,8.287987902807244814e-09
2.729687500000000000e+01,9.284327431316706367e-09
2.731250000000000000e+01,9.553562035440844572e-09
2.732812500000000000e+01,8.957575807851117268e-09
2.734375000000000000e+01,8.367978936319135734e-09
2.735937500000000000e+01,8.316735920140641371e-09
2.737500000000000000e+01,8.427790418893780058e-09
2.739062500000000000e+01,8.531040102614456497e-09
2.740625000000000000e+01,8.652443060908351782e-09
2.742187500000000000e+01,8.592458476800772453e-09
2.743750000000000000e+01,8.382674302062242424e-09
2.745312500000000000e+01,8.340606130521126820e-09
2.746875000000000000e+01,8.351287392679006984e-09
2.748437500000000000e+01,8.060189639953632501e-09
2.750000000000000000e+01,7.678228772309006816e-09
2.751562500000000000e+01,7.583150590995325918e-09
2.753125000000000000e+01,7.765896319519032089e-09
2.754687500000000000e+01,8.231616485447847279e-09
2.756250000000000000e+01,8.858173691785806764e-09
2.757812500000000000e+01,9.182463922381083481e-09
2.759375000000000000e+01,9.034084330774029241e-09
2.760937500000000000e+01,8.670118533266799393e-09
2.762500000000000000e+01,8.360624449184952261e-09
2.764062500000000000e+01,8.275846279634129835e-09
2.765625000000000000e+01,8.524889132159521219e-09
2.767187500000000000e+01,9.011109328188409971e-09
2.768750000000000000e+01,9.399371126313865484e-09
2.770312500000000000e+01,9.522115176653591024e-09
2.771875000000000000e+01,9.555398098214975383e-09
2.773437500000000000e+01,9.558903966045450754e-09
2.775000000000000000e+01,9.448224565631414919e-09
2.776562500000000000e+01,9.344573197141106544e-09
2.778125000000000000e+01,9.244173134240207253e-09
2.779687500000000000e+01,8.906565972295531482e-09
2.781250000000000000e+01,8.439297962691619260e-09
2.782812500000000000e+01,8.323947807628556264e-09
2.784375000000000000e+01,8.717907600822688399e-09
2.785937500000000000e+01,9.188518536816678274e-09
2.787500000000000000e+01,9.233669344200032700e-09
2.789062500000000000e+01,8.649309077642836165e-09
2.790625000000000000e+01,7.681946462119655983e-09
2.792187500000000000e+01,7.052580577765461075e-09
2.793750000000000000e+01,7.186539220477806116e-09
2.795312500000000000e+01,7.723880555381968948e-09
2.796875000000000000e+01,8.324821878099519355e-09
2.798437500000000000e+01,8.865905659838531186e-09
2.800000000000000000e+01,9.148458475144801682e-09
2.801562500000000000e+01,9.010574689944774779e-09
2.803125000000000000e+01,8.554171088225294065e-09
2.804687500000000000e+01,8.147959768803685557e-09
2.806250000000000000e+01,8.137142117642712911e-09
2.807812500000000000e+01,8.393677202932747611e-09
2.809375000000000000e+01,8.508333912868797576e-09
2.810937500000000000e+01,8.493498950181908349e-09
2.812500000000000000e+01,8.687941800585271065e-09
2.814062500000000000e+01,9.033808541660000490e-09
2.815625000000000000e+01,9.235452185833332463e-09
2.817187500000000000e+01,9.170328152214893490e-09
2.818750000000000000e+01,8.833239757015068878e-09
2.820312500000000000e+01,8.413204656712217150e-09
2.821875000000000000e+01,8.080379559924019606e-09
2.823437500000000000e+01,7.655346695443074641e-09
2.825000000000000000e+01,7.042240975707479899e-09
2.826562500000000000e+01,6.599145950941737121e-09
2.828125000000000000e+01,6.610674722947140110e-09
2.829687500000000000e+01,6.993744945991927993e-09
2.831250000000000000e+01,7.848229251210790240e-09
2.832812500000000000e+01,8.930075481287294003e-09
2.834375000000000000e+01,9.510261703844549702e-09
2.835937500000000000e+01,9.505045424777316113e-09
2.837500000000000000e+01,9.551290353775364518e-09
2.839062500000000000e+01,9.882318613332046527e-09
2.840625000000000000e+01,1.020518309678758440e-08
2.842187500000000000e+01,1.034746218602160887e-08
2.843750000000000000e+01,1.013453556585756795e-08
2.845312500000000000e+01,9.543424181138157222e-09
2.846875000000000000e+01,9.097949204043586556e-09
2.848437500000000000e+01,9.215377178452207687e-09
2.850000000000000000e+01,9.440579668288183288e-09
2.851562500000000000e+01,9.183077634675639740e-09
2.853125000000000000e+01,8.512389747638145955e-09
2.854687500000000000e+01,7.936264778400584502e-09
2.856250000000000000e+01,7.790947402995632793e-09
2.857812500000000000e+01,8.007605145793327008e-09
2.859375000000000000e+01,8.316696208280152443e-09
2.860937500000000000e+01,8.460120461635045237e-09
2.862500000000000000e+01,8.505745888107560076e-09
2.864062500000000000e+01,8.727048863291009884e-09
2.865625000000000000e+01,8.973816432227973297e-09
2.867187500000000000e+01,8.887482012933222220e-09
2.868750000000000000e+01,8.464431419410826151e-09
2.870312500000000000e+01,7.950162597544066617e-09
2.871875000000000000e+01,7.632832867167107988e-09
2.873437500000000000e+01,7.614723726001226747e-09
2.875000000000000000e+01,7.650305170647476466e-09
2.876562500000000000e+01,7.693964703547739205e-09
2.878125000000000000e+01,7.787492705530419138e-09
2.879687500000000000e+01,7.668427312230891191e-09
2.881250000000000000e+01,7.512507935683012696e-09
2.882812500000000000e+01,7.826890954791308392e-09
2.884375000000000000e+01,8.443564953840026011e-09
2.885937500000000000e+01,8.838093073012202867e-09
2.887500000000000000e+01,8.903192756307528232e-09
2.889062500000000000e+01,9.007600086750735690e-09
2.890625000000000000e+01,9.391293770370338050e-09
2.892187500000000000e+01,9.760105043823897926e-09
2.893750000000000000e+01,9.705052128405450012e-09
2.895312500000000000e+01,9.209718063315595866e-09
2.896875000000000000e+01,8.654959136163011842e-09
2.898437500000000000e+01,8.403896131890307701e-09
2.900000000000000000e+01,8.514234783593770613e-09
2.901562500000000000e+01,8.678596658875930003e-09
2.903125000000000000e+01,8.555794387787122906e-09
2.904687500000000000e+01,8.122924559914632431e-09
2.906250000000000000e+01,7.717413909471396820e-09
2.907812500000000000e+01,7.878341700167961540e-09
2.909375000000000000e+01,8.434140205719758365e-09
2.910937500000000000e+01,8.618314343740752358e-09
2.912500000000000000e+01,8.230062257725492110e-09
2.914062500000000000e+01,7.669955197558431637e-09
2.915625000000000000e+01,7.486997990421440907e-09
2.917187500000000000e+01,7.867556715301743513e-09
2.918750000000000000e+01,8.159350223169821561e-09
2.920312500000000000e+01,7.909608141784769075e-09
2.921875000000000000e+01,7.788977546304605112e-09
2.923437500000000000e+01,8.440202977394303636e-09
2.925000000000000000e+01,9.174466565894985808e-09
2.926562500000000000e+01,9.278027691955568613e-09
2.928125000000000000e+01,8.953120516613660748e-09
2.929687500000000000e+01,8.768646205167214002e-09
2.931250000000000000e+01,8.864560079644291851e-09
2.932812500000000000e+01,8.893281978826232213e-09
2.934375000000000000e+01,8.616679418336887584e-09
2.935937500000000000e+01,8.190294720701518838e-09
2.937500000000000000e+01,7.933343202577302069e-09
2.939062500000000000e+01,7.890378352008888037e-09
2.940625000000000000e+01,7.876506015870530107e-09
2.942187500000000000e+01,7.890708532022903489e-09
2.943750000000000000e+01,8.095220437934939450e-09
2.945312500000000000e+01,8.523672913578233332e-09
2.946875000000000000e+01,8.842783093206551431e-09
2.948437500000000000e+01,8.622509328111833641e-09
2.950000000000000000e+01,8.066754118736332137e-09
2.951562500000000000e+01,7.784421393693512888e-09
2.953125000000000000e+01,7.774018432441330353e-09
2.954687500000000000e+01,7.759849774296427643e-09
2.956250000000000000e+01,7.773442888551593762e-09
2.957812500000000000e+01,7.804226897002002455e-09
2.959375000000000000e+01,7.731279824507617586e-09
2.960937500000000000e+01,7.490359209722838007e-09
2.962500000000000000e+01,7.331911974352701780e-09
2.964062500000000000e+01,7.640914936954632746e-09
2.965625000000000000e+01,8.177598744089583575e-09
2.967187500000000000e+01,8.492351678059861915e-09
2.968750000000000000e+01,8.607660871195729258e-09
2.970312500000000000e+01,8.642436986245496083e-09
2.971875000000000000e+01,8.500917567489475590e-09
2.973437500000000000e+01,8.217058200169043044e-09
2.975000000000000000e+01,8.060499081767133722e-09
2.976562500000000000e+01,8.186194866341482120e-09
2.978125000000000000e+01,8.525941134923725073e-09
2.979687500000000000e+01,8.829312615804140480e-09
2.981250000000000000e+01,8.837508368053383038e-09
2.982812500000000000e+01,8.609279731450364122e-09
2.984375000000000000e+01,8.401522075573802780e-09
2.985937500000000000e+01,8.330192507295732307e-09
2.987500000000000000e+01,8.370691222694634965e-09
2.989062500000000000e+01,8.456690915906092532e-09
2.990625000000000000e+01,8.692312367649199180e-09
2.992187500000000000e+01,9.280649246665962895e-09
2.993750000000000000e+01,9.934760109300364436e-09
2.995312500000000000e+01,1.017575441455725123e-08
2.996875000000000000e+01,9.879493211767663671e-09
2.998437500000000000e+01,9.117621095562906553e-09
3.000000000000000000e+01,8.278339026181485927e-09
3.001562500000000000e+01,8.068999854116798608e-09
3.003125000000000000e+01,8.446033154886805848e-09
3.004687500000000000e+01,8.628374057464438663e-09
3.006250000000000000e+01,8.299636774522509473e-09
3.007812500000000000e+01,7.792757808038108995e-09
3.009375000000000000e+01,7.526744819059197414e-09
3.010937500000000000e+01,7.511767628024194313e-09
3.012500000000000000e+01,7.327704089912682461e-09
3.014062500000000000e+01,6.717161241066491550e-09
3.015625000000000000e+01,6.131976470974247066e-09
3.017187500000000000e+01,6.248383096076973152e-09
3.018750000000000000e+01,6.885139547995880268e-09
3.020312500000000000e+01,7.488289815309933926e-09
3.021875000000000000e+01,7.888886742721927136e-09
3.023437500000000000e+01,8.134903322624395935e-09
3.025000000000000000e+01,8.319065091538326959e-09
3.026562500000000000e+01,8.445478481843075378e-09
3.028125000000000000e+01,8.522335364692878685e-09
3.029687500000000000e+01,8.559436823028816799e-09
3.031250000000000000e+01,8.351627800696783611e-09
3.032812500000000000e+01,7.853219504229974740e-09
3.034375000000000000e+01,7.551131709593764702e-09
3.035937500000000000e+01,7.729242105529980664e-09
3.037500000000000000e+01,7.922757806250029232e-09
3.039062500000000000e+01,7.944035060195628337e-09
3.040625000000000000e+01,8.065187723324779389e-09
3.042187500000000000e+01,8.229665919919292606e-09
3.043750000000000000e+01,8.334589502504565280e-09
3.045312500000000000e+01,8.433457013155371509e-09
3.046875000000000000e+01,8.521535594219254251e-09
3.048437500000000000e+01,8.678185897497732046e-09
3.050000000000000000e+01,8.829263506904913789e-09
3.051562500000000000e+01,8.739293890873725320e-09
3.053125000000000000e+01,8.407135054785610067e-09
3.054687500000000000e+01,7.992788133519664060e-09
3.056250000000000000e+01,7.576604630835485323e-09
3.057812500000000000e+01,7.208504405919142576e-09
3.059375000000000000e+01,7.044809407677821800e-09
3.060937500000000000e+01,7.143025747206806889e-09
3.062500000000000000e+01,7.375314387495523085e-09
3.064062500000000000e+01,7.608327026625280669e-09
3.065625000000000000e+01,7.745643753935296978e-09
3.067187500000000000e+01,7.837457390335277497e-09
3.068750000000000000e+01,7.983156958566230131e-09
3.070312500000000000e+01,8.159666135535390644e-09
3.071875000000000000e+01,8.258674955932012755e-09
3.073437500000000000e+01,8.081292878461037838e-09
3.075000000000000000e+01,7.684952882753011789e-09
3.076562500000000000e+01,7.511955058382856212e-09
3.078125000000000000e+01,7.762776533933469631e-09
3.079687500000000000e+01,8.088615668521643864e-09
3.081250000000000000e+01,8.150076943849537334e-09
3.082812500000000000e+01,8.110199315087903577e-09
3.084375000000000000e+01,8.325633509744680825e-09
3.085937500000000000e+01,8.737879704822497639e-09
3.087500000000000000e+01,8.970857166970657166e-09
3.089062500000000000e+01,8.751906143481674743e-09
3.090625000000000000e+01,8.074357022371089427e-09
3.092187500000000000e+01,7.416625544865901786e-09
3.093750000000000000e+01,7.293445703251096242e-09
3.095312500000000000e+01,7.384757352168079292e-09
3.096875000000000000e+01,7.354231674525601025e-09
3.098437500000000000e+01,7.506450641216361049e-09
3.100000000000000000e+01,7.967060259973662063e-09
3.101562500000000000e+01,8.444113149914580246e-09
3.103125000000000000e+01,8.922337017997705087e-09
3.104687500000000000e+01,9.444365970638793295e-09
3.106250000000000000e+01,9.719698163108904484e-09
3.107812500000000000e+01,9.640336409158118898e-09
3.109375000000000000e+01,9.543120949078943815e-09
3.110937500000000000e+01,9.529677228848322206e-09
3.112500000000000000e+01,9.280257026013808117e-09
3.114062500000000000e+01,8.850279180932832911e-09
3.115625000000000000e+01,8.638577413560770592e-09
3.117187500000000000e+01,8.587439440807109757e-09
3.118750000000000000e+01,8.320396649391905720e-09
3.120312500000000000e+01,7.947042984939407212e-09
3.121875000000000000e+01,7.893929799333654931e-09
3.123437500000000000e+01,8.061275924026736856e-09
3.125000000000000000e+01,8.141488269986757379e-09
3.126562500000000000e+01,8.249262895313152671e-09
3.128125000000000000e+01,8.688060646804644392e-09
3.129687500000000000e+01,9.252060610170473680e-09
3.131250000000000000e+01,9.188898923568709585e-09
3.132812500000000000e+01,8.349148669078192335e-09
3.134375000000000000e+01,7.632482469122299057e-09
3.135937500000000000e+01,7.715846515751222966e-09
3.137500000000000000e+01,8.079979567076483149e-09
3.139062500000000000e+01,8.149676197179596546e-09
3.140625000000000000e+01,8.007595954546498032e-09
3.142187500000000000e+01,7.840182445321160879e-09
3.143750000000000000e+01,7.530104061382823651e-09
3.145312500000000000e+01,7.281220518295586540e-09
3.146875000000000000e+01,7.749682263088811727e-09
3.148437500000000000e+01,8.815594510100120892e-09
3.150000000000000000e+01,9.705594745445844690e-09
3.151562500000000000e+01,9.984521558706104328e-09
3.153125000000000000e+01,9.562863833406594565e-09
3.154687500000000000e+01,8.670728241375595484e-09
3.156250000000000000e+01,7.816685552164185361e-09
3.157812500000000000e+01,7.220335865413638689e-09
3.159375000000000000e+01,6.810714739875390998e-09
3.160937500000000000e+01,6.679642971595920190e-09
3.162500000000000000e+01,6.762412303246693342e-09
3.164062500000000000e+01,6.975384121241462554e-09
3.165625000000000000e+01,7.424250557424528797e-09
3.167187500000000000e+01,7.927599051910794154e-09
3.168750000000000000e+01,8.122740566665426367e-09
3.170312500000000000e+01,7.953986335158968048e-09
3.171875000000000000e+01,7.702495296581389063e-09
3.173437500000000000e+01,7.553654709988492222e-09
3.175000000000000000e+01,7.493139484121748138e-09
3.176562500000000000e+01,7.731562675650499953e-09
3.178125000000000000e+01,8.459476372712460878e-09
3.179687500000000000e+01,9.212238478101559569e-09
3.181250000000000000e+01,9.414737138765193237e-09
3.182812500000000000e+01,9.136693040929767666e-09
3.184375000000000000e+01,8.725647723938451463e-09
3.185937500000000000e+01,8.271106874164295111e-09
3.187500000000000000e+01,7.935164951059251151e-09
3.189062500000000000e+01,8.064334289391939003e-09
3.190625000000000000e+01,8.485412997538660072e-09
3.192187500000000000e+01,8.695756627152755252e-09
3.193750000000000000e+01,8.699641657391435386e-09
3.195312500000000000e+01,8.746787653720352153e-09
3.196875000000000000e+01,8.794744992948126574e-09
3.198437500000000000e+01,8.610141071494281734e-09
3.200000000000000000e+01,8.021345757366549285e-09
3.201562500000000000e+01,7.263003691657071835e-09
3.203125000000000000e+01,6.815891546413622591e-09
3.204687500000000000e+01,6.860092824010681345e-09
3.206250000000000000e+01,7.335836730229650861e-09
3.207812500000000000e+01,7.804781747422952041e-09
3.209375000000000000e+01,7.726633014438590568e-09
3.210937500000000000e+01,7.201806384761036926e-09
3.212500000000000000e+01,6.646021002826708258e-09
3.214062500000000000e+01,6.293695893195663387e-09
3.215625000000000000e+01,6.230138149370906381e-09
3.217187500000000000e+01,6.289035176421069968e-09
3.218750000000000000e+01,6.400196805040099255e-09
3.220312500000000000e+01,6.711097442738966532e-09
3.221875000000000000e+01,7.056304393770717750e-09
3.223437500000000000e+01,7.206687319590139981e-09
3.225000000000000000e+01,7.252137779327894842e-09
3.226562500000000000e+01,7.250418208962647228e-09
3.228125000000000000e+01,7.183591256702404198e-09
3.229687500000000000e+01,7.235620019545745874e-09
3.231250000000000000e+01,7.499625989361377902e-09
3.232812500000000000e+01,7.637880123526083814e-09
3.234375000000000000e+01,7.314091978975939700e-09
3.235937500000000000e+01,6.665140564602253859e-09
3.237500000000000000e+01,6.321748565857948556e-09
3.239062500000000000e+01,6.783216428895910018e-09
3.240625000000000000e+01,7.726847385022913609e-09
3.242187500000000000e+01,8.428132674899940879e-09
3.243750000000000000e+01,8.573653769006343192e-09
3.245312500000000000e+01,8.420904732398284790e-09
3.246875000000000000e+01,8.113432409640672695e-09
3.248437500000000000e+01,7.677868560760588721e-09
3.250000000000000000e+01,7.534207042919276541e-09
3.251562500000000000e+01,7.842146801305198846e-09
3.253125000000000000e+01,8.050027706057069590e-09
3.254687500000000000e+01,7.675624078794184068e-09
3.256250000000000000e+01,7.008308858008553220e-09
3.257812500000000000e+01,6.730489384548842086e-09
3.259375000000000000e+01,6.871360533180526229e-09
3.260937500000000000e+01,7.224807758506656040e-09
3.262500000000000000e+01,7.681379141156193867e-09
3.264062500000000000e+01,7.860725767010849662e-09
3.265625000000000000e+01,7.649741362498535388e-09
3.267187500000000000e+01,7.415025401610135565e-09
3.268750000000000000e+01,7.384904161943385088e-09
3.270312500000000000e+01,7.505059295047041757e-09
3.271875000000000000e+01,7.662129367647862065e-09
3.273437500000000000e+01,7.711629840718570438e-09
3.275000000000000000e+01,7.530116354111557609e-09
3.276562500000000000e+01,7.098513240714719705e-09
3.278125000000000000e+01,6.744370919995808169e-09
3.279687500000000000e+01,6.750675461231670421e-09
3.281250000000000000e+01,6.700645919918947920e-09
3.282812500000000000e+01,6.425906456439554641e-09
3.284375000000000000e+01,6.517460640418361803e-09
3.285937500000000000e+01,7.193005206480214272e-09
3.287500000000000000e+01,7.915222082022863625e-09
3.289062500000000000e+01,8.150573337889897309e-09
3.290625000000000000e+01,7.897871991591553109e-09
3.292187500000000000e+01,7.713049683222047753e-09
3.293750000000000000e+01,7.895084960109833213e-09
3.295312500000000000e+01,8.097896696843016500e-09
3.296875000000000000e+01,8.009695715158118674e-09
3.298437500000000000e+01,7.528023607343971420e-09
3.300000000000000000e+01,6.803120526557660231e-09
3.301562500000000000e+01,6.278697185821800643e-09
3.303125000000000000e+01,6.180880216451642922e-09
3.304687500000000000e+01,6.376734092197557067e-09
3.306250000000000000e+01,6.757345166986419964e-09
3.307812500000000000e+01,7.196951176082043656e-09
3.309375000000000000e+01,7.554502109424742630e-09
3.310937500000000000e+01,7.974655028240405511e-09
3.312500000000000000e+01,8.564331081461881042e-09
3.314062500000000000e+01,8.871389075469559025e-09
3.315625000000000000e+01,8.621998977621140445e-09
3.317187500000000000e+01,8.266705180793206152e-09
3.318750000000000000e+01,8.147214922683460379e-09
3.320312500000000000e+01,8.072632263696082658e-09
3.321875000000000000e+01,7.976949434047395552e-09
3.323437500000000000e+01,8.065687979731120999e-09
3.325000000000000000e+01,8.355274324947417338e-09
3.326562500000000000e+01,8.515696215722613054e-09
3.328125000000000000e+01,8.404308381459692256e-09
3.329687500000000000e+01,8.301581047790304569e-09
3.331250000000000000e+01,8.454473107668830565e-09
3.332812500000000000e+01,8.840534570698275022e-09
3.334375000000000000e+01,9.223196434957033858e-09
3.335937500000000000e+01,9.307648831816063215e-09
3.337500000000000000e+01,9.062104992780282317e-09
3.339062500000000000e+01,8.711177630194040948e-09
3.340625000000000000e+01,8.439330112239786235e-09
3.342187500000000000e+01,8.291919288792466836e-09
3.343750000000000000e+01,8.243383939748976221e-09
3.345312500000000000e+01,8.247799264058761860e-09
3.346875000000000000e+01,8.201226197262448500e-09
3.348437500000000000e+01,7.847918341424664723e-09
3.350000000000000000e+01,7.073884191350546710e-09
3.351562500000000000e+01,6.307312790425283774e-09
3.353125000000000000e+01,6.293562011093145638e-09
3.354687500000000000e+01,7.241154168092865746e-09
3.356250000000000000e+01,8.167666940440698462e-09
3.357812500000000000e+01,8.159323884328814632e-09
3.359375000000000000e+01,7.561485761081956218e-09
3.360937500000000000e+01,7.238473698634799266e-09
3.362500000000000000e+01,7.310264902462063238e-09
3.364062500000000000e+01,7.442294280501718533e-09
3.365625000000000000e+01,7.531432498924794540e-09
3.367187500000000000e+01,7.715299021523313276e-09
3.368750000000000000e+01,7.932850780504444228e-09
3.370312500000000000e+01,7.813347845234168551e-09
3.371875000000000000e+01,7.259762532365428078e-09
3.373437500000000000e+01,6.743323103390806054e-09
3.375000000000000000e+01,6.640771411365074955e-09
3.376562500000000000e+01,6.806710756740769042e-09
3.378125000000000000e+01,7.197457809552007299e-09
3.379687500000000000e+01,7.798997853347549678e-09
3.381250000000000000e+01,8.311400921626031143e-09
3.382812500000000000e+01,8.520535751095457531e-09
3.384375000000000000e+01,8.342620782942047392e-09
3.385937500000000000e+01,7.800291492036443369e-09
3.387500000000000000e+01,7.186961625446648441e-09
3.389062500000000000e+01,6.842210660536312616e-09
3.390625000000000000e+01,6.807567480355166786e-09
3.392187500000000000e+01,6.940445021451991178e-09
3.393750000000000000e+01,7.163381253555852704e-09
3.395312500000000000e+01,7.560884857673168431e-09
3.396875000000000000e+01,7.953530151324132095e-09
3.398437500000000000e+01,7.881620536523879199e-09
3.400000000000000000e+01,7.317818007247675101e-09
3.401562500000000000e+01,6.827463444279309232e-09
3.403125000000000000e+01,6.835995124888097007e-09
3.404687500000000000e+01,7.152277787010717658e-09
3.406250000000000000e+01,7.626019612035356703e-09
3.407812500000000000e+01,8.263631646770492955e-09
3.409375000000000000e+01,8.716672436499110633e-09
3.410937500000000000e+01,8.627544154932255323e-09
3.412500000000000000e+01,8.042591595151434652e-09
3.414062500000000000e+01,7.292780361254519973e-09
3.415625000000000000e+01,6.847642821003311655e-09
3.417187500000000000e+01,6.920869984746561520e-09
3.418750000000000000e+01,7.241539262521175172e-09
3.420312500000000000e+01,7.520793134144220906e-09
3.421875000000000000e+01,7.680676731432048271e-09
3.423437500000000000e+01,7.789077254777193137e-09
3.425000000000000000e+01,7.829542813757113216e-09
3.426562500000000000e+01,7.618409555525849202e-09
3.428125000000000000e+01,7.247169242543495838e-09
3.429687500000000000e+01,7.239115041554393915e-09
3.431250000000000000e+01,7.831590839892737691e-09
3.432812500000000000e+01,8.442920601856303541e-09
3.434375000000000000e+01,8.419299896650658474e-09
3.435937500000000000e+01,7.753738840904760175e-09
3.437500000000000000e+01,6.923005551817125854e-09
3.439062500000000000e+01,6.305500654486857590e-09
3.440625000000000000e+01,5.962489190312168517e-09
3.442187500000000000e+01,5.964537142065143088e-09
3.443750000000000000e+01,6.259004858483625462e-09
3.445312500000000000e+01,6.539571196026700752e-09
3.446875000000000000e+01,6.742213971282982079e-09
3.448437500000000000e+01,6.885028129336356612e-09
3.450000000000000000e+01,6.933967246134556610e-09
3.451562500000000000e+01,7.081948568679918148e-09
3.453125000000000000e+01,7.291569191992952915e-09
3.454687500000000000e+01,7.109731146195838517e-09
3.456250000000000000e+01,6.591964495035231192e-09
3.457812500000000000e+01,6.466669233655209432e-09
3.459375000000000000e+01,6.955469170607165868e-09
3.460937500000000000e+01,7.405014172335740520e-09
3.462500000000000000e+01,7.251499230038346971e-09
3.464062500000000000e+01,6.669320546030055478e-09
3.465625000000000000e+01,6.496936730019687949e-09
3.467187500000000000e+01,7.078901577571071435e-09
3.468750000000000000e+01,7.729336232090986925e-09
3.470312500000000000e+01,7.908017397871163998e-09
3.471875000000000000e+01,7.769113275190917500e-09
3.473437500000000000e+01,7.772353012554545402e-09
3.475000000000000000e+01,8.010834402148285546e-09
3.476562500000000000e+01,8.158548290740886391e-09
3.478125000000000000e+01,8.028739311427950058e-09
3.479687500000000000e+01,7.833508422245187555e-09
3.481250000000000000e+01,7.914704358904739210e-09
3.482812500000000000e+01,8.217398371458529682e-09
3.484375000000000000e+01,8.233583157842982241e-09
3.485937500000000000e+01,7.666858567196288035e-09
3.487500000000000000e+01,6.918330046871360196e-09
3.489062500000000000e+01,6.712583391736324071e-09
3.490625000000000000e+01,7.180238023885649372e-09
3.492187500000000000e+01,7.830572440152837635e-09
3.493750000000000000e+01,8.313411985450679214e-09
3.495312500000000000e+01,8.574810141714163786e-09
3.496875000000000000e+01,8.680616292956065960e-09
3.498437500000000000e+01,8.808819021841737036e-09
3.500000000000000000e+01,8.891682174584482692e-09
3.501562500000000000e+01,8.510890669073188429e-09
3.503125000000000000e+01,7.609122172336512501e-09
3.504687500000000000e+01,6.823378778544119532e-09
3.506250000000000000e+01,6.679175596354350685e-09
3.507812500000000000e+01,6.905184969187913308e-09
3.509375000000000000e+01,7.171625140135702535e-09
3.510937500000000000e+01,7.442212615994693221e-09
3.512500000000000000e+01,7.693986031474547997e-09
3.514062500000000000e+01,7.861077534000031480e-09
3.515625000000000000e+01,7.843371195824369464e-09
3.517187500000000000e+01,7.508035602034981664e-09
3.518750000000000000e+01,7.014224393031868939e-09
3.520312500000000000e+01,6.749674235992022679e-09
3.521875000000000000e+01,6.702208687182645080e-09
3.523437500000000000e+01,6.918921775302713441e-09
3.525000000000000000e+01,7.429093016803721429e-09
3.526562500000000000e+01,7.726132244933921553e-09
3.528125000000000000e+01,7.722946761659277297e-09
3.529687500000000000e+01,7.784232992632658216e-09
3.531250000000000000e+01,7.796346962473451566e-09
3.532812500000000000e+01,7.432202183966945870e-09
3.534375000000000000e+01,6.828109532227960195e-09
3.535937500000000000e+01,6.531485296900327498e-09
3.537500000000000000e+01,6.943456658875320922e-09
3.539062500000000000e+01,7.735173705685073609e-09
3.540625000000000000e+01,8.143556443652852966e-09
3.542187500000000000e+01,7.856980771154828312e-09
3.543750000000000000e+01,7.310691876297152262e-09
3.545312500000000000e+01,7.087978671672774092e-09
3.546875000000000000e+01,7.276669978196291080e-09
3.548437500000000000e+01,7.625252820593541440e-09
3.550000000000000000e+01,7.909749594848352837e-09
3.551562500000000000e+01,7.961994553959200253e-09
3.553125000000000000e+01,7.652928521912720319e-09
3.554687500000000000e+01,7.159812620895746853e-09
3.556250000000000000e+01,6.942046767476455497e-09
3.557812500000000000e+01,7.109996260203129855e-09
3.559375000000000000e+01,7.395931421476533768e-09
3.560937500000000000e+01,7.657713847303657974e-09
3.562500000000000000e+01,7.782580557734104391e-09
3.564062500000000000e+01,7.774647481854875361e-09
3.565625000000000000e+01,7.808085529015486132e-09
3.567187500000000000e+01,7.687821938904537820e-09
3.568750000000000000e+01,7.229796048155663902e-09
3.570312500000000000e+01,6.934264677639692816e-09
3.571875000000000000e+01,7.065810944628241454e-09
3.573437500000000000e+01,7.218991885986008522e-09
3.575000000000000000e+01,7.191893218152196323e-09
3.576562500000000000e+01,7.045321517919947617e-09
3.578125000000000000e+01,6.971838002335631284e-09
3.579687500000000000e+01,7.193821909958794731e-09
3.581250000000000000e+01,7.650338491476157948e-09
3.582812500000000000e+01,8.067683665433695437e-09
3.584375000000000000e+01,8.200931659575539384e-09
3.585937500000000000e+01,7.937417805165073942e-09
3.587500000000000000e+01,7.453837270937761442e-09
3.589062500000000000e+01,7.138526645319713582e-09
3.590625000000000000e+01,7.046513351791749858e-09
3.592187500000000000e+01,7.082715666708014377e-09
3.593750000000000000e+01,7.345658684230231388e-09
3.595312500000000000e+01,7.616826979899983358e-09
3.596875000000000000e+01,7.705789515791616119e-09
3.598437500000000000e+01,7.895879969276539879e-09
3.600000000000000000e+01,8.273561484620635547e-09
3.601562500000000000e+01,8.393645265798677377e-09
3.603125000000000000e+01,7.951473304785838580e-09
3.604687500000000000e+01,7.296218763643559078e-09
3.606250000000000000e+01,7.051306541997035700e-09
3.607812500000000000e+01,7.255053064738744506e-09
3.609375000000000000e+01,7.464093830968629655e-09
3.610937500000000000e+01,7.324821124465062184e-09
3.612500000000000000e+01,7.068573233824808127e-09
3.614062500000000000e+01,7.305999303641541862e-09
3.615625000000000000e+01,7.945475304802395879e-09
3.617187500000000000e+01,8.447612053896591628e-09
3.618750000000000000e+01,8.706502283908360871e-09
3.620312500000000000e+01,8.802540998356367713e-09
3.621875000000000000e+01,8.604808339578440050e-09
3.623437500000000000e+01,8.122465434321258196e-09
3.625000000000000000e+01,7.686620379901159890e-09
3.626562500000000000e+01,7.339301777244960144e-09
3.628125000000000000e+01,6.743381997011059525e-09
3.629687500000000000e+01,6.050259939956929422e-09
3.631250000000000000e+01,6.072875155379458196e-09
3.632812500000000000e+01,6.825063480282351275e-09
3.634375000000000000e+01,7.442345619292146373e-09
3.635937500000000000e+01,7.686041364706952908e-09
3.637500000000000000e+01,7.813076097114280828e-09
3.639062500000000000e+01,8.002034058902777401e-09
3.640625000000000000e+01,8.327807364342707145e-09
3.642187500000000000e+01,8.658522238349272630e-09
3.643750000000000000e+01,8.725656652017407904e-09
3.645312500000000000e+01,8.574530349378895586e-09
3.646875000000000000e+01,8.534842594813577010e-09
3.648437500000000000e+01,8.684836005190681111e-09
3.650000000000000000e+01,8.719444395092219540e-09
3.651562500000000000e+01,8.343180097461338198e-09
3.653125000000000000e+01,7.589680402745269681e-09
3.654687500000000000e+01,6.815705757087501988e-09
3.656250000000000000e+01,6.484521019474755049e-09
3.657812500000000000e+01,6.775861974227176752e-09
3.659375000000000000e+01,7.294007076968718004e-09
3.660937500000000000e+01,7.592515767076372037e-09
3.662500000000000000e+01,7.707295562283681601e-09
3.664062500000000000e+01,7.770474591497827556e-09
3.665625000000000000e+01,7.716985093783037006e-09
3.667187500000000000e+01,7.488557113802197917e-09
3.668750000000000000e+01,7.226464035748130030e-09
3.670312500000000000e+01,7.222644350909512723e-09
3.671875000000000000e+01,7.405867061424829277e-09
3.673437500000000000e+01,7.356498360813401971e-09
3.675000000000000000e+01,7.005814655540751521e-09
3.676562500000000000e+01,6.916400281195037992e-09
3.678125000000000000e+01,7.359445584464522909e-09
3.679687500000000000e+01,7.747830574213392070e-09
3.681250000000000000e+01,7.835152955766643615e-09
3.682812500000000000e+01,7.928147064690679348e-09
3.684375000000000000e+01,8.027852573959054139e-09
3.685937500000000000e+01,7.795892381436973098e-09
3.687500000000000000e+01,7.174827132605403410e-09
3.689062500000000000e+01,6.589253973888886948e-09
3.690625000000000000e+01,6.608765632087084934e-09
3.692187500000000000e+01,7.020194475555965162e-09
3.693750000000000000e+01,7.041564410970845580e-09
3.695312500000000000e+01,6.549907456327098086e-09
3.696875000000000000e+01,6.138399085516364372e-09
3.698437500000000000e+01,6.135161427331098961e-09
3.700000000000000000e+01,6.372571738758883676e-09
3.701562500000000000e+01,6.925574405322572500e-09
3.703125000000000000e+01,7.680822362956460681e-09
3.704687500000000000e+01,8.080941866438868215e-09
3.706250000000000000e+01,7.962559738600411577e-09
3.707812500000000000e+01,7.812081605301208916e-09
3.709375000000000000e+01,7.941629264880942177e-09
3.710937500000000000e+01,8.001116944986914946e-09
3.712500000000000000e+01,7.596624031000506940e-09
3.714062500000000000e+01,6.835687405979181996e-09
3.715625000000000000e+01,6.289252333179495134e-09
3.717187500000000000e+01,6.298481187830093573e-09
3.718750000000000000e+01,6.633845556805069758e-09
3.720312500000000000e+01,6.926248336977743628e-09
3.721875000000000000e+01,6.954087733268939139e-09
3.723437500000000000e+01,6.922391250704321651e-09
3.725000000000000000e+01,7.220543714407306554e-09
3.726562500000000000e+01,7.753269807594161554e-09
3.728125000000000000e+01,8.008261038386514208e-09
3.729687500000000000e+01,7.740768332749285048e-09
3.731250000000000000e+01,7.294256893848437118e-09
3.732812500000000000e+01,7.151592524363892826e-09
3.734375000000000000e+01,7.346936760142653817e-09
3.735937500000000000e+01,7.702667683037100988e-09
3.737500000000000000e+01,8.072762393778514141e-09
3.739062500000000000e+01,8.323041333518881504e-09
3.740625000000000000e+01,8.377307514010072107e-09
3.742187500000000000e+01,8.213145413154901949e-09
3.743750000000000000e+01,7.926544566860238804e-09
3.745312500000000000e+01,7.582759916115419263e-09
3.746875000000000000e+01,7.191594780374754355e-09
3.748437500000000000e+01,6.956579380660251542e-09
3.750000000000000000e+01,7.072740565241562852e-09
3.751562500000000000e+01,7.304145207373739827e-09
3.753125000000000000e+01,7.313604247029772848e-09
3.754687500000000000e+01,7.203521545453947739e-09
3.756250000000000000e+01,7.280784957987779687e-09
3.757812500000000000e+01,7.438814611967169438e-09
3.759375000000000000e+01,7.428348890926148755e-09
3.760937500000000000e+01,7.144252755183544331e-09
3.762500000000000000e+01,6.649328853823810586e-09
3.764062500000000000e+01,6.389447944793443015e-09
3.765625000000000000e+01,6.659165815933695772e-09
3.767187500000000000e+01,7.107259774073907665e-09
3.768750000000000000e+01,7.421979453995323177e-09
3.770312500000000000e+01,7.714938527845510180e-09
3.771875000000000000e+01,8.105347017907901305e-09
3.773437500000000000e+01,8.411149401578106411e-09
3.775000000000000000e+01,8.425558380483438088e-09
3.776562500000000000e+01,8.228777535819427523e-09
3.778125000000000000e+01,8.163968949466364654e-09
3.779687500000000000e+01,8.362935990922211873e-09
3.781250000000000000e+01,8.436265214105951090e-09
3.782812500000000000e+01,8.144813734292040839e-09
3.784375000000000000e+01,7.828834312669009204e-09
3.785937500000000000e+01,7.716111573815756773e-09
3.787500000000000000e+01,7.599045025282608533e-09
3.789062500000000000e+01,7.532784967704383682e-09
3.790625000000000000e+01,7.800917194676571551e-09
3.792187500000000000e+01,8.230989569136679737e-09
3.793750000000000000e+01,8.393408788474234814e-09
3.795312500000000000e+01,8.127383389845618852e-09
3.796875000000000000e+01,7.635428397945479685e-09
3.798437500000000000e+01,7.251137502903479921e-09
3.800000000000000000e+01,7.196022891357565910e-09
3.801562500000000000e+01,7.515305988501980768e-09
3.803125000000000000e+01,7.894609412924068530e-09
3.804687500000000000e+01,7.829555110567646007e-09
3.806250000000000000e+01,7.327788693939542111e-09
3.807812500000000000e+01,6.902881459363216450e-09
3.809375000000000000e+01,6.718675185103174818e-09
3.810937500000000000e+01,6.655643418650746327e-09
3.812500000000000000e+01,6.871817951557784708e-09
3.814062500000000000e+01,7.374492626805554794e-09
3.815625000000000000e+01,7.670845107565665121e-09
3.817187500000000000e+01,7.432406230441514206e-09
3.818750000000000000e+01,6.932481277991083052e-09
3.820312500000000000e+01,6.575999269968756450e-09
3.821875000000000000e+01,6.441768328302746960e-09
3.823437500000000000e+01,6.468734470752218314e-09
3.825000000000000000e+01,6.628405702557160352e-09
3.826562500000000000e+01,6.914502358356843996e-09
3.828125000000000000e+01,7.235671023820311418e-09
3.829687500000000000e+01,7.383338069264113397e-09
3.831250000000000000e+01,7.267820370019793219e-09
3.832812500000000000e+01,7.102280539452228519e-09
3.834375000000000000e+01,7.265816003584643853e-09
3.835937500000000000e+01,7.798837312378677106e-09
3.837500000000000000e+01,8.305717541768864879e-09
3.839062500000000000e+01,8.428694953782220592e-09
3.840625000000000000e+01,8.078507266997755919e-09
3.842187500000000000e+01,7.515536053942545732e-09
3.843750000000000000e+01,7.093965664787968879e-09
3.845312500000000000e+01,6.789595465086335908e-09
3.846875000000000000e+01,6.648405612062267441e-09
3.848437500000000000e+01,6.935806308767876594e-09
3.850000000000000000e+01,7.315941363266212943e-09
3.851562500000000000e+01,7.285518007228747986e-09
3.853125000000000000e+01,6.926901514753822326e-09
3.854687500000000000e+01,6.585306620900041698e-09
3.856250000000000000e+01,6.409611057869917199e-09
3.857812500000000000e+01,6.293534595116506504e-09
3.859375000000000000e+01,6.168637615535278226e-09
3.860937500000000000e+01,6.229250392953801222e-09
3.862500000000000000e+01,6.642095570878978209e-09
3.864062500000000000e+01,7.204238664429447292e-09
3.865625000000000000e+01,7.606037105193970294e-09
3.867187500000000000e+01,7.891029358961932417e-09
3.868750000000000000e+01,8.177265336090541512e-09
3.870312500000000000e+01,8.319932360747157506e-09
3.871875000000000000e+01,8.161140888952579075e-09
3.873437500000000000e+01,7.657228558454263545e-09
3.875000000000000000e+01,6.996962151894949253e-09
3.876562500000000000e+01,6.704999661688730623e-09
3.878125000000000000e+01,6.949534054367299123e-09
3.879687500000000000e+01,7.295924388743214536e-09
3.881250000000000000e+01,7.569518370352089545e-09
3.882812500000000000e+01,7.869062401866763895e-09
3.884375000000000000e+01,8.121135278646634088e-09
3.885937500000000000e+01,8.146799448105537879e-09
3.887500000000000000e+01,7.898897922080167674e-09
3.889062500000000000e+01,7.659120040892086672e-09
3.890625000000000000e+01,7.751406799761757124e-09
3.892187500000000000e+01,7.908322929159012365e-09
3.893750000000000000e+01,7.817046250946389386e-09
3.895312500000000000e+01,7.782865483857065188e-09
3.896875000000000000e+01,8.030574676708459408e-09
3.898437500000000000e+01,8.233926954395886115e-09
3.900000000000000000e+01,8.017261431989842565e-09
3.901562500000000000e+01,7.322866135140998946e-09
3.903125000000000000e+01,6.608886998480685305e-09
3.904687500000000000e+01,6.492127232042283148e-09
3.906250000000000000e+01,6.894366217051819275e-09
3.907812500000000000e+01,7.119941255588508845e-09
3.909375000000000000e+01,6.818378710479263509e-09
3.910937500000000000e+01,6.396562961033354178e-09
3.912500000000000000e+01,6.251133933937902528e-09
3.914062500000000000e+01,6.134966944624641464e-09
3.915625000000000000e+01,6.044055331733587749e-09
3.917187500000000000e+01,6.353671832186342713e-09
3.918750000000000000e+01,6.939972232560830595e-09
3.920312500000000000e+01,7.343456421118468511e-09
3.921875000000000000e+01,7.309121811032498507e-09
3.923437500000000000e+01,6.988347836778288326e-09
3.925000000000000000e+01,6.759929796108828848e-09
3.926562500000000000e+01,6.746227213280061426e-09
3.928125000000000000e+01,6.948018619365152338e-09
3.929687500000000000e+01,7.374684007456949726e-09
3.931250000000000000e+01,7.761944684553883570e-09
3.932812500000000000e+01,7.834271194906249546e-09
3.934375000000000000e+01,7.626839469415004653e-09
3.935937500000000000e+01,7.343894923427348791e-09
3.937500000000000000e+01,6.973820652785245351e-09
3.939062500000000000e+01,6.465911611195112612e-09
3.940625000000000000e+01,6.272759626591956282e-09
3.942187500000000000e+01,6.614701305916764935e-09
3.943750000000000000e+01,6.911674395687070085e-09
3.945312500000000000e+01,6.947001760397323470e-09
3.946875000000000000e+01,7.051221329457182892e-09
3.948437500000000000e+01,7.132991640324120032e-09
3.950000000000000000e+01,6.899452829984198560e-09
3.951562500000000000e+01,6.712708395258370753e-09
3.953125000000000000e+01,6.978447652926615573e-09
3.954687500000000000e+01,7.216568083338640081e-09
3.956250000000000000e+01,7.021442681979609105e-09
3.957812500000000000e+01,6.700643754027968907e-09
3.959375000000000000e+01,6.582946215378748727e-09
3.960937500000000000e+01,6.623126444332063901e-09
3.962500000000000000e+01,6.781631730538322043e-09
3.964062500000000000e+01,7.136247601722404794e-09
3.965625000000000000e+01,7.553819968600463704e-09
3.967187500000000000e+01,7.878720545855107172e-09
3.968750000000000000e+01,8.093499310681123933e-09
3.970312500000000000e+01,8.027710497781218222e-09
3.971875000000000000e+01,7.545780357076310607e-09
3.973437500000000000e+01,6.872342177830322275e-09
3.975000000000000000e+01,6.450325169769838429e-09
3.976562500000000000e+01,6.441982046441119884e-09
3.978125000000000000e+01,6.678293078994716413e-09
3.979687500000000000e+01,7.066055822897902672e-09
3.981250000000000000e+01,7.421233507623725732e-09
3.982812500000000000e+01,7.537163786916913586e-09
3.984375000000000000e+01,7.517555185921258962e-09
3.985937500000000000e+01,7.604868504660608913e-09
3.987500000000000000e+01,7.785896936696932760e-09
3.989062500000000000e+01,7.775461406043760385e-09
3.990625000000000000e+01,7.386824484947865245e-09
3.992187500000000000e+01,6.794108809794363826e-09
3.993750000000000000e+01,6.362784730389680653e-09
3.995312500000000000e+01,6.309504594911670422e-09
3.996875000000000000e+01,6.556673625754718951e-09
3.998437500000000000e+01,6.813415709284114417e-09
4.000000000000000000e+01,6.990204798061075403e-09
4.001562500000000000e+01,7.175218869441202784e-09
4.003125000000000000e+01,7.213946620700072865e-09
4.004687500000000000e+01,7.046857133954163664e-09
4.006250000000000000e+01,7.103946957097978023e-09
4.007812500000000000e+01,7.457450959757835291e-09
4.009375000000000000e+01,7.427232981191826066e-09
4.010937500000000000e+01,6.843359871374490323e-09
4.012500000000000000e+01,6.339657512519295061e-09
4.014062500000000000e+01,6.377364743524383750e-09
4.015625000000000000e+01,6.793403478971040179e-09
4.017187500000000000e+01,7.145517238894036423e-09
4.018750000000000000e+01,7.133736722703780128e-09
4.020312500000000000e+01,6.908271621924275169e-09
4.021875000000000000e+01,6.993026568134920321e-09
4.023437500000000000e+01,7.560026509379180647e-09
4.025000000000000000e+01,8.058006184700363579e-09
4.026562500000000000e+01,8.017193756978816595e-09
4.028125000000000000e+01,7.571887866396309309e-09
4.029687500000000000e+01,7.083788037019479195e-09
4.031250000000000000e+01,6.777125441315232579e-09
4.032812500000000000e+01,6.824479883963939529e-09
4.034375000000000000e+01,7.215236155047792355e-09
4.035937500000000000e+01,7.623103590800987047e-09
4.037500000000000000e+01,7.789672101510273283e-09
4.039062500000000000e+01,7.771360739344948147e-09
4.040625000000000000e+01,7.776917311916222488e-09
4.042187500000000000e+01,7.981362132167690911e-09
4.043750000000000000e+01,8.191719225043339382e-09
4.045312500000000000e+01,7.952321898160698440e-09
4.046875000000000000e+01,7.361577585384619570e-09
4.048437500000000000e+01,7.116559419550837600e-09
4.050000000000000000e+01,7.303367358547750851e-09
4.051562500000000000e+01,7.452500459564137899e-09
4.053125000000000000e+01,7.502259213310771892e-09
4.054687500000000000e+01,7.457583459597677459e-09
4.056250000000000000e+01,7.209439064363483015e-09
4.057812500000000000e+01,6.877730504177256038e-09
4.059375000000000000e+01,6.750201541065935492e-09
4.060937500000000000e+01,6.912487380403533748e-09
4.062500000000000000e+01,7.233968655184627847e-09
4.064062500000000000e+01,7.527150784590035731e-09
4.065625000000000000e+01,7.494247021581024847e-09
4.067187500000000000e+01,7.073683924632419061e-09
4.068750000000000000e+01,6.718935012709676042e-09
4.070312500000000000e+01,6.743403149943242868e-09
4.071875000000000000e+01,6.825297524858802784e-09
4.073437500000000000e+01,6.683467162487227096e-09
4.075000000000000000e+01,6.570778254003982013e-09
4.076562500000000000e+01,6.739526187246055981e-09
4.078125000000000000e+01,6.968782333262765782e-09
4.079687500000000000e+01,7.077691965201716838e-09
4.081250000000000000e+01,7.133972492210519473e-09
4.082812500000000000e+01,7.243851899429845236e-09
4.084375000000000000e+01,7.359504673056987392e-09
4.085937500000000000e+01,7.307967935302727370e-09
4.087500000000000000e+01,7.010734915772408352e-09
4.089062500000000000e+01,6.584722331871478996e-09
4.090625000000000000e+01,6.424923271260718862e-09
4.092187500000000000e+01,6.748102150976681675e-09
4.093750000000000000e+01,7.049367901124770191e-09
4.095312500000000000e+01,6.911198556562719697e-09
4.096875000000000000e+01,6.675705790748359771e-09
4.098437500000000000e+01,6.836654867718589490e-09
4.100000000000000000e+01,7.282536602810208935e-09
4.101562500000000000e+01,7.655742475362479888e-09
4.103125000000000000e+01,7.791248257811717324e-09
4.104687500000000000e+01,7.737098038721040681e-09
4.106250000000000000e+01,7.658970937647487710e-09
4.107812500000000000e+01,7.711898445235130033e-09
4.109375000000000000e+01,7.847477602165875587e-09
4.110937500000000000e+01,7.746250159539326257e-09
4.112500000000000000e+01,7.191035440364427209e-09
4.114062500000000000e+01,6.471707405143555643e-09
4.115625000000000000e+01,6.064237523847680099e-09
4.117187500000000000e+01,6.020413175703576746e-09
4.118750000000000000e+01,6.355970794344856255e-09
4.120312500000000000e+01,6.999423897038599741e-09
4.121875000000000000e+01,7.439502574503510271e-09
4.123437500000000000e+01,7.291724084617216405e-09
4.125000000000000000e+01,6.666506830823384382e-09
4.126562500000000000e+01,6.114692660263272528e-09
4.128125000000000000e+01,6.156384223055365687e-09
4.129687500000000000e+01,6.653995285081179468e-09
4.131250000000000000e+01,7.285357638813547953e-09
4.132812500000000000e+01,8.113857940790218320e-09
4.134375000000000000e+01,8.973424523583648842e-09
4.135937500000000000e+01,9.274169154354407139e-09
4.137500000000000000e+01,8.813894720496059785e-09
4.139062500000000000e+01,8.015523969610697112e-09
4.140625000000000000e+01,7.313536135020273995e-09
4.142187500000000000e+01,6.873773472243740940e-09
4.143750000000000000e+01,6.817859768641487238e-09
4.145312500000000000e+01,7.005096743377048489e-09
4.146875000000000000e+01,7.033339775290845350e-09
4.148437500000000000e+01,6.878587007333127149e-09
4.150000000000000000e+01,6.881469219476356682e-09
4.151562500000000000e+01,7.008710993634452062e-09
4.153125000000000000e+01,7.034109723943532507e-09
4.154687500000000000e+01,7.038402052953176902e-09
4.156250000000000000e+01,7.117699388171831492e-09
4.157812500000000000e+01,7.188085539449027118e-09
4.159375000000000000e+01,7.243551329308451162e-09
4.160937500000000000e+01,7.339705372360324240e-09
4.162500000000000000e+01,7.378732790204952645e-09
4.164062500000000000e+01,7.237405814894629392e-09
4.165625000000000000e+01,6.913192356989739572e-09
4.167187500000000000e+01,6.451535603916973665e-09
4.168750000000000000e+01,5.946135266869789459e-09
4.170312500000000000e+01,5.517240435771792433e-09
4.171875000000000000e+01,5.302902548843109275e-09
4.173437500000000000e+01,5.507623340490875075e-09
4.175000000000000000e+01,6.002716162352660051e-09
4.176562500000000000e+01,6.320962084380464614e-09
4.178125000000000000e+01,6.366051110266553303e-09
4.179687500000000000e+01,6.553641325645538091e-09
4.181250000000000000e+01,7.095870328025214487e-09
4.182812500000000000e+01,7.609677176349415363e-09
4.184375000000000000e+01,7.710474334855341131e-09
4.185937500000000000e+01,7.488999452109321232e-09
4.187500000000000000e+01,7.242515638789296624e-09
4.189062500000000000e+01,7.043076678658980311e-09
4.190625000000000000e+01,6.971041591676525737e-09
4.192187500000000000e+01,7.225899914809757321e-09
4.193750000000000000e+01,7.612023850843614138e-09
4.195312500000000000e+01,7.793986349093213140e-09
4.196875000000000000e+01,7.814937192665155250e-09
4.198437500000000000e+01,7.822586869907596777e-09
4.200000000000000000e+01,7.920077893216367034e-09
4.201562500000000000e+01,8.265131499702183999e-09
4.203125000000000000e+01,8.642075168236270808e-09
4.204687500000000000e+01,8.567880268921381041e-09
4.206250000000000000e+01,8.017598064385702659e-09
4.207812500000000000e+01,7.398011018765850838e-09
4.209375000000000000e+01,6.907428646214601884e-09
4.210937500000000000e+01,6.475458832442369305e-09
4.212500000000000000e+01,6.258186448256788391e-09
4.214062500000000000e+01,6.343488398537420070e-09
4.215625000000000000e+01,6.447526914513244302e-09
4.217187500000000000e+01,6.503353704561224265e-09
4.218750000000000000e+01,6.658045586637824910e-09
4.220312500000000000e+01,6.816759501506124863e-09
4.221875000000000000e+01,6.764991123565009317e-09
4.223437500000000000e+01,6.556091893495856134e-09
4.225000000000000000e+01,6.576299596181836039e-09
4.226562500000000000e+01,6.877087258388563322e-09
4.228125000000000000e+01,6.969664350911745191e-09
4.229687500000000000e+01,6.701400425739612553e-09
4.231250000000000000e+01,6.420252274977534120e-09
4.232812500000000000e+01,6.311444330637011715e-09
4.234375000000000000e+01,6.265648417926058608e-09
4.235937500000000000e+01,6.234645834031786674e-09
4.237500000000000000e+01,6.387286000023857276e-09
4.239062500000000000e+01,6.835775848181682132e-09
4.240625000000000000e+01,7.257810709257739654e-09
4.242187500000000000e+01,7.317902676984095016e-09
4.243750000000000000e+01,7.182803204956317997e-09
4.245312500000000000e+01,7.228349647979314454e-09
4.246875000000000000e+01,7.479622630290732268e-09
4.248437500000000000e+01,7.777488202094870508e-09
4.250000000000000000e+01,8.115382431789288465e-09
4.251562500000000000e+01,8.457521126497071505e-09
4.253125000000000000e+01,8.544308259008147518e-09
4.254687500000000000e+01,8.162241939419093483e-09
4.256250000000000000e+01,7.372261536122774276e-09
4.257812500000000000e+01,6.551567249151794837e-09
4.259375000000000000e+01,6.181777998373560165e-09
4.260937500000000000e+01,6.299709401398554141e-09
4.262500000000000000e+01,6.616287436625760173e-09
4.264062500000000000e+01,7.010917152256042417e-09
4.265625000000000000e+01,7.436046432780716315e-09
4.267187500000000000e+01,7.763390976866675234e-09
4.268750000000000000e+01,7.882524048548888465e-09
4.270312500000000000e+01,7.730438146886318739e-09
4.271875000000000000e+01,7.382516534446712776e-09
4.273437500000000000e+01,7.024200065818598180e-09
4.275000000000000000e+01,6.682595808547004532e-09
4.276562500000000000e+01,6.376549805883755764e-09
4.278125000000000000e+01,6.316414112855179749e-09
4.279687500000000000e+01,6.557361149927684296e-09
4.281250000000000000e+01,6.839597229459588537e-09
4.282812500000000000e+01,6.961597075128477618e-09
4.284375000000000000e+01,6.993525082046781442e-09
4.285937500000000000e+01,6.991547266654343060e-09
4.287500000000000000e+01,6.745225658836271839e-09
4.289062500000000000e+01,6.239919351458093492e-09
4.290625000000000000e+01,5.968415715558095442e-09
4.292187500000000000e+01,6.296314149456796927e-09
4.293750000000000000e+01,6.877945878686480267e-09
4.295312500000000000e+01,7.261231376670675069e-09
4.296875000000000000e+01,7.515186379272403643e-09
4.298437500000000000e+01,7.804408209621415177e-09
4.300000000000000000e+01,7.907689049010494833e-09
4.301562500000000000e+01,7.551399624977344851e-09
4.303125000000000000e+01,6.864813310834376729e-09
4.304687500000000000e+01,6.411885111441831441e-09
4.306250000000000000e+01,6.497733281184045550e-09
4.307812500000000000e+01,6.732961552796670312e-09
4.309375000000000000e+01,6.752723832856867724e-09
4.310937500000000000e+01,6.707286857087627322e-09
4.312500000000000000e+01,6.801027394002320622e-09
4.314062500000000000e+01,6.960002844689124962e-09
4.315625000000000000e+01,7.077019280710524291e-09
4.317187500000000000e+01,7.062449959483886422e-09
4.318750000000000000e+01,6.958392692807910691e-09
4.320312500000000000e+01,6.822123784177606094e-09
4.321875000000000000e+01,6.574972998529534898e-09
4.323437500000000000e+01,6.368947491727388659e-09
4.325000000000000000e+01,6.423956011079476514e-09
4.326562500000000000e+01,6.752208810127904524e-09
4.328125000000000000e+01,7.227321219697774131e-09
4.329687500000000000e+01,7.494595461750943857e-09
4.331250000000000000e+01,7.323740036971429514e-09
4.332812500000000000e+01,6.965985182226479751e-09
4.334375000000000000e+01,6.840568494195787402e-09
4.335937500000000000e+01,6.856081599983367734e-09
4.337500000000000000e+01,6.630175606143516105e-09
4.339062500000000000e+01,6.170551046011389143e-09
4.340625000000000000e+01,5.706925664874162133e-09
4.342187500000000000e+01,5.344019683891134260e-09
4.343750000000000000e+01,5.321149492237857713e-09
4.345312500000000000e+01,5.823590680663936805e-09
4.346875000000000000e+01,6.363685805696014377e-09
4.348437500000000000e+01,6.553448320893330567e-09
4.350000000000000000e+01,6.808139932070203864e-09
4.351562500000000000e+01,7.407049913510796666e-09
4.353125000000000000e+01,7.807297532241570201e-09
4.354687500000000000e+01,7.644936189879492663e-09
4.356250000000000000e+01,7.240560797317382046e-09
4.357812500000000000e+01,7.006811179051261894e-09
4.359375000000000000e+01,6.832243851702612698e-09
4.360937500000000000e+01,6.464029193583577581e-09
4.362500000000000000e+01,6.135646975879474837e-09
4.364062500000000000e+01,6.240379390896925467e-09
4.365625000000000000e+01,6.692680451967616002e-09
4.367187500000000000e+01,7.123392808772608369e-09
4.368750000000000000e+01,7.218516523004377283e-09
4.370312500000000000e+01,6.971098407578849583e-09
4.371875000000000000e+01,6.703571386593651245e-09
4.373437500000000000e+01,6.526024199329398334e-09
4.375000000000000000e+01,6.281031042922655185e-09
4.376562500000000000e+01,6.121229074312931872e-09
4.378125000000000000e+01,6.316662082612523968e-09
4.379687500000000000e+01,6.716609227348874260e-09
4.381250000000000000e+01,7.009389088937752242e-09
4.382812500000000000e+01,7.060553477011449156e-09
4.384375000000000000e+01,6.805092530815488021e-09
4.385937500000000000e+01,6.415436749074021063e-09
4.387500000000000000e+01,6.356173387559707166e-09
4.389062500000000000e+01,6.626350567133650257e-09
4.390625000000000000e+01,6.837443658937140002e-09
4.392187500000000000e+01,6.978076543053329042e-09
4.393750000000000000e+01,7.249723919955063984e-09
4.395312500000000000e+01,7.627400133189407340e-09
4.396875000000000000e+01,7.880872473271567919e-09
4.398437500000000000e+01,7.838927775284731752e-09
4.400000000000000000e+01,7.562728412931020772e-09
4.401562500000000000e+01,7.337717417758677052e-09
4.403125000000000000e+01,7.305864441360952163e-09
4.404687500000000000e+01,7.275140632650200117e-09
4.406250000000000000e+01,7.192974497928903958e-09
4.407812500000000000e+01,7.261774120271906250e-09
4.409375000000000000e+01,7.465531127834073303e-09
4.410937500000000000e+01,7.502081515429872567e-09
4.412500000000000000e+01,7.234557483837013580e-09
4.414062500000000000e+01,6.898609952291304367e-09
4.415625000000000000e+01,6.830316345615476760e-09
4.417187500000000000e+01,7.010038429992159730e-09
4.418750000000000000e+01,7.200916610773852259e-09
4.420312500000000000e+01,7.438943773592354824e-09
4.421875000000000000e+01,7.721183443160233633e-09
4.423437500000000000e+01,7.643097449512773887e-09
4.425000000000000000e+01,6.911009202715039472e-09
4.426562500000000000e+01,5.933650177701411544e-09
4.428125000000000000e+01,5.555895568073635039e-09
4.429687500000000000e+01,5.818119670444949698e-09
4.431250000000000000e+01,6.088847152320553508e-09
4.432812500000000000e+01,6.226942081211048837e-09
4.434375000000000000e+01,6.379297307425020559e-09
4.435937500000000000e+01,6.565286887269827710e-09
4.437500000000000000e+01,6.786173067209946856e-09
4.439062500000000000e+01,7.006617933507270227e-09
4.440625000000000000e+01,7.206360810034327179e-09
4.442187500000000000e+01,7.396200420956947433e-09
4.443750000000000000e+01,7.594672017581870344e-09
4.445312500000000000e+01,7.772096205838713188e-09
4.446875000000000000e+01,7.670982561359917750e-09
4.448437500000000000e+01,7.189675610433867004e-09
4.450000000000000000e+01,6.612314168215034871e-09
4.451562500000000000e+01,6.159221264941123668e-09
4.453125000000000000e+01,5.879386659497565441e-09
4.454687500000000000e+01,5.807251948753272121e-09
4.456250000000000000e+01,5.769760921070153442e-09
4.457812500000000000e+01,5.664236522960055153e-09
4.459375000000000000e+01,5.792455940646801246e-09
4.460937500000000000e+01,6.206359352449304810e-09
4.462500000000000000e+01,6.525396782726962969e-09
4.464062500000000000e+01,6.774143455538692402e-09
4.465625000000000000e+01,7.125518459933678089e-09
4.467187500000000000e+01,7.326973615429942483e-09
4.468750000000000000e+01,7.313242585782297487e-09
4.470312500000000000e+01,7.338125413065138642e-09
4.471875000000000000e+01,7.484689454456850754e-09
4.473437500000000000e+01,7.671844712168247948e-09
4.475000000000000000e+01,7.653381031547238990e-09
4.476562500000000000e+01,7.321654481877919549e-09
4.478125000000000000e+01,6.987619074412317978e-09
4.479687500000000000e+01,6.897934978063976577e-09
4.481250000000000000e+01,6.914657523617335162e-09
4.482812500000000000e+01,6.932759767386586510e-09
4.484375000000000000e+01,7.028392459183453789e-09
4.485937500000000000e+01,7.222907135342505700e-09
4.487500000000000000e+01,7.424076153320189947e-09
4.489062500000000000e+01,7.522915620466117765e-09
4.490625000000000000e+01,7.425730958164374443e-09
4.492187500000000000e+01,6.967660035251814622e-09
4.493750000000000000e+01,6.197102060011551689e-09
4.495312500000000000e+01,5.590669688631898847e-09
4.496875000000000000e+01,5.435100145532488527e-09
4.498437500000000000e+01,5.527848596718339241e-09
4.500000000000000000e+01,5.766875269142031793e-09
4.501562500000000000e+01,6.187936203670743902e-09
4.503125000000000000e+01,6.638052670945412380e-09
4.504687500000000000e+01,6.915748367120429817e-09
4.506250000000000000e+01,6.992790781399452246e-09
4.507812500000000000e+01,7.045708323336667945e-09
4.509375000000000000e+01,7.196430380692560868e-09
4.510937500000000000e+01,7.309136285060556389e-09
4.512500000000000000e+01,7.269944742797848097e-09
4.514062500000000000e+01,7.065573629804865894e-09
4.515625000000000000e+01,6.705763024566032042e-09
4.517187500000000000e+01,6.399518494102575064e-09
4.518750000000000000e+01,6.321195084707295082e-09
4.520312500000000000e+01,6.342518781627456428e-09
4.521875000000000000e+01,6.365507386857170306e-09
4.523437500000000000e+01,6.331216230781102040e-09
4.525000000000000000e+01,6.191169489440826151e-09
4.526562500000000000e+01,6.159992243812141670e-09
4.528125000000000000e+01,6.510397159073119247e-09
4.529687500000000000e+01,6.992329036554996080e-09
4.531250000000000000e+01,7.146317653619929577e-09
4.532812500000000000e+01,6.999617437601105541e-09
4.534375000000000000e+01,6.844004473323472115e-09
4.535937500000000000e+01,6.675839059066681699e-09
4.537500000000000000e+01,6.500265761120886459e-09
4.539062500000000000e+01,6.592984282427142464e-09
4.540625000000000000e+01,6.918444980664273389e-09
4.542187500000000000e+01,7.069147148574941571e-09
4.543750000000000000e+01,6.866033764555782338e-09
4.545312500000000000e+01,6.508356320332999957e-09
4.546875000000000000e+01,6.153849765000711262e-09
4.548437500000000000e+01,5.871771135916121213e-09
4.550000000000000000e+01,5.885902219774479625e-09
4.551562500000000000e+01,6.100611597129695456e-09
4.553125000000000000e+01,6.152396039440474470e-09
4.554687500000000000e+01,6.017000594229809307e-09
4.556250000000000000e+01,5.875275778106164426e-09
4.557812500000000000e+01,5.829126086452368211e-09
4.559375000000000000e+01,5.951958286494264865e-09
4.560937500000000000e+01,6.165373243329354133e-09
4.562500000000000000e+01,6.204340316927775393e-09
4.564062500000000000e+01,6.019397866334239038e-09
4.565625000000000000e+01,5.934340207669378410e-09
4.567187500000000000e+01,6.245368773069675953e-09
4.568750000000000000e+01,6.625161566199101431e-09
4.570312500000000000e+01,6.582103580016916744e-09
4.571875000000000000e+01,6.144924402365620405e-09
4.573437500000000000e+01,5.727105589654213364e-09
4.575000000000000000e+01,5.745253766751376181e-09
4.576562500000000000e+01,6.158662583490066316e-09
4.578125000000000000e+01,6.490767888144608060e-09
4.579687500000000000e+01,6.451013633047161196e-09
4.581250000000000000e+01,6.261101783144602670e-09
4.582812500000000000e+01,6.268041029354709410e-09
4.584375000000000000e+01,6.468351222314948860e-09
4.585937500000000000e+01,6.657033082950429773e-09
4.587500000000000000e+01,6.698872893544609028e-09
4.589062500000000000e+01,6.587965531000756286e-09
4.590625000000000000e+01,6.406291041775395835e-09
4.592187500000000000e+01,6.235134185227880902e-09
4.593750000000000000e+01,6.034570574706201116e-09
4.595312500000000000e+01,5.854029641083442352e-09
4.596875000000000000e+01,5.946925549005574723e-09
4.598437500000000000e+01,6.226683433519880594e-09
4.600000000000000000e+01,6.328332475287418138e-09
4.601562500000000000e+01,6.190513260176301143e-09
4.603125000000000000e+01,5.958989826040417291e-09
4.604687500000000000e+01,5.736623927650080712e-09
4.606250000000000000e+01,5.741838599867043190e-09
4.607812500000000000e+01,6.264648782342459913e-09
4.609375000000000000e+01,6.976025927694809983e-09
4.610937500000000000e+01,7.097206824413815110e-09
4.612500000000000000e+01,6.366234784377174733e-09
4.614062500000000000e+01,5.482205210167906701e-09
4.615625000000000000e+01,5.431640320753523746e-09
4.617187500000000000e+01,6.135595097924973053e-09
4.618750000000000000e+01,6.822567581373991582e-09
4.620312500000000000e+01,7.050036042345638881e-09
4.621875000000000000e+01,6.799076093096915215e-09
4.623437500000000000e+01,6.341148210571424903e-09
4.625000000000000000e+01,6.244511280519949905e-09
4.626562500000000000e+01,6.764744428175177980e-09
4.628125000000000000e+01,7.253935207994443363e-09
4.629687500000000000e+01,7.202042762149144240e-09
4.631250000000000000e+01,6.815403468660046205e-09
4.632812500000000000e+01,6.383352003577445000e-09
4.634375000000000000e+01,5.931294743792566984e-09
4.635937500000000000e+01,5.521635758880737057e-09
4.637500000000000000e+01,5.336290817051718522e-09
4.639062500000000000e+01,5.580079284539023047e-09
4.640625000000000000e+01,6.164054762092368803e-09
4.642187500000000000e+01,6.645888438652010520e-09
4.643750000000000000e+01,6.758433996067795365e-09
4.645312500000000000e+01,6.642098963076402950e-09
4.646875000000000000e+01,6.521332566720428978e-09
4.648437500000000000e+01,6.346218874819211492e-09
4.650000000000000000e+01,6.024652421502623937e-09
4.651562500000000000e+01,5.837307001591984210e-09
4.653125000000000000e+01,5.981417646339428713e-09
4.654687500000000000e+01,6.167412779306932954e-09
4.656250000000000000e+01,6.207338677035735103e-09
4.657812500000000000e+01,6.248094971659745439e-09
4.659375000000000000e+01,6.431030045703448005e-09
4.660937500000000000e+01,6.543130377193932837e-09
4.662500000000000000e+01,6.423500582747412675e-09
4.664062500000000000e+01,6.372129077488633373e-09
4.665625000000000000e+01,6.654572393620750904e-09
4.667187500000000000e+01,6.962147291605000584e-09
4.668750000000000000e+01,6.930389088245754204e-09
4.670312500000000000e+01,6.652520147116501473e-09
4.671875000000000000e+01,6.331067784538185988e-09
4.673437500000000000e+01,6.083665716987567755e-09
4.675000000000000000e+01,6.082999327597171736e-09
4.676562500000000000e+01,6.210123767228211340e-09
4.678125000000000000e+01,6.230055542278501956e-09
4.679687500000000000e+01,6.236961345857570435e-09
4.681250000000000000e+01,6.309692962038133642e-09
4.682812500000000000e+01,6.205421853823179607e-09
4.684375000000000000e+01,5.816129728780550583e-09
4.685937500000000000e+01,5.512377402296244635e-09
4.687500000000000000e+01,5.688527372807280672e-09
4.689062500000000000e+01,6.201490346687366188e-09
4.690625000000000000e+01,6.668014784655678345e-09
4.692187500000000000e+01,6.718324304505171526e-09
4.693750000000000000e+01,6.237593569082201902e-09
4.695312500000000000e+01,5.803022825837900208e-09
4.696875000000000000e+01,5.952428922032768269e-09
4.698437500000000000e+01,6.332489707219141688e-09
4.700000000000000000e+01,6.574264070733142726e-09
4.701562500000000000e+01,6.604224169649624423e-09
4.703125000000000000e+01,6.529779573909295397e-09
4.704687500000000000e+01,6.639943106806300452e-09
4.706250000000000000e+01,6.915891528757694849e-09
4.707812500000000000e+01,6.976966326115719219e-09
4.709375000000000000e+01,6.821013109657497804e-09
4.710937500000000000e+01,6.906463284775356569e-09
4.712500000000000000e+01,7.281499607597794969e-09
4.714062500000000000e+01,7.472433546590059498e-09
4.715625000000000000e+01,7.274805636767115994e-09
4.717187500000000000e+01,6.853110065662267584e-09
4.718750000000000000e+01,6.334801395347079808e-09
4.720312500000000000e+01,5.778163228830160590e-09
4.721875000000000000e+01,5.422729949381932231e-09
4.723437500000000000e+01,5.475240990172459166e-09
4.725000000000000000e+01,5.758874454278647305e-09
4.726562500000000000e+01,6.091989467915504534e-09
4.728125000000000000e+01,6.423790118072248055e-09
4.729687500000000000e+01,6.481045034598622167e-09
4.731250000000000000e+01,6.063763106123309859e-09
4.732812500000000000e+01,5.409396773275676004e-09
4.734375000000000000e+01,5.065547028091981722e-09
4.735937500000000000e+01,5.334821584641726485e-09
4.737500000000000000e+01,5.848474376156630849e-09
4.739062500000000000e+01,6.216486766537948239e-09
4.740625000000000000e+01,6.368203494824968530e-09
4.742187500000000000e+01,6.472697101498955183e-09
4.743750000000000000e+01,6.818016370887135652e-09
4.745312500000000000e+01,7.238607100691838141e-09
4.746875000000000000e+01,7.267614554621841577e-09
4.748437500000000000e+01,6.928485853215415079e-09
4.750000000000000000e+01,6.618414437491097538e-09
4.751562500000000000e+01,6.469178481606052264e-09
4.753125000000000000e+01,6.523132535087738443e-09
4.754687500000000000e+01,6.815631286010638315e-09
4.756250000000000000e+01,7.023401873599939471e-09
4.757812500000000000e+01,6.901986691854078613e-09
4.759375000000000000e+01,6.630867040286764413e-09
4.760937500000000000e+01,6.408915721969629320e-09
4.762500000000000000e+01,6.197695234695510869e-09
4.764062500000000000e+01,6.100087033484566964e-09
4.765625000000000000e+01,6.368662274892293753e-09
4.767187500000000000e+01,6.650155490347631015e-09
4.768750000000000000e+01,6.348003528754610733e-09
4.770312500000000000e+01,5.726419333021611652e-09
4.771875000000000000e+01,5.678843826385134807e-09
4.773437500000000000e+01,6.267673377983809182e-09
4.775000000000000000e+01,6.712069084325090023e-09
4.776562500000000000e+01,6.716514196618768238e-09
4.778125000000000000e+01,6.562502730367237167e-09
4.779687500000000000e+01,6.398860021225546301e-09
4.781250000000000000e+01,6.252672336508575438e-09
4.782812500000000000e+01,6.338876129418077054e-09
4.784375000000000000e+01,6.601898362145430909e-09
4.785937500000000000e+01,6.696446433917584032e-09
4.787500000000000000e+01,6.489142255550200017e-09
4.789062500000000000e+01,6.249994750301129010e-09
4.790625000000000000e+01,6.340066211518649298e-09
4.792187500000000000e+01,6.579944658049206612e-09
4.793750000000000000e+01,6.561584690475573851e-09
4.795312500000000000e+01,6.364302413587463517e-09
4.796875000000000000e+01,6.329323739282238767e-09
4.798437500000000000e+01,6.464925035480601693e-09
4.800000000000000000e+01,6.566092089532409298e-09
4.801562500000000000e+01,6.560254173535252614e-09
4.803125000000000000e+01,6.443803566063732428e-09
4.804687500000000000e+01,6.271024606682101411e-09
4.806250000000000000e+01,6.147475640398180726e-09
4.807812500000000000e+01,6.077130464612884009e-09
4.809375000000000000e+01,6.003458984032694366e-09
4.810937500000000000e+01,5.854124523555644464e-09
4.812500000000000000e+01,5.583222786346958139e-09
4.814062500000000000e+01,5.331527467061920425e-09
4.815625000000000000e+01,5.412893996493934116e-09
4.817187500000000000e+01,5.836054476761352595e-09
4.818750000000000000e+01,6.203281951610465963e-09
4.820312500000000000e+01,6.329843617927233169e-09
4.821875000000000000e+01,6.499483545243121979e-09
4.823437500000000000e+01,6.969950519815618285e-09
4.825000000000000000e+01,7.551895352785839370e-09
4.826562500000000000e+01,7.870634792695790901e-09
4.828125000000000000e+01,7.681127306048100097e-09
4.829687500000000000e+01,7.087005437244467269e-09
4.831250000000000000e+01,6.448146441371651336e-09
4.832812500000000000e+01,5.986570743607126952e-09
4.834375000000000000e+01,5.639320723037051753e-09
4.835937500000000000e+01,5.421724532886700573e-09
4.837500000000000000e+01,5.466952887733224315e-09
4.839062500000000000e+01,5.498474686036638483e-09
4.840625000000000000e+01,5.252589689856055704e-09
4.842187500000000000e+01,5.152831109545726947e-09
4.843750000000000000e+01,5.835889960879563918e-09
4.845312500000000000e+01,7.059144191838841049e-09
4.846875000000000000e+01,8.015851183378206932e-09
4.848437500000000000e+01,8.124118570774789373e-09
4.850000000000000000e+01,7.347081168563281024e-09
4.851562500000000000e+01,6.417975231009601906e-09
4.853125000000000000e+01,6.263874132427055238e-09
4.854687500000000000e+01,6.681145854037307013e-09
4.856250000000000000e+01,6.955901407799235743e-09
4.857812500000000000e+01,6.899267878451337532e-09
4.859375000000000000e+01,6.703116389510528028e-09
4.860937500000000000e+01,6.633412472050245100e-09
4.862500000000000000e+01,6.749957616703152008e-09
4.864062500000000000e+01,6.839145754313281392e-09
4.865625000000000000e+01,6.625327666144375170e-09
4.867187500000000000e+01,6.113042390422793841e-09
4.868750000000000000e+01,5.673231722355986235e-09
4.870312500000000000e+01,5.612855553374344157e-09
4.871875000000000000e+01,5.872443329886345163e-09
4.873437500000000000e+01,6.178398041914661358e-09
4.875000000000000000e+01,6.228677830689920012e-09
4.876562500000000000e+01,5.896650370272573895e-09
4.878125000000000000e+01,5.442991764483312325e-09
4.879687500000000000e+01,5.277519553043319122e-09
4.881250000000000000e+01,5.528658297860048693e-09
4.882812500000000000e+01,6.180294828984016835e-09
4.884375000000000000e+01,7.004110507585352794e-09
4.885937500000000000e+01,7.562002179235410011e-09
4.887500000000000000e+01,7.688920000939150631e-09
4.889062500000000000e+01,7.541929760415051517e-09
4.890625000000000000e+01,7.280606046978612932e-09
4.892187500000000000e+01,7.032641781264869475e-09
4.893750000000000000e+01,6.937690567242693633e-09
4.895312500000000000e+01,6.967069078607953101e-09
4.896875000000000000e+01,7.023937578826141393e-09
4.898437500000000000e+01,7.086040282053680673e-09
4.900000000000000000e+01,7.181004455036103550e-09
4.901562500000000000e+01,7.330984351610490452e-09
4.903125000000000000e+01,7.342993892437686223e-09
4.904687500000000000e+01,6.970683268166604270e-09
4.906250000000000000e+01,6.360409746916910380e-09
4.907812500000000000e+01,6.035184636023434493e-09
4.909375000000000000e+01,6.233742581033520752e-09
4.910937500000000000e+01,6.587804590502484836e-09
4.912500000000000000e+01,6.698282444422208332e-09
4.914062500000000000e+01,6.495570786814917622e-09
4.915625000000000000e+01,6.218459676705475558e-09
4.917187500000000000e+01,6.122035019713776721e-09
4.918750000000000000e+01,6.243505329232148257e-09
4.920312500000000000e+01,6.412075539107889053e-09
4.921875000000000000e+01,6.328155589131347647e-09
4.923437500000000000e+01,5.962780503821864475e-09
4.925000000000000000e+01,5.610025264474494445e-09
4.926562500000000000e+01,5.382030828763986249e-09
4.928125000000000000e+01,5.159591849669915371e-09
4.929687500000000000e+01,4.900648533236521468e-09
4.931250000000000000e+01,4.649058753385781444e-09
4.932812500000000000e+01,4.544809216803432884e-09
4.934375000000000000e+01,4.741591532346341186e-09
4.935937500000000000e+01,5.225882119629117943e-09
4.937500000000000000e+01,5.819940631604829422e-09
4.939062500000000000e+01,6.151449322575285142e-09
4.940625000000000000e+01,6.014240147144294336e-09
4.942187500000000000e+01,5.619375520796380527e-09
4.943750000000000000e+01,5.318746885338412142e-09
4.945312500000000000e+01,5.336562047563142725e-09
4.946875000000000000e+01,5.741513349974281911e-09
4.948437500000000000e+01,6.432142262280765061e-09
4.950000000000000000e+01,7.118570855274811258e-09
4.951562500000000000e+01,7.646628414374284357e-09
4.953125000000000000e+01,8.002778355652729213e-09
4.954687500000000000e+01,8.094957644362757103e-09
4.956250000000000000e+01,7.953313738394520417e-09
4.957812500000000000e+01,7.812126004403601410e-09
4.959375000000000000e+01,7.749043339374347408e-09
4.960937500000000000e+01,7.576169694021862125e-09
4.962500000000000000e+01,7.232828383803146039e-09
4.964062500000000000e+01,6.867844287010716523e-09
4.965625000000000000e+01,6.545043808161307973e-09
4.967187500000000000e+01,6.398726398986156548e-09
4.968750000000000000e+01,6.538078252648431822e-09
4.970312500000000000e+01,6.675644368855432817e-09
4.971875000000000000e+01,6.570661985906426775e-09
4.973437500000000000e+01,6.301083288675387599e-09
4.975000000000000000e+01,6.033915167981162705e-09
4.976562500000000000e+01,5.900772519879764480e-09
4.978125000000000000e+01,5.844308204583863447e-09
4.979687500000000000e+01,5.847618279674400934e-09
4.981250000000000000e+01,6.150702048193313569e-09
4.982812500000000000e+01,6.542807110465731451e-09
4.984375000000000000e+01,6.625911083610775079e-09
4.985937500000000000e+01,6.483537146889838171e-09
4.987500000000000000e+01,6.307125373717928459e-09
4.989062500000000000e+01,6.110995733460648950e-09
4.990625000000000000e+01,5.901092379145337338e-09
4.992187500000000000e+01,5.805745392187039973e-09
4.993750000000000000e+01,6.016726546096501500e-09
4.995312500000000000e+01,6.395205329032458382e-09
4.996875000000000000e+01,6.591126869489751655e-09
4.998437500000000000e+01,6.622961532088700158e-09
5.000000000000000000e+01,6.751642381190969183e-09
5.001562500000000000e+01,6.877789616869081728e-09
5.003125000000000000e+01,6.705573801840077756e-09
5.004687500000000000e+01,6.307219424069494483e-09
5.006250000000000000e+01,6.035934085501176491e-09
5.007812500000000000e+01,5.971790711242813819e-09
5.009375000000000000e+01,5.829099007831244514e-09
5.010937500000000000e+01,5.530574874980884438e-09
5.012500000000000000e+01,5.467259244590511937e-09
5.014062500000000000e+01,5.805455813395544234e-09
5.015625000000000000e+01,6.116600028755872053e-09
5.017187500000000000e+01,6.140569214136811327e-09
5.018750000000000000e+01,6.128175724504865928e-09
5.020312500000000000e+01,6.443949416030078756e-09
5.021875000000000000e+01,7.038982844343294469e-09
5.023437500000000000e+01,7.493186044082967216e-09
5.025000000000000000e+01,7.540893019489908956e-09
5.026562500000000000e+01,7.206962241540940855e-09
5.028125000000000000e+01,6.567017032551809319e-09
5.029687500000000000e+01,5.860049365812502921e-09
5.031250000000000000e+01,5.666921365739327301e-09
5.032812500000000000e+01,6.164159729091318706e-09
5.034375000000000000e+01,6.749171020734701163e-09
5.035937500000000000e+01,6.933595789776628753e-09
5.037500000000000000e+01,6.702204472105153705e-09
5.039062500000000000e+01,6.265045379697118810e-09
5.040625000000000000e+01,5.798915283805304753e-09
5.042187500000000000e+01,5.554425175076892157e-09
5.043750000000000000e+01,5.751099604325989167e-09
5.045312500000000000e+01,6.165158959977526492e-09
5.046875000000000000e+01,6.471370477034295935e-09
5.048437500000000000e+01,6.762497952682222816e-09
5.050000000000000000e+01,7.180330390696456337e-09
5.051562500000000000e+01,7.521244322482805547e-09
5.053125000000000000e+01,7.629945532174566680e-09
5.054687500000000000e+01,7.486400308259516093e-09
5.056250000000000000e+01,7.087112787261121202e-09
5.057812500000000000e+01,6.570216328346339471e-09
5.059375000000000000e+01,6.125802625253338218e-09
5.060937500000000000e+01,5.913149716327114584e-09
5.062500000000000000e+01,5.940827076511867728e-09
5.064062500000000000e+01,6.011505440982388657e-09
5.065625000000000000e+01,6.209572878651928557e-09
5.067187500000000000e+01,6.799719703120659292e-09
5.068750000000000000e+01,7.407219225448528501e-09
5.070312500000000000e+01,7.451889331172083612e-09
5.071875000000000000e+01,7.011842343797221959e-09
5.073437500000000000e+01,6.495395457084056578e-09
5.075000000000000000e+01,6.001604485936196047e-09
5.076562500000000000e+01,5.626896490257401190e-09
5.078125000000000000e+01,5.749761074697331033e-09
5.079687500000000000e+01,6.454174414066598826e-09
5.081250000000000000e+01,7.285015267623996438e-09
5.082812500000000000e+01,7.784933236201329661e-09
5.084375000000000000e+01,7.815449696861347787e-09
5.085937500000000000e+01,7.504379307905304601e-09
5.087500000000000000e+01,7.060618545348526344e-09
5.089062500000000000e+01,6.697901004966219216e-09
5.090625000000000000e+01,6.618273023022277196e-09
5.092187500000000000e+01,6.709485595268222496e-09
5.093750000000000000e+01,6.692139243611512262e-09
5.095312500000000000e+01,6.523321020466673137e-09
5.096875000000000000e+01,6.203739083604579684e-09
5.098437500000000000e+01,5.818576948837875595e-09
5.100000000000000000e+01,5.675737960259192596e-09
5.101562500000000000e+01,5.765374695969249135e-09
5.103125000000000000e+01,5.901928657810700178e-09
5.104687500000000000e+01,6.247422931430973599e-09
5.106250000000000000e+01,6.719124555844855374e-09
5.107812500000000000e+01,6.827753901691001319e-09
5.109375000000000000e+01,6.452091823256161367e-09
5.110937500000000000e+01,6.083143782455599418e-09
5.112500000000000000e+01,6.187938948234048090e-09
5.114062500000000000e+01,6.549289880890274348e-09
5.115625000000000000e+01,6.693657224201966510e-09
5.117187500000000000e+01,6.436241977233625370e-09
5.118750000000000000e+01,5.975417907427749149e-09
5.120312500000000000e+01,5.782170648373292974e-09
5.121875000000000000e+01,6.091344843055331211e-09
5.123437500000000000e+01,6.417211762026448565e-09
5.125000000000000000e+01,6.252321199961128451e-09
5.126562500000000000e+01,5.799256297571527743e-09
5.128125000000000000e+01,5.615261241044119530e-09
5.129687500000000000e+01,5.837687870466014691e-09
5.131250000000000000e+01,6.237141347940007857e-09
5.132812500000000000e+01,6.492964881495148507e-09
5.134375000000000000e+01,6.401960791406154195e-09
5.135937500000000000e+01,6.225489386044659864e-09
5.137500000000000000e+01,6.281154819196822859e-09
5.139062500000000000e+01,6.409806229651887422e-09
5.140625000000000000e+01,6.495984843216923798e-09
5.142187500000000000e+01,6.611493339684039212e-09
5.143750000000000000e+01,6.557123641110697883e-09
5.145312500000000000e+01,6.137832435983788113e-09
5.146875000000000000e+01,5.529655218701218405e-09
5.148437500000000000e+01,5.218591386899791643e-09
5.150000000000000000e+01,5.585492048228737211e-09
5.151562500000000000e+01,6.333923132408220204e-09
5.153125000000000000e+01,6.960791224017354397e-09
5.154687500000000000e+01,7.219579152300687214e-09
5.156250000000000000e+01,7.170851709512876515e-09
5.157812500000000000e+01,7.048033058420698895e-09
5.159375000000000000e+01,6.873713794985171016e-09
5.160937500000000000e+01,6.583566653623518037e-09
5.162500000000000000e+01,6.315838827862426680e-09
5.164062500000000000e+01,6.195010455969258968e-09
5.165625000000000000e+01,6.248164303059182932e-09
5.167187500000000000e+01,6.384183875730092529e-09
5.168750000000000000e+01,6.511998447448844476e-09
5.170312500000000000e+01,6.840454644775703154e-09
5.171875000000000000e+01,7.422082066032487329e-09
5.173437500000000000e+01,7.836294061954295186e-09
5.175000000000000000e+01,7.693543005518107817e-09
5.176562500000000000e+01,6.895075958065149202e-09
5.178125000000000000e+01,5.843387250293798810e-09
5.179687500000000000e+01,5.425652243229570597e-09
5.181250000000000000e+01,5.882765802229634993e-09
5.182812500000000000e+01,6.504264315773619350e-09
5.184375000000000000e+01,6.825141540605647275e-09
5.185937500000000000e+01,6.830132875667647617e-09
5.187500000000000000e+01,6.653955191170032421e-09
5.189062500000000000e+01,6.492363660028471839e-09
5.190625000000000000e+01,6.420749091342961288e-09
5.192187500000000000e+01,6.245304505190792559e-09
5.193750000000000000e+01,5.796950130733618094e-09
5.195312500000000000e+01,5.256777772166823096e-09
5.196875000000000000e+01,5.158541558947079497e-09
5.198437500000000000e+01,5.551926946325881822e-09
5.200000000000000000e+01,5.879793327931003084e-09
5.201562500000000000e+01,5.989540182635875908e-09
5.203125000000000000e+01,6.133546054652280241e-09
5.204687500000000000e+01,6.553022607519249387e-09
5.206250000000000000e+01,7.172956846829919887e-09
5.207812500000000000e+01,7.656045300830873557e-09
5.209375000000000000e+01,7.738519717141173914e-09
5.210937500000000000e+01,7.400688719166357552e-09
5.212500000000000000e+01,6.894509385867579346e-09
5.214062500000000000e+01,6.475215131288875110e-09
5.215625000000000000e+01,6.256821554211630194e-09
5.217187500000000000e+01,6.238614200237950831e-09
5.218750000000000000e+01,6.274471732121407871e-09
5.220312500000000000e+01,6.315459832145444596e-09
5.221875000000000000e+01,6.495973787479310997e-09
5.223437500000000000e+01,6.725275008391431974e-09
5.225000000000000000e+01,6.791069839627630080e-09
5.226562500000000000e+01,6.837068820810058349e-09
5.228125000000000000e+01,6.941737615690660122e-09
5.229687500000000000e+01,6.876751967128609745e-09
5.231250000000000000e+01,6.710786817434489450e-09
5.232812500000000000e+01,6.686980454926017029e-09
5.234375000000000000e+01,6.711455719329172099e-09
5.235937500000000000e+01,6.704449472771281555e-09
5.237500000000000000e+01,6.811665594430877646e-09
5.239062500000000000e+01,7.017044991850329096e-09
5.240625000000000000e+01,7.124246189599160545e-09
5.242187500000000000e+01,7.036377236697558087e-09
5.243750000000000000e+01,6.795409888290403721e-09
5.245312500000000000e+01,6.554422201384688841e-09
5.246875000000000000e+01,6.440080524331830506e-09
5.248437500000000000e+01,6.490581497805649273e-09
5.250000000000000000e+01,6.710961866883008515e-09
5.251562500000000000e+01,6.923060211981281389e-09
5.253125000000000000e+01,6.871007023667525479e-09
5.254687500000000000e+01,6.565331082912571971e-09
5.256250000000000000e+01,6.277848114801624064e-09
5.257812500000000000e+01,6.196218054489264416e-09
5.259375000000000000e+01,6.330323318854476052e-09
5.260937500000000000e+01,6.574000342737825665e-09
5.262500000000000000e+01,6.637469850068033317e-09
5.264062500000000000e+01,6.411249350693060269e-09
5.265625000000000000e+01,6.282713079980196241e-09
5.267187500000000000e+01,6.443591607784642416e-09
5.268750000000000000e+01,6.492023000203925053e-09
5.270312500000000000e+01,6.316555139603032109e-09
5.271875000000000000e+01,6.264647021898027782e-09
5.273437500000000000e+01,6.394563876056498122e-09
5.275000000000000000e+01,6.440477897287654327e-09
5.276562500000000000e+01,6.362374837354423154e-09
5.278125000000000000e+01,6.359458794378707938e-09
5.279687500000000000e+01,6.498334502702699766e-09
5.281250000000000000e+01,6.613225480623978369e-09
5.282812500000000000e+01,6.542676127028222045e-09
5.284375000000000000e+01,6.396513212493381584e-09
5.285937500000000000e+01,6.490724966376612783e-09
5.287500000000000000e+01,6.769317521742952334e-09
5.289062500000000000e+01,6.803742174421901864e-09
5.290625000000000000e+01,6.473695122185456534e-09
5.292187500000000000e+01,6.035732173123877931e-09
5.293750000000000000e+01,5.863768778667440831e-09
5.295312500000000000e+01,6.185882222670785985e-09
5.296875000000000000e+01,6.736199027423709569e-09
5.298437500000000000e+01,7.080761339442244555e-09
5.300000000000000000e+01,7.054108928942912957e-09
5.301562500000000000e+01,6.694768261949057693e-09
5.303125000000000000e+01,6.095347614660535698e-09
5.304687500000000000e+01,5.534680609837923252e-09
5.306250000000000000e+01,5.389214119899590608e-09
5.307812500000000000e+01,5.643377715054455639e-09
5.309375000000000000e+01,6.158044475319719519e-09
5.310937500000000000e+01,7.044412376197293074e-09
5.312500000000000000e+01,8.015423722139074220e-09
5.314062500000000000e+01,8.321073786547153962e-09
5.315625000000000000e+01,7.723254904175418403e-09
5.317187500000000000e+01,6.862082336185553828e-09
5.318750000000000000e+01,6.530195698530165321e-09
5.320312500000000000e+01,6.660290589580301694e-09
5.321875000000000000e+01,6.800479445121617451e-09
5.323437500000000000e+01,6.970918549950461505e-09
5.325000000000000000e+01,7.297469643503483861e-09
5.326562500000000000e+01,7.536884197349725960e-09
5.328125000000000000e+01,7.390224511724711049e-09
5.329687500000000000e+01,7.117035393228516538e-09
5.331250000000000000e+01,7.190014407312162285e-09
5.332812500000000000e+01,7.296690907727416887e-09
5.334375000000000000e+01,6.942822180261039601e-09
5.335937500000000000e+01,6.305675699086516696e-09
5.337500000000000000e+01,5.865387948159805532e-09
5.339062500000000000e+01,5.846316241637669477e-09
5.340625000000000000e+01,5.953097150887861723e-09
5.342187500000000000e+01,5.845060277885900148e-09
5.343750000000000000e+01,5.678604080658671300e-09
5.345312500000000000e+01,5.777771593422292533e-09
5.346875000000000000e+01,6.055529209666859700e-09
5.348437500000000000e+01,6.160113276259200864e-09
5.350000000000000000e+01,6.003291041792587591e-09
5.351562500000000000e+01,5.830323531612450457e-09
5.353125000000000000e+01,5.930143354597117662e-09
5.354687500000000000e+01,6.417936311850655496e-09
5.356250000000000000e+01,7.066634621550175689e-09
5.357812500000000000e+01,7.399875117841726617e-09
5.359375000000000000e+01,7.328090845811735924e-09
5.360937500000000000e+01,7.296051703215038013e-09
5.362500000000000000e+01,7.390549373788573820e-09
5.364062500000000000e+01,7.164705455794921689e-09
5.365625000000000000e+01,6.548722513149715505e-09
5.367187500000000000e+01,6.069870291868499362e-09
5.368750000000000000e+01,6.163725355406839542e-09
5.370312500000000000e+01,6.551812311472449416e-09
5.371875000000000000e+01,6.678432764668639591e-09
5.373437500000000000e+01,6.347033004678183933e-09
5.375000000000000000e+01,5.844721669974741059e-09
5.376562500000000000e+01,5.551692596333202940e-09
5.378125000000000000e+01,5.505391089105923064e-09
5.379687500000000000e+01,5.683171848631124138e-09
5.381250000000000000e+01,6.050005247429175196e-09
5.382812500000000000e+01,6.348545593938240359e-09
5.384375000000000000e+01,6.309462912909050061e-09
5.385937500000000000e+01,5.880298287515896884e-09
5.387500000000000000e+01,5.344402611347814413e-09
5.389062500000000000e+01,5.140701939914537146e-09
5.390625000000000000e+01,5.283984732084923587e-09
5.392187500000000000e+01,5.441860196662734158e-09
5.393750000000000000e+01,5.566618680389667279e-09
5.395312500000000000e+01,5.850461798948475012e-09
5.396875000000000000e+01,6.187870074361965069e-09
5.398437500000000000e+01,6.239911065990329892e-09
5.400000000000000000e+01,6.048049073176306767e-09
5.401562500000000000e+01,5.920439720327300761e-09
5.403125000000000000e+01,5.922348624095028740e-09
5.404687500000000000e+01,6.055138530522852703e-09
5.406250000000000000e+01,6.317966157643509370e-09
5.407812500000000000e+01,6.451111064867763346e-09
5.409375000000000000e+01,6.350503763591248201e-09
5.410937500000000000e+01,6.239040307627491249e-09
5.412500000000000000e+01,6.232484657010231410e-09
5.414062500000000000e+01,6.236970525502238408e-09
5.415625000000000000e+01,6.199724846619620616e-09
5.417187500000000000e+01,6.167641958771599627e-09
5.418750000000000000e+01,6.086850715845887619e-09
5.420312500000000000e+01,5.916574097395136323e-09
5.421875000000000000e+01,5.720412528228866927e-09
5.423437500000000000e+01,5.582463560750457451e-09
5.425000000000000000e+01,5.563319417614831814e-09
5.426562500000000000e+01,5.461802508089111158e-09
5.428125000000000000e+01,5.191783688728931246e-09
5.429687500000000000e+01,5.042105647827430317e-09
5.431250000000000000e+01,5.141093344106279726e-09
5.432812500000000000e+01,5.330744875007829307e-09
5.434375000000000000e+01,5.584780422721331604e-09
5.435937500000000000e+01,6.002715256692930367e-09
5.437500000000000000e+01,6.515213447930398396e-09
5.439062500000000000e+01,6.851333389293449786e-09
5.440625000000000000e+01,6.771546942328018632e-09
5.442187500000000000e+01,6.312494601489761592e-09
5.443750000000000000e+01,5.816964300408397542e-09
5.445312500000000000e+01,5.641153876244425919e-09
5.446875000000000000e+01,5.753210153915555667e-09
5.448437500000000000e+01,5.872130351148162854e-09
5.450000000000000000e+01,5.967325647363805340e-09
5.451562500000000000e+01,6.226781701978970061e-09
5.453125000000000000e+01,6.491504403103740814e-09
5.454687500000000000e+01,6.451633456033263736e-09
5.456250000000000000e+01,6.260795517293753338e-09
5.457812500000000000e+01,6.217096146747560138e-09
5.459375000000000000e+01,6.173162356892286966e-09
5.460937500000000000e+01,5.995769924315782092e-09
5.462500000000000000e+01,6.104019928434099619e-09
5.464062500000000000e+01,6.677014360004293344e-09
5.465625000000000000e+01,7.136232749806158416e-09
5.467187500000000000e+01,7.130978619272503515e-09
5.468750000000000000e+01,6.816414035316013932e-09
5.470312500000000000e+01,6.454374519336286188e-09
5.471875000000000000e+01,6.264856480554845716e-09
5.473437500000000000e+01,6.308372153874860232e-09
5.475000000000000000e+01,6.354958145848906152e-09
5.476562500000000000e+01,6.234550754241986468e-09
5.478125000000000000e+01,6.123500785156030129e-09
5.479687500000000000e+01,6.132436036128659190e-09
5.481250000000000000e+01,6.106628624552923779e-09
5.482812500000000000e+01,5.998340983266183044e-09
5.484375000000000000e+01,5.859738471774213782e-09
5.485937500000000000e+01,5.705034116701139451e-09
5.487500000000000000e+01,5.604989889993943201e-09
5.489062500000000000e+01,5.566609034156042525e-09
5.490625000000000000e+01,5.583533014490605160e-09
5.492187500000000000e+01,5.806458038583484408e-09
5.493750000000000000e+01,6.268316323665957631e-09
5.495312500000000000e+01,6.700501819734358818e-09
5.496875000000000000e+01,6.781790391262938002e-09
5.498437500000000000e+01,6.574134942037488130e-09
5.500000000000000000e+01,6.469087203536673966e-09
5.501562500000000000e+01,6.629225866583915995e-09
5.503125000000000000e+01,6.898902345352316729e-09
5.504687500000000000e+01,7.158654566781985530e-09
5.506250000000000000e+01,7.330153387768827917e-09
5.507812500000000000e+01,7.201342944183085174e-09
5.509375000000000000e+01,6.737473031465514189e-09
5.510937500000000000e+01,6.317574175064100106e-09
5.512500000000000000e+01,6.232356265214466407e-09
5.514062500000000000e+01,6.409316876322001075e-09
5.515625000000000000e+01,6.696949342448675548e-09
5.517187500000000000e+01,6.887046223430978327e-09
5.518750000000000000e+01,6.799085072128830887e-09
5.520312500000000000e+01,6.571928278945701089e-09
5.521875000000000000e+01,6.512108068208583270e-09
5.523437500000000000e+01,6.475750848055825666e-09
5.525000000000000000e+01,6.177987598545355065e-09
5.526562500000000000e+01,5.857070389096685063e-09
5.528125000000000000e+01,5.915115962664667151e-09
5.529687500000000000e+01,6.263494778147220110e-09
5.531250000000000000e+01,6.417741602843296355e-09
5.532812500000000000e+01,6.201610539487186875e-09
5.534375000000000000e+01,6.091458054045680998e-09
5.535937500000000000e+01,6.390876119649436559e-09
5.537500000000000000e+01,6.627149156754282029e-09
5.539062500000000000e+01,6.427498456648878080e-09
5.540625000000000000e+01,6.122231508935930750e-09
5.542187500000000000e+01,6.216153352329259663e-09
5.543750000000000000e+01,6.463886017434533815e-09
5.545312500000000000e+01,6.409372487804286590e-09
5.546875000000000000e+01,6.161222425703067845e-09
5.548437500000000000e+01,6.024231820424307910e-09
5.550000000000000000e+01,6.030771028533051936e-09
5.551562500000000000e+01,5.973485189768503677e-09
5.553125000000000000e+01,5.732589662163860318e-09
5.554687500000000000e+01,5.448558305942751236e-09
5.556250000000000000e+01,5.311093940668058240e-09
5.557812500000000000e+01,5.351718470901677957e-09
5.559375000000000000e+01,5.516552362635251960e-09
5.560937500000000000e+01,5.686319552798115983e-09
5.562500000000000000e+01,5.786814155212759329e-09
5.564062500000000000e+01,6.010762043558222066e-09
5.565625000000000000e+01,6.456542612931755528e-09
5.567187500000000000e+01,6.906879852790159606e-09
5.568750000000000000e+01,7.110075289346657831e-09
5.570312500000000000e+01,6.987773933687121686e-09
5.571875000000000000e+01,6.753040542854671437e-09
5.573437500000000000e+01,6.760094325511960799e-09
5.575000000000000000e+01,6.994018971578302350e-09
5.576562500000000000e+01,6.915806240311322789e-09
5.578125000000000000e+01,6.221791639255803949e-09
5.579687500000000000e+01,5.464197414712203986e-09
5.581250000000000000e+01,5.375179281558515539e-09
5.582812500000000000e+01,5.639476326814015476e-09
5.584375000000000000e+01,5.663687112081720429e-09
5.585937500000000000e+01,5.475874550827228005e-09
5.587500000000000000e+01,5.505239226815964262e-09
5.589062500000000000e+01,5.921428788995287485e-09
5.590625000000000000e+01,6.288502150501556219e-09
5.592187500000000000e+01,6.224448803077350910e-09
5.593750000000000000e+01,5.830499900368512733e-09
5.595312500000000000e+01,5.454267385257187677e-09
5.596875000000000000e+01,5.296831026498692156e-09
5.598437500000000000e+01,5.366763182477390513e-09
5.600000000000000000e+01,5.668553577878089468e-09
5.601562500000000000e+01,6.025254076687515150e-09
5.603125000000000000e+01,6.195709581827300797e-09
5.604687500000000000e+01,6.251859035521342473e-09
5.606250000000000000e+01,6.338006177638300149e-09
5.607812500000000000e+01,6.385629728299926126e-09
5.609375000000000000e+01,6.284949034825506495e-09
5.610937500000000000e+01,6.032377194851169758e-09
5.612500000000000000e+01,5.811050198742847771e-09
5.614062500000000000e+01,5.741150363579632912e-09
5.615625000000000000e+01,5.681568931391132756e-09
5.617187500000000000e+01,5.637422124970795162e-09
5.618750000000000000e+01,5.708255359767835945e-09
5.620312500000000000e+01,5.851951696449588160e-09
5.621875000000000000e+01,6.197293746224078666e-09
5.623437500000000000e+01,6.650069937403931814e-09
5.625000000000000000e+01,6.682021636249802484e-09
5.626562500000000000e+01,6.175558822728047284e-09
5.628125000000000000e+01,5.687717153007212017e-09
5.629687500000000000e+01,5.666519042114299552e-09
5.631250000000000000e+01,5.941296543511638582e-09
5.632812500000000000e+01,6.076955510180402434e-09
5.634375000000000000e+01,5.795583077608256091e-09
5.635937500000000000e+01,5.351778424570482967e-09
5.637500000000000000e+01,5.254448825217917242e-09
5.639062500000000000e+01,5.532598376198117766e-09
5.640625000000000000e+01,5.843879311575712390e-09
5.642187500000000000e+01,5.901318110019485588e-09
5.643750000000000000e+01,5.761314558180342733e-09
5.645312500000000000e+01,5.743557349560725269e-09
5.646875000000000000e+01,5.877850805325422048e-09
5.648437500000000000e+01,6.014863387034539363e-09
5.650000000000000000e+01,6.029630003674481442e-09
5.651562500000000000e+01,5.789608547927147610e-09
5.653125000000000000e+01,5.425451872841975421e-09
5.654687500000000000e+01,5.408584957700418582e-09
5.656250000000000000e+01,5.783758345508715933e-09
5.657812500000000000e+01,6.032512100853585183e-09
5.659375000000000000e+01,5.971440525741954923e-09
5.660937500000000000e+01,5.753242288160847395e-09
5.662500000000000000e+01,5.420683477478341281e-09
5.664062500000000000e+01,5.098955750894809895e-09
5.665625000000000000e+01,5.162967162690994487e-09
5.667187500000000000e+01,5.554901519909127247e-09
5.668750000000000000e+01,5.729229499958014712e-09
5.670312500000000000e+01,5.512349705557604647e-09
5.671875000000000000e+01,5.194078602788450128e-09
5.673437500000000000e+01,5.024586830565844953e-09
5.675000000000000000e+01,5.053638535413276104e-09
5.676562500000000000e+01,5.286997666265485714e-09
5.678125000000000000e+01,5.662847115980381713e-09
5.679687500000000000e+01,5.988526898373696372e-09
5.681250000000000000e+01,6.162274531892481891e-09
5.682812500000000000e+01,6.309909508341536650e-09
5.684375000000000000e+01,6.556331648584730317e-09
5.685937500000000000e+01,6.820633686500134667e-09
5.687500000000000000e+01,6.869488009330606624e-09
5.689062500000000000e+01,6.576691384239190115e-09
5.690625000000000000e+01,6.133070708047534728e-09
5.692187500000000000e+01,5.849622765689386097e-09
5.693750000000000000e+01,5.778556088720886885e-09
5.695312500000000000e+01,5.706316194401874700e-09
5.696875000000000000e+01,5.588417200684611855e-09
5.698437500000000000e+01,5.697082461395536552e-09
5.700000000000000000e+01,6.057886481547805566e-09
5.701562500000000000e+01,6.439171574956739582e-09
5.703125000000000000e+01,6.709806713849590665e-09
5.704687500000000000e+01,6.666798700196894394e-09
5.706250000000000000e+01,6.306636647688690088e-09
5.707812500000000000e+01,5.990268567728985011e-09
5.709375000000000000e+01,5.870383538631305392e-09
5.710937500000000000e+01,5.790660454652755781e-09
5.712500000000000000e+01,5.740145425978993136e-09
5.714062500000000000e+01,5.818849744031317760e-09
5.715625000000000000e+01,5.897307712984358577e-09
5.717187500000000000e+01,5.840023151349075778e-09
5.718750000000000000e+01,5.810471887131682196e-09
5.720312500000000000e+01,5.830972997547802293e-09
5.721875000000000000e+01,5.731588032571356455e-09
5.723437500000000000e+01,5.673294750041140059e-09
5.725000000000000000e+01,5.799986889064716753e-09
5.726562500000000000e+01,5.830207763993840398e-09
5.728125000000000000e+01,5.608453017987641432e-09
5.729687500000000000e+01,5.512441301096952378e-09
5.731250000000000000e+01,5.836528613426314982e-09
5.732812500000000000e+01,6.179088264967225486e-09
5.734375000000000000e+01,6.199124103997720532e-09
5.735937500000000000e+01,6.039529072147637895e-09
5.737500000000000000e+01,5.947387062634945179e-09
5.739062500000000000e+01,5.972439089066754965e-09
5.740625000000000000e+01,6.000456808939571654e-09
5.742187500000000000e+01,6.131460878406141693e-09
5.743750000000000000e+01,6.468577738463735634e-09
5.745312500000000000e+01,6.583865427149304871e-09
5.746875000000000000e+01,6.120604227535808858e-09
5.748437500000000000e+01,5.361982155840558926e-09
5.750000000000000000e+01,4.808624519880564384e-09
5.751562500000000000e+01,4.742798768069357866e-09
5.753125000000000000e+01,5.233602207558211969e-09
5.754687500000000000e+01,5.799446548315302342e-09
5.756250000000000000e+01,5.931242551407438578e-09
5.757812500000000000e+01,5.789993806725803649e-09
5.759375000000000000e+01,5.731892823494531921e-09
5.760937500000000000e+01,5.691446044589912274e-09
5.762500000000000000e+01,5.717736718417980284e-09
5.764062500000000000e+01,6.066808724394432311e-09
5.765625000000000000e+01,6.388365290952375891e-09
5.767187500000000000e+01,6.233703936246938320e-09
5.768750000000000000e+01,5.756345216246009624e-09
5.770312500000000000e+01,5.389430091005749321e-09
5.771875000000000000e+01,5.255999876477476517e-09
5.773437500000000000e+01,5.146662963868016115e-09
5.775000000000000000e+01,4.961136638894911121e-09
5.776562500000000000e+01,4.915552497776447957e-09
5.778125000000000000e+01,5.324954358781865587e-09
5.779687500000000000e+01,6.102865346711901856e-09
5.781250000000000000e+01,6.759069115145613354e-09
5.782812500000000000e+01,6.910684418256275772e-09
5.784375000000000000e+01,6.656638193127317071e-09
5.785937500000000000e+01,6.473587624746002038e-09
5.787500000000000000e+01,6.531624710642334205e-09
5.789062500000000000e+01,6.527264588190310421e-09
5.790625000000000000e+01,6.322596413617780285e-09
5.792187500000000000e+01,6.102478846234049587e-09
5.793750000000000000e+01,5.988580922155047009e-09
5.795312500000000000e+01,5.906385240381858628e-09
5.796875000000000000e+01,5.836206518065975067e-09
5.798437500000000000e+01,5.834068994503230135e-09
5.800000000000000000e+01,5.841911973398958787e-09
5.801562500000000000e+01,5.785455432382752595e-09
5.803125000000000000e+01,5.722127408357360555e-09
5.804687500000000000e+01,5.744238680688836641e-09
5.806250000000000000e+01,5.992668490195205362e-09
5.807812500000000000e+01,6.384511198458557490e-09
5.809375000000000000e+01,6.498154632358108799e-09
5.810937500000000000e+01,6.210376135350760212e-09
5.812500000000000000e+01,5.912093838602706394e-09
5.814062500000000000e+01,5.889676273756739190e-09
5.815625000000000000e+01,5.961316198549133762e-09
5.817187500000000000e+01,5.933402989471745592e-09
5.818750000000000000e+01,5.941424929856821015e-09
5.820312500000000000e+01,6.133203343629226675e-09
5.821875000000000000e+01,6.231647227296234797e-09
5.823437500000000000e+01,6.004464091017623631e-09
5.825000000000000000e+01,5.751662330741618919e-09
5.826562500000000000e+01,5.796524874297771698e-09
5.828125000000000000e+01,5.911862816675115312e-09
5.829687500000000000e+01,5.820145729718066046e-09
5.831250000000000000e+01,5.568898665956688786e-09
5.832812500000000000e+01,5.331406770267339999e-09
5.834375000000000000e+01,5.490625845044807640e-09
5.835937500000000000e+01,6.144454715475300697e-09
5.837500000000000000e+01,6.633694475313184489e-09
5.839062500000000000e+01,6.503043574666905757e-09
5.840625000000000000e+01,6.057097541808083542e-09
5.842187500000000000e+01,5.872459957591376235e-09
5.843750000000000000e+01,6.066560442018712450e-09
5.845312500000000000e+01,6.274506639417124702e-09
5.846875000000000000e+01,6.272701739398608631e-09
5.848437500000000000e+01,6.183877549668317941e-09
5.850000000000000000e+01,5.983803513858291403e-09
5.851562500000000000e+01,5.579473710854101361e-09
5.853125000000000000e+01,5.319753034265287358e-09
5.854687500000000000e+01,5.439650380276655483e-09
5.856250000000000000e+01,5.536141538811114510e-09
5.857812500000000000e+01,5.347877264994834733e-09
5.859375000000000000e+01,5.100529144236806958e-09
5.860937500000000000e+01,4.977493951345534958e-09
5.862500000000000000e+01,4.945523111174158165e-09
5.864062500000000000e+01,5.233894989823776311e-09
5.865625000000000000e+01,5.953233193552664289e-09
5.867187500000000000e+01,6.542474871654413784e-09
5.868750000000000000e+01,6.482303052088489993e-09
5.870312500000000000e+01,5.926325453497355140e-09
5.871875000000000000e+01,5.526071672446434142e-09
5.873437500000000000e+01,5.607230940984232776e-09
5.875000000000000000e+01,5.754142104476097211e-09
5.876562500000000000e+01,5.611999443218422498e-09
5.878125000000000000e+01,5.416383258048356587e-09
5.879687500000000000e+01,5.439422279631204877e-09
5.881250000000000000e+01,5.557556530318427765e-09
5.882812500000000000e+01,5.644157544551648050e-09
5.884375000000000000e+01,5.757747912021493647e-09
5.885937500000000000e+01,5.987559739089113704e-09
5.887500000000000000e+01,6.210409993767385847e-09
5.889062500000000000e+01,6.202928628307587743e-09
5.890625000000000000e+01,6.080493562313302087e-09
5.892187500000000000e+01,6.164277206685757274e-09
5.893750000000000000e+01,6.391877623007597071e-09
5.895312500000000000e+01,6.442385267228388196e-09
5.896875000000000000e+01,6.223495867186840909e-09
5.898437500000000000e+01,5.940231006649693962e-09
5.900000000000000000e+01,5.924850614194160872e-09
5.901562500000000000e+01,6.244675085784503793e-09
5.903125000000000000e+01,6.581713023613602843e-09
5.904687500000000000e+01,6.730486641885742164e-09
5.906250000000000000e+01,6.664292073418253848e-09
5.907812500000000000e+01,6.317277266615962718e-09
5.909375000000000000e+01,5.828174330271517695e-09
5.910937500000000000e+01,5.587448951771453449e-09
5.912500000000000000e+01,5.706446735694307603e-09
5.914062500000000000e+01,5.798292274493816899e-09
5.915625000000000000e+01,5.598303437506382167e-09
5.917187500000000000e+01,5.423984917948028064e-09
5.918750000000000000e+01,5.594161229839843713e-09
5.920312500000000000e+01,5.968170902354634916e-09
5.921875000000000000e+01,6.406225686852107667e-09
5.923437500000000000e+01,6.769266664690268491e-09
5.925000000000000000e+01,6.787183952515513054e-09
5.926562500000000000e+01,6.452405478792745798e-09
5.928125000000000000e+01,6.193273011190008111e-09
5.929687500000000000e+01,6.350754832523104380e-09
5.931250000000000000e+01,6.688034207358128278e-09
5.932812500000000000e+01,6.782941339610607127e-09
5.934375000000000000e+01,6.486610420653829208e-09
5.935937500000000000e+01,5.938581729914730535e-09
5.937500000000000000e+01,5.417531290172393294e-09
5.939062500000000000e+01,5.136036748271899528e-09
5.940625000000000000e+01,5.083865527307139866e-09
5.942187500000000000e+01,5.149557054615126883e-09
5.943750000000000000e+01,5.433683013433949907e-09
5.945312500000000000e+01,5.899517030767151410e-09
5.946875000000000000e+01,6.191803462628731356e-09
5.948437500000000000e+01,6.295524821121445314e-09
5.950000000000000000e+01,6.468541331928989747e-09
5.951562500000000000e+01,6.667437574987369300e-09
5.953125000000000000e+01,6.701926295287053979e-09
5.954687500000000000e+01,6.505543271201146634e-09
5.956250000000000000e+01,6.196464814312048327e-09
5.957812500000000000e+01,6.011805604847201036e-09
5.959375000000000000e+01,5.986608043456979091e-09
5.960937500000000000e+01,6.066649185423283129e-09
5.962500000000000000e+01,6.377553968898115053e-09
5.964062500000000000e+01,6.896264322403918938e-09
5.965625000000000000e+01,7.238852000308936548e-09
5.967187500000000000e+01,7.108851776721335207e-09
5.968750000000000000e+01,6.637334262127554677e-09
5.970312500000000000e+01,6.175218428727347409e-09
5.971875000000000000e+01,6.020134899409018623e-09
5.973437500000000000e+01,6.269198395960709285e-09
5.975000000000000000e+01,6.584377938684731839e-09
5.976562500000000000e+01,6.565904621684075771e-09
5.978125000000000000e+01,6.273328985445850572e-09
5.979687500000000000e+01,6.065201395775274837e-09
5.981250000000000000e+01,6.061766404503669152e-09
5.982812500000000000e+01,6.092354038696528546e-09
5.984375000000000000e+01,6.183999678008298358e-09
5.985937500000000000e+01,6.358250613615856336e-09
5.987500000000000000e+01,6.366283884607881958e-09
5.989062500000000000e+01,6.127195079111620119e-09
5.990625000000000000e+01,5.710820297122550936e-09
5.992187500000000000e+01,5.114529937308938131e-09
5.993750000000000000e+01,4.657139588563121869e-09
5.995312500000000000e+01,4.931751985457249422e-09
5.996875000000000000e+01,5.752900724353744136e-09
5.998437500000000000e+01,6.468810890695357960e-09
6.000000000000000000e+01,6.899896131857942009e-09
6.001562500000000000e+01,7.236250946912781629e-09
6.003125000000000000e+01,7.482537722517599746e-09
6.004687500000000000e+01,7.327302606736645473e-09
6.006250000000000000e+01,6.636518255038307906e-09
6.007812500000000000e+01,5.806261154168062729e-09
6.009375000000000000e+01,5.500857470029108968e-09
6.010937500000000000e+01,5.834799996622099353e-09
6.012500000000000000e+01,6.184062508661376157e-09
6.014062500000000000e+01,6.094996071075053775e-09
6.015625000000000000e+01,5.656338318590335647e-09
6.017187500000000000e+01,5.245873690935474166e-09
6.018750000000000000e+01,5.334829181006434724e-09
6.020312500000000000e+01,5.953831096435122714e-09
6.021875000000000000e+01,6.531758463317642723e-09
6.023437500000000000e+01,6.765382625942355244e-09
6.025000000000000000e+01,6.819197941806528658e-09
6.026562500000000000e+01,6.785784832888012518e-09
6.028125000000000000e+01,6.543509576705619279e-09
6.029687500000000000e+01,6.201992184677877793e-09
6.031250000000000000e+01,6.057147077836677993e-09
6.032812500000000000e+01,6.042303601527908078e-09
6.034375000000000000e+01,5.835983668834105837e-09
6.035937500000000000e+01,5.294916617544319127e-09
6.037500000000000000e+01,4.729897222378336163e-09
6.039062500000000000e+01,4.724975949384250790e-09
6.040625000000000000e+01,5.221659382748182337e-09
6.042187500000000000e+01,5.746114229258159763e-09
6.043750000000000000e+01,6.057987153972108486e-09
6.045312500000000000e+01,6.088763713923966731e-09
6.046875000000000000e+01,6.004308451938984398e-09
6.048437500000000000e+01,6.108292261740399945e-09
6.050000000000000000e+01,6.413021123160488245e-09
6.051562500000000000e+01,6.534465431962369979e-09
6.053125000000000000e+01,6.227435774346823913e-09
6.054687500000000000e+01,5.711715698039518746e-09
6.056250000000000000e+01,5.365484212067643719e-09
6.057812500000000000e+01,5.309472439568921421e-09
6.059375000000000000e+01,5.406429287674450626e-09
6.060937500000000000e+01,5.458222207070291208e-09
6.062500000000000000e+01,5.443259709531971520e-09
6.064062500000000000e+01,5.421551320859743658e-09
6.065625000000000000e+01,5.302572873138763704e-09
6.067187500000000000e+01,5.147725180574745356e-09
6.068750000000000000e+01,5.137436715322294321e-09
6.070312500000000000e+01,5.057847997679449064e-09
6.071875000000000000e+01,4.796252554394983313e-09
6.073437500000000000e+01,4.822898151548440947e-09
6.075000000000000000e+01,5.295567033556701633e-09
6.076562500000000000e+01,5.631491221372348900e-09
6.078125000000000000e+01,5.374701575136761643e-09
6.079687500000000000e+01,4.735177310891013303e-09
6.081250000000000000e+01,4.432716448390501409e-09
6.082812500000000000e+01,4.851464341087685444e-09
6.084375000000000000e+01,5.540251856478799857e-09
6.085937500000000000e+01,5.903010751368536512e-09
6.087500000000000000e+01,5.837008279087049111e-09
6.089062500000000000e+01,5.684550100018718902e-09
6.090625000000000000e+01,5.721656753614270217e-09
6.092187500000000000e+01,5.945818691436672315e-09
6.093750000000000000e+01,6.240440148132087683e-09
6.095312500000000000e+01,6.470851003922747048e-09
6.096875000000000000e+01,6.569912146615000303e-09
6.098437500000000000e+01,6.509505242077715246e-09
6.100000000000000000e+01,6.197584494010765897e-09
6.101562500000000000e+01,5.655109066007940874e-09
6.103125000000000000e+01,5.239087985683838452e-09
6.104687500000000000e+01,5.304393279520588299e-09
6.106250000000000000e+01,5.683522029089132677e-09
6.107812500000000000e+01,5.936459042066624171e-09
6.109375000000000000e+01,5.825100133838721921e-09
6.110937500000000000e+01,5.478992852949763285e-09
6.112500000000000000e+01,5.319160541775168048e-09
6.114062500000000000e+01,5.576148477785624548e-09
6.115625000000000000e+01,5.950725737648325758e-09
6.117187500000000000e+01,6.184664239752279559e-09
6.118750000000000000e+01,6.343000996909810834e-09
6.120312500000000000e+01,6.448667216859988322e-09
6.121875000000000000e+01,6.396925944094340404e-09
6.123437500000000000e+01,6.210996906954167795e-09
6.125000000000000000e+01,6.004167424307895877e-09
6.126562500000000000e+01,5.759171877187781314e-09
6.128125000000000000e+01,5.511639771964936747e-09
6.129687500000000000e+01,5.511286754380785849e-09
6.131250000000000000e+01,5.811919908646367874e-09
6.132812500000000000e+01,6.129085419254235720e-09
6.134375000000000000e+01,6.303391563331787561e-09
6.135937500000000000e+01,6.387210017645781935e-09
6.137500000000000000e+01,6.375484550274250692e-09
6.139062500000000000e+01,6.114595469275966579e-09
6.140625000000000000e+01,5.518207888080423601e-09
6.142187500000000000e+01,4.938015257937361298e-09
6.143750000000000000e+01,4.969848481882502610e-09
6.145312500000000000e+01,5.499807175761594066e-09
6.146875000000000000e+01,5.992789525863868343e-09
6.148437500000000000e+01,6.315075280040672613e-09
6.150000000000000000e+01,6.485979121745293791e-09
6.151562500000000000e+01,6.399904117745320661e-09
6.153125000000000000e+01,6.106688329271717037e-09
6.154687500000000000e+01,5.835463824831169137e-09
6.156250000000000000e+01,5.631831997803604480e-09
6.157812500000000000e+01,5.370463061987301903e-09
6.159375000000000000e+01,5.161760698755732573e-09
6.160937500000000000e+01,5.464419952912016576e-09
6.162500000000000000e+01,6.329847860794384964e-09
6.164062500000000000e+01,7.033351616334875300e-09
6.165625000000000000e+01,7.026775740995424654e-09
6.167187500000000000e+01,6.501821210163450894e-09
6.168750000000000000e+01,5.928645705916369698e-09
6.170312500000000000e+01,5.419197324451625614e-09
6.171875000000000000e+01,4.986378857569087188e-09
6.173437500000000000e+01,4.775438731050061256e-09
6.175000000000000000e+01,4.691165007776033877e-09
6.176562500000000000e+01,4.588828766698299759e-09
6.178125000000000000e+01,4.818409887317127196e-09
6.179687500000000000e+01,5.602964410841067998e-09
6.181250000000000000e+01,6.318038131177889450e-09
6.182812500000000000e+01,6.346569538479732976e-09
6.184375000000000000e+01,5.851665616370444638e-09
6.185937500000000000e+01,5.643910923831036722e-09
6.187500000000000000e+01,5.989429849966237403e-09
6.189062500000000000e+01,6.238565300270672570e-09
6.190625000000000000e+01,6.028546216367098381e-09
6.192187500000000000e+01,5.640984990984135024e-09
6.193750000000000000e+01,5.530807951370620924e-09
6.195312500000000000e+01,5.721435358062219455e-09
6.196875000000000000e+01,5.821675791496845526e-09
6.198437500000000000e+01,5.678317300169959828e-09
6.200000000000000000e+01,5.566682493503942224e-09
6.201562500000000000e+01,5.664834723908895446e-09
6.203125000000000000e+01,5.887183009107523715e-09
6.204687500000000000e+01,6.174496501112250057e-09
6.206250000000000000e+01,6.318982821633410580e-09
6.207812500000000000e+01,6.056589691418236040e-09
6.209375000000000000e+01,5.614427804675866445e-09
6.210937500000000000e+01,5.583844328225099615e-09
6.212500000000000000e+01,5.986888643988129245e-09
6.214062500000000000e+01,6.299582376929875035e-09
6.215625000000000000e+01,6.291791761685573879e-09
6.217187500000000000e+01,6.138261494226299921e-09
6.218750000000000000e+01,6.096278760377248769e-09
6.220312500000000000e+01,6.164408750528189800e-09
6.221875000000000000e+01,6.070350585166842590e-09
6.223437500000000000e+01,5.705738939814761607e-09
6.225000000000000000e+01,5.394917033470169104e-09
6.226562500000000000e+01,5.415445834927369514e-09
6.228125000000000000e+01,5.480871979577036545e-09
6.229687500000000000e+01,5.302783664022537890e-09
6.231250000000000000e+01,5.089619370807304635e-09
6.232812500000000000e+01,5.073515057171000521e-09
6.234375000000000000e+01,5.150799529649670205e-09
6.235937500000000000e+01,5.234822600880994424e-09
6.237500000000000000e+01,5.239992163571663235e-09
6.239062500000000000e+01,5.130708474261981069e-09
6.240625000000000000e+01,5.210555514396332505e-09
6.242187500000000000e+01,5.584839256212233198e-09
6.243750000000000000e+01,5.855320910864131309e-09
6.245312500000000000e+01,5.931175003803258008e-09
6.246875000000000000e+01,5.984279923755843756e-09
6.248437500000000000e+01,6.018514453312581149e-09
6.250000000000000000e+01,6.152171541116791950e-09
6.251562500000000000e+01,6.425182518049247959e-09
6.253125000000000000e+01,6.579674659936053524e-09
6.254687500000000000e+01,6.485316552149427822e-09
6.256250000000000000e+01,6.215441412266595304e-09
6.257812500000000000e+01,5.919080632673185844e-09
6.259375000000000000e+01,5.816583441592845259e-09
6.260937500000000000e+01,5.998007788296060391e-09
6.262500000000000000e+01,6.161477403575118970e-09
6.264062500000000000e+01,6.050773191272984358e-09
6.265625000000000000e+01,5.822636816816737652e-09
6.267187500000000000e+01,5.609251995692691112e-09
6.268750000000000000e+01,5.429025733112086337e-09
6.270312500000000000e+01,5.541294816563411936e-09
6.271875000000000000e+01,6.065020008997549383e-09
6.273437500000000000e+01,6.602134813477793982e-09
6.275000000000000000e+01,6.739161801504314256e-09
6.276562500000000000e+01,6.389811277081951848e-09
6.278125000000000000e+01,5.728315704901560255e-09
6.279687500000000000e+01,5.151960614622133982e-09
6.281250000000000000e+01,5.097296764424461098e-09
6.282812500000000000e+01,5.469003557568391925e-09
6.284375000000000000e+01,5.924083790313851564e-09
6.285937500000000000e+01,6.345675765885693720e-09
6.287500000000000000e+01,6.544134671145379771e-09
6.289062500000000000e+01,6.339942948410792522e-09
6.290625000000000000e+01,5.984438601482808137e-09
6.292187500000000000e+01,5.966435841097572309e-09
6.293750000000000000e+01,6.233813713328482748e-09
6.295312500000000000e+01,6.350142394672628148e-09
6.296875000000000000e+01,6.256469812990886352e-09
6.298437500000000000e+01,6.176607932256104429e-09
6.300000000000000000e+01,6.159391012411489067e-09
6.301562500000000000e+01,6.045153511910153261e-09
6.303125000000000000e+01,5.810009980114620549e-09
6.304687500000000000e+01,5.695832422538083140e-09
6.306250000000000000e+01,5.771003523072626069e-09
6.307812500000000000e+01,5.730143373818553301e-09
6.309375000000000000e+01,5.449499135559434887e-09
6.310937500000000000e+01,5.288182099841805099e-09
6.312500000000000000e+01,5.484416871636750430e-09
6.314062500000000000e+01,5.703568550623064631e-09
6.315625000000000000e+01,5.692082846102177439e-09
6.317187500000000000e+01,5.563709413582542466e-09
6.318750000000000000e+01,5.391630799949810164e-09
6.320312500000000000e+01,5.188206891623326873e-09
6.321875000000000000e+01,5.143697254701408277e-09
6.323437500000000000e+01,5.343788046549688226e-09
6.325000000000000000e+01,5.582682182020811533e-09
6.326562500000000000e+01,5.666385253938594480e-09
6.328125000000000000e+01,5.576172243098742898e-09
6.329687500000000000e+01,5.539115821631289698e-09
6.331250000000000000e+01,5.807968695101528801e-09
6.332812500000000000e+01,6.241648850484236799e-09
6.334375000000000000e+01,6.574295947392007770e-09
6.335937500000000000e+01,6.783051103002543201e-09
6.337500000000000000e+01,6.931249021670857486e-09
6.339062500000000000e+01,7.022851954178929898e-09
6.340625000000000000e+01,7.011778469776383679e-09
6.342187500000000000e+01,6.850574233343871708e-09
6.343750000000000000e+01,6.551188504487009733e-09
6.345312500000000000e+01,6.133100593185849928e-09
6.346875000000000000e+01,5.650100967115939399e-09
6.348437500000000000e+01,5.325287494152025338e-09
6.350000000000000000e+01,5.361155656360835258e-09
6.351562500000000000e+01,5.591096224546529552e-09
6.353125000000000000e+01,5.653424730296420465e-09
6.354687500000000000e+01,5.461670666287679696e-09
6.356250000000000000e+01,5.319117017171316198e-09
6.357812500000000000e+01,5.440301326689483241e-09
6.359375000000000000e+01,5.699841419782502116e-09
6.360937500000000000e+01,6.031485439653049615e-09
6.362500000000000000e+01,6.332812095115969997e-09
6.364062500000000000e+01,6.267387909458363170e-09
6.365625000000000000e+01,5.680384735943552396e-09
6.367187500000000000e+01,4.999416047075603934e-09
6.368750000000000000e+01,4.815533081802966172e-09
6.370312500000000000e+01,5.179234897301013082e-09
6.371875000000000000e+01,5.756776282534684905e-09
6.373437500000000000e+01,6.181294192345682090e-09
6.375000000000000000e+01,6.361935532065909012e-09
6.376562500000000000e+01,6.397787639758434229e-09
6.378125000000000000e+01,6.253097800891052571e-09
6.379687500000000000e+01,5.888604745106186474e-09
6.381250000000000000e+01,5.562325981326031364e-09
6.382812500000000000e+01,5.651265940759789562e-09
6.384375000000000000e+01,6.018965846083853049e-09
6.385937500000000000e+01,6.161969783451723598e-09
6.387500000000000000e+01,6.001211682929051759e-09
6.389062500000000000e+01,6.085464355711680822e-09
6.390625000000000000e+01,6.585243115830708765e-09
6.392187500000000000e+01,6.866628463322748188e-09
6.393750000000000000e+01,6.643697367602154562e-09
6.395312500000000000e+01,6.305029774851937175e-09
6.396875000000000000e+01,6.217284025772769810e-09
6.398437500000000000e+01,6.236941932358979197e-09
6.400000000000000000e+01,6.034359463679262047e-09
6.401562500000000000e+01,5.595344853655537495e-09
6.403125000000000000e+01,5.242012812048495915e-09
6.404687500000000000e+01,5.142018555727007249e-09
6.406250000000000000e+01,5.205342187167886789e-09
6.407812500000000000e+01,5.391538266018087488e-09
6.409375000000000000e+01,5.651457573587412393e-09
6.410937500000000000e+01,5.892934242553970708e-09
6.412500000000000000e+01,6.115050599110179561e-09
6.414062500000000000e+01,6.278098824834921737e-09
6.415625000000000000e+01,6.258156211164594718e-09
6.417187500000000000e+01,6.204844367713805629e-09
6.418750000000000000e+01,6.218924493816826631e-09
6.420312500000000000e+01,6.008737354542095125e-09
6.421875000000000000e+01,5.574541441949369264e-09
6.423437500000000000e+01,5.267656097992175382e-09
6.425000000000000000e+01,5.105541785759581884e-09
6.426562500000000000e+01,4.925595080417488842e-09
6.428125000000000000e+01,4.882320722570237574e-09
6.429687500000000000e+01,5.153617012910164034e-09
6.431250000000000000e+01,5.592214467604847173e-09
6.432812500000000000e+01,5.951491683124048307e-09
6.434375000000000000e+01,6.106896135152642040e-09
6.435937500000000000e+01,6.030132951665858466e-09
6.437500000000000000e+01,5.908915453544964922e-09
6.439062500000000000e+01,5.979639343477782242e-09
6.440625000000000000e+01,6.150057106633161812e-09
6.442187500000000000e+01,6.411886458710114220e-09
6.443750000000000000e+01,6.794879485308350280e-09
6.445312500000000000e+01,6.961002095582057402e-09
6.446875000000000000e+01,6.804133746935206196e-09
6.448437500000000000e+01,6.760010651750123001e-09
6.450000000000000000e+01,6.970905916423176209e-09
6.451562500000000000e+01,6.990074325809222696e-09
6.453125000000000000e+01,6.637770716013360670e-09
6.454687500000000000e+01,6.236194401346886100e-09
6.456250000000000000e+01,6.124139709611085794e-09
6.457812500000000000e+01,6.299344467007133305e-09
6.459375000000000000e+01,6.463007818187152837e-09
6.460937500000000000e+01,6.286967344032496381e-09
6.462500000000000000e+01,5.752675927015158357e-09
6.464062500000000000e+01,5.267347060952852247e-09
6.465625000000000000e+01,5.177958568984727423e-09
6.467187500000000000e+01,5.299003009602940868e-09
6.468750000000000000e+01,5.408199722096273360e-09
6.470312500000000000e+01,5.561007805982076855e-09
6.471875000000000000e+01,5.780698247526776667e-09
6.473437500000000000e+01,6.015240587305548846e-09
6.475000000000000000e+01,6.172560377494911712e-09
6.476562500000000000e+01,6.147660347925783355e-09
6.478125000000000000e+01,5.931269037539644115e-09
6.479687500000000000e+01,5.607330381342645603e-09
6.481250000000000000e+01,5.356773161450676183e-09
6.482812500000000000e+01,5.337728443762339211e-09
6.484375000000000000e+01,5.326261448541190699e-09
6.485937500000000000e+01,5.106151775383777413e-09
6.487500000000000000e+01,5.040320063666508755e-09
6.489062500000000000e+01,5.478273549781784625e-09
6.490625000000000000e+01,6.040510783262430962e-09
6.492187500000000000e+01,6.380865877518575581e-09
6.493750000000000000e+01,6.630789430936902973e-09
6.495312500000000000e+01,6.788525349696297839e-09
6.496875000000000000e+01,6.536935501062724617e-09
6.498437500000000000e+01,5.843873605233259386e-09
6.500000000000000000e+01,5.242530964734424718e-09
6.501562500000000000e+01,5.240104268268593441e-09
6.503125000000000000e+01,5.528988510983788787e-09
6.504687500000000000e+01,5.606572842586224689e-09
6.506250000000000000e+01,5.605905247596339147e-09
6.507812500000000000e+01,5.840595283779534980e-09
6.509375000000000000e+01,6.038440115135839063e-09
6.510937500000000000e+01,5.820722654476656552e-09
6.512500000000000000e+01,5.410555023007452231e-09
6.514062500000000000e+01,5.297529034027191293e-09
6.515625000000000000e+01,5.509525468933172738e-09
6.517187500000000000e+01,5.789111113719379017e-09
6.518750000000000000e+01,5.986073938142437270e-09
6.520312500000000000e+01,6.072334495681881090e-09
6.521875000000000000e+01,6.027176008704534735e-09
6.523437500000000000e+01,5.820305051482269409e-09
6.525000000000000000e+01,5.636745743951316516e-09
6.526562500000000000e+01,5.695739093575760236e-09
6.528125000000000000e+01,5.817618436391492092e-09
6.529687500000000000e+01,5.732682178029638297e-09
6.531250000000000000e+01,5.419462468872980746e-09
6.532812500000000000e+01,5.111728071429096341e-09
6.534375000000000000e+01,5.040294580295725243e-09
6.535937500000000000e+01,5.227397877582850066e-09
6.537500000000000000e+01,5.515987570151074846e-09
6.539062500000000000e+01,5.621954811252183666e-09
6.540625000000000000e+01,5.586916398752312680e-09
6.542187500000000000e+01,5.746731529258530248e-09
6.543750000000000000e+01,6.015614547866584025e-09
6.545312500000000000e+01,6.021381671773901582e-09
6.546875000000000000e+01,5.648975157035693239e-09
6.548437500000000000e+01,5.166487789969367735e-09
6.550000000000000000e+01,5.041568289016386739e-09
6.551562500000000000e+01,5.326898691980025164e-09
6.553125000000000000e+01,5.662842642658197459e-09
6.554687500000000000e+01,5.838959687163841627e-09
6.556250000000000000e+01,5.928152837777875529e-09
6.557812500000000000e+01,6.069314010623088974e-09
6.559375000000000000e+01,6.113407815003073567e-09
6.560937500000000000e+01,5.909897365523146842e-09
6.562500000000000000e+01,5.625283017717387291e-09
6.564062500000000000e+01,5.487162203855127544e-09
6.565625000000000000e+01,5.607539716173786584e-09
6.567187500000000000e+01,5.793204376529986721e-09
6.568750000000000000e+01,5.703875780722402237e-09
6.570312500000000000e+01,5.374110540386398079e-09
6.571875000000000000e+01,5.141933609326424345e-09
6.573437500000000000e+01,5.170295992669070658e-09
6.575000000000000000e+01,5.464128395033771939e-09
6.576562500000000000e+01,5.957245265779394574e-09
6.578125000000000000e+01,6.404822344054795415e-09
6.579687500000000000e+01,6.629338474148216670e-09
6.581250000000000000e+01,6.710996535603954818e-09
6.582812500000000000e+01,6.820356706583276956e-09
6.584375000000000000e+01,6.938227800099965251e-09
6.585937500000000000e+01,6.821696112861199094e-09
6.587500000000000000e+01,6.427195111368882405e-09
6.589062500000000000e+01,6.085686006539871767e-09
6.590625000000000000e+01,6.020777409752918470e-09
6.592187500000000000e+01,6.108526192170335794e-09
6.593750000000000000e+01,6.162788318253444054e-09
6.595312500000000000e+01,6.160315862200395396e-09
6.596875000000000000e+01,6.114967001471162126e-09
6.598437500000000000e+01,5.973086044402817948e-09
6.600000000000000000e+01,5.819153100285182785e-09
6.601562500000000000e+01,5.910839570533553600e-09
6.603125000000000000e+01,6.212724221366192394e-09
6.604687500000000000e+01,6.374660630678097543e-09
6.606250000000000000e+01,6.365065528648817804e-09
6.607812500000000000e+01,6.404480463264040404e-09
6.609375000000000000e+01,6.538461658161233057e-09
6.610937500000000000e+01,6.621869588149408827e-09
6.612500000000000000e+01,6.450452359077256824e-09
6.614062500000000000e+01,6.004104162229401781e-09
6.615625000000000000e+01,5.634585385987303853e-09
6.617187500000000000e+01,5.704977262593353160e-09
6.618750000000000000e+01,6.058866268078679380e-09
6.620312500000000000e+01,6.347339047060597388e-09
6.621875000000000000e+01,6.446677472076416085e-09
6.623437500000000000e+01,6.394766706708784269e-09
6.625000000000000000e+01,6.300744531808217249e-09
6.626562500000000000e+01,6.235848257856926234e-09
6.628125000000000000e+01,6.098847093250033106e-09
6.629687500000000000e+01,5.728056078808534918e-09
6.631250000000000000e+01,5.239315863452120229e-09
6.632812500000000000e+01,5.045189015184195218e-09
6.634375000000000000e+01,5.212417300641703191e-09
6.635937500000000000e+01,5.321349802764020678e-09
6.637500000000000000e+01,5.161661627909987729e-09
6.639062500000000000e+01,5.001132621954201132e-09
6.640625000000000000e+01,5.250768540565368193e-09
6.642187500000000000e+01,5.800786597050919070e-09
6.643750000000000000e+01,6.170351378442435288e-09
6.645312500000000000e+01,6.253578055882229016e-09
6.646875000000000000e+01,6.343459619964328555e-09
6.648437500000000000e+01,6.460368855940365041e-09
6.650000000000000000e+01,6.414967266840208798e-09
6.651562500000000000e+01,6.299984381887084834e-09
6.653125000000000000e+01,6.182840011008693782e-09
6.654687500000000000e+01,5.958374232578743827e-09
6.656250000000000000e+01,5.684044499318335280e-09
6.657812500000000000e+01,5.581329825473502320e-09
6.659375000000000000e+01,5.623726325782034381e-09
6.660937500000000000e+01,5.550865412840249855e-09
6.662500000000000000e+01,5.388137649770211751e-09
6.664062500000000000e+01,5.398294476135795658e-09
6.665625000000000000e+01,5.517191585373747477e-09
6.667187500000000000e+01,5.455631033949729053e-09
6.668750000000000000e+01,5.305032800149997515e-09
6.670312500000000000e+01,5.424703256834989570e-09
6.671875000000000000e+01,5.789362466160110958e-09
6.673437500000000000e+01,6.040873833181056167e-09
6.675000000000000000e+01,6.001723167845960979e-09
6.676562500000000000e+01,5.773104463847144097e-09
6.678125000000000000e+01,5.509426033851057179e-09
6.679687500000000000e+01,5.363872528148701450e-09
6.681250000000000000e+01,5.561623127535788172e-09
6.682812500000000000e+01,5.986930032193760381e-09
6.684375000000000000e+01,6.162564261848548719e-09
6.685937500000000000e+01,5.927637099255877752e-09
6.687500000000000000e+01,5.608079953368008469e-09
6.689062500000000000e+01,5.507537189598007057e-09
6.690625000000000000e+01,5.499090889413324131e-09
6.692187500000000000e+01,5.365827101679292629e-09
6.693750000000000000e+01,5.195855292003789812e-09
6.695312500000000000e+01,5.167420947462326742e-09
6.696875000000000000e+01,5.292902105323647610e-09
6.698437500000000000e+01,5.497998684719609422e-09
6.700000000000000000e+01,5.619043987269618924e-09
6.701562500000000000e+01,5.575117686026149813e-09
6.703125000000000000e+01,5.447641717196075922e-09
6.704687500000000000e+01,5.282039957051456720e-09
6.706250000000000000e+01,5.106587672472663299e-09
6.707812500000000000e+01,5.113848972834486403e-09
6.709375000000000000e+01,5.463247889734419229e-09
6.710937500000000000e+01,5.857570915164913872e-09
6.712500000000000000e+01,5.886139272219853282e-09
6.714062500000000000e+01,5.585568561227617064e-09
6.715625000000000000e+01,5.356113860119950965e-09
6.717187500000000000e+01,5.376710430454666223e-09
6.718750000000000000e+01,5.482253133928671831e-09
6.720312500000000000e+01,5.562210708021630914e-09
6.721875000000000000e+01,5.681047978689034161e-09
6.723437500000000000e+01,5.854292425981803006e-09
6.725000000000000000e+01,5.924037574072214992e-09
6.726562500000000000e+01,5.852711359976256613e-09
6.728125000000000000e+01,5.756211824650074974e-09
6.729687500000000000e+01,5.618625070184421390e-09
6.731250000000000000e+01,5.474161194279663096e-09
6.732812500000000000e+01,5.473041174325402690e-09
6.734375000000000000e+01,5.569588547491517664e-09
6.735937500000000000e+01,5.636013672916223462e-09
6.737500000000000000e+01,5.690890029394150079e-09
6.739062500000000000e+01,5.902892046423201036e-09
6.740625000000000000e+01,6.340486319214433228e-09
6.742187500000000000e+01,6.754905802801963171e-09
6.743750000000000000e+01,6.740931356505630991e-09
6.745312500000000000e+01,6.105101748851518532e-09
6.746875000000000000e+01,5.114731777586683860e-09
6.748437500000000000e+01,4.513773728949162246e-09
6.750000000000000000e+01,4.961243969472582431e-09
6.751562500000000000e+01,5.874728767452185010e-09
6.753125000000000000e+01,6.329352283347697639e-09
6.754687500000000000e+01,6.283318386764419997e-09
6.756250000000000000e+01,6.205578851655253788e-09
6.757812500000000000e+01,6.180531094891997070e-09
6.759375000000000000e+01,6.126075681165721848e-09
6.760937500000000000e+01,6.169968150992355940e-09
6.762500000000000000e+01,6.254117016130097408e-09
6.764062500000000000e+01,6.130020723611771436e-09
6.765625000000000000e+01,5.724271177436145013e-09
6.767187500000000000e+01,5.203693951848480524e-09
6.768750000000000000e+01,4.944431840919649461e-09
6.770312500000000000e+01,5.140047860320081910e-09
6.771875000000000000e+01,5.414033429183643816e-09
6.773437500000000000e+01,5.426970803969080764e-09
6.775000000000000000e+01,5.341799904893128048e-09
6.776562500000000000e+01,5.426714129274684780e-09
6.778125000000000000e+01,5.608508669863616293e-09
6.779687500000000000e+01,5.721875983761775450e-09
6.781250000000000000e+01,5.752676444073083549e-09
6.782812500000000000e+01,5.701654506465458983e-09
6.784375000000000000e+01,5.568345481600435082e-09
6.785937500000000000e+01,5.482091962109661372e-09
6.787500000000000000e+01,5.608134123629492234e-09
6.789062500000000000e+01,5.856493400083099139e-09
6.790625000000000000e+01,5.976122817061038850e-09
6.792187500000000000e+01,5.914474998169341864e-09
6.793750000000000000e+01,5.803654191064763598e-09
6.795312500000000000e+01,5.729031601825836292e-09
6.796875000000000000e+01,5.773648725262952672e-09
6.798437500000000000e+01,6.006747411163780262e-09
6.800000000000000000e+01,6.214857054624870691e-09
6.801562500000000000e+01,6.132492925712416217e-09
6.803125000000000000e+01,5.839341914069126270e-09
6.804687500000000000e+01,5.623234478266854712e-09
6.806250000000000000e+01,5.504323944207658549e-09
6.807812500000000000e+01,5.256212080783548644e-09
6.809375000000000000e+01,5.034474648548956172e-09
6.810937500000000000e+01,5.175310466742873989e-09
6.812500000000000000e+01,5.416422116107616149e-09
6.814062500000000000e+01,5.362028293118204944e-09
6.815625000000000000e+01,5.128199497384406491e-09
6.817187500000000000e+01,5.061203435806543651e-09
6.818750000000000000e+01,5.223408446413526203e-09
6.820312500000000000e+01,5.407596691135536339e-09
6.821875000000000000e+01,5.385437709973888700e-09
6.823437500000000000e+01,5.173223253508404936e-09
6.825000000000000000e+01,5.108415752488124039e-09
6.826562500000000000e+01,5.312075112514833019e-09
6.828125000000000000e+01,5.418066660717375381e-09
6.829687500000000000e+01,5.197190136344751452e-09
6.831250000000000000e+01,4.917546360283021252e-09
6.832812500000000000e+01,4.989768696145735625e-09
6.834375000000000000e+01,5.367881083150033774e-09
6.835937500000000000e+01,5.753162017780843489e-09
6.837500000000000000e+01,5.992614953284678766e-09
6.839062500000000000e+01,5.982496522981663691e-09
6.840625000000000000e+01,5.798312433018784765e-09
6.842187500000000000e+01,5.710989233277972865e-09
6.843750000000000000e+01,5.776297990418147181e-09
6.845312500000000000e+01,5.792090229281481135e-09
6.846875000000000000e+01,5.694224187043798828e-09
6.848437500000000000e+01,5.571832832104655368e-09
6.850000000000000000e+01,5.428240949059341535e-09
6.851562500000000000e+01,5.280813757557981147e-09
6.853125000000000000e+01,5.251938126633148368e-09
6.854687500000000000e+01,5.341663449079644317e-09
6.856250000000000000e+01,5.356500288256430768e-09
6.857812500000000000e+01,5.221903576638018444e-09
6.859375000000000000e+01,5.129433240432388913e-09
6.860937500000000000e+01,5.192922099921531724e-09
6.862500000000000000e+01,5.347368394112986826e-09
6.864062500000000000e+01,5.541492721164256069e-09
6.865625000000000000e+01,5.609100321183536819e-09
6.867187500000000000e+01,5.341201390466639374e-09
6.868750000000000000e+01,4.859612747121877151e-09
6.870312500000000000e+01,4.701234921131849745e-09
6.871875000000000000e+01,5.036761825958973282e-09
6.873437500000000000e+01,5.334290361966988081e-09
6.875000000000000000e+01,5.376678859126368208e-09
6.876562500000000000e+01,5.408335798202539698e-09
6.878125000000000000e+01,5.585229398959509743e-09
6.879687500000000000e+01,5.889424827604473289e-09
6.881250000000000000e+01,6.222328806048017063e-09
6.882812500000000000e+01,6.435481364386411041e-09
6.884375000000000000e+01,6.388690906071627362e-09
6.885937500000000000e+01,6.088671551082232143e-09
6.887500000000000000e+01,5.752472106332979904e-09
6.889062500000000000e+01,5.569783597297637420e-09
6.890625000000000000e+01,5.537546533917372100e-09
6.892187500000000000e+01,5.580788782831554693e-09
6.893750000000000000e+01,5.565780638508646856e-09
6.895312500000000000e+01,5.397759349496834285e-09
6.896875000000000000e+01,5.206098964610825877e-09
6.898437500000000000e+01,5.286366376960217769e-09
6.900000000000000000e+01,5.714877364428195442e-09
6.901562500000000000e+01,6.088603638678733166e-09
6.903125000000000000e+01,6.000274885039478174e-09
6.904687500000000000e+01,5.533676012839667277e-09
6.906250000000000000e+01,5.093760118305006953e-09
6.907812500000000000e+01,5.027581773711689223e-09
6.909375000000000000e+01,5.365565424051455345e-09
6.910937500000000000e+01,5.692661153307667402e-09
6.912500000000000000e+01,5.673644799654636526e-09
6.914062500000000000e+01,5.498017853208275986e-09
6.915625000000000000e+01,5.486286596775689507e-09
6.917187500000000000e+01,5.541715939006333445e-09
6.918750000000000000e+01,5.393931359367553072e-09
6.920312500000000000e+01,5.081191908401681849e-09
6.921875000000000000e+01,4.894586260398782571e-09
6.923437500000000000e+01,4.998258734967287814e-09
6.925000000000000000e+01,5.315371141677379315e-09
6.926562500000000000e+01,5.614270338118821876e-09
6.928125000000000000e+01,5.677533069399249496e-09
6.929687500000000000e+01,5.494421702743222761e-09
6.931250000000000000e+01,5.138404586216046917e-09
6.932812500000000000e+01,4.690131005007205203e-09
6.934375000000000000e+01,4.385684981825215745e-09
6.935937500000000000e+01,4.330073263340280802e-09
6.937500000000000000e+01,4.461653809462029863e-09
6.939062500000000000e+01,4.824061432503969959e-09
6.940625000000000000e+01,5.244791599735955402e-09
6.942187500000000000e+01,5.464020898201229785e-09
6.943750000000000000e+01,5.532921065708019502e-09
6.945312500000000000e+01,5.562032302244876347e-09
6.946875000000000000e+01,5.524798207225058726e-09
6.948437500000000000e+01,5.609545025092170664e-09
6.950000000000000000e+01,6.079061848980603361e-09
6.951562500000000000e+01,6.719056928576542036e-09
6.953125000000000000e+01,7.076404949146083269e-09
6.954687500000000000e+01,6.976550130892229501e-09
6.956250000000000000e+01,6.595836087794531344e-09
6.957812500000000000e+01,6.249501259195248603e-09
6.959375000000000000e+01,6.084802248233704086e-09
6.960937500000000000e+01,6.019811095160312293e-09
6.962500000000000000e+01,5.975947305046753609e-09
6.964062500000000000e+01,6.031471745062407753e-09
6.965625000000000000e+01,6.300382788586918191e-09
6.967187500000000000e+01,6.546573794147826660e-09
6.968750000000000000e+01,6.404642996741455615e-09
6.970312500000000000e+01,6.020277900694386247e-09
6.971875000000000000e+01,5.900398825806622746e-09
6.973437500000000000e+01,6.036486275240584817e-09
6.975000000000000000e+01,6.071575715611348382e-09
6.976562500000000000e+01,5.947170208145383884e-09
6.978125000000000000e+01,5.657527700596474248e-09
6.979687500000000000e+01,5.261301908228813624e-09
6.981250000000000000e+01,5.200979420842946122e-09
6.982812500000000000e+01,5.644912134114896684e-09
6.984375000000000000e+01,5.981231710410705928e-09
6.985937500000000000e+01,5.844805349019458829e-09
6.987500000000000000e+01,5.586618130499684124e-09
6.989062500000000000e+01,5.462765642610528001e-09
6.990625000000000000e+01,5.250764751530632827e-09
6.992187500000000000e+01,4.913941331190776144e-09
6.993750000000000000e+01,4.647725096086474235e-09
6.995312500000000000e+01,4.689271220551261218e-09
6.996875000000000000e+01,5.224889890450610220e-09
6.998437500000000000e+01,5.969946702248129904e-09
7.000000000000000000e+01,6.501522531708553552e-09
7.001562500000000000e+01,6.635952686002313660e-09
7.003125000000000000e+01,6.398644215496657026e-09
7.004687500000000000e+01,6.008741110633165665e-09
7.006250000000000000e+01,5.706555013997897584e-09
7.007812500000000000e+01,5.674107420911318992e-09
7.009375000000000000e+01,5.979699907449796124e-09
7.010937500000000000e+01,6.335907430187104346e-09
7.012500000000000000e+01,6.353469024251467804e-09
7.014062500000000000e+01,6.022426660550828117e-09
7.015625000000000000e+01,5.680698348548956801e-09
7.017187500000000000e+01,5.500234255272472230e-09
7.018750000000000000e+01,5.393355996489507563e-09
7.020312500000000000e+01,5.311505040751034734e-09
7.021875000000000000e+01,5.193786413415391158e-09
7.023437500000000000e+01,5.009911856541725502e-09
7.025000000000000000e+01,4.923328297602935711e-09
7.026562500000000000e+01,5.233102837949943992e-09
7.028125000000000000e+01,5.843872143489819608e-09
7.029687500000000000e+01,6.289814759907521129e-09
7.031250000000000000e+01,6.415009155210600409e-09
7.032812500000000000e+01,6.267638729620989574e-09
7.034375000000000000e+01,5.899540346070495650e-09
7.035937500000000000e+01,5.602074834660651224e-09
7.037500000000000000e+01,5.597541339797383206e-09
7.039062500000000000e+01,5.664767453369383002e-09
7.040625000000000000e+01,5.605515000567959531e-09
7.042187500000000000e+01,5.534616010378707553e-09
7.043750000000000000e+01,5.645446120075600032e-09
7.045312500000000000e+01,5.853441513350582244e-09
7.046875000000000000e+01,5.998901837816346542e-09
7.048437500000000000e+01,6.146074349383022313e-09
7.050000000000000000e+01,6.222343134178671532e-09
7.051562500000000000e+01,6.009603237177637383e-09
7.053125000000000000e+01,5.749524713702710133e-09
7.054687500000000000e+01,5.934020744794300507e-09
7.056250000000000000e+01,6.405219097880676062e-09
7.057812500000000000e+01,6.592708954059388599e-09
7.059375000000000000e+01,6.239014675701726872e-09
7.060937500000000000e+01,5.639721115988685709e-09
7.062500000000000000e+01,5.330806794424931228e-09
7.064062500000000000e+01,5.348392417728717549e-09
7.065625000000000000e+01,5.400585513484293103e-09
7.067187500000000000e+01,5.473545768669309131e-09
7.068750000000000000e+01,5.544243286354118577e-09
7.070312500000000000e+01,5.443980700745184130e-09
7.071875000000000000e+01,5.271520943855198971e-09
7.073437500000000000e+01,5.295703840056136579e-09
7.075000000000000000e+01,5.481392176102373781e-09
7.076562500000000000e+01,5.670462446976155074e-09
7.078125000000000000e+01,5.895145458213456034e-09
7.079687500000000000e+01,6.153320881074260906e-09
7.081250000000000000e+01,6.333408548109976573e-09
7.082812500000000000e+01,6.384600170982925683e-09
7.084375000000000000e+01,6.337682655712761595e-09
7.085937500000000000e+01,6.262402563587551835e-09
7.087500000000000000e+01,6.240994851218296700e-09
7.089062500000000000e+01,6.254326788599438695e-09
7.090625000000000000e+01,6.151096947098364817e-09
7.092187500000000000e+01,5.893361779162883371e-09
7.093750000000000000e+01,5.625494940124754410e-09
7.095312500000000000e+01,5.347413304037229578e-09
7.096875000000000000e+01,4.981694584719199523e-09
7.098437500000000000e+01,4.767767077102001456e-09
7.100000000000000000e+01,4.895889303499912758e-09
7.101562500000000000e+01,5.114369347150321213e-09
7.103125000000000000e+01,5.235510064550284677e-09
7.104687500000000000e+01,5.276574831586129079e-09
7.106250000000000000e+01,5.160664149805794042e-09
7.107812500000000000e+01,4.872048511397106529e-09
7.109375000000000000e+01,4.660459862741581004e-09
7.110937500000000000e+01,4.647435406002191282e-09
7.112500000000000000e+01,4.777344915024587987e-09
7.114062500000000000e+01,5.091933364505782136e-09
7.115625000000000000e+01,5.488864583375193587e-09
7.117187500000000000e+01,5.728906199242531117e-09
7.118750000000000000e+01,5.746206124700619097e-09
7.120312500000000000e+01,5.623689463857084176e-09
7.121875000000000000e+01,5.340861587384525576e-09
7.123437500000000000e+01,4.970645565921388613e-09
7.125000000000000000e+01,4.893619022153068913e-09
7.126562500000000000e+01,5.213570129145256260e-09
7.128125000000000000e+01,5.592619159856230270e-09
7.129687500000000000e+01,5.743169377270593760e-09
7.131250000000000000e+01,5.555189418705641452e-09
7.132812500000000000e+01,5.190194908030237699e-09
7.134375000000000000e+01,4.957616030888310071e-09
7.135937500000000000e+01,5.021554481637093825e-09
7.137500000000000000e+01,5.282126618658613391e-09
7.139062500000000000e+01,5.494583675833682869e-09
7.140625000000000000e+01,5.644583161815159735e-09
7.142187500000000000e+01,5.825474489308517632e-09
7.143750000000000000e+01,5.866670324168489167e-09
7.145312500000000000e+01,5.708929697445848207e-09
7.146875000000000000e+01,5.591173259250287212e-09
7.148437500000000000e+01,5.623654543281913188e-09
7.150000000000000000e+01,5.652783886052217820e-09
7.151562500000000000e+01,5.432672234694626989e-09
7.153125000000000000e+01,5.047325778414265402e-09
7.154687500000000000e+01,5.017910920591916444e-09
7.156250000000000000e+01,5.497565091042769850e-09
7.157812500000000000e+01,6.024376607398786457e-09
7.159375000000000000e+01,6.218894788732908043e-09
7.160937500000000000e+01,6.050580735109572142e-09
7.162500000000000000e+01,5.728143850189278382e-09
7.164062500000000000e+01,5.616117381101077641e-09
7.165625000000000000e+01,5.969405009469000782e-09
7.167187500000000000e+01,6.451126782176064411e-09
7.168750000000000000e+01,6.528802435586296753e-09
7.170312500000000000e+01,6.219805439644446965e-09
7.171875000000000000e+01,5.941751606684836726e-09
7.173437500000000000e+01,5.852528413321703812e-09
7.175000000000000000e+01,5.888494686921571464e-09
7.176562500000000000e+01,6.002065705561007883e-09
7.178125000000000000e+01,5.961096379620144627e-09
7.179687500000000000e+01,5.647632021600814691e-09
7.181250000000000000e+01,5.408232807588823887e-09
7.182812500000000000e+01,5.507612057934685359e-09
7.184375000000000000e+01,5.707285355561292642e-09
7.185937500000000000e+01,5.801046470531886784e-09
7.187500000000000000e+01,5.745207666328874852e-09
7.189062500000000000e+01,5.471572899556481111e-09
7.190625000000000000e+01,5.072324709781799482e-09
7.192187500000000000e+01,4.816473181722667852e-09
7.193750000000000000e+01,4.771901189573765990e-09
7.195312500000000000e+01,4.672812693120587568e-09
7.196875000000000000e+01,4.385418699982373132e-09
7.198437500000000000e+01,4.262811990397436771e-09
7.200000000000000000e+01,4.670351618439841294e-09
7.201562500000000000e+01,5.238819182291447023e-09
7.203125000000000000e+01,5.509530028563446626e-09
7.204687500000000000e+01,5.515600838299592813e-09
7.206250000000000000e+01,5.457735375049592361e-09
7.207812500000000000e+01,5.470965699526806009e-09
7.209375000000000000e+01,5.591948227514912953e-09
7.210937500000000000e+01,5.623089710676290066e-09
7.212500000000000000e+01,5.387200944481936926e-09
7.214062500000000000e+01,5.101509989391101031e-09
7.215625000000000000e+01,5.160183111055262286e-09
7.217187500000000000e+01,5.558153092091063159e-09
7.218750000000000000e+01,5.883693958940249946e-09
7.220312500000000000e+01,5.886174751835510488e-09
7.221875000000000000e+01,5.654938027165098628e-09
7.223437500000000000e+01,5.365889308639636129e-09
7.225000000000000000e+01,5.074230291892921367e-09
7.226562500000000000e+01,4.716992182163676652e-09
7.228125000000000000e+01,4.381221384538659205e-09
7.229687500000000000e+01,4.393679046038203337e-09
7.231250000000000000e+01,4.859368331343574732e-09
7.232812500000000000e+01,5.372734068105625341e-09
7.234375000000000000e+01,5.409030828562719154e-09
7.235937500000000000e+01,4.941110426430679430e-09
7.237500000000000000e+01,4.623667757865917414e-09
7.239062500000000000e+01,4.833186130271868896e-09
7.240625000000000000e+01,5.179957207716433242e-09
7.242187500000000000e+01,5.388401973327752993e-09
7.243750000000000000e+01,5.454248820254745961e-09
7.245312500000000000e+01,5.418900332106747537e-09
7.246875000000000000e+01,5.454172322796124819e-09
7.248437500000000000e+01,5.735698216068682159e-09
7.250000000000000000e+01,5.974512446433335994e-09
7.251562500000000000e+01,5.788655356251482735e-09
7.253125000000000000e+01,5.330638473136476271e-09
7.254687500000000000e+01,5.124927473077480908e-09
7.256250000000000000e+01,5.331084054191677585e-09
7.257812500000000000e+01,5.567314932443368403e-09
7.259375000000000000e+01,5.609239261678601722e-09
7.260937500000000000e+01,5.653406901813978200e-09
7.262500000000000000e+01,5.883398460451598362e-09
7.264062500000000000e+01,6.123839165112269629e-09
7.265625000000000000e+01,6.161772365138590804e-09
7.267187500000000000e+01,6.114979299377293984e-09
7.268750000000000000e+01,6.114190103288220353e-09
7.270312500000000000e+01,5.983603581194811647e-09
7.271875000000000000e+01,5.644924120204939511e-09
7.273437500000000000e+01,5.364841654442215864e-09
7.275000000000000000e+01,5.343469919464022543e-09
7.276562500000000000e+01,5.461310126600494471e-09
7.278125000000000000e+01,5.589885906235698519e-09
7.279687500000000000e+01,5.714149077979086712e-09
7.281250000000000000e+01,5.888140327863729056e-09
7.282812500000000000e+01,6.066779860170288167e-09
7.284375000000000000e+01,6.042945254717403422e-09
7.285937500000000000e+01,5.764485668361465387e-09
7.287500000000000000e+01,5.491253849448063759e-09
7.289062500000000000e+01,5.460411912870737962e-09
7.290625000000000000e+01,5.603031961448286423e-09
7.292187500000000000e+01,5.749554919655436530e-09
7.293750000000000000e+01,5.797417592469909859e-09
7.295312500000000000e+01,5.697129886724882463e-09
7.296875000000000000e+01,5.493768231683710749e-09
7.298437500000000000e+01,5.322668436960194239e-09
7.300000000000000000e+01,5.235762731498992391e-09
7.301562500000000000e+01,5.217102959137973638e-09
7.303125000000000000e+01,5.363356912061271286e-09
7.304687500000000000e+01,5.647220716557930004e-09
7.306250000000000000e+01,5.820219108740535165e-09
7.307812500000000000e+01,5.739119701186692576e-09
7.309375000000000000e+01,5.514988673762315488e-09
7.310937500000000000e+01,5.331738319330258325e-09
7.312500000000000000e+01,5.178645069597545468e-09
7.314062500000000000e+01,4.933824642894786609e-09
7.315625000000000000e+01,4.742251499222419101e-09
7.317187500000000000e+01,4.884983455550160312e-09
7.318750000000000000e+01,5.201509855110438576e-09
7.320312500000000000e+01,5.443031857734866378e-09
7.321875000000000000e+01,5.583377283294476010e-09
7.323437500000000000e+01,5.547331293289607826e-09
7.325000000000000000e+01,5.338411549727535032e-09
7.326562500000000000e+01,5.131223159575623675e-09
7.328125000000000000e+01,5.023303123604879636e-09
7.329687500000000000e+01,5.119431512090438723e-09
7.331250000000000000e+01,5.500588420924169937e-09
7.332812500000000000e+01,5.934488103107139839e-09
7.334375000000000000e+01,6.153682311037717460e-09
7.335937500000000000e+01,6.076563259466648002e-09
7.337500000000000000e+01,5.716461095649945941e-09
7.339062500000000000e+01,5.258990232990079909e-09
7.340625000000000000e+01,5.017160481118998083e-09
7.342187500000000000e+01,5.056611044926067814e-09
7.343750000000000000e+01,5.103741977397108830e-09
7.345312500000000000e+01,4.998694401259470152e-09
7.346875000000000000e+01,5.036635764916679901e-09
7.348437500000000000e+01,5.541134385521851565e-09
7.350000000000000000e+01,6.211551808704465297e-09
7.351562500000000000e+01,6.526697395042109996e-09
7.353125000000000000e+01,6.487962064398227755e-09
7.354687500000000000e+01,6.437096061368999482e-09
7.356250000000000000e+01,6.348757042760518376e-09
7.357812500000000000e+01,6.053202719802852526e-09
7.359375000000000000e+01,5.725671244207316751e-09
7.360937500000000000e+01,5.641997547590434665e-09
7.362500000000000000e+01,5.755703298312506991e-09
7.364062500000000000e+01,5.822402427768640948e-09
7.365625000000000000e+01,5.777475882409473766e-09
7.367187500000000000e+01,5.682024724015459077e-09
7.368750000000000000e+01,5.587898930989158808e-09
7.370312500000000000e+01,5.615207233572269178e-09
7.371875000000000000e+01,5.742754591753661177e-09
7.373437500000000000e+01,5.714613688705688653e-09
7.375000000000000000e+01,5.443074830802204423e-09
7.376562500000000000e+01,5.073276601017733901e-09
7.378125000000000000e+01,4.742630068734023948e-09
7.379687500000000000e+01,4.624802585621397340e-09
7.381250000000000000e+01,4.869791463397710006e-09
7.382812500000000000e+01,5.299650862046655457e-09
7.384375000000000000e+01,5.539253204159472397e-09
7.385937500000000000e+01,5.464420959514087816e-09
7.387500000000000000e+01,5.295546596901360881e-09
7.389062500000000000e+01,5.270297370686058180e-09
7.390625000000000000e+01,5.352981458472903559e-09
7.392187500000000000e+01,5.458830700367261651e-09
7.393750000000000000e+01,5.571906277365091036e-09
7.395312500000000000e+01,5.563837487020592913e-09
7.396875000000000000e+01,5.383842746579479064e-09
7.398437500000000000e+01,5.240554090992975611e-09
7.400000000000000000e+01,5.360605065176450444e-09
7.401562500000000000e+01,5.617202659448964391e-09
7.403125000000000000e+01,5.609181361314579955e-09
7.404687500000000000e+01,5.157967239413253736e-09
7.406250000000000000e+01,4.583138331972737419e-09
7.407812500000000000e+01,4.328347978202900020e-09
7.409375000000000000e+01,4.415405904140951028e-09
7.410937500000000000e+01,4.732668720030106107e-09
7.412500000000000000e+01,5.229106959766183391e-09
7.414062500000000000e+01,5.704269589110416286e-09
7.415625000000000000e+01,5.935364376572508203e-09
7.417187500000000000e+01,5.883840682627301764e-09
7.418750000000000000e+01,5.686946126950035795e-09
7.420312500000000000e+01,5.526821687131970459e-09
7.421875000000000000e+01,5.484687933591528151e-09
7.423437500000000000e+01,5.466438483187878235e-09
7.425000000000000000e+01,5.358646258370683928e-09
7.426562500000000000e+01,5.259212911402118304e-09
7.428125000000000000e+01,5.375857489807924392e-09
7.429687500000000000e+01,5.564598517640324634e-09
7.431250000000000000e+01,5.460080742809399854e-09
7.432812500000000000e+01,5.119887499161161328e-09
7.434375000000000000e+01,5.040881612913280905e-09
7.435937500000000000e+01,5.301180703843645579e-09
7.437500000000000000e+01,5.423329026471107866e-09
7.439062500000000000e+01,5.149161693168397786e-09
7.440625000000000000e+01,4.784129540639363588e-09
7.442187500000000000e+01,4.801228796292753929e-09
7.443750000000000000e+01,5.078189432544378159e-09
7.445312500000000000e+01,5.404962102371463707e-09
7.446875000000000000e+01,5.763708242724159041e-09
7.448437500000000000e+01,5.927874901994587264e-09
7.450000000000000000e+01,5.795376725551364360e-09
7.451562500000000000e+01,5.647979983562701728e-09
7.453125000000000000e+01,5.719989471432126467e-09
7.454687500000000000e+01,5.847866681371583419e-09
7.456250000000000000e+01,5.829404333892363519e-09
7.457812500000000000e+01,5.775070060692429016e-09
7.459375000000000000e+01,5.751499781292543009e-09
7.460937500000000000e+01,5.617760635225444231e-09
7.462500000000000000e+01,5.496237905242453782e-09
7.464062500000000000e+01,5.623799805734521720e-09
7.465625000000000000e+01,5.879047079618812530e-09
7.467187500000000000e+01,6.013545897954383293e-09
7.468750000000000000e+01,5.959162227873296863e-09
7.470312500000000000e+01,5.812740843349582637e-09
7.471875000000000000e+01,5.668034798143959940e-09
7.473437500000000000e+01,5.635652574458107019e-09
7.475000000000000000e+01,5.792789344202349827e-09
7.476562500000000000e+01,5.998738354080032595e-09
7.478125000000000000e+01,6.014913093585362436e-09
7.479687500000000000e+01,5.729660775006325948e-09
7.481250000000000000e+01,5.297639891805890007e-09
7.482812500000000000e+01,4.932376897448147113e-09
7.484375000000000000e+01,4.792160217710231169e-09
7.485937500000000000e+01,5.170583083990921685e-09
7.487500000000000000e+01,5.894413850307040452e-09
7.489062500000000000e+01,6.268376170620095035e-09
7.490625000000000000e+01,6.073281643866160919e-09
7.492187500000000000e+01,5.686586037616735950e-09
7.493750000000000000e+01,5.449738322732258423e-09
7.495312500000000000e+01,5.442689850388006337e-09
7.496875000000000000e+01,5.549459561426469335e-09
7.498437500000000000e+01,5.605027916555341860e-09
7.500000000000000000e+01,5.625300279900274288e-09
7.501562500000000000e+01,5.565578661431749917e-09
7.503125000000000000e+01,5.344763376595333925e-09
7.504687500000000000e+01,5.233128631995386698e-09
7.506250000000000000e+01,5.434560558187173211e-09
7.507812500000000000e+01,5.570068637943708530e-09
7.509375000000000000e+01,5.364024185630688595e-09
7.510937500000000000e+01,5.154070409811660212e-09
7.512500000000000000e+01,5.304858715154875078e-09
7.514062500000000000e+01,5.578002417526493392e-09
7.515625000000000000e+01,5.746198945180596300e-09
7.517187500000000000e+01,5.877870926037906089e-09
7.518750000000000000e+01,5.951049341764637632e-09
7.520312500000000000e+01,5.945626871173648301e-09
7.521875000000000000e+01,5.909579180088805123e-09
7.523437500000000000e+01,5.723980103616417041e-09
7.525000000000000000e+01,5.340169678366885733e-09
7.526562500000000000e+01,4.985602906716709803e-09
7.528125000000000000e+01,4.912149433059222840e-09
7.529687500000000000e+01,5.089004474232674470e-09
7.531250000000000000e+01,5.215859707867961791e-09
7.532812500000000000e+01,5.187487242540841952e-09
7.534375000000000000e+01,5.194417248034106726e-09
7.535937500000000000e+01,5.196730632037631037e-09
7.537500000000000000e+01,4.934511897036525303e-09
7.539062500000000000e+01,4.512135573044137158e-09
7.540625000000000000e+01,4.297727344319921741e-09
7.542187500000000000e+01,4.417076187928175193e-09
7.543750000000000000e+01,4.750036533209226600e-09
7.545312500000000000e+01,5.078824947311112076e-09
7.546875000000000000e+01,5.238274159489918113e-09
7.548437500000000000e+01,5.267127529133004441e-09
7.550000000000000000e+01,5.304334338749966232e-09
7.551562500000000000e+01,5.509372278385018149e-09
7.553125000000000000e+01,5.878683795990098240e-09
7.554687500000000000e+01,6.056737870942530677e-09
7.556250000000000000e+01,5.854446821897226915e-09
7.557812500000000000e+01,5.664939951663308493e-09
7.559375000000000000e+01,5.867250496264140645e-09
7.560937500000000000e+01,6.250096381126502700e-09
7.562500000000000000e+01,6.506561579297340184e-09
7.564062500000000000e+01,6.529911268448056883e-09
7.565625000000000000e+01,6.276876833631199312e-09
7.567187500000000000e+01,5.762239244619539099e-09
7.568750000000000000e+01,5.309598614913511732e-09
7.570312500000000000e+01,5.417997109806483426e-09
7.571875000000000000e+01,5.922766302221218452e-09
7.573437500000000000e+01,6.301775764604438283e-09
7.575000000000000000e+01,6.413122448084379810e-09
7.576562500000000000e+01,6.273014882919590486e-09
7.578125000000000000e+01,5.924363463065023987e-09
7.579687500000000000e+01,5.625707885009601078e-09
7.581250000000000000e+01,5.559716870204384152e-09
7.582812500000000000e+01,5.586227635003205700e-09
7.584375000000000000e+01,5.669780696110825118e-09
7.585937500000000000e+01,5.784625882472249662e-09
7.587500000000000000e+01,5.703044841868256315e-09
7.589062500000000000e+01,5.412128864331883959e-09
7.590625000000000000e+01,5.185942869123223031e-09
7.592187500000000000e+01,5.235081156333767895e-09
7.593750000000000000e+01,5.447301872808016639e-09
7.595312500000000000e+01,5.523049852041013798e-09
7.596875000000000000e+01,5.357804337340980507e-09
7.598437500000000000e+01,5.179041611153148785e-09
7.600000000000000000e+01,5.188772851226242050e-09
7.601562500000000000e+01,5.231794708135327976e-09
7.603125000000000000e+01,5.160157363572200900e-09
7.604687500000000000e+01,5.201575349147246590e-09
7.606250000000000000e+01,5.544317078547687110e-09
7.607812500000000000e+01,5.769152388417363786e-09
7.609375000000000000e+01,5.546663939267455186e-09
7.610937500000000000e+01,5.301990086976986144e-09
7.612500000000000000e+01,5.434651164551656283e-09
7.614062500000000000e+01,5.646817873028864471e-09
7.615625000000000000e+01,5.724864324358407441e-09
7.617187500000000000e+01,5.748442301868487641e-09
7.618750000000000000e+01,5.867584298881323259e-09
7.620312500000000000e+01,6.164950944277674732e-09
7.621875000000000000e+01,6.365133701455540777e-09
7.623437500000000000e+01,6.111820855462591946e-09
7.625000000000000000e+01,5.468288199580782166e-09
7.626562500000000000e+01,4.898455201725151940e-09
7.628125000000000000e+01,4.676549637493636949e-09
7.629687500000000000e+01,4.588597135414180719e-09
7.631250000000000000e+01,4.566753328871666832e-09
7.632812500000000000e+01,4.800260273456936558e-09
7.634375000000000000e+01,5.191978561363019828e-09
7.635937500000000000e+01,5.447736230255540912e-09
7.637500000000000000e+01,5.454895160133422785e-09
7.639062500000000000e+01,5.347914948313044052e-09
7.640625000000000000e+01,5.418310573014736187e-09
7.642187500000000000e+01,5.789350080968233120e-09
7.643750000000000000e+01,6.170696861398520334e-09
7.645312500000000000e+01,6.157721059241750703e-09
7.646875000000000000e+01,5.830823135026510662e-09
7.648437500000000000e+01,5.710920869568974289e-09
7.650000000000000000e+01,5.808786093375622245e-09
7.651562500000000000e+01,5.675736646927004434e-09
7.653125000000000000e+01,5.331228006386488409e-09
7.654687500000000000e+01,5.196353435852393336e-09
7.656250000000000000e+01,5.522450119373821597e-09
7.657812500000000000e+01,6.082120435433895995e-09
7.659375000000000000e+01,6.461594635428598967e-09
7.660937500000000000e+01,6.540661245329129476e-09
7.662500000000000000e+01,6.443741959005257375e-09
7.664062500000000000e+01,6.256294122513929125e-09
7.665625000000000000e+01,6.016716231107279105e-09
7.667187500000000000e+01,5.788783090165813579e-09
7.668750000000000000e+01,5.581464279091980594e-09
7.670312500000000000e+01,5.373758394707224226e-09
7.671875000000000000e+01,5.207755196384826091e-09
7.673437500000000000e+01,5.174119978118724345e-09
7.675000000000000000e+01,5.325644755942723694e-09
7.676562500000000000e+01,5.759086548621945171e-09
7.678125000000000000e+01,6.492264820398318941e-09
7.679687500000000000e+01,7.152618036091352003e-09
7.681250000000000000e+01,7.243048346763837436e-09
7.682812500000000000e+01,6.637748385216995840e-09
7.684375000000000000e+01,5.845633660205228033e-09
7.685937500000000000e+01,5.515157987362883841e-09
7.687500000000000000e+01,5.525969603430623615e-09
7.689062500000000000e+01,5.459134145911655714e-09
7.690625000000000000e+01,5.205496508250481808e-09
7.692187500000000000e+01,4.832310836790749175e-09
7.693750000000000000e+01,4.623935534597383198e-09
7.695312500000000000e+01,4.923612175871495976e-09
7.696875000000000000e+01,5.508648047895134909e-09
7.698437500000000000e+01,5.889893150289752256e-09
7.700000000000000000e+01,5.853807368959712166e-09
7.701562500000000000e+01,5.466320176852833136e-09
7.703125000000000000e+01,5.092165638027968560e-09
7.704687500000000000e+01,5.068822473482494815e-09
7.706250000000000000e+01,5.180308691027899326e-09
7.707812500000000000e+01,5.103226617378161923e-09
7.709375000000000000e+01,4.947433974558333706e-09
7.710937500000000000e+01,4.896450990732024699e-09
7.712500000000000000e+01,4.933447488818025849e-09
7.714062500000000000e+01,5.063390105153677521e-09
7.715625000000000000e+01,5.159441716220596821e-09
7.717187500000000000e+01,5.146818314621436096e-09
7.718750000000000000e+01,5.207496335298659731e-09
7.720312500000000000e+01,5.406615013642305770e-09
7.721875000000000000e+01,5.653631672016343156e-09
7.723437500000000000e+01,5.894173873024478582e-09
7.725000000000000000e+01,5.957037453487421949e-09
7.726562500000000000e+01,5.687719676556058854e-09
7.728125000000000000e+01,5.247966378943712307e-09
7.729687500000000000e+01,4.995592486099539672e-09
7.731250000000000000e+01,4.887606196207618292e-09
7.732812500000000000e+01,4.644490696933393492e-09
7.734375000000000000e+01,4.650272039439232238e-09
7.735937500000000000e+01,5.297168303022962253e-09
7.737500000000000000e+01,6.072961614646544839e-09
7.739062500000000000e+01,6.422412536704637857e-09
7.740625000000000000e+01,6.186936949672392636e-09
7.742187500000000000e+01,5.619687424346950899e-09
7.743750000000000000e+01,5.311285082699398641e-09
7.745312500000000000e+01,5.498123572971140131e-09
7.746875000000000000e+01,5.867154508439078731e-09
7.748437500000000000e+01,6.177666350912651845e-09
7.750000000000000000e+01,6.316604315926059895e-09
7.751562500000000000e+01,6.263467615831015740e-09
7.753125000000000000e+01,6.111026300431476638e-09
7.754687500000000000e+01,6.023980333369442198e-09
7.756250000000000000e+01,6.139423418006806794e-09
7.757812500000000000e+01,6.339782343945506230e-09
7.759375000000000000e+01,6.319431367870944705e-09
7.760937500000000000e+01,5.920517818358228827e-09
7.762500000000000000e+01,5.319085223095202204e-09
7.764062500000000000e+01,4.862406465560469701e-09
7.765625000000000000e+01,4.691066172517166556e-09
7.767187500000000000e+01,4.676923086239101676e-09
7.768750000000000000e+01,4.694473074450922028e-09
7.770312500000000000e+01,4.808741275208917776e-09
7.771875000000000000e+01,5.069254549538280032e-09
7.773437500000000000e+01,5.345785093381900482e-09
7.775000000000000000e+01,5.544581298095920286e-09
7.776562500000000000e+01,5.574885192163594543e-09
7.778125000000000000e+01,5.339115386877128080e-09
7.779687500000000000e+01,4.945698809373848953e-09
7.781250000000000000e+01,4.694212520773072374e-09
7.782812500000000000e+01,4.676493824696487403e-09
7.784375000000000000e+01,4.649410977674558515e-09
7.785937500000000000e+01,4.632160527488887222e-09
7.787500000000000000e+01,4.891535985181758513e-09
7.789062500000000000e+01,5.389688793542886542e-09
7.790625000000000000e+01,5.787258408214261276e-09
7.792187500000000000e+01,5.722379600552798309e-09
7.793750000000000000e+01,5.226695516099507218e-09
7.795312500000000000e+01,4.833920358583562950e-09
7.796875000000000000e+01,4.886987249370417376e-09
7.798437500000000000e+01,5.108056323008491853e-09
7.800000000000000000e+01,5.122709348190309749e-09
7.801562500000000000e+01,4.902062753941557778e-09
7.803125000000000000e+01,4.665490279844011305e-09
7.804687500000000000e+01,4.499798774002502624e-09
7.806250000000000000e+01,4.469518950310474142e-09
7.807812500000000000e+01,4.797718251869844787e-09
7.809375000000000000e+01,5.376689224402796826e-09
7.810937500000000000e+01,5.750517976008614704e-09
7.812500000000000000e+01,5.736340137590721764e-09
7.814062500000000000e+01,5.627340935709798158e-09
7.815625000000000000e+01,5.748143646425616802e-09
7.817187500000000000e+01,5.966140536071600739e-09
7.818750000000000000e+01,6.017023325599196190e-09
7.820312500000000000e+01,5.815316596803417894e-09
7.821875000000000000e+01,5.427410929217639531e-09
7.823437500000000000e+01,5.105715301444439924e-09
7.825000000000000000e+01,5.050938190407685410e-09
7.826562500000000000e+01,5.184521046863894556e-09
7.828125000000000000e+01,5.310270475560933355e-09
7.829687500000000000e+01,5.347023112886218866e-09
7.831250000000000000e+01,5.482814869605252447e-09
7.832812500000000000e+01,5.825327751748953764e-09
7.834375000000000000e+01,6.122946259959783019e-09
7.835937500000000000e+01,6.146363238539413505e-09
7.837500000000000000e+01,5.970354539468120928e-09
7.839062500000000000e+01,5.878122659993796791e-09
7.840625000000000000e+01,5.969859258295352306e-09
7.842187500000000000e+01,6.027675088003500598e-09
7.843750000000000000e+01,5.808440270835162095e-09
7.845312500000000000e+01,5.506749362921976095e-09
7.846875000000000000e+01,5.587167250946871376e-09
7.848437500000000000e+01,5.836610552056564087e-09
7.850000000000000000e+01,5.876309702826468972e-09
7.851562500000000000e+01,5.925919531230198641e-09
7.853125000000000000e+01,6.040609115308401238e-09
7.854687500000000000e+01,5.954388042225481985e-09
7.856250000000000000e+01,5.821879413280753218e-09
7.857812500000000000e+01,5.892098963400088552e-09
7.859375000000000000e+01,5.931391459038341345e-09
7.860937500000000000e+01,5.679993068182766265e-09
7.862500000000000000e+01,5.204243722819138480e-09
7.864062500000000000e+01,4.823797057583546072e-09
7.865625000000000000e+01,4.952616202822525367e-09
7.867187500000000000e+01,5.511468104392839432e-09
7.868750000000000000e+01,5.858891122327871785e-09
7.870312500000000000e+01,5.662434218278653315e-09
7.871875000000000000e+01,5.211504053816822788e-09
7.873437500000000000e+01,4.996203666033945019e-09
7.875000000000000000e+01,5.135852360738388947e-09
7.876562500000000000e+01,5.395719804811633516e-09
7.878125000000000000e+01,5.621525425957116949e-09
7.879687500000000000e+01,5.786514873643772463e-09
7.881250000000000000e+01,5.875992479425424193e-09
7.882812500000000000e+01,5.939282751278823125e-09
7.884375000000000000e+01,6.139804169746813249e-09
7.885937500000000000e+01,6.397997821807111954e-09
7.887500000000000000e+01,6.284739389926861853e-09
7.889062500000000000e+01,5.785555029507792394e-09
7.890625000000000000e+01,5.511226773337991085e-09
7.892187500000000000e+01,5.684338755651561249e-09
7.893750000000000000e+01,5.823488439876807781e-09
7.895312500000000000e+01,5.601608030540127193e-09
7.896875000000000000e+01,5.101839460186383548e-09
7.898437500000000000e+01,4.682697810290246030e-09
7.900000000000000000e+01,4.601261168645416816e-09
7.901562500000000000e+01,4.730414841899632743e-09
7.903125000000000000e+01,4.920706352661545163e-09
7.904687500000000000e+01,5.218811476953994320e-09
7.906250000000000000e+01,5.576225122502213972e-09
7.907812500000000000e+01,5.798434261380851636e-09
7.909375000000000000e+01,5.793699096730392939e-09
7.910937500000000000e+01,5.579383761772222488e-09
7.912500000000000000e+01,5.272642424363842740e-09
7.914062500000000000e+01,5.116791753851714625e-09
7.915625000000000000e+01,5.245540569016981785e-09
7.917187500000000000e+01,5.464616358329772224e-09
7.918750000000000000e+01,5.512577178740883718e-09
7.920312500000000000e+01,5.369364944604133445e-09
7.921875000000000000e+01,5.151044029745854952e-09
7.923437500000000000e+01,4.982055622589720920e-09
7.925000000000000000e+01,5.054230845713016628e-09
7.926562500000000000e+01,5.369839536555541095e-09
7.928125000000000000e+01,5.738147444443188926e-09
7.929687500000000000e+01,5.948250734044526648e-09
7.931250000000000000e+01,5.771542225368368748e-09
7.932812500000000000e+01,5.227988050243619637e-09
7.934375000000000000e+01,4.788404169843085382e-09
7.935937500000000000e+01,4.836838855448148656e-09
7.937500000000000000e+01,5.194788049278540314e-09
7.939062500000000000e+01,5.580331687912724064e-09
7.940625000000000000e+01,5.777011549582188350e-09
7.942187500000000000e+01,5.712962555857591903e-09
7.943750000000000000e+01,5.556063793868458273e-09
7.945312500000000000e+01,5.468645312795059136e-09
7.946875000000000000e+01,5.539806573806796377e-09
7.948437500000000000e+01,5.814044291565590887e-09
7.950000000000000000e+01,6.082642733749754845e-09
7.951562500000000000e+01,6.103259647620831862e-09
7.953125000000000000e+01,5.978009100633732267e-09
7.954687500000000000e+01,5.847025432347926043e-09
7.956250000000000000e+01,5.667638531102491912e-09
7.957812500000000000e+01,5.479326490759692412e-09
7.959375000000000000e+01,5.298699015681108550e-09
7.960937500000000000e+01,5.041600092553474942e-09
7.962500000000000000e+01,4.762925560951212502e-09
7.964062500000000000e+01,4.642780913055616855e-09
7.965625000000000000e+01,4.791088917890535989e-09
7.967187500000000000e+01,5.129079213134553193e-09
7.968750000000000000e+01,5.412582763038429013e-09
7.970312500000000000e+01,5.532686834808780982e-09
7.971875000000000000e+01,5.632869836606112605e-09
7.973437500000000000e+01,5.713602266660055801e-09
7.975000000000000000e+01,5.643391935773706618e-09
7.976562500000000000e+01,5.584617555789589866e-09
7.978125000000000000e+01,5.723321913227368482e-09
7.979687500000000000e+01,5.848331224170947255e-09
7.981250000000000000e+01,5.737157500444622914e-09
7.982812500000000000e+01,5.476870541579538868e-09
7.984375000000000000e+01,5.257151546756525417e-09
7.985937500000000000e+01,5.127349918007947807e-09
7.987500000000000000e+01,5.021671010375311118e-09
7.989062500000000000e+01,4.980664214350267313e-09
7.990625000000000000e+01,5.158835624277161805e-09
7.992187500000000000e+01,5.432511178783896200e-09
7.993750000000000000e+01,5.495785690481499905e-09
7.995312500000000000e+01,5.388354095331938948e-09
7.996875000000000000e+01,5.491484546263607747e-09
7.998437500000000000e+01,5.844456818887816581e-09
8.000000000000000000e+01,6.082070872245780698e-09
8.001562500000000000e+01,5.965382283130990033e-09
8.003125000000000000e+01,5.538853488367258580e-09
8.004687500000000000e+01,5.194387858969774122e-09
8.006250000000000000e+01,5.275108621050531424e-09
8.007812500000000000e+01,5.525646469339067421e-09
8.009375000000000000e+01,5.618867278908158749e-09
8.010937500000000000e+01,5.611533853731438569e-09
8.012500000000000000e+01,5.792379700241459931e-09
8.014062500000000000e+01,6.279393519048134866e-09
8.015625000000000000e+01,6.805023991370997198e-09
8.017187500000000000e+01,7.022962781653579839e-09
8.018750000000000000e+01,6.728132105178813885e-09
8.020312500000000000e+01,6.059995638359957868e-09
8.021875000000000000e+01,5.546199264838214298e-09
8.023437500000000000e+01,5.588380462438106244e-09
8.025000000000000000e+01,6.035817071674250291e-09
8.026562500000000000e+01,6.435437870096796347e-09
8.028125000000000000e+01,6.388885292394276927e-09
8.029687500000000000e+01,5.865944406696145209e-09
8.031250000000000000e+01,5.328980401784774996e-09
8.032812500000000000e+01,5.184826843338411781e-09
8.034375000000000000e+01,5.215228298215354382e-09
8.035937500000000000e+01,5.113630515200189878e-09
8.037500000000000000e+01,4.912666936166015969e-09
8.039062500000000000e+01,4.764896748554125672e-09
8.040625000000000000e+01,4.830674535409347145e-09
8.042187500000000000e+01,5.253277113266151216e-09
8.043750000000000000e+01,5.812092160667138992e-09
8.045312500000000000e+01,6.064307191628204340e-09
8.046875000000000000e+01,5.865598966739854820e-09
8.048437500000000000e+01,5.374649732769406152e-09
8.050000000000000000e+01,4.805449219601148838e-09
8.051562500000000000e+01,4.401977808202238431e-09
8.053125000000000000e+01,4.401004365887712353e-09
8.054687500000000000e+01,4.813641397396774070e-09
8.056250000000000000e+01,5.401040115275063185e-09
8.057812500000000000e+01,5.764278893657810133e-09
8.059375000000000000e+01,5.671867745220085012e-09
8.060937500000000000e+01,5.392072797303395790e-09
8.062500000000000000e+01,5.266960507276050997e-09
8.064062500000000000e+01,5.243330947842557267e-09
8.065625000000000000e+01,5.194678250850624933e-09
8.067187500000000000e+01,5.066499895361139897e-09
8.068750000000000000e+01,4.929675294595373136e-09
8.070312500000000000e+01,4.988370750827318382e-09
8.071875000000000000e+01,5.169487407204833816e-09
8.073437500000000000e+01,5.384023087666922707e-09
8.075000000000000000e+01,5.754508447536158728e-09
8.076562500000000000e+01,6.162999764566919669e-09
8.078125000000000000e+01,6.336049513642788794e-09
8.079687500000000000e+01,6.179525006978676038e-09
8.081250000000000000e+01,5.833835471688276118e-09
8.082812500000000000e+01,5.603818578267432646e-09
8.084375000000000000e+01,5.633205409185025114e-09
8.085937500000000000e+01,5.775816786723822543e-09
8.087500000000000000e+01,5.990236519135965175e-09
8.089062500000000000e+01,6.236288737826118841e-09
8.090625000000000000e+01,6.267080183250948236e-09
8.092187500000000000e+01,5.961470677145098013e-09
8.093750000000000000e+01,5.439679234715267870e-09
8.095312500000000000e+01,4.899452186014369296e-09
8.096875000000000000e+01,4.538487025607842912e-09
8.098437500000000000e+01,4.533505547533223978e-09
8.100000000000000000e+01,4.946841355693560533e-09
8.101562500000000000e+01,5.455006554703387324e-09
8.103125000000000000e+01,5.613802709986867336e-09
8.104687500000000000e+01,5.501933850122518509e-09
8.106250000000000000e+01,5.523851314679490541e-09
8.107812500000000000e+01,5.621036894515662365e-09
8.109375000000000000e+01,5.489385601003016926e-09
8.110937500000000000e+01,5.201223783040567288e-09
8.112500000000000000e+01,5.039336705776962680e-09
8.114062500000000000e+01,5.143182012066443660e-09
8.115625000000000000e+01,5.426344435383702727e-09
8.117187500000000000e+01,5.618492439402501196e-09
8.118750000000000000e+01,5.563586879900229170e-09
8.120312500000000000e+01,5.441095679948766859e-09
8.121875000000000000e+01,5.464303649863727129e-09
8.123437500000000000e+01,5.626523417776592755e-09
8.125000000000000000e+01,5.807637593788092054e-09
8.126562500000000000e+01,5.845113764594859357e-09
8.128125000000000000e+01,5.612186713554090544e-09
8.129687500000000000e+01,5.221962722779805534e-09
8.131250000000000000e+01,5.008048011138076772e-09
8.132812500000000000e+01,4.963927525467852814e-09
8.134375000000000000e+01,4.839581970044691161e-09
8.135937500000000000e+01,4.813471868269813798e-09
8.137500000000000000e+01,5.026651817480330563e-09
8.139062500000000000e+01,5.222519589529968583e-09
8.140625000000000000e+01,5.302303909033586720e-09
8.142187500000000000e+01,5.419786213911953246e-09
8.143750000000000000e+01,5.672264856122895439e-09
8.145312500000000000e+01,5.881238792429821581e-09
8.146875000000000000e+01,5.913282834241235485e-09
8.148437500000000000e+01,5.958821253507349081e-09
8.150000000000000000e+01,6.120916462850085896e-09
8.151562500000000000e+01,6.182898894526599531e-09
8.153125000000000000e+01,6.036887683834931567e-09
8.154687500000000000e+01,5.753384986944195402e-09
8.156250000000000000e+01,5.405792470911275355e-09
8.157812500000000000e+01,5.137444572642173574e-09
8.159375000000000000e+01,5.072623899285642901e-09
8.160937500000000000e+01,5.202430312981913864e-09
8.162500000000000000e+01,5.467377151294774765e-09
8.164062500000000000e+01,5.678432149574035141e-09
8.165625000000000000e+01,5.621508206237365546e-09
8.167187500000000000e+01,5.459756196048327226e-09
8.168750000000000000e+01,5.484955530473413860e-09
8.170312500000000000e+01,5.468835254838380866e-09
8.171875000000000000e+01,5.066044081340463544e-09
8.173437500000000000e+01,4.418484460455448791e-09
8.175000000000000000e+01,3.978240009183913067e-09
8.176562500000000000e+01,3.917160053217863444e-09
8.178125000000000000e+01,4.142690447575110139e-09
8.179687500000000000e+01,4.502472511688387587e-09
8.181250000000000000e+01,4.716865354989435410e-09
8.182812500000000000e+01,4.741384883204674548e-09
8.184375000000000000e+01,4.822233305072019248e-09
8.185937500000000000e+01,5.037710165211838659e-09
8.187500000000000000e+01,5.240343313770354766e-09
8.189062500000000000e+01,5.327500498723098878e-09
8.190625000000000000e+01,5.397044425880293023e-09
8.192187500000000000e+01,5.678195862868932707e-09
8.193750000000000000e+01,6.118003307365644638e-09
8.195312500000000000e+01,6.419533721343864596e-09
8.196875000000000000e+01,6.383621180241044370e-09
8.198437500000000000e+01,6.078090633112666750e-09
8.200000000000000000e+01,5.876563714914891311e-09
8.201562500000000000e+01,5.932382295895478567e-09
8.203125000000000000e+01,5.915685305782129402e-09
8.204687500000000000e+01,5.627034292820930774e-09
8.206250000000000000e+01,5.335383420316441841e-09
8.207812500000000000e+01,5.378511422400835467e-09
8.209375000000000000e+01,5.571778801544208060e-09
8.210937500000000000e+01,5.521600956661953765e-09
8.212500000000000000e+01,5.163505906828587326e-09
8.214062500000000000e+01,4.862112152756687067e-09
8.215625000000000000e+01,5.099149523089279754e-09
8.217187500000000000e+01,5.604757291292746930e-09
8.218750000000000000e+01,5.788935483025147767e-09
8.220312500000000000e+01,5.657470280055466092e-09
8.221875000000000000e+01,5.375667339641805615e-09
8.223437500000000000e+01,4.817651371277765649e-09
8.225000000000000000e+01,4.091246955720773848e-09
8.226562500000000000e+01,3.624363458182646754e-09
8.228125000000000000e+01,3.742773785900784899e-09
8.229687500000000000e+01,4.305771455529069351e-09
8.231250000000000000e+01,4.655018059984827813e-09
8.232812500000000000e+01,4.569920978565357483e-09
8.234375000000000000e+01,4.614713775216878945e-09
8.235937500000000000e+01,5.143401272133907102e-09
8.237500000000000000e+01,5.771142730694208382e-09
8.239062500000000000e+01,6.153887912189022370e-09
8.240625000000000000e+01,6.201398734321691589e-09
8.242187500000000000e+01,5.987899977241904682e-09
8.243750000000000000e+01,5.708090759839944230e-09
8.245312500000000000e+01,5.518066241549251336e-09
8.246875000000000000e+01,5.501239585369583089e-09
8.248437500000000000e+01,5.572267912527750863e-09
8.250000000000000000e+01,5.538505817746191042e-09
8.251562500000000000e+01,5.427319547952180898e-09
8.253125000000000000e+01,5.406262787248195222e-09
8.254687500000000000e+01,5.486995651813087293e-09
8.256250000000000000e+01,5.568685998528387059e-09
8.257812500000000000e+01,5.569673999996524903e-09
8.259375000000000000e+01,5.516794386074449635e-09
8.260937500000000000e+01,5.560630906689713949e-09
8.262500000000000000e+01,5.718572831567355499e-09
8.264062500000000000e+01,5.904005485149174386e-09
8.265625000000000000e+01,6.211716247562980512e-09
8.267187500000000000e+01,6.533936363293155116e-09
8.268750000000000000e+01,6.471658576470588085e-09
8.270312500000000000e+01,6.025694734292199130e-09
8.271875000000000000e+01,5.631958987734887392e-09
8.273437500000000000e+01,5.500215483103999367e-09
8.275000000000000000e+01,5.503126369275315297e-09
8.276562500000000000e+01,5.516153347397394960e-09
8.278125000000000000e+01,5.442258740751086566e-09
8.279687500000000000e+01,5.141331137159375935e-09
8.281250000000000000e+01,4.615532128585500329e-09
8.282812500000000000e+01,4.192511621326394256e-09
8.284375000000000000e+01,4.180557419809360067e-09
8.285937500000000000e+01,4.445464365795958656e-09
8.287500000000000000e+01,4.759185184011186164e-09
8.289062500000000000e+01,5.040639989809700311e-09
8.290625000000000000e+01,5.238886911210585421e-09
8.292187500000000000e+01,5.358807066711687820e-09
8.293750000000000000e+01,5.564473163302999530e-09
8.295312500000000000e+01,5.991032440879341229e-09
8.296875000000000000e+01,6.392387756609015717e-09
8.298437500000000000e+01,6.371752359269053800e-09
8.300000000000000000e+01,5.942028142016429336e-09
8.301562500000000000e+01,5.536333724898666236e-09
8.303125000000000000e+01,5.347805415648372194e-09
8.304687500000000000e+01,5.256652734009450309e-09
8.306250000000000000e+01,5.396365459427221772e-09
8.307812500000000000e+01,5.733232011811630719e-09
8.309375000000000000e+01,5.774590723200463030e-09
8.310937500000000000e+01,5.388790907509055270e-09
8.312500000000000000e+01,4.973119847877160321e-09
8.314062500000000000e+01,4.850307262313989549e-09
8.315625000000000000e+01,4.959584768100795692e-09
8.317187500000000000e+01,5.053504119524032544e-09
8.318750000000000000e+01,5.036299546596389936e-09
8.320312500000000000e+01,5.032562148228315306e-09
8.321875000000000000e+01,5.187261275343508801e-09
8.323437500000000000e+01,5.476244177287453202e-09
8.325000000000000000e+01,5.731226211630932306e-09
8.326562500000000000e+01,5.839695048246497126e-09
8.328125000000000000e+01,5.723384456729692804e-09
8.329687500000000000e+01,5.287173353083474848e-09
8.331250000000000000e+01,4.612133638453259065e-09
8.332812500000000000e+01,4.166327984226964607e-09
8.334375000000000000e+01,4.398704082536568060e-09
8.335937500000000000e+01,4.922471265932865769e-09
8.337500000000000000e+01,5.256900831686802927e-09
8.339062500000000000e+01,5.500320816880800985e-09
8.340625000000000000e+01,5.789842501728678756e-09
8.342187500000000000e+01,5.939661114783184220e-09
8.343750000000000000e+01,5.848139129285509183e-09
8.345312500000000000e+01,5.623822382777744852e-09
8.346875000000000000e+01,5.376491448909100930e-09
8.348437500000000000e+01,5.166852380615383966e-09
8.350000000000000000e+01,4.993362425048367483e-09
8.351562500000000000e+01,4.906832191303891558e-09
8.353125000000000000e+01,4.907418084219710650e-09
8.354687500000000000e+01,4.844496532731749105e-09
8.356250000000000000e+01,4.793018583380136200e-09
8.357812500000000000e+01,4.992507699016555716e-09
8.359375000000000000e+01,5.329815774030175403e-09
8.360937500000000000e+01,5.583490156156803078e-09
8.362500000000000000e+01,5.744070259901653930e-09
8.364062500000000000e+01,5.831231511832076264e-09
8.365625000000000000e+01,5.857035558888645978e-09
8.367187500000000000e+01,5.871172089241867986e-09
8.368750000000000000e+01,5.786679724407273840e-09
8.370312500000000000e+01,5.435675675677610907e-09
8.371875000000000000e+01,5.016134481200752983e-09
8.373437500000000000e+01,5.059917968926613515e-09
8.375000000000000000e+01,5.517599728571076397e-09
8.376562500000000000e+01,5.747065405221079932e-09
8.378125000000000000e+01,5.551907795119122602e-09
8.379687500000000000e+01,5.370576308701674867e-09
8.381250000000000000e+01,5.438780560441962728e-09
8.382812500000000000e+01,5.452836407230595064e-09
8.384375000000000000e+01,5.311401262110081401e-09
8.385937500000000000e+01,5.203206503210749510e-09
8.387500000000000000e+01,5.145182145455923912e-09
8.389062500000000000e+01,5.127725529602519218e-09
8.390625000000000000e+01,5.129907517708998633e-09
8.392187500000000000e+01,4.995343216988525845e-09
8.393750000000000000e+01,4.827566976341289054e-09
8.395312500000000000e+01,4.820272468662153629e-09
8.396875000000000000e+01,4.895157894656029464e-09
8.398437500000000000e+01,5.075454248594974167e-09
8.400000000000000000e+01,5.479214031912528126e-09
8.401562500000000000e+01,5.835573412316993728e-09
8.403125000000000000e+01,5.846243923232328552e-09
8.404687500000000000e+01,5.675619917929046574e-09
8.406250000000000000e+01,5.548407395300808727e-09
8.407812500000000000e+01,5.365438513903865887e-09
8.409375000000000000e+01,5.094002020467233269e-09
8.410937500000000000e+01,4.889089889954280740e-09
8.412500000000000000e+01,4.846772194582976647e-09
8.414062500000000000e+01,4.978971839164725166e-09
8.415625000000000000e+01,5.106199603713045318e-09
8.417187500000000000e+01,5.062197155784854604e-09
8.418750000000000000e+01,5.032415203761487202e-09
8.420312500000000000e+01,5.156288927205801857e-09
8.421875000000000000e+01,5.226700991016496839e-09
8.423437500000000000e+01,5.073359722368110082e-09
8.425000000000000000e+01,4.789914831166860537e-09
8.426562500000000000e+01,4.725269277713697042e-09
8.428125000000000000e+01,4.954629572681062174e-09
8.429687500000000000e+01,5.133776068548334521e-09
8.431250000000000000e+01,5.224002444460584962e-09
8.432812500000000000e+01,5.392329781436592675e-09
8.434375000000000000e+01,5.528559741186956062e-09
8.435937500000000000e+01,5.526824745256215153e-09
8.437500000000000000e+01,5.530735417009031267e-09
8.439062500000000000e+01,5.513232414954939027e-09
8.440625000000000000e+01,5.208536201566490568e-09
8.442187500000000000e+01,4.674358686882477591e-09
8.443750000000000000e+01,4.287941065279625169e-09
8.445312500000000000e+01,4.295706718022679045e-09
8.446875000000000000e+01,4.639543229153230099e-09
8.448437500000000000e+01,5.036276587638371447e-09
8.450000000000000000e+01,5.259283827446781267e-09
8.451562500000000000e+01,5.328270519808604144e-09
8.453125000000000000e+01,5.337073249204767024e-09
8.454687500000000000e+01,5.212960765274311035e-09
8.456250000000000000e+01,5.044150493321299431e-09
8.457812500000000000e+01,5.130242247775691224e-09
8.459375000000000000e+01,5.361936661949118563e-09
8.460937500000000000e+01,5.392725283856674509e-09
8.462500000000000000e+01,5.108910070030282660e-09
8.464062500000000000e+01,4.703852930070519700e-09
8.465625000000000000e+01,4.631582735015754615e-09
8.467187500000000000e+01,4.932403646320362703e-09
8.468750000000000000e+01,5.150213491453870200e-09
8.470312500000000000e+01,5.112127225800562923e-09
8.471875000000000000e+01,4.932589573000429517e-09
8.473437500000000000e+01,4.761859383905051909e-09
8.475000000000000000e+01,4.738861699259725501e-09
8.476562500000000000e+01,4.947797794179955491e-09
8.478125000000000000e+01,5.264140951567845861e-09
8.479687500000000000e+01,5.397260826013466946e-09
8.481250000000000000e+01,5.231615929936298448e-09
8.482812500000000000e+01,4.871644446950301418e-09
8.484375000000000000e+01,4.500144841123488893e-09
8.485937500000000000e+01,4.361566059854274030e-09
8.487500000000000000e+01,4.546531119493339508e-09
8.489062500000000000e+01,4.857038208884051151e-09
8.490625000000000000e+01,5.202992072782462657e-09
8.492187500000000000e+01,5.547786375166352237e-09
8.493750000000000000e+01,5.638634877710819657e-09
8.495312500000000000e+01,5.372570988747625653e-09
8.496875000000000000e+01,4.953414487797226822e-09
8.498437500000000000e+01,4.602752601502846195e-09
8.500000000000000000e+01,4.520066447627070069e-09
8.501562500000000000e+01,4.763995280264502741e-09
8.503125000000000000e+01,5.070170329374041928e-09
8.504687500000000000e+01,5.198427023536720485e-09
8.506250000000000000e+01,5.156654133401220647e-09
8.507812500000000000e+01,5.139853317737029982e-09
8.509375000000000000e+01,5.310084968618171152e-09
8.510937500000000000e+01,5.564193799113018329e-09
8.512500000000000000e+01,5.692302190926411178e-09
8.514062500000000000e+01,5.645370158321366614e-09
8.515625000000000000e+01,5.453995241837316906e-09
8.517187500000000000e+01,5.177992012534174392e-09
8.518750000000000000e+01,5.061965684322999978e-09
8.520312500000000000e+01,5.228787657234122284e-09
8.521875000000000000e+01,5.404974685408071237e-09
8.523437500000000000e+01,5.407298129233964862e-09
8.525000000000000000e+01,5.302404125180667292e-09
8.526562500000000000e+01,5.154175007575139454e-09
8.528125000000000000e+01,4.994113119325169591e-09
8.529687500000000000e+01,4.832254685137812654e-09
8.531250000000000000e+01,4.655804234905027606e-09
8.532812500000000000e+01,4.526675290012544849e-09
8.534375000000000000e+01,4.517852161142465644e-09
8.535937500000000000e+01,4.569610746784924872e-09
8.537500000000000000e+01,4.563594450517012003e-09
8.539062500000000000e+01,4.646689494200169838e-09
8.540625000000000000e+01,5.066801091755070066e-09
8.542187500000000000e+01,5.504822718562141451e-09
8.543750000000000000e+01,5.559861847881639710e-09
8.545312500000000000e+01,5.435750669546723488e-09
8.546875000000000000e+01,5.451312458671406969e-09
8.548437500000000000e+01,5.431909318837039461e-09
8.550000000000000000e+01,5.172321911221317916e-09
8.551562500000000000e+01,4.758307051838962887e-09
8.553125000000000000e+01,4.391686971229893189e-09
8.554687500000000000e+01,4.337119599763998224e-09
8.556250000000000000e+01,4.625586672912104031e-09
8.557812500000000000e+01,4.981815927508197745e-09
8.559375000000000000e+01,5.266315668432340551e-09
8.560937500000000000e+01,5.473431861890121558e-09
8.562500000000000000e+01,5.511441266403774608e-09
8.564062500000000000e+01,5.291204225274082358e-09
8.565625000000000000e+01,4.948882090525414351e-09
8.567187500000000000e+01,4.783577043046490671e-09
8.568750000000000000e+01,4.905057427074684391e-09
8.570312500000000000e+01,5.100862094997601619e-09
8.571875000000000000e+01,5.187369855688152977e-09
8.573437500000000000e+01,5.270151525240199306e-09
8.575000000000000000e+01,5.376006957410388702e-09
8.576562500000000000e+01,5.303028295806111074e-09
8.578125000000000000e+01,5.106323352459318012e-09
8.579687500000000000e+01,5.027012760139964631e-09
8.581250000000000000e+01,5.056707292269657589e-09
8.582812500000000000e+01,5.096660579035742072e-09
8.584375000000000000e+01,5.183911253223099460e-09
8.585937500000000000e+01,5.336056969241793246e-09
8.587500000000000000e+01,5.493653467022104607e-09
8.589062500000000000e+01,5.618529396040386754e-09
8.590625000000000000e+01,5.640704394008712551e-09
8.592187500000000000e+01,5.507476866610278789e-09
8.593750000000000000e+01,5.319839394192578249e-09
8.595312500000000000e+01,5.206634007026861949e-09
8.596875000000000000e+01,5.182812074450434491e-09
8.598437500000000000e+01,5.210033629645373080e-09
8.600000000000000000e+01,5.223147208893742174e-09
8.601562500000000000e+01,5.211893127965251463e-09
8.603125000000000000e+01,5.209379199073721298e-09
8.604687500000000000e+01,5.144511238911641859e-09
8.606250000000000000e+01,4.975516583433842063e-09
8.607812500000000000e+01,4.880406335780674465e-09
8.609375000000000000e+01,4.944285147682719894e-09
8.610937500000000000e+01,4.984919509184884930e-09
8.612500000000000000e+01,4.901468364220659882e-09
8.614062500000000000e+01,4.768801695466419143e-09
8.615625000000000000e+01,4.736727332990509311e-09
8.617187500000000000e+01,4.853283906245060615e-09
8.618750000000000000e+01,4.888383577958341905e-09
8.620312500000000000e+01,4.704414559140966251e-09
8.621875000000000000e+01,4.537896069780787504e-09
8.623437500000000000e+01,4.601045986895027926e-09
8.625000000000000000e+01,4.803950663419074325e-09
8.626562500000000000e+01,5.068269738895801971e-09
8.628125000000000000e+01,5.361860180164701489e-09
8.629687500000000000e+01,5.430320994368046737e-09
8.631250000000000000e+01,5.133352173437163550e-09
8.632812500000000000e+01,4.751225444175035215e-09
8.634375000000000000e+01,4.607108741343610560e-09
8.635937500000000000e+01,4.793800022879688078e-09
8.637500000000000000e+01,5.253867142844306292e-09
8.639062500000000000e+01,5.697926521423170237e-09
8.640625000000000000e+01,5.876940416164384990e-09
8.642187500000000000e+01,5.864597647473068972e-09
8.643750000000000000e+01,5.739175019141263451e-09
8.645312500000000000e+01,5.497486165987015465e-09
8.646875000000000000e+01,5.266774261524689864e-09
8.648437500000000000e+01,5.186885870630040385e-09
8.650000000000000000e+01,5.283683869982893254e-09
8.651562500000000000e+01,5.507021686260335222e-09
8.653125000000000000e+01,5.686792307997273021e-09
8.654687500000000000e+01,5.611512733797477577e-09
8.656250000000000000e+01,5.317772145248445633e-09
8.657812500000000000e+01,5.149660846374067063e-09
8.659375000000000000e+01,5.271816702278487487e-09
8.660937500000000000e+01,5.341854171371656824e-09
8.662500000000000000e+01,5.131571178973090194e-09
8.664062500000000000e+01,4.848616013770076608e-09
8.665625000000000000e+01,4.641219047125278882e-09
8.667187500000000000e+01,4.486790904833444052e-09
8.668750000000000000e+01,4.510674710635777004e-09
8.670312500000000000e+01,4.726224023284896713e-09
8.671875000000000000e+01,5.008681321600359776e-09
8.673437500000000000e+01,5.423735264716047123e-09
8.675000000000000000e+01,5.869919393366385111e-09
8.676562500000000000e+01,5.986776066812686517e-09
8.678125000000000000e+01,5.632868530284501819e-09
8.679687500000000000e+01,4.987161286648911561e-09
8.681250000000000000e+01,4.496240504340462274e-09
8.682812500000000000e+01,4.495570759436745105e-09
8.684375000000000000e+01,4.671696045403097074e-09
8.685937500000000000e+01,4.778779636348186568e-09
8.687500000000000000e+01,4.941367652316865009e-09
8.689062500000000000e+01,5.070122066314846452e-09
8.690625000000000000e+01,5.034809629630055996e-09
8.692187500000000000e+01,5.053224564961884362e-09
8.693750000000000000e+01,5.298155330690094362e-09
8.695312500000000000e+01,5.538299939315802866e-09
8.696875000000000000e+01,5.569960020159073193e-09
8.698437500000000000e+01,5.467947813479702635e-09
8.700000000000000000e+01,5.255938160181307259e-09
8.701562500000000000e+01,4.940810725403161053e-09
8.703125000000000000e+01,4.753703124809396904e-09
8.704687500000000000e+01,4.853653367264498002e-09
8.706250000000000000e+01,5.036952977182646100e-09
8.707812500000000000e+01,5.115708797153461344e-09
8.709375000000000000e+01,5.210227246872559620e-09
8.710937500000000000e+01,5.425669950466091382e-09
8.712500000000000000e+01,5.569406440019269963e-09
8.714062500000000000e+01,5.400222694414814696e-09
8.715625000000000000e+01,5.068400740345210574e-09
8.717187500000000000e+01,4.979637700920945745e-09
8.718750000000000000e+01,5.095264547506549495e-09
8.720312500000000000e+01,5.050840143517948384e-09
8.721875000000000000e+01,4.828482948049975025e-09
8.723437500000000000e+01,4.761317875190051776e-09
8.725000000000000000e+01,4.987991293240420096e-09
8.726562500000000000e+01,5.222148643339542316e-09
8.728125000000000000e+01,5.157259277198102415e-09
8.729687500000000000e+01,4.870740455741248267e-09
8.731250000000000000e+01,4.830527218121342847e-09
8.732812500000000000e+01,5.193141886602360246e-09
8.734375000000000000e+01,5.527129420109909164e-09
8.735937500000000000e+01,5.595263931266886565e-09
8.737500000000000000e+01,5.549675891147265908e-09
8.739062500000000000e+01,5.480088011293991586e-09
8.740625000000000000e+01,5.384976061190158606e-09
8.742187500000000000e+01,5.444978887466018393e-09
8.743750000000000000e+01,5.706003919329307930e-09
8.745312500000000000e+01,5.931116417184228250e-09
8.746875000000000000e+01,5.973496943232993772e-09
8.748437500000000000e+01,5.792623907357363131e-09
8.750000000000000000e+01,5.417288703026158394e-09
8.751562500000000000e+01,4.919016950698923464e-09
8.753125000000000000e+01,4.531867209860453975e-09
8.754687500000000000e+01,4.661102980027552974e-09
8.756250000000000000e+01,5.171734825026538616e-09
8.757812500000000000e+01,5.542172359238231454e-09
8.759375000000000000e+01,5.601750608751515668e-09
8.760937500000000000e+01,5.478356600989521263e-09
8.762500000000000000e+01,5.288023690865662919e-09
8.764062500000000000e+01,5.129597277079851050e-09
8.765625000000000000e+01,5.080962136891733830e-09
8.767187500000000000e+01,5.077457332179038018e-09
8.768750000000000000e+01,5.043818037030378191e-09
8.770312500000000000e+01,5.026437100838565276e-09
8.771875000000000000e+01,5.117537316818661859e-09
8.773437500000000000e+01,5.365967557785878331e-09
8.775000000000000000e+01,5.714296270547311224e-09
8.776562500000000000e+01,5.869549045148830521e-09
8.778125000000000000e+01,5.543128715141445228e-09
8.779687500000000000e+01,4.846772946752009061e-09
8.781250000000000000e+01,4.256644386336622838e-09
8.782812500000000000e+01,4.182356044222484222e-09
8.784375000000000000e+01,4.487330802831559487e-09
8.785937500000000000e+01,4.784033589096476550e-09
8.787500000000000000e+01,5.062031224171405447e-09
8.789062500000000000e+01,5.477839958877734703e-09
8.790625000000000000e+01,5.786330597524236845e-09
8.792187500000000000e+01,5.633984936821051125e-09
8.793750000000000000e+01,4.986505327279574253e-09
8.795312500000000000e+01,4.280164428578307227e-09
8.796875000000000000e+01,4.230446588622841800e-09
8.798437500000000000e+01,4.722340225983674623e-09
8.800000000000000000e+01,5.148637600987364735e-09
8.801562500000000000e+01,5.462363010387253820e-09
8.803125000000000000e+01,5.816708217830754617e-09
8.804687500000000000e+01,6.143791839893676960e-09
8.806250000000000000e+01,6.282809558768866815e-09
8.807812500000000000e+01,6.181446145152796887e-09
8.809375000000000000e+01,5.922325507198882119e-09
8.810937500000000000e+01,5.581000521840937087e-09
8.812500000000000000e+01,5.254698467812125549e-09
8.814062500000000000e+01,5.203956073798869518e-09
8.815625000000000000e+01,5.459487820971069447e-09
8.817187500000000000e+01,5.671275317432019981e-09
8.818750000000000000e+01,5.616219519664788987e-09
8.820312500000000000e+01,5.385987444788903943e-09
8.821875000000000000e+01,5.239893607794159880e-09
8.823437500000000000e+01,5.343280161626866639e-09
8.825000000000000000e+01,5.515824893992000263e-09
8.826562500000000000e+01,5.407436132791916981e-09
8.828125000000000000e+01,5.029775076436115470e-09
8.829687500000000000e+01,4.942539546402586177e-09
8.831250000000000000e+01,5.357863348940027785e-09
8.832812500000000000e+01,5.627085772499839310e-09
8.834375000000000000e+01,5.466258640131301525e-09
8.835937500000000000e+01,5.303505892070359985e-09
8.837500000000000000e+01,5.360428420438278607e-09
8.839062500000000000e+01,5.403666570709071667e-09
8.840625000000000000e+01,5.378297225818413607e-09
8.842187500000000000e+01,5.533776618432843185e-09
8.843750000000000000e+01,5.932453828434714570e-09
8.845312500000000000e+01,6.147880127456844820e-09
8.846875000000000000e+01,5.844764140547363428e-09
8.848437500000000000e+01,5.191923887403232064e-09
8.850000000000000000e+01,4.626421907113447232e-09
8.851562500000000000e+01,4.422650661580170846e-09
8.853125000000000000e+01,4.545360896734722301e-09
8.854687500000000000e+01,4.722611125172859280e-09
8.856250000000000000e+01,4.775665122367270648e-09
8.857812500000000000e+01,4.944801022244687479e-09
8.859375000000000000e+01,5.344815957066959771e-09
8.860937500000000000e+01,5.632372549127486629e-09
8.862500000000000000e+01,5.570992111668614893e-09
8.864062500000000000e+01,5.276043323893255229e-09
8.865625000000000000e+01,4.968886198478398596e-09
8.867187500000000000e+01,4.700582340965910792e-09
8.868750000000000000e+01,4.482897503310733251e-09
8.870312500000000000e+01,4.504676859010962342e-09
8.871875000000000000e+01,4.864956672353940102e-09
8.873437500000000000e+01,5.294159691291544000e-09
8.875000000000000000e+01,5.507561723222277283e-09
8.876562500000000000e+01,5.414797762542541347e-09
8.878125000000000000e+01,5.005544517997883296e-09
8.879687500000000000e+01,4.523153085463823775e-09
8.881250000000000000e+01,4.406079798429621272e-09
8.882812500000000000e+01,4.658641005467725331e-09
8.884375000000000000e+01,4.993019127904574742e-09
8.885937500000000000e+01,5.341784339329380722e-09
8.887500000000000000e+01,5.677061443546037303e-09
8.889062500000000000e+01,5.841017394582147062e-09
8.890625000000000000e+01,5.613521678599965283e-09
8.892187500000000000e+01,4.985619968281602656e-09
8.893750000000000000e+01,4.444666662184280140e-09
8.895312500000000000e+01,4.548385862872407021e-09
8.896875000000000000e+01,5.055856119362309133e-09
8.898437500000000000e+01,5.414521070334977587e-09
8.900000000000000000e+01,5.529674239504883042e-09
8.901562500000000000e+01,5.628078176718746177e-09
8.903125000000000000e+01,5.780118537575920126e-09
8.904687500000000000e+01,5.880764470573861229e-09
8.906250000000000000e+01,5.859075650034899427e-09
8.907812500000000000e+01,5.702501955663628629e-09
8.909375000000000000e+01,5.497141077599990208e-09
8.910937500000000000e+01,5.278640267142971565e-09
8.912500000000000000e+01,4.994733313623708938e-09
8.914062500000000000e+01,4.819661232217453033e-09
8.915625000000000000e+01,4.942746834560053839e-09
8.917187500000000000e+01,5.131999433139025732e-09
8.918750000000000000e+01,5.119756224198436494e-09
8.920312500000000000e+01,5.033389385833797000e-09
8.921875000000000000e+01,5.063198907005534998e-09
8.923437500000000000e+01,5.159812128847984286e-09
8.925000000000000000e+01,5.320036934888946308e-09
8.926562500000000000e+01,5.581353349730824466e-09
8.928125000000000000e+01,5.815886855382817547e-09
8.929687500000000000e+01,5.813586146280226268e-09
8.931250000000000000e+01,5.541973534680136880e-09
8.932812500000000000e+01,5.298532508556160911e-09
8.934375000000000000e+01,5.295325889539306149e-09
8.935937500000000000e+01,5.306931152700204913e-09
8.937500000000000000e+01,5.189858901323826641e-09
8.939062500000000000e+01,5.156279108813329453e-09
8.940625000000000000e+01,5.368868362878323032e-09
8.942187500000000000e+01,5.686487534597903943e-09
8.943750000000000000e+01,5.899234351002411224e-09
8.945312500000000000e+01,5.961431018831916082e-09
8.946875000000000000e+01,5.903121611833314014e-09
8.948437500000000000e+01,5.752159067603469903e-09
8.950000000000000000e+01,5.605668460394456693e-09
8.951562500000000000e+01,5.511017743335236612e-09
8.953125000000000000e+01,5.458856676153118396e-09
8.954687500000000000e+01,5.443966185175454141e-09
8.956250000000000000e+01,5.332833057455796813e-09
8.957812500000000000e+01,5.097108630649701038e-09
8.959375000000000000e+01,4.935165745262884613e-09
8.960937500000000000e+01,4.941852823275259272e-09
8.962500000000000000e+01,5.163155104161192739e-09
8.964062500000000000e+01,5.579601596631525888e-09
8.965625000000000000e+01,5.867063318668621068e-09
8.967187500000000000e+01,5.782467289007430738e-09
8.968750000000000000e+01,5.470544800932855719e-09
8.970312500000000000e+01,5.292334155485957924e-09
8.971875000000000000e+01,5.443062665272354388e-09
8.973437500000000000e+01,5.673644686210241696e-09
8.975000000000000000e+01,5.644653961925843354e-09
8.976562500000000000e+01,5.435588443247314549e-09
8.978125000000000000e+01,5.258726515864543101e-09
8.979687500000000000e+01,5.044335744484223051e-09
8.981250000000000000e+01,4.797722224782665469e-09
8.982812500000000000e+01,4.670779685479783385e-09
8.984375000000000000e+01,4.679161106279746906e-09
8.985937500000000000e+01,4.718911159141262024e-09
8.987500000000000000e+01,4.670822190175747592e-09
8.989062500000000000e+01,4.594965554039067234e-09
8.990625000000000000e+01,4.618812611545519499e-09
8.992187500000000000e+01,4.691781633898180585e-09
8.993750000000000000e+01,4.711140325238541133e-09
8.995312500000000000e+01,4.612904821899639746e-09
8.996875000000000000e+01,4.544642572519993542e-09
8.998437500000000000e+01,4.777208698980778539e-09
9.000000000000000000e+01,5.165291280365390462e-09
9.001562500000000000e+01,5.419008881076394683e-09
9.003125000000000000e+01,5.533616132578464753e-09
9.004687500000000000e+01,5.496168652646586744e-09
9.006250000000000000e+01,5.325452414302538424e-09
9.007812500000000000e+01,5.273698193345585443e-09
9.009375000000000000e+01,5.358522890364198184e-09
9.010937500000000000e+01,5.391552622149135737e-09
9.012500000000000000e+01,5.369887170113717854e-09
9.014062500000000000e+01,5.333437741928186549e-09
9.015625000000000000e+01,5.312962227067640625e-09
9.017187500000000000e+01,5.258144579553594542e-09
9.018750000000000000e+01,5.118858247147685726e-09
9.020312500000000000e+01,5.212898516286899227e-09
9.021875000000000000e+01,5.646820332882287858e-09
9.023437500000000000e+01,5.948506095761038261e-09
9.025000000000000000e+01,5.908413756683399553e-09
9.026562500000000000e+01,5.723397705628680755e-09
9.028125000000000000e+01,5.552967499301889067e-09
9.029687500000000000e+01,5.383370507966368801e-09
9.031250000000000000e+01,5.163378497349315802e-09
9.032812500000000000e+01,4.982634475154324158e-09
9.034375000000000000e+01,5.023568745497735199e-09
9.035937500000000000e+01,5.262136012883209574e-09
9.037500000000000000e+01,5.573862869218173481e-09
9.039062500000000000e+01,5.876945779852318354e-09
9.040625000000000000e+01,5.983394843149059227e-09
9.042187500000000000e+01,5.793193779716182973e-09
9.043750000000000000e+01,5.497680420275180028e-09
9.045312500000000000e+01,5.359191822189886039e-09
9.046875000000000000e+01,5.398579282932155385e-09
9.048437500000000000e+01,5.371461832068364359e-09
9.050000000000000000e+01,5.111178186084781410e-09
9.051562500000000000e+01,4.730585244045043673e-09
9.053125000000000000e+01,4.435453118750678374e-09
9.054687500000000000e+01,4.372126739986330253e-09
9.056250000000000000e+01,4.530101527086454291e-09
9.057812500000000000e+01,4.786555490425819377e-09
9.059375000000000000e+01,5.099497429187240399e-09
9.060937500000000000e+01,5.523744503669474921e-09
9.062500000000000000e+01,5.924171431024736351e-09
9.064062500000000000e+01,6.002497422163273331e-09
9.065625000000000000e+01,5.765126287965888987e-09
9.067187500000000000e+01,5.497477252546024988e-09
9.068750000000000000e+01,5.369301310325454110e-09
9.070312500000000000e+01,5.383097039249909104e-09
9.071875000000000000e+01,5.462635734718636782e-09
9.073437500000000000e+01,5.439569701424593996e-09
9.075000000000000000e+01,5.260932189501936339e-09
9.076562500000000000e+01,5.165613973578858561e-09
9.078125000000000000e+01,5.278903185534738829e-09
9.079687500000000000e+01,5.376832588701420416e-09
9.081250000000000000e+01,5.428177896151210002e-09
9.082812500000000000e+01,5.648759835977320130e-09
9.084375000000000000e+01,5.877743955402378650e-09
9.085937500000000000e+01,5.794891037037955680e-09
9.087500000000000000e+01,5.490827718344211400e-09
9.089062500000000000e+01,5.330118501662945015e-09
9.090625000000000000e+01,5.432839841958119460e-09
9.092187500000000000e+01,5.373956093496155864e-09
9.093750000000000000e+01,4.829424965217776956e-09
9.095312500000000000e+01,4.321087390240378036e-09
9.096875000000000000e+01,4.481875539081809896e-09
9.098437500000000000e+01,4.929853501299626235e-09
9.100000000000000000e+01,5.258603826297209449e-09
9.101562500000000000e+01,5.430634026603982134e-09
9.103125000000000000e+01,5.383972889675139932e-09
9.104687500000000000e+01,5.128915826313051635e-09
9.106250000000000000e+01,4.803308388378913867e-09
9.107812500000000000e+01,4.553166705156307780e-09
9.109375000000000000e+01,4.459065418074119486e-09
9.110937500000000000e+01,4.442286908532880679e-09
9.112500000000000000e+01,4.500295031913944406e-09
9.114062500000000000e+01,4.728697474804531885e-09
9.115625000000000000e+01,4.999698505505630560e-09
9.117187500000000000e+01,5.366238446013400341e-09
9.118750000000000000e+01,6.070475453767428952e-09
9.120312500000000000e+01,6.768040073718483562e-09
9.121875000000000000e+01,6.910861605052775232e-09
9.123437500000000000e+01,6.527662868443184402e-09
9.125000000000000000e+01,6.070319653349908677e-09
9.126562500000000000e+01,5.771383214920083941e-09
9.128125000000000000e+01,5.527289652496385738e-09
9.129687500000000000e+01,5.220385576955238906e-09
9.131250000000000000e+01,4.771635896612508668e-09
9.132812500000000000e+01,4.313108580971193264e-09
9.134375000000000000e+01,4.294620599664173344e-09
9.135937500000000000e+01,4.712043830433888177e-09
9.137500000000000000e+01,5.066291332395995043e-09
9.139062500000000000e+01,5.145309703107696258e-09
9.140625000000000000e+01,5.045610259800815562e-09
9.142187500000000000e+01,4.883000863868758360e-09
9.143750000000000000e+01,4.750387241177642853e-09
9.145312500000000000e+01,4.624888387077907770e-09
9.146875000000000000e+01,4.455274730393343654e-09
9.148437500000000000e+01,4.512504482084609274e-09
9.150000000000000000e+01,4.925287534685875203e-09
9.151562500000000000e+01,5.276179616667077797e-09
9.153125000000000000e+01,5.275558351860329425e-09
9.154687500000000000e+01,5.048844057906888945e-09
9.156250000000000000e+01,4.813511119439120551e-09
9.157812500000000000e+01,4.693804699716539590e-09
9.159375000000000000e+01,4.801072842559130223e-09
9.160937500000000000e+01,5.063596186032367347e-09
9.162500000000000000e+01,5.195639206874141185e-09
9.164062500000000000e+01,5.101494136384554187e-09
9.165625000000000000e+01,4.983968614609097437e-09
9.167187500000000000e+01,4.987743587485590193e-09
9.168750000000000000e+01,4.993970638360648618e-09
9.170312500000000000e+01,4.916309600122658715e-09
9.171875000000000000e+01,4.947116256560794007e-09
9.173437500000000000e+01,5.320844364549742336e-09
9.175000000000000000e+01,5.878765744482582733e-09
9.176562500000000000e+01,6.302993239573737210e-09
9.178125000000000000e+01,6.505021377580511480e-09
9.179687500000000000e+01,6.567799615778474612e-09
9.181250000000000000e+01,6.607568977209487767e-09
9.182812500000000000e+01,6.645463613892108614e-09
9.184375000000000000e+01,6.530069258676209910e-09
9.185937500000000000e+01,6.248424714734511659e-09
9.187500000000000000e+01,6.096202090212131817e-09
9.189062500000000000e+01,6.181429714943425289e-09
9.190625000000000000e+01,6.254386034892980372e-09
9.192187500000000000e+01,6.130500810982932896e-09
9.193750000000000000e+01,5.811460170459022210e-09
9.195312500000000000e+01,5.417097936026150473e-09
9.196875000000000000e+01,5.166388037667221982e-09
9.198437500000000000e+01,5.191275146841096493e-09
9.200000000000000000e+01,5.424544835046552583e-09
9.201562500000000000e+01,5.695168602320080999e-09
9.203125000000000000e+01,5.746701783195410789e-09
9.204687500000000000e+01,5.412972681395749947e-09
9.206250000000000000e+01,4.929426939600197577e-09
9.207812500000000000e+01,4.787936960863140650e-09
9.209375000000000000e+01,5.035190842428123216e-09
9.210937500000000000e+01,5.323823479767823346e-09
9.212500000000000000e+01,5.475873352720582007e-09
9.214062500000000000e+01,5.523205732351565914e-09
9.215625000000000000e+01,5.537110981000931082e-09
9.217187500000000000e+01,5.621763799360751311e-09
9.218750000000000000e+01,5.815341802873680926e-09
9.220312500000000000e+01,5.927651299390032776e-09
9.221875000000000000e+01,5.915499614706919709e-09
9.223437500000000000e+01,5.960635613612117297e-09
9.225000000000000000e+01,5.994920384222437582e-09
9.226562500000000000e+01,5.905814441009983214e-09
9.228125000000000000e+01,5.864788788765152270e-09
9.229687500000000000e+01,5.924320043688054495e-09
9.231250000000000000e+01,5.936784088517893003e-09
9.232812500000000000e+01,5.910505849306641922e-09
9.234375000000000000e+01,5.871413472275534206e-09
9.235937500000000000e+01,5.715110658864408166e-09
9.237500000000000000e+01,5.474248529186373630e-09
9.239062500000000000e+01,5.356907973683316688e-09
9.240625000000000000e+01,5.370367226209086882e-09
9.242187500000000000e+01,5.212881591370808410e-09
9.243750000000000000e+01,4.748519506795817200e-09
9.245312500000000000e+01,4.261635657701467614e-09
9.246875000000000000e+01,3.974872093026016054e-09
9.248437500000000000e+01,3.918620077264427071e-09
9.250000000000000000e+01,4.211728348240112226e-09
9.251562500000000000e+01,4.618613756053539327e-09
9.253125000000000000e+01,4.805303732809394265e-09
9.254687500000000000e+01,4.784269201318553830e-09
9.256250000000000000e+01,4.707937689553477179e-09
9.257812500000000000e+01,4.757171221585485700e-09
9.259375000000000000e+01,4.906335515043440438e-09
9.260937500000000000e+01,4.993710600933243675e-09
9.262500000000000000e+01,5.157259611858905779e-09
9.264062500000000000e+01,5.413621890563632710e-09
9.265625000000000000e+01,5.467186971726545104e-09
9.267187500000000000e+01,5.329632323430382856e-09
9.268750000000000000e+01,5.287060544994089783e-09
9.270312500000000000e+01,5.412807591259779801e-09
9.271875000000000000e+01,5.522855272669826255e-09
9.273437500000000000e+01,5.421293209096876794e-09
9.275000000000000000e+01,5.141139877424759873e-09
9.276562500000000000e+01,4.928083116011211885e-09
9.278125000000000000e+01,4.980041732648022020e-09
9.279687500000000000e+01,5.301968126576464247e-09
9.281250000000000000e+01,5.578435419980249294e-09
9.282812500000000000e+01,5.480998532854753593e-09
9.284375000000000000e+01,5.170175308189383138e-09
9.285937500000000000e+01,5.088804493641398765e-09
9.287500000000000000e+01,5.313454597307365297e-09
9.289062500000000000e+01,5.507903209889493638e-09
9.290625000000000000e+01,5.420470178460762023e-09
9.292187500000000000e+01,5.136996796126241803e-09
9.293750000000000000e+01,4.930342636486938637e-09
9.295312500000000000e+01,4.940144839961571583e-09
9.296875000000000000e+01,5.030737798182053533e-09
9.298437500000000000e+01,5.032213195441616221e-09
9.300000000000000000e+01,4.926179124638092116e-09
9.301562500000000000e+01,4.779526077662480490e-09
9.303125000000000000e+01,4.720460735653010413e-09
9.304687500000000000e+01,4.831510088352495466e-09
9.306250000000000000e+01,4.967742553110989926e-09
9.307812500000000000e+01,4.944617856157881105e-09
9.309375000000000000e+01,4.815627067070968157e-09
9.310937500000000000e+01,4.787544513777605462e-09
9.312500000000000000e+01,4.905010164589085222e-09
9.314062500000000000e+01,5.112400306744914196e-09
9.315625000000000000e+01,5.270992341611189733e-09
9.317187500000000000e+01,5.135619778264483616e-09
9.318750000000000000e+01,4.845512317305458064e-09
9.320312500000000000e+01,4.886813113162723419e-09
9.321875000000000000e+01,5.305777186030844914e-09
9.323437500000000000e+01,5.660310600399916653e-09
9.325000000000000000e+01,5.753062917408698082e-09
9.326562500000000000e+01,5.750724315370141880e-09
9.328125000000000000e+01,5.718514233019359740e-09
9.329687500000000000e+01,5.610794086272963669e-09
9.331250000000000000e+01,5.486607329087052996e-09
9.332812500000000000e+01,5.370124941008993819e-09
9.334375000000000000e+01,5.177110864387732646e-09
9.335937500000000000e+01,4.898326473534109078e-09
9.337500000000000000e+01,4.721429339539073722e-09
9.339062500000000000e+01,4.769485328460135376e-09
9.340625000000000000e+01,4.889413449771960612e-09
9.342187500000000000e+01,4.905980235309038773e-09
9.343750000000000000e+01,4.800979713084355758e-09
9.345312500000000000e+01,4.672475111476508616e-09
9.346875000000000000e+01,4.585978071655038482e-09
9.348437500000000000e+01,4.504779339360178883e-09
9.350000000000000000e+01,4.493281314029480757e-09
9.351562500000000000e+01,4.618425722519208443e-09
9.353125000000000000e+01,4.697277254710528568e-09
9.354687500000000000e+01,4.708675437786322687e-09
9.356250000000000000e+01,4.949973879251013531e-09
9.357812500000000000e+01,5.357638089657999374e-09
9.359375000000000000e+01,5.534950503481105601e-09
9.360937500000000000e+01,5.349290010901478890e-09
9.362500000000000000e+01,4.935601909495981301e-09
9.364062500000000000e+01,4.502813591674162431e-09
9.365625000000000000e+01,4.380175315775273769e-09
9.367187500000000000e+01,4.708431892735968932e-09
9.368750000000000000e+01,5.131375711122871454e-09
9.370312500000000000e+01,5.320355094154729554e-09
9.371875000000000000e+01,5.270473107219057139e-09
9.373437500000000000e+01,5.219328544536359517e-09
9.375000000000000000e+01,5.363119176612284336e-09
9.376562500000000000e+01,5.500022825660632623e-09
9.378125000000000000e+01,5.328274286472609593e-09
9.379687500000000000e+01,5.075720182732271758e-09
9.381250000000000000e+01,5.256345075731114784e-09
9.382812500000000000e+01,5.667282418091361720e-09
9.384375000000000000e+01,5.742035289946867773e-09
9.385937500000000000e+01,5.431121316402904443e-09
9.387500000000000000e+01,5.101126071642661387e-09
9.389062500000000000e+01,5.024807443985322600e-09
9.390625000000000000e+01,5.204985975512484084e-09
9.392187500000000000e+01,5.515017511361281745e-09
9.393750000000000000e+01,5.730138023016901086e-09
9.395312500000000000e+01,5.616122907103391935e-09
9.396875000000000000e+01,5.189956484075568684e-09
9.398437500000000000e+01,4.843977304469957083e-09
9.400000000000000000e+01,4.954790449080906126e-09
9.401562500000000000e+01,5.283648810489137458e-09
9.403125000000000000e+01,5.348381935028283506e-09
9.404687500000000000e+01,5.132463301320098878e-09
9.406250000000000000e+01,5.036707292758216585e-09
9.407812500000000000e+01,5.175028120561704818e-09
9.409375000000000000e+01,5.278889130123512343e-09
9.410937500000000000e+01,5.266253441874326446e-09
9.412500000000000000e+01,5.186350209670638072e-09
9.414062500000000000e+01,5.080416949836446932e-09
9.415625000000000000e+01,5.091289058447242252e-09
9.417187500000000000e+01,5.252335979002987173e-09
9.418750000000000000e+01,5.418354023007336018e-09
9.420312500000000000e+01,5.540799676192591820e-09
9.421875000000000000e+01,5.610008145526063352e-09
9.423437500000000000e+01,5.563677059658186323e-09
9.425000000000000000e+01,5.411075279052467046e-09
9.426562500000000000e+01,5.179738181156395500e-09
9.428125000000000000e+01,4.952545109189337520e-09
9.429687500000000000e+01,4.994756553441599465e-09
9.431250000000000000e+01,5.340293332998194421e-09
9.432812500000000000e+01,5.592928528885796717e-09
9.434375000000000000e+01,5.496857269165903349e-09
9.435937500000000000e+01,5.327616956966825428e-09
9.437500000000000000e+01,5.490706617662573491e-09
9.439062500000000000e+01,5.798765719874621531e-09
9.440625000000000000e+01,5.870535706117038008e-09
9.442187500000000000e+01,5.694666254053751813e-09
9.443750000000000000e+01,5.465617107058818857e-09
9.445312500000000000e+01,5.417872777343123587e-09
9.446875000000000000e+01,5.607236941035502515e-09
9.448437500000000000e+01,5.778011742555326640e-09
9.450000000000000000e+01,5.725408957252954176e-09
9.451562500000000000e+01,5.555428675941878827e-09
9.453125000000000000e+01,5.468070517596286303e-09
9.454687500000000000e+01,5.391323499087847083e-09
9.456250000000000000e+01,5.224154912793463945e-09
9.457812500000000000e+01,5.131987757805200453e-09
9.459375000000000000e+01,5.195966598551841614e-09
9.460937500000000000e+01,5.292697556199946350e-09
9.462500000000000000e+01,5.317739433442630611e-09
9.464062500000000000e+01,5.135478200410866791e-09
9.465625000000000000e+01,4.731548541853490867e-09
9.467187500000000000e+01,4.339301029475632358e-09
9.468750000000000000e+01,4.236517087728966767e-09
9.470312500000000000e+01,4.552532380090471689e-09
9.471875000000000000e+01,5.016150277215381976e-09
9.473437500000000000e+01,5.275658692055108844e-09
9.475000000000000000e+01,5.347127690312514800e-09
9.476562500000000000e+01,5.369205879905707780e-09
9.478125000000000000e+01,5.328922507033983495e-09
9.479687500000000000e+01,5.260021997889085551e-09
9.481250000000000000e+01,5.326786882694750665e-09
9.482812500000000000e+01,5.446693178905825376e-09
9.484375000000000000e+01,5.281980664920875168e-09
9.485937500000000000e+01,4.764631201042927397e-09
9.487500000000000000e+01,4.304178013523819545e-09
9.489062500000000000e+01,4.303675456926611893e-09
9.490625000000000000e+01,4.544863397044804418e-09
9.492187500000000000e+01,4.709971596421934839e-09
9.493750000000000000e+01,4.821472050552284228e-09
9.495312500000000000e+01,4.966307395380509765e-09
9.496875000000000000e+01,5.163985388143902254e-09
9.498437500000000000e+01,5.319274511426820389e-09
9.500000000000000000e+01,5.236608621685832789e-09
9.501562500000000000e+01,4.984044202194080219e-09
9.503125000000000000e+01,4.982794259708754948e-09
9.504687500000000000e+01,5.393853951749963409e-09
9.506250000000000000e+01,5.950434624860975260e-09
9.507812500000000000e+01,6.304909451540049958e-09
9.509375000000000000e+01,6.218493034920735495e-09
9.510937500000000000e+01,5.841149779693428759e-09
9.512500000000000000e+01,5.611010197904460863e-09
9.514062500000000000e+01,5.656423315888608882e-09
9.515625000000000000e+01,5.720472520960584014e-09
9.517187500000000000e+01,5.668202821036985544e-09
9.518750000000000000e+01,5.619451753533151240e-09
9.520312500000000000e+01,5.746290233359643696e-09
9.521875000000000000e+01,6.035961502225751507e-09
9.523437500000000000e+01,6.174872789760590789e-09
9.525000000000000000e+01,5.896011962587706991e-09
9.526562500000000000e+01,5.370679039371835084e-09
9.528125000000000000e+01,5.045685357170689704e-09
9.529687500000000000e+01,5.132071389214585215e-09
9.531250000000000000e+01,5.405119316352393972e-09
9.532812500000000000e+01,5.518157478239441442e-09
9.534375000000000000e+01,5.350827723776659759e-09
9.535937500000000000e+01,5.078794870477376660e-09
9.537500000000000000e+01,4.920545398779509599e-09
9.539062500000000000e+01,4.880769391326820308e-09
9.540625000000000000e+01,4.915945619185138275e-09
9.542187500000000000e+01,5.083719991429108834e-09
9.543750000000000000e+01,5.343454713296608681e-09
9.545312500000000000e+01,5.498012099123956555e-09
9.546875000000000000e+01,5.451443881451510753e-09
9.548437500000000000e+01,5.308094414940972743e-09
9.550000000000000000e+01,5.318938180846083341e-09
9.551562500000000000e+01,5.627418290368607423e-09
9.553125000000000000e+01,5.970717203398682656e-09
9.554687500000000000e+01,6.030559645169981354e-09
9.556250000000000000e+01,5.774615208993084645e-09
9.557812500000000000e+01,5.393798322289816352e-09
9.559375000000000000e+01,5.177495669449233683e-09
9.560937500000000000e+01,5.223268600991663270e-09
9.562500000000000000e+01,5.283633947941455477e-09
9.564062500000000000e+01,5.313814228880733125e-09
9.565625000000000000e+01,5.550273169273342472e-09
9.567187500000000000e+01,5.824754362585374672e-09
9.568750000000000000e+01,5.705224015542096609e-09
9.570312500000000000e+01,5.106581668618583721e-09
9.571875000000000000e+01,4.377052416153682036e-09
9.573437500000000000e+01,4.073107073517147342e-09
9.575000000000000000e+01,4.391263686224771765e-09
9.576562500000000000e+01,4.952102176412881729e-09
9.578125000000000000e+01,5.332219534773209528e-09
9.579687500000000000e+01,5.387328776060332086e-09
9.581250000000000000e+01,5.293338504220892749e-09
9.582812500000000000e+01,5.356467565729385552e-09
9.584375000000000000e+01,5.610528526145796943e-09
9.585937500000000000e+01,5.663320662001090817e-09
9.587500000000000000e+01,5.332833780095359825e-09
9.589062500000000000e+01,5.024850861191962898e-09
9.590625000000000000e+01,5.057435093216240460e-09
9.592187500000000000e+01,5.289894151597790239e-09
9.593750000000000000e+01,5.559373511052064682e-09
9.595312500000000000e+01,5.789724163531315577e-09
9.596875000000000000e+01,5.990626399088447494e-09
9.598437500000000000e+01,6.150322257669745001e-09
9.600000000000000000e+01,6.163006256692986181e-09
9.601562500000000000e+01,5.948752798744254445e-09
9.603125000000000000e+01,5.527034696376417804e-09
9.604687500000000000e+01,5.055121380614343483e-09
9.606250000000000000e+01,4.738440924594854703e-09
9.607812500000000000e+01,4.692939348159013520e-09
9.609375000000000000e+01,4.940263637383220482e-09
9.610937500000000000e+01,5.207644651861271618e-09
9.612500000000000000e+01,5.125175045904790037e-09
9.614062500000000000e+01,4.745667000532668422e-09
9.615625000000000000e+01,4.578739837769540525e-09
9.617187500000000000e+01,4.910213504820698619e-09
9.618750000000000000e+01,5.350919775887867438e-09
9.620312500000000000e+01,5.485514882064836201e-09
9.621875000000000000e+01,5.324932591117118888e-09
9.623437500000000000e+01,5.171246426192923486e-09
9.625000000000000000e+01,5.235035700167612458e-09
9.626562500000000000e+01,5.475973588939269625e-09
9.628125000000000000e+01,5.758413628859370886e-09
9.629687500000000000e+01,5.986531048096246642e-09
9.631250000000000000e+01,6.105757150335663831e-09
9.632812500000000000e+01,6.035118546317806013e-09
9.634375000000000000e+01,5.758705215754779711e-09
9.635937500000000000e+01,5.460480166753054996e-09
9.637500000000000000e+01,5.400451002900668678e-09
9.639062500000000000e+01,5.623558695628935658e-09
9.640625000000000000e+01,5.880776192766731192e-09
9.642187500000000000e+01,5.886216414688931102e-09
9.643750000000000000e+01,5.630810406088154402e-09
9.645312500000000000e+01,5.339605734072194164e-09
9.646875000000000000e+01,5.139157844231866517e-09
9.648437500000000000e+01,4.997660631768174661e-09
9.650000000000000000e+01,4.891980657123918177e-09
9.651562500000000000e+01,4.785626922152278125e-09
9.653125000000000000e+01,4.583085635792899596e-09
9.654687500000000000e+01,4.256790642310070706e-09
9.656250000000000000e+01,4.020469167726574424e-09
9.657812500000000000e+01,4.174368151676551750e-09
9.659375000000000000e+01,4.632720772457242602e-09
9.660937500000000000e+01,5.019473327426530255e-09
9.662500000000000000e+01,5.161711940402555213e-09
9.664062500000000000e+01,5.244668646779314619e-09
9.665625000000000000e+01,5.411302944170605341e-09
9.667187500000000000e+01,5.477977541156615156e-09
9.668750000000000000e+01,5.405388967559700402e-09
9.670312500000000000e+01,5.480663910007757113e-09
9.671875000000000000e+01,5.753254715088601150e-09
9.673437500000000000e+01,5.914430701035478786e-09
9.675000000000000000e+01,5.884931112376314173e-09
9.676562500000000000e+01,5.794101095910637032e-09
9.678125000000000000e+01,5.686394198290761484e-09
9.679687500000000000e+01,5.688792061075821419e-09
9.681250000000000000e+01,5.865339574831103990e-09
9.682812500000000000e+01,5.999959407460799628e-09
9.684375000000000000e+01,5.940018037115906461e-09
9.685937500000000000e+01,5.741036941635162647e-09
9.687500000000000000e+01,5.511757084334774466e-09
9.689062500000000000e+01,5.296911148639062090e-09
9.690625000000000000e+01,5.117918877146102828e-09
9.692187500000000000e+01,5.024216232786458607e-09
9.693750000000000000e+01,5.004490397160602124e-09
9.695312500000000000e+01,5.012569826955330618e-09
9.696875000000000000e+01,5.098850734114848598e-09
9.698437500000000000e+01,5.291686185900005405e-09
9.700000000000000000e+01,5.486417102968475011e-09
9.701562500000000000e+01,5.621015786491362632e-09
9.703125000000000000e+01,5.647312336268568088e-09
9.704687500000000000e+01,5.537291416786223131e-09
9.706250000000000000e+01,5.445910503891879839e-09
9.707812500000000000e+01,5.489655585671985320e-09
9.709375000000000000e+01,5.592787696201411440e-09
9.710937500000000000e+01,5.659911605447201720e-09
9.712500000000000000e+01,5.596938672183071477e-09
9.714062500000000000e+01,5.315843925529937942e-09
9.715625000000000000e+01,5.002047415855479157e-09
9.717187500000000000e+01,4.953400274308656880e-09
9.718750000000000000e+01,5.049708053045114182e-09
9.720312500000000000e+01,5.024269908435927889e-09
9.721875000000000000e+01,4.849518157640189052e-09
9.723437500000000000e+01,4.694076547588864595e-09
9.725000000000000000e+01,4.705846048983214517e-09
9.726562500000000000e+01,4.972977026940582890e-09
9.728125000000000000e+01,5.421319388481829536e-09
9.729687500000000000e+01,5.692579717823667745e-09
9.731250000000000000e+01,5.585647658385485263e-09
9.732812500000000000e+01,5.287032231161629069e-09
9.734375000000000000e+01,5.137392996023738974e-09
9.735937500000000000e+01,5.283165666453894510e-09
9.737500000000000000e+01,5.487726256318956441e-09
9.739062500000000000e+01,5.412618648957755171e-09
9.740625000000000000e+01,4.974015041927181505e-09
9.742187500000000000e+01,4.458007667841886357e-09
9.743750000000000000e+01,4.286217933951662429e-09
9.745312500000000000e+01,4.369536043252302040e-09
9.746875000000000000e+01,4.319598183461192116e-09
9.748437500000000000e+01,4.273924517360694487e-09
9.750000000000000000e+01,4.580687767363972279e-09
9.751562500000000000e+01,4.971253391904763869e-09
9.753125000000000000e+01,5.077285396119606961e-09
9.754687500000000000e+01,4.964583447135780937e-09
9.756250000000000000e+01,4.868668622516430202e-09
9.757812500000000000e+01,4.880239447985424700e-09
9.759375000000000000e+01,4.973749053481766795e-09
9.760937500000000000e+01,5.232770655594704021e-09
9.762500000000000000e+01,5.612328983549206396e-09
9.764062500000000000e+01,5.768829885012394502e-09
9.765625000000000000e+01,5.591423852108818078e-09
9.767187500000000000e+01,5.408524188366829182e-09
9.768750000000000000e+01,5.461764958986091363e-09
9.770312500000000000e+01,5.619268098630759648e-09
9.771875000000000000e+01,5.713665308571672260e-09
9.773437500000000000e+01,5.628041716722630741e-09
9.775000000000000000e+01,5.292590708980861249e-09
9.776562500000000000e+01,4.891260492241640676e-09
9.778125000000000000e+01,4.779463691056428811e-09
9.779687500000000000e+01,4.944125820019026352e-09
9.781250000000000000e+01,5.042838536823970596e-09
9.782812500000000000e+01,4.995474981350731938e-09
9.784375000000000000e+01,4.972341112181081713e-09
9.785937500000000000e+01,5.075526075890604001e-09
9.787500000000000000e+01,5.260515626773625572e-09
9.789062500000000000e+01,5.347587789973800311e-09
9.790625000000000000e+01,5.239981929734050316e-09
9.792187500000000000e+01,5.079205643612795590e-09
9.793750000000000000e+01,4.993397875494057907e-09
9.795312500000000000e+01,5.010601196014750945e-09
9.796875000000000000e+01,5.203356942382257134e-09
9.798437500000000000e+01,5.550343109490629710e-09
9.800000000000000000e+01,5.829223269697621796e-09
9.801562500000000000e+01,5.834635352139728673e-09
9.803125000000000000e+01,5.622779860573548107e-09
9.804687500000000000e+01,5.449427296164843509e-09
9.806250000000000000e+01,5.399084723464045739e-09
9.807812500000000000e+01,5.305778935635209121e-09
9.809375000000000000e+01,5.125992871693226060e-09
9.810937500000000000e+01,5.028606140640633433e-09
9.812500000000000000e+01,5.170188674270174721e-09
9.814062500000000000e+01,5.369117391707952933e-09
9.815625000000000000e+01,5.310647516093955720e-09
9.817187500000000000e+01,5.130557392895320192e-09
9.818750000000000000e+01,5.158402834457716320e-09
9.820312500000000000e+01,5.235296985533653934e-09
9.821875000000000000e+01,5.132593248719445579e-09
9.823437500000000000e+01,5.075662123743984640e-09
9.825000000000000000e+01,5.194978209283927809e-09
9.826562500000000000e+01,5.146778147639258083e-09
9.828125000000000000e+01,4.739107469491542299e-09
9.829687500000000000e+01,4.269695239628467012e-09
9.831250000000000000e+01,4.180878290899731563e-09
9.832812500000000000e+01,4.550666673822782751e-09
9.834375000000000000e+01,5.009042757411622610e-09
9.835937500000000000e+01,5.158869755732716417e-09
9.837500000000000000e+01,4.967850009002465890e-09
9.839062500000000000e+01,4.802255936069443312e-09
9.840625000000000000e+01,4.996481061877417781e-09
9.842187500000000000e+01,5.407652052900023539e-09
9.843750000000000000e+01,5.677766134143531173e-09
9.845312500000000000e+01,5.636864822742974626e-09
9.846875000000000000e+01,5.479641505061174861e-09
9.848437500000000000e+01,5.590615232023137702e-09
9.850000000000000000e+01,5.901623875534131336e-09
9.851562500000000000e+01,6.039015030099577331e-09
9.853125000000000000e+01,5.992733088080505631e-09
9.854687500000000000e+01,5.888940239046689201e-09
9.856250000000000000e+01,5.624660124063873426e-09
9.857812500000000000e+01,5.265215970240934736e-09
9.859375000000000000e+01,5.047352279707387103e-09
9.860937500000000000e+01,4.901997113828775428e-09
9.862500000000000000e+01,4.838898578960227137e-09
9.864062500000000000e+01,5.113329759179193566e-09
9.865625000000000000e+01,5.478168545165120498e-09
9.867187500000000000e+01,5.548567040488915904e-09
9.868750000000000000e+01,5.449621902207301098e-09
9.870312500000000000e+01,5.344384816746022504e-09
9.871875000000000000e+01,5.127271866153531232e-09
9.873437500000000000e+01,4.962948118891971728e-09
9.875000000000000000e+01,5.122278231946996210e-09
9.876562500000000000e+01,5.415912782121751505e-09
9.878125000000000000e+01,5.589818151221802703e-09
9.879687500000000000e+01,5.561454682945835652e-09
9.881250000000000000e+01,5.313091522247468802e-09
9.882812500000000000e+01,5.035881880300266030e-09
9.884375000000000000e+01,4.933163102932760702e-09
9.885937500000000000e+01,4.782672969853876253e-09
9.887500000000000000e+01,4.474858504305211146e-09
9.889062500000000000e+01,4.452561924652158115e-09
9.890625000000000000e+01,4.884336038965049659e-09
9.892187500000000000e+01,5.386382783253547168e-09
9.893750000000000000e+01,5.708667181814953529e-09
9.895312500000000000e+01,5.725484449238664344e-09
9.896875000000000000e+01,5.474072432707400369e-09
9.898437500000000000e+01,5.222107187060894072e-09
9.900000000000000000e+01,5.106331299698556448e-09
9.901562500000000000e+01,5.097010424273945207e-09
9.903125000000000000e+01,5.118292404735116476e-09
9.904687500000000000e+01,5.086001509741966301e-09
9.906250000000000000e+01,5.159642607300204515e-09
9.907812500000000000e+01,5.433999362984460717e-09
9.909375000000000000e+01,5.633530074312199845e-09
9.910937500000000000e+01,5.573366538425106896e-09
9.912500000000000000e+01,5.378604556668218301e-09
9.914062500000000000e+01,5.260087750721347285e-09
9.915625000000000000e+01,5.194919892012507075e-09
9.917187500000000000e+01,5.046032495922240049e-09
9.918750000000000000e+01,4.935652929113174738e-09
9.920312500000000000e+01,5.013834027239586426e-09
9.921875000000000000e+01,5.104661066940981911e-09
9.923437500000000000e+01,4.964106004871871814e-09
9.925000000000000000e+01,4.628339954221647932e-09
9.926562500000000000e+01,4.434399316126824162e-09
9.928125000000000000e+01,4.615687810413603724e-09
9.929687500000000000e+01,4.959110734419868372e-09
9.931250000000000000e+01,5.121076054805198309e-09
9.932812500000000000e+01,5.073453882304217896e-09
9.934375000000000000e+01,5.111511762315435124e-09
9.935937500000000000e+01,5.271914179391474092e-09
9.937500000000000000e+01,5.246560780289323672e-09
9.939062500000000000e+01,4.982183591087747801e-09
9.940625000000000000e+01,4.733079485702106807e-09
9.942187500000000000e+01,4.654919682608842981e-09
9.943750000000000000e+01,4.803132982912371184e-09
9.945312500000000000e+01,5.213720309036150538e-09
9.946875000000000000e+01,5.622353510629584380e-09
9.948437500000000000e+01,5.744609997097735985e-09
9.950000000000000000e+01,5.553737149831946901e-09
9.951562500000000000e+01,5.107452098618495906e-09
9.953125000000000000e+01,4.623133374202900823e-09
9.954687500000000000e+01,4.548711472569626062e-09
9.956250000000000000e+01,4.985840750833144225e-09
9.957812500000000000e+01,5.505240623906473536e-09
9.959375000000000000e+01,5.735798553970010685e-09
9.960937500000000000e+01,5.605838581799341204e-09
9.962500000000000000e+01,5.281142885583493777e-09
9.964062500000000000e+01,4.997293772113543927e-09
9.965625000000000000e+01,4.927033910708487577e-09
9.967187500000000000e+01,5.070768856149051709e-09
9.968750000000000000e+01,5.287175972153911286e-09
9.970312500000000000e+01,5.542442183747660811e-09
9.971875000000000000e+01,5.750525142002647954e-09
9.973437500000000000e+01,5.655436280031062739e-09
9.975000000000000000e+01,5.260494396348010887e-09
9.976562500000000000e+01,4.900395821906409098e-09
9.978125000000000000e+01,4.816166435858390413e-09
9.979687500000000000e+01,5.060120747931868896e-09
9.981250000000000000e+01,5.512257822946614166e-09
9.982812500000000000e+01,5.881346227606331751e-09
9.984375000000000000e+01,5.972183568219049462e-09
9.985937500000000000e+01,5.727460314282832596e-09
9.987500000000000000e+01,5.239028381484062183e-09
9.989062500000000000e+01,4.799102821843709331e-09
9.990625000000000000e+01,4.618744388768795869e-09
9.992187500000000000e+01,4.586378537878052338e-09
9.993750000000000000e+01,4.584578960155886965e-09
9.995312500000000000e+01,4.702830456424636256e-09
9.996875000000000000e+01,4.962768316409765425e-09
9.998437500000000000e+01,5.244823333772010012e-09
1.000000000000000000e+02,5.420613484852243699e-09
1.000156250000000000e+02,5.421747397135855092e-09
1.000312500000000000e+02,5.283348290511996254e-09
1.000468750000000000e+02,5.122785129924285126e-09
1.000625000000000000e+02,5.002347272857345951e-09
1.000781250000000000e+02,4.819023530854556548e-09
1.000937500000000000e+02,4.541116947049268073e-09
1.001093750000000000e+02,4.375134068424289281e-09
1.001250000000000000e+02,4.483186153779815165e-09
1.001406250000000000e+02,4.774767196070962381e-09
1.001562500000000000e+02,5.034018785193128701e-09
1.001718750000000000e+02,5.071288983976218509e-09
1.001875000000000000e+02,4.833688580983978453e-09
1.002031250000000000e+02,4.592502688118136604e-09
1.002187500000000000e+02,4.681183822156496478e-09
1.002343750000000000e+02,4.926699081611428475e-09
1.002500000000000000e+02,5.034833271136763257e-09
1.002656250000000000e+02,4.986989400336216014e-09
1.002812500000000000e+02,4.970024685271873434e-09
1.002968750000000000e+02,5.038971452800413831e-09
1.003125000000000000e+02,4.955001240587293369e-09
1.003281250000000000e+02,4.644871915399750601e-09
1.003437500000000000e+02,4.352996176428038181e-09
1.003593750000000000e+02,4.240025943048144424e-09
1.003750000000000000e+02,4.145006697086190658e-09
1.003906250000000000e+02,4.077309449619693876e-09
1.004062500000000000e+02,4.336112552066161737e-09
1.004218750000000000e+02,4.839381533501775531e-09
1.004375000000000000e+02,5.298466111158499583e-09
1.004531250000000000e+02,5.540838024834740747e-09
1.004687500000000000e+02,5.525590207458355268e-09
1.004843750000000000e+02,5.460202206137351447e-09
1.005000000000000000e+02,5.447156241977110801e-09
1.005156250000000000e+02,5.255707485760360657e-09
1.005312500000000000e+02,4.745642676617879032e-09
1.005468750000000000e+02,4.095129540127796634e-09
1.005625000000000000e+02,3.687937365236875300e-09
1.005781250000000000e+02,3.706210542132739307e-09
1.005937500000000000e+02,3.947312865744006706e-09
1.006093750000000000e+02,4.318415078559130438e-09
1.006250000000000000e+02,4.730760721916545850e-09
1.006406250000000000e+02,5.012239684306511829e-09
1.006562500000000000e+02,5.145080054741130227e-09
1.006718750000000000e+02,5.142129393512403969e-09
1.006875000000000000e+02,5.023798553349817936e-09
1.007031250000000000e+02,4.920633628706260606e-09
1.007187500000000000e+02,4.916425527174955170e-09
1.007343750000000000e+02,4.988111107852488827e-09
1.007500000000000000e+02,5.083989931431324211e-09
1.007656250000000000e+02,5.185862403127350754e-09
1.007812500000000000e+02,5.252817220799562795e-09
1.007968750000000000e+02,5.170195066998130903e-09
1.008125000000000000e+02,4.928899543529216776e-09
1.008281250000000000e+02,4.632457531299289300e-09
1.008437500000000000e+02,4.449124030966879837e-09
1.008593750000000000e+02,4.659346398592441484e-09
1.008750000000000000e+02,5.254286501588321379e-09
1.008906250000000000e+02,5.821372709659288446e-09
1.009062500000000000e+02,5.990415428658278088e-09
1.009218750000000000e+02,5.674859952031801640e-09
1.009375000000000000e+02,5.175650113710083184e-09
1.009531250000000000e+02,4.904006629967342481e-09
1.009687500000000000e+02,4.878919088365247320e-09
1.009843750000000000e+02,4.834915082275341109e-09
1.010000000000000000e+02,4.646384652230743230e-09
1.010156250000000000e+02,4.556386806521440285e-09
1.010312500000000000e+02,4.806178308525254181e-09
1.010468750000000000e+02,5.156081294764285292e-09
1.010625000000000000e+02,5.314325671301632940e-09
1.010781250000000000e+02,5.294909824980422512e-09
1.010937500000000000e+02,5.163622415600837636e-09
1.011093750000000000e+02,4.967954168412882105e-09
1.011250000000000000e+02,4.878957903902179899e-09
1.011406250000000000e+02,4.977328657825859202e-09
1.011562500000000000e+02,5.018226493624506329e-09
1.011718750000000000e+02,4.684232319960761923e-09
1.011875000000000000e+02,4.113560516354116095e-09
1.012031250000000000e+02,3.976966886582178393e-09
1.012187500000000000e+02,4.552812334861307741e-09
1.012343750000000000e+02,5.282416804519991411e-09
1.012500000000000000e+02,5.664812734177831158e-09
1.012656250000000000e+02,5.569085348705747733e-09
1.012812500000000000e+02,5.134703778654878951e-09
1.012968750000000000e+02,4.875210222366084287e-09
1.013125000000000000e+02,5.262606039454886349e-09
1.013281250000000000e+02,5.827698221195718918e-09
1.013437500000000000e+02,5.975086385666927001e-09
1.013593750000000000e+02,5.780595393456351869e-09
1.013750000000000000e+02,5.521877932826751650e-09
1.013906250000000000e+02,5.198931428584846087e-09
1.014062500000000000e+02,4.717265641161828733e-09
1.014218750000000000e+02,4.236257059930164184e-09
1.014375000000000000e+02,4.077619052483011257e-09
1.014531250000000000e+02,4.215316017328100257e-09
1.014687500000000000e+02,4.448202107136956771e-09
1.014843750000000000e+02,4.638834877303958671e-09
1.015000000000000000e+02,4.765431536487896573e-09
1.015156250000000000e+02,4.957225740248699606e-09
1.015312500000000000e+02,5.118313190846854093e-09
1.015468750000000000e+02,5.017993856694842066e-09
1.015625000000000000e+02,4.743482125423486795e-09
1.015781250000000000e+02,4.452765120296017641e-09
1.015937500000000000e+02,4.159438697917934554e-09
1.016093750000000000e+02,4.106933597709566986e-09
1.016250000000000000e+02,4.419160874846064313e-09
1.016406250000000000e+02,4.754110286777639843e-09
1.016562500000000000e+02,4.911356881778178627e-09
1.016718750000000000e+02,4.918867119131110858e-09
1.016875000000000000e+02,4.806643907885910096e-09
1.017031250000000000e+02,4.662346106895950958e-09
1.017187500000000000e+02,4.641243259109761379e-09
1.017343750000000000e+02,4.758886990914307883e-09
1.017500000000000000e+02,4.909415530568987694e-09
1.017656250000000000e+02,5.094783748317000143e-09
1.017812500000000000e+02,5.300794616258952593e-09
1.017968750000000000e+02,5.465817149216566874e-09
1.018125000000000000e+02,5.602386676117826135e-09
1.018281250000000000e+02,5.685526636543961889e-09
1.018437500000000000e+02,5.707511371010406881e-09
1.018593750000000000e+02,5.625674034029435855e-09
1.018750000000000000e+02,5.341244439857484207e-09
1.018906250000000000e+02,5.099716358793412074e-09
1.019062500000000000e+02,5.199671866562181490e-09
1.019218750000000000e+02,5.379561877864551855e-09
1.019375000000000000e+02,5.392420133202841509e-09
1.019531250000000000e+02,5.445600460503947665e-09
1.019687500000000000e+02,5.723429815896718023e-09
1.019843750000000000e+02,6.003423667753698348e-09
1.020000000000000000e+02,6.103279813485317055e-09
1.020156250000000000e+02,6.123806650936328271e-09
1.020312500000000000e+02,5.978853992840794729e-09
1.020468750000000000e+02,5.464975252448742490e-09
1.020625000000000000e+02,4.835034929833590949e-09
1.020781250000000000e+02,4.591855517881486848e-09
1.020937500000000000e+02,4.747471572063989863e-09
1.021093750000000000e+02,5.042595453119679561e-09
1.021250000000000000e+02,5.386975289941907365e-09
1.021406250000000000e+02,5.676606734792793674e-09
1.021562500000000000e+02,5.840213537347798487e-09
1.021718750000000000e+02,5.834244685676774353e-09
1.021875000000000000e+02,5.585035637017886501e-09
1.022031250000000000e+02,5.244634451761557303e-09
1.022187500000000000e+02,5.096089840541053501e-09
1.022343750000000000e+02,5.225860808417730951e-09
1.022500000000000000e+02,5.447181691129261268e-09
1.022656250000000000e+02,5.480118055914774504e-09
1.022812500000000000e+02,5.304692006073089362e-09
1.022968750000000000e+02,5.152879270769344092e-09
1.023125000000000000e+02,5.114296835622541995e-09
1.023281250000000000e+02,5.115725443816184136e-09
1.023437500000000000e+02,5.145681274597453332e-09
1.023593750000000000e+02,5.104732598115232591e-09
1.023750000000000000e+02,4.820780186170201939e-09
1.023906250000000000e+02,4.396460528614005963e-09
1.024062500000000000e+02,4.162113450332423287e-09
1.024218750000000000e+02,4.163904647305064070e-09
1.024375000000000000e+02,4.220086793800637272e-09
1.024531250000000000e+02,4.336510389778464313e-09
1.024687500000000000e+02,4.562384782541999962e-09
1.024843750000000000e+02,4.873324079324470812e-09
1.025000000000000000e+02,5.185939844398627302e-09
1.025156250000000000e+02,5.212729264261571300e-09
1.025312500000000000e+02,4.776503937774043295e-09
1.025468750000000000e+02,4.172518520174350239e-09
1.025625000000000000e+02,3.926510572385722244e-09
1.025781250000000000e+02,4.163344434425722234e-09
1.025937500000000000e+02,4.557906822839722551e-09
1.026093750000000000e+02,4.960808336959469360e-09
1.026250000000000000e+02,5.345375651448379874e-09
1.026406250000000000e+02,5.534380901871273570e-09
1.026562500000000000e+02,5.427481078924688582e-09
1.026718750000000000e+02,5.148412768215733929e-09
1.026875000000000000e+02,4.821527917065415306e-09
1.027031250000000000e+02,4.484080224120666640e-09
1.027187500000000000e+02,4.301986028910730773e-09
1.027343750000000000e+02,4.437236873056527683e-09
1.027500000000000000e+02,4.680218054455597196e-09
1.027656250000000000e+02,4.761499389223643142e-09
1.027812500000000000e+02,4.738147040543070406e-09
1.027968750000000000e+02,4.762716910191837202e-09
1.028125000000000000e+02,4.755229730571106344e-09
1.028281250000000000e+02,4.625106967750032247e-09
1.028437500000000000e+02,4.549426158424838766e-09
1.028593750000000000e+02,4.608634502566347108e-09
1.028750000000000000e+02,4.617265616622702674e-09
1.028906250000000000e+02,4.658276361416400889e-09
1.029062500000000000e+02,4.852183140930424351e-09
1.029218750000000000e+02,4.838879450771684211e-09
1.029375000000000000e+02,4.460076050633106826e-09
1.029531250000000000e+02,4.231415240785038393e-09
1.029687500000000000e+02,4.580923022196254428e-09
1.029843750000000000e+02,5.094585440860705246e-09
1.030000000000000000e+02,5.318906133887085186e-09
1.030156250000000000e+02,5.263231698393511806e-09
1.030312500000000000e+02,5.078496992910592792e-09
1.030468750000000000e+02,4.848017242038774890e-09
1.030625000000000000e+02,4.683015873320143573e-09
1.030781250000000000e+02,4.625918403740170752e-09
1.030937500000000000e+02,4.591147949102709606e-09
1.031093750000000000e+02,4.641370777879041319e-09
1.031250000000000000e+02,4.961706176019509455e-09
1.031406250000000000e+02,5.423128200853684629e-09
1.031562500000000000e+02,5.645971287318535073e-09
1.031718750000000000e+02,5.485263394180017994e-09
1.031875000000000000e+02,5.106599280219317658e-09
1.032031250000000000e+02,4.743029874781069973e-09
1.032187500000000000e+02,4.611855132261811910e-09
1.032343750000000000e+02,4.809075906617759683e-09
1.032500000000000000e+02,5.242684745964549543e-09
1.032656250000000000e+02,5.678072263201416605e-09
1.032812500000000000e+02,5.879184597843709071e-09
1.032968750000000000e+02,5.823581604289944315e-09
1.033125000000000000e+02,5.551385925420319979e-09
1.033281250000000000e+02,5.124600632582509136e-09
1.033437500000000000e+02,4.824323891227890789e-09
1.033593750000000000e+02,4.852359846254925648e-09
1.033750000000000000e+02,5.034989936860859856e-09
1.033906250000000000e+02,5.095449145110014643e-09
1.034062500000000000e+02,4.983685509681468295e-09
1.034218750000000000e+02,4.968572765902075768e-09
1.034375000000000000e+02,5.161944535024258830e-09
1.034531250000000000e+02,5.244781996788941911e-09
1.034687500000000000e+02,5.057670595749006082e-09
1.034843750000000000e+02,4.828459980811225959e-09
1.035000000000000000e+02,4.690461420550288180e-09
1.035156250000000000e+02,4.492129166610845920e-09
1.035312500000000000e+02,4.294672675953156955e-09
1.035468750000000000e+02,4.356242042507431590e-09
1.035625000000000000e+02,4.536392142337429094e-09
1.035781250000000000e+02,4.629048020161864899e-09
1.035937500000000000e+02,4.699449788154965408e-09
1.036093750000000000e+02,4.727921410171854859e-09
1.036250000000000000e+02,4.762541268338214878e-09
1.036406250000000000e+02,4.991234023453608572e-09
1.036562500000000000e+02,5.227778201348479926e-09
1.036718750000000000e+02,5.138489325508256472e-09
1.036875000000000000e+02,4.823308628079497406e-09
1.037031250000000000e+02,4.648635932273560561e-09
1.037187500000000000e+02,4.686276154911894519e-09
1.037343750000000000e+02,4.768035144400101107e-09
1.037500000000000000e+02,4.844423722842739489e-09
1.037656250000000000e+02,4.966131825840803301e-09
1.037812500000000000e+02,5.114787709964986074e-09
1.037968750000000000e+02,5.225405997225693320e-09
1.038125000000000000e+02,5.245536645320285066e-09
1.038281250000000000e+02,5.164811510512045871e-09
1.038437500000000000e+02,5.105985510752624880e-09
1.038593750000000000e+02,5.197585875263692323e-09
1.038750000000000000e+02,5.398859270651642508e-09
1.038906250000000000e+02,5.624570832757412282e-09
1.039062500000000000e+02,5.691033491177681417e-09
1.039218750000000000e+02,5.396855968469508608e-09
1.039375000000000000e+02,4.888074468683435260e-09
1.039531250000000000e+02,4.485063593165386821e-09
1.039687500000000000e+02,4.254861156829114921e-09
1.039843750000000000e+02,4.203778643179791333e-09
1.040000000000000000e+02,4.358763242195876160e-09
1.040156250000000000e+02,4.585163344016240121e-09
1.040312500000000000e+02,4.830854498846516807e-09
1.040468750000000000e+02,5.108069220281843969e-09
1.040625000000000000e+02,5.286748609972659592e-09
1.040781250000000000e+02,5.258238607243528599e-09
1.040937500000000000e+02,5.058486365991116862e-09
1.041093750000000000e+02,4.817585019243248287e-09
1.041250000000000000e+02,4.691976553931006186e-09
1.041406250000000000e+02,4.776396297477250327e-09
1.041562500000000000e+02,5.012569363975046039e-09
1.041718750000000000e+02,5.274670412467229040e-09
1.041875000000000000e+02,5.495044724513310437e-09
1.042031250000000000e+02,5.640995849527105167e-09
1.042187500000000000e+02,5.619625383411742891e-09
1.042343750000000000e+02,5.339340422176102604e-09
1.042500000000000000e+02,4.987119650618719034e-09
1.042656250000000000e+02,4.954736366797531748e-09
1.042812500000000000e+02,5.193296406337354034e-09
1.042968750000000000e+02,5.298675140511277865e-09
1.043125000000000000e+02,5.261501525925886160e-09
1.043281250000000000e+02,5.366694066020745029e-09
1.043437500000000000e+02,5.586712343732814762e-09
1.043593750000000000e+02,5.632590803164864298e-09
1.043750000000000000e+02,5.403621213665571281e-09
1.043906250000000000e+02,5.073626810166258796e-09
1.044062500000000000e+02,4.857072177507676950e-09
1.044218750000000000e+02,4.837561213192040151e-09
1.044375000000000000e+02,4.949081961811504531e-09
1.044531250000000000e+02,5.081721963046925730e-09
1.044687500000000000e+02,5.228611800388126746e-09
1.044843750000000000e+02,5.354459053868615615e-09
1.045000000000000000e+02,5.322079647674880685e-09
1.045156250000000000e+02,5.090405054595557895e-09
1.045312500000000000e+02,4.864108917585570857e-09
1.045468750000000000e+02,4.915193097137218908e-09
1.045625000000000000e+02,5.135424205695851268e-09
1.045781250000000000e+02,5.229422847212433595e-09
1.045937500000000000e+02,5.169605038775325322e-09
1.046093750000000000e+02,5.071457594242199905e-09
1.046250000000000000e+02,4.989627975571903205e-09
1.046406250000000000e+02,4.997497048480632635e-09
1.046562500000000000e+02,5.081829109836770364e-09
1.046718750000000000e+02,5.078098969095768168e-09
1.046875000000000000e+02,4.961782205997242332e-09
1.047031250000000000e+02,4.848379041099586931e-09
1.047187500000000000e+02,4.728108529828491947e-09
1.047343750000000000e+02,4.680133336389090314e-09
1.047500000000000000e+02,4.936909799850867611e-09
1.047656250000000000e+02,5.305174338362262304e-09
1.047812500000000000e+02,5.362077726925235428e-09
1.047968750000000000e+02,5.102680891391544062e-09
1.048125000000000000e+02,4.899942630078384739e-09
1.048281250000000000e+02,4.863884218516168408e-09
1.048437500000000000e+02,4.721241554453218440e-09
1.048593750000000000e+02,4.498173505567204145e-09
1.048750000000000000e+02,4.465967631558295803e-09
1.048906250000000000e+02,4.548220771979671666e-09
1.049062500000000000e+02,4.567827462544889180e-09
1.049218750000000000e+02,4.521819146143057956e-09
1.049375000000000000e+02,4.400691931414440533e-09
1.049531250000000000e+02,4.281169816547078915e-09
1.049687500000000000e+02,4.284968757605938093e-09
1.049843750000000000e+02,4.376306002236744067e-09
1.050000000000000000e+02,4.502953937074474987e-09
1.050156250000000000e+02,4.739418345206040482e-09
1.050312500000000000e+02,5.122344502276639379e-09
1.050468750000000000e+02,5.459274059260487918e-09
1.050625000000000000e+02,5.610150583801711143e-09
1.050781250000000000e+02,5.614812382930795441e-09
1.050937500000000000e+02,5.442885108617412213e-09
1.051093750000000000e+02,5.136009582967202447e-09
1.051250000000000000e+02,4.963391346514546459e-09
1.051406250000000000e+02,5.054649505800545687e-09
1.051562500000000000e+02,5.188663337946905190e-09
1.051718750000000000e+02,5.086087916743072704e-09
1.051875000000000000e+02,4.767507073018656459e-09
1.052031250000000000e+02,4.603428818433781291e-09
1.052187500000000000e+02,4.830976043401817015e-09
1.052343750000000000e+02,5.172583413572544707e-09
1.052500000000000000e+02,5.295122755214984015e-09
1.052656250000000000e+02,5.186006729293585353e-09
1.052812500000000000e+02,4.944926839630480005e-09
1.052968750000000000e+02,4.677071399588021757e-09
1.053125000000000000e+02,4.647764058298473326e-09
1.053281250000000000e+02,4.869597012956232186e-09
1.053437500000000000e+02,5.054769522693805731e-09
1.053593750000000000e+02,5.211847781033081981e-09
1.053750000000000000e+02,5.377241323529438660e-09
1.053906250000000000e+02,5.325969919437520512e-09
1.054062500000000000e+02,5.026895520567309808e-09
1.054218750000000000e+02,4.776982829482874984e-09
1.054375000000000000e+02,4.812548200534843132e-09
1.054531250000000000e+02,5.068173929131353460e-09
1.054687500000000000e+02,5.275266803085989115e-09
1.054843750000000000e+02,5.223686507286667416e-09
1.055000000000000000e+02,4.956958325438077847e-09
1.055156250000000000e+02,4.671049471035548889e-09
1.055312500000000000e+02,4.522547283821136171e-09
1.055468750000000000e+02,4.596173110514684867e-09
1.055625000000000000e+02,4.834508339345375607e-09
1.055781250000000000e+02,4.921980012377352896e-09
1.055937500000000000e+02,4.715177745348353912e-09
1.056093750000000000e+02,4.481569384432971323e-09
1.056250000000000000e+02,4.463085299018461584e-09
1.056406250000000000e+02,4.605709121086067072e-09
1.056562500000000000e+02,4.697396165831950249e-09
1.056718750000000000e+02,4.697677004043004610e-09
1.056875000000000000e+02,4.833966045790053921e-09
1.057031250000000000e+02,5.032560972388830421e-09
1.057187500000000000e+02,5.031089345009542482e-09
1.057343750000000000e+02,4.964105913869878793e-09
1.057500000000000000e+02,5.060054376933331882e-09
1.057656250000000000e+02,5.206180408504198414e-09
1.057812500000000000e+02,5.226250355387426015e-09
1.057968750000000000e+02,5.098852188857404730e-09
1.058125000000000000e+02,4.885571641367813432e-09
1.058281250000000000e+02,4.714530270857526578e-09
1.058437500000000000e+02,4.757533861240669631e-09
1.058593750000000000e+02,5.078147401291998921e-09
1.058750000000000000e+02,5.490095518648751038e-09
1.058906250000000000e+02,5.736968793232600821e-09
1.059062500000000000e+02,5.750145122676221086e-09
1.059218750000000000e+02,5.667926730299317788e-09
1.059375000000000000e+02,5.638092909744129311e-09
1.059531250000000000e+02,5.540528617616938718e-09
1.059687500000000000e+02,5.248740439096317287e-09
1.059843750000000000e+02,5.027555552248290331e-09
1.060000000000000000e+02,5.152796735555374713e-09
1.060156250000000000e+02,5.482126159144688863e-09
1.060312500000000000e+02,5.838760633470152870e-09
1.060468750000000000e+02,6.194077745382889459e-09
1.060625000000000000e+02,6.477057044851189314e-09
1.060781250000000000e+02,6.562754367711336554e-09
1.060937500000000000e+02,6.285364658928384180e-09
1.061093750000000000e+02,5.577715863098216370e-09
1.061250000000000000e+02,4.703455929713965157e-09
1.061406250000000000e+02,4.206998518077088047e-09
1.061562500000000000e+02,4.433320817325151929e-09
1.061718750000000000e+02,5.056672893635389644e-09
1.061875000000000000e+02,5.545416491085067345e-09
1.062031250000000000e+02,5.642978970112168225e-09
1.062187500000000000e+02,5.352254217696593349e-09
1.062343750000000000e+02,4.965208786236753226e-09
1.062500000000000000e+02,4.990883335945838124e-09
1.062656250000000000e+02,5.518599425396149794e-09
1.062812500000000000e+02,6.065079657316496684e-09
1.062968750000000000e+02,6.257031854404321127e-09
1.063125000000000000e+02,6.087856976062516778e-09
1.063281250000000000e+02,5.660774506544008088e-09
1.063437500000000000e+02,5.103867924624289019e-09
1.063593750000000000e+02,4.737090496832337880e-09
1.063750000000000000e+02,4.819074883515326743e-09
1.063906250000000000e+02,5.145994828802432455e-09
1.064062500000000000e+02,5.333311787210829664e-09
1.064218750000000000e+02,5.227028320974199408e-09
1.064375000000000000e+02,5.003444318577351145e-09
1.064531250000000000e+02,4.998684590081630654e-09
1.064687500000000000e+02,5.261539364699663514e-09
1.064843750000000000e+02,5.529806233778958408e-09
1.065000000000000000e+02,5.656082605660023228e-09
1.065156250000000000e+02,5.720787151778559470e-09
1.065312500000000000e+02,5.836743656335158529e-09
1.065468750000000000e+02,5.935610111283395343e-09
1.065625000000000000e+02,5.866776695287828807e-09
1.065781250000000000e+02,5.636128438877724084e-09
1.065937500000000000e+02,5.345301324525510740e-09
1.066093750000000000e+02,5.037540696510820834e-09
1.066250000000000000e+02,4.821194638337553876e-09
1.066406250000000000e+02,4.926992802842740411e-09
1.066562500000000000e+02,5.360244290420627103e-09
1.066718750000000000e+02,5.634022651596202949e-09
1.066875000000000000e+02,5.431832919794747154e-09
1.067031250000000000e+02,5.106226038262170248e-09
1.067187500000000000e+02,5.101509257351141555e-09
1.067343750000000000e+02,5.306413913786700419e-09
1.067500000000000000e+02,5.441118759624506512e-09
1.067656250000000000e+02,5.520824448704482690e-09
1.067812500000000000e+02,5.660403492087139280e-09
1.067968750000000000e+02,5.738090958370656562e-09
1.068125000000000000e+02,5.659767531387669662e-09
1.068281250000000000e+02,5.583131902998184081e-09
1.068437500000000000e+02,5.663674976155366671e-09
1.068593750000000000e+02,5.818235203900943320e-09
1.068750000000000000e+02,5.760563627931281308e-09
1.068906250000000000e+02,5.392158674892225926e-09
1.069062500000000000e+02,5.045983526884582411e-09
1.069218750000000000e+02,5.027687208755374229e-09
1.069375000000000000e+02,5.082065937089389773e-09
1.069531250000000000e+02,4.899173205496601455e-09
1.069687500000000000e+02,4.679329270399182129e-09
1.069843750000000000e+02,4.774533768543732500e-09
1.070000000000000000e+02,5.085491076392845918e-09
1.070156250000000000e+02,5.220113426592892539e-09
1.070312500000000000e+02,4.981642998198225987e-09
1.070468750000000000e+02,4.580448771616649997e-09
1.070625000000000000e+02,4.446793263257152031e-09
1.070781250000000000e+02,4.678832248139882102e-09
1.070937500000000000e+02,4.940386308391080396e-09
1.071093750000000000e+02,4.969716706309500304e-09
1.071250000000000000e+02,4.805733839825220720e-09
1.071406250000000000e+02,4.675280921913817564e-09
1.071562500000000000e+02,4.689955922189149028e-09
1.071718750000000000e+02,4.703196898556420832e-09
1.071875000000000000e+02,4.715497669506320271e-09
1.072031250000000000e+02,4.920413435992950160e-09
1.072187500000000000e+02,5.216957883413482198e-09
1.072343750000000000e+02,5.405006590421219435e-09
1.072500000000000000e+02,5.539361531014256379e-09
1.072656250000000000e+02,5.722472944452290812e-09
1.072812500000000000e+02,5.879025457521938685e-09
1.072968750000000000e+02,5.887782366387268120e-09
1.073125000000000000e+02,5.793692012722486043e-09
1.073281250000000000e+02,5.758762927491970700e-09
1.073437500000000000e+02,5.795903365518006773e-09
1.073593750000000000e+02,5.713158980623569436e-09
1.073750000000000000e+02,5.465105533006828516e-09
1.073906250000000000e+02,5.331347730807077042e-09
1.074062500000000000e+02,5.487281524514933604e-09
1.074218750000000000e+02,5.660021530933499434e-09
1.074375000000000000e+02,5.564558927478867699e-09
1.074531250000000000e+02,5.201587538287542806e-09
1.074687500000000000e+02,4.801514168579299165e-09
1.074843750000000000e+02,4.748877988774293058e-09
1.075000000000000000e+02,5.083773994582791010e-09
1.075156250000000000e+02,5.310634942602297774e-09
1.075312500000000000e+02,5.179735143029960107e-09
1.075468750000000000e+02,4.995171349193313867e-09
1.075625000000000000e+02,5.072477774507416796e-09
1.075781250000000000e+02,5.259409671761608207e-09
1.075937500000000000e+02,5.281750043321501209e-09
1.076093750000000000e+02,5.113684277542851827e-09
1.076250000000000000e+02,4.849702149306884454e-09
1.076406250000000000e+02,4.664608766902099196e-09
1.076562500000000000e+02,4.882672621787494437e-09
1.076718750000000000e+02,5.397064659571297983e-09
1.076875000000000000e+02,5.671138667815926364e-09
1.077031250000000000e+02,5.609737244819545728e-09
1.077187500000000000e+02,5.545548538468058873e-09
1.077343750000000000e+02,5.603111437605490698e-09
1.077500000000000000e+02,5.678548120703126992e-09
1.077656250000000000e+02,5.772397699479657623e-09
1.077812500000000000e+02,5.960297561680824048e-09
1.077968750000000000e+02,6.168812695028518325e-09
1.078125000000000000e+02,6.235152498635390933e-09
1.078281250000000000e+02,6.119718490208177508e-09
1.078437500000000000e+02,5.912775785408832019e-09
1.078593750000000000e+02,5.686604720244328601e-09
1.078750000000000000e+02,5.464449447972303539e-09
1.078906250000000000e+02,5.363183371653949290e-09
1.079062500000000000e+02,5.335670227822675372e-09
1.079218750000000000e+02,5.115882327005646876e-09
1.079375000000000000e+02,4.854540905637425657e-09
1.079531250000000000e+02,4.968830574535610745e-09
1.079687500000000000e+02,5.277513717209033402e-09
1.079843750000000000e+02,5.458042948008225613e-09
1.080000000000000000e+02,5.635530681346407267e-09
1.080156250000000000e+02,5.914138954828009720e-09
1.080312500000000000e+02,6.128444852718447895e-09
1.080468750000000000e+02,6.109780427755459906e-09
1.080625000000000000e+02,5.814846405826189698e-09
1.080781250000000000e+02,5.459378922484943998e-09
1.080937500000000000e+02,5.311333841325555530e-09
1.081093750000000000e+02,5.284654274068445803e-09
1.081250000000000000e+02,5.234567390591041852e-09
1.081406250000000000e+02,5.154274611704478328e-09
1.081562500000000000e+02,4.976658779340846654e-09
1.081718750000000000e+02,4.718863563271038703e-09
1.081875000000000000e+02,4.666159824476118694e-09
1.082031250000000000e+02,4.974630271646192794e-09
1.082187500000000000e+02,5.317108949568132033e-09
1.082343750000000000e+02,5.470376091836580469e-09
1.082500000000000000e+02,5.585733007244468101e-09
1.082656250000000000e+02,5.614123111542127752e-09
1.082812500000000000e+02,5.261093256925107159e-09
1.082968750000000000e+02,4.624934835318898189e-09
1.083125000000000000e+02,4.243917418952246349e-09
1.083281250000000000e+02,4.316154464482959763e-09
1.083437500000000000e+02,4.499208244659898648e-09
1.083593750000000000e+02,4.563170750801394810e-09
1.083750000000000000e+02,4.593037859708803135e-09
1.083906250000000000e+02,4.687164202850155303e-09
1.084062500000000000e+02,4.787573508559210981e-09
1.084218750000000000e+02,4.879915648718668380e-09
1.084375000000000000e+02,4.983497434348995474e-09
1.084531250000000000e+02,5.126602092999160097e-09
1.084687500000000000e+02,5.274676016398122136e-09
1.084843750000000000e+02,5.234809573433026590e-09
1.085000000000000000e+02,5.054568353983428179e-09
1.085156250000000000e+02,5.081684306301751314e-09
1.085312500000000000e+02,5.307435909321725759e-09
1.085468750000000000e+02,5.387789734735941843e-09
1.085625000000000000e+02,5.265921979142905310e-09
1.085781250000000000e+02,5.224486282020504443e-09
1.085937500000000000e+02,5.396364920878198799e-09
1.086093750000000000e+02,5.583552767527100495e-09
1.086250000000000000e+02,5.646761006204012542e-09
1.086406250000000000e+02,5.633005324647196228e-09
1.086562500000000000e+02,5.598287324346531540e-09
1.086718750000000000e+02,5.560639574912727286e-09
1.086875000000000000e+02,5.448230670339878380e-09
1.087031250000000000e+02,5.116816532393106477e-09
1.087187500000000000e+02,4.696781035262742079e-09
1.087343750000000000e+02,4.607266980323741682e-09
1.087500000000000000e+02,4.881901068582197412e-09
1.087656250000000000e+02,5.103959831188707023e-09
1.087812500000000000e+02,5.085621211206463473e-09
1.087968750000000000e+02,4.983478296829363893e-09
1.088125000000000000e+02,4.959896107542536610e-09
1.088281250000000000e+02,4.991342833290011050e-09
1.088437500000000000e+02,4.964101802213158131e-09
1.088593750000000000e+02,4.832217945595857832e-09
1.088750000000000000e+02,4.708513189674116327e-09
1.088906250000000000e+02,4.740211459897051584e-09
1.089062500000000000e+02,4.878115227736365405e-09
1.089218750000000000e+02,4.987090300768407035e-09
1.089375000000000000e+02,5.056959838915878053e-09
1.089531250000000000e+02,5.172641483125418826e-09
1.089687500000000000e+02,5.346347516351005188e-09
1.089843750000000000e+02,5.444392735900609784e-09
1.090000000000000000e+02,5.409116947095218681e-09
1.090156250000000000e+02,5.316491203155026172e-09
1.090312500000000000e+02,5.178251454069543354e-09
1.090468750000000000e+02,5.040255240678557367e-09
1.090625000000000000e+02,4.989635993825602253e-09
1.090781250000000000e+02,5.016689799624987651e-09
1.090937500000000000e+02,5.050783993101105902e-09
1.091093750000000000e+02,5.060886852546542635e-09
1.091250000000000000e+02,5.073102354339830082e-09
1.091406250000000000e+02,5.161797559150381274e-09
1.091562500000000000e+02,5.541671647917068705e-09
1.091718750000000000e+02,6.168800769681371222e-09
1.091875000000000000e+02,6.556448799966869005e-09
1.092031250000000000e+02,6.375937317136057385e-09
1.092187500000000000e+02,5.745851758295596362e-09
1.092343750000000000e+02,5.073554675329763370e-09
1.092500000000000000e+02,4.753456723559068778e-09
1.092656250000000000e+02,4.781749536270162354e-09
1.092812500000000000e+02,4.838971571399964365e-09
1.092968750000000000e+02,4.795888831939881669e-09
1.093125000000000000e+02,4.837295535621750202e-09
1.093281250000000000e+02,5.093955020182089957e-09
1.093437500000000000e+02,5.404303680881038648e-09
1.093593750000000000e+02,5.702308198363219024e-09
1.093750000000000000e+02,6.004607044588928022e-09
1.093906250000000000e+02,6.139137575639750596e-09
1.094062500000000000e+02,6.050419943319161077e-09
1.094218750000000000e+02,5.896482804738034667e-09
1.094375000000000000e+02,5.737278036442351419e-09
1.094531250000000000e+02,5.453735423216071703e-09
1.094687500000000000e+02,5.055113178813308940e-09
1.094843750000000000e+02,4.919724454804480289e-09
1.095000000000000000e+02,5.260019123589933674e-09
1.095156250000000000e+02,5.726387379382168900e-09
1.095312500000000000e+02,5.963766442783977925e-09
1.095468750000000000e+02,5.859720792920977929e-09
1.095625000000000000e+02,5.498830451592320056e-09
1.095781250000000000e+02,5.115419253308551503e-09
1.095937500000000000e+02,4.950548735945587672e-09
1.096093750000000000e+02,5.034815580311466948e-09
1.096250000000000000e+02,5.166833107116955066e-09
1.096406250000000000e+02,5.097744672462392334e-09
1.096562500000000000e+02,4.706980474616323399e-09
1.096718750000000000e+02,4.206589759098931287e-09
1.096875000000000000e+02,3.927709588799488695e-09
1.097031250000000000e+02,3.910445332765234963e-09
1.097187500000000000e+02,4.146603104558479742e-09
1.097343750000000000e+02,4.592174892232865229e-09
1.097500000000000000e+02,4.925049203462258153e-09
1.097656250000000000e+02,4.778818825756758471e-09
1.097812500000000000e+02,4.333637155002798540e-09
1.097968750000000000e+02,4.399614561268636064e-09
1.098125000000000000e+02,5.025171900763890247e-09
1.098281250000000000e+02,5.427403496544981531e-09
1.098437500000000000e+02,5.383962443856850580e-09
1.098593750000000000e+02,5.272660594058269485e-09
1.098750000000000000e+02,5.294049590069063344e-09
1.098906250000000000e+02,5.243829142602837091e-09
1.099062500000000000e+02,5.098951204531070429e-09
1.099218750000000000e+02,4.980497641832398357e-09
1.099375000000000000e+02,4.846260382142706128e-09
1.099531250000000000e+02,4.728420140063981901e-09
1.099687500000000000e+02,4.826516342583632291e-09
1.099843750000000000e+02,5.099112440820020015e-09
1.100000000000000000e+02,5.323231359467743904e-09
1.100156250000000000e+02,5.453297030478905296e-09
1.100312500000000000e+02,5.371618330110256880e-09
1.100468750000000000e+02,4.942868981837639549e-09
1.100625000000000000e+02,4.523523546455250664e-09
1.100781250000000000e+02,4.468638046570830733e-09
1.100937500000000000e+02,4.450177148045676980e-09
1.101093750000000000e+02,4.351648582266893270e-09
1.101250000000000000e+02,4.459215948046246320e-09
1.101406250000000000e+02,4.711779967477417708e-09
1.101562500000000000e+02,4.838201266057343051e-09
1.101718750000000000e+02,4.759810818285302421e-09
1.101875000000000000e+02,4.493268512074860470e-09
1.102031250000000000e+02,4.170244314286058092e-09
1.102187500000000000e+02,4.162118975110325813e-09
1.102343750000000000e+02,4.584227207439258285e-09
1.102500000000000000e+02,5.041082669156230933e-09
1.102656250000000000e+02,5.164338989242060012e-09
1.102812500000000000e+02,5.016835836807071559e-09
1.102968750000000000e+02,4.948313535131188339e-09
1.103125000000000000e+02,5.007045116306268575e-09
1.103281250000000000e+02,4.918271723170488188e-09
1.103437500000000000e+02,4.634177678632133009e-09
1.103593750000000000e+02,4.366888850955055754e-09
1.103750000000000000e+02,4.225726973807223252e-09
1.103906250000000000e+02,4.185953232552485521e-09
1.104062500000000000e+02,4.268043970062553240e-09
1.104218750000000000e+02,4.404361684875931012e-09
1.104375000000000000e+02,4.520382191511683832e-09
1.104531250000000000e+02,4.696485747045633113e-09
1.104687500000000000e+02,4.912771116141296130e-09
1.104843750000000000e+02,5.009798177211443840e-09
1.105000000000000000e+02,4.932956104306316632e-09
1.105156250000000000e+02,4.738072729138925164e-09
1.105312500000000000e+02,4.523294684612886178e-09
1.105468750000000000e+02,4.485330162011606623e-09
1.105625000000000000e+02,4.757167895999461504e-09
1.105781250000000000e+02,5.156477620031231557e-09
1.105937500000000000e+02,5.363765556115780337e-09
1.106093750000000000e+02,5.243761372900433749e-09
1.106250000000000000e+02,4.881086280522686866e-09
1.106406250000000000e+02,4.521188367060989807e-09
1.106562500000000000e+02,4.495412642846142438e-09
1.106718750000000000e+02,4.743884471174873801e-09
1.106875000000000000e+02,4.877759066279619238e-09
1.107031250000000000e+02,4.912524105980496362e-09
1.107187500000000000e+02,5.099309234961275795e-09
1.107343750000000000e+02,5.346800329240248054e-09
1.107500000000000000e+02,5.545236392723152629e-09
1.107656250000000000e+02,5.749751656328614556e-09
1.107812500000000000e+02,5.828687460668490890e-09
1.107968750000000000e+02,5.632042385916582394e-09
1.108125000000000000e+02,5.345246513804201866e-09
1.108281250000000000e+02,5.251956033654726335e-09
1.108437500000000000e+02,5.241794328985647446e-09
1.108593750000000000e+02,5.079640494692300682e-09
1.108750000000000000e+02,4.941844700230324116e-09
1.108906250000000000e+02,5.081752849444307749e-09
1.109062500000000000e+02,5.298806155057444551e-09
1.109218750000000000e+02,5.289566291368169742e-09
1.109375000000000000e+02,5.077253437446852072e-09
1.109531250000000000e+02,4.984601682151470687e-09
1.109687500000000000e+02,5.217995233116856690e-09
1.109843750000000000e+02,5.546322985455959627e-09
1.110000000000000000e+02,5.718593585383236442e-09
1.110156250000000000e+02,5.736244475785408626e-09
1.110312500000000000e+02,5.647560528116352963e-09
1.110468750000000000e+02,5.525904913060757968e-09
1.110625000000000000e+02,5.467361227739900955e-09
1.110781250000000000e+02,5.358049622685071781e-09
1.110937500000000000e+02,5.007681227585835041e-09
1.111093750000000000e+02,4.486248553106105640e-09
1.111250000000000000e+02,4.118106436261167849e-09
1.111406250000000000e+02,4.180761672863460370e-09
1.111562500000000000e+02,4.469254417057873959e-09
1.111718750000000000e+02,4.612493498961554503e-09
1.111875000000000000e+02,4.617606832142740533e-09
1.112031250000000000e+02,4.679801744284220897e-09
1.112187500000000000e+02,4.788158587423103120e-09
1.112343750000000000e+02,4.877169858617087832e-09
1.112500000000000000e+02,4.950031753765048067e-09
1.112656250000000000e+02,4.880556759542033924e-09
1.112812500000000000e+02,4.602928682714413714e-09
1.112968750000000000e+02,4.259378412881059298e-09
1.113125000000000000e+02,4.023292069209935797e-09
1.113281250000000000e+02,4.112294795764685909e-09
1.113437500000000000e+02,4.643653351233245663e-09
1.113593750000000000e+02,5.375645533051529957e-09
1.113750000000000000e+02,5.906768233266613620e-09
1.113906250000000000e+02,5.987397385674660561e-09
1.114062500000000000e+02,5.645351341997344143e-09
1.114218750000000000e+02,5.043013060904657579e-09
1.114375000000000000e+02,4.290038612600285699e-09
1.114531250000000000e+02,3.650305952545619728e-09
1.114687500000000000e+02,3.769604222072147065e-09
1.114843750000000000e+02,4.612478979230938943e-09
1.115000000000000000e+02,5.291479326373811550e-09
1.115156250000000000e+02,5.377183102153791777e-09
1.115312500000000000e+02,5.150832164578350591e-09
1.115468750000000000e+02,5.101013607042221022e-09
1.115625000000000000e+02,5.191511439394749670e-09
1.115781250000000000e+02,5.111548053994257888e-09
1.115937500000000000e+02,4.961251790639376614e-09
1.116093750000000000e+02,4.983793401683807677e-09
1.116250000000000000e+02,5.125536056472444323e-09
1.116406250000000000e+02,5.211201543598585759e-09
1.116562500000000000e+02,5.111884165178904872e-09
1.116718750000000000e+02,4.887937742819636859e-09
1.116875000000000000e+02,4.779768282048068299e-09
1.117031250000000000e+02,4.823813910576735922e-09
1.117187500000000000e+02,4.793436278634698608e-09
1.117343750000000000e+02,4.701375920547160717e-09
1.117500000000000000e+02,4.792304272396659749e-09
1.117656250000000000e+02,4.979124276284181962e-09
1.117812500000000000e+02,4.999931451370621491e-09
1.117968750000000000e+02,4.883320413457763867e-09
1.118125000000000000e+02,4.806754883543641327e-09
1.118281250000000000e+02,4.895182060591087674e-09
1.118437500000000000e+02,5.191879382971816122e-09
1.118593750000000000e+02,5.530674641085871299e-09
1.118750000000000000e+02,5.649168086200047053e-09
1.118906250000000000e+02,5.572008291008335345e-09
1.119062500000000000e+02,5.534502983999368119e-09
1.119218750000000000e+02,5.482725741207886141e-09
1.119375000000000000e+02,5.243074440511809835e-09
1.119531250000000000e+02,4.904611487417314965e-09
1.119687500000000000e+02,4.704070254655685521e-09
1.119843750000000000e+02,4.814685714026630192e-09
1.120000000000000000e+02,5.133123158192446339e-09
1.120156250000000000e+02,5.355376336194852550e-09
1.120312500000000000e+02,5.350335238986297858e-09
1.120468750000000000e+02,5.232895084019000518e-09
1.120625000000000000e+02,5.155814325489943975e-09
1.120781250000000000e+02,5.077261724588143498e-09
1.120937500000000000e+02,4.816748374038143462e-09
1.121093750000000000e+02,4.416297176038714342e-09
1.121250000000000000e+02,4.143278466876155927e-09
1.121406250000000000e+02,4.119840413544335831e-09
1.121562500000000000e+02,4.316360810337939120e-09
1.121718750000000000e+02,4.586450950407035221e-09
1.121875000000000000e+02,4.606006952760249343e-09
1.122031250000000000e+02,4.264105483078419856e-09
1.122187500000000000e+02,4.049323587205668395e-09
1.122343750000000000e+02,4.504392958242482266e-09
1.122500000000000000e+02,5.296771924647101481e-09
1.122656250000000000e+02,5.805715744846679235e-09
1.122812500000000000e+02,5.794782765044538644e-09
1.122968750000000000e+02,5.450172616609739975e-09
1.123125000000000000e+02,5.126789866982591407e-09
1.123281250000000000e+02,4.959744263341926753e-09
1.123437500000000000e+02,4.914501071526694941e-09
1.123593750000000000e+02,5.031888713223518633e-09
1.123750000000000000e+02,5.190196850705893968e-09
1.123906250000000000e+02,5.165500852001008901e-09
1.124062500000000000e+02,5.054650148915029956e-09
1.124218750000000000e+02,5.067789676431767575e-09
1.124375000000000000e+02,5.090046148792132081e-09
1.124531250000000000e+02,4.968710511412456283e-09
1.124687500000000000e+02,4.859308904953336908e-09
1.124843750000000000e+02,5.031828499036744787e-09
1.125000000000000000e+02,5.459543530211057777e-09
1.125156250000000000e+02,5.755175101841383931e-09
1.125312500000000000e+02,5.672590585711697278e-09
1.125468750000000000e+02,5.374159765618833738e-09
1.125625000000000000e+02,5.106294026174331973e-09
1.125781250000000000e+02,4.917587857451484402e-09
1.125937500000000000e+02,4.881585066297461879e-09
1.126093750000000000e+02,5.089343080721927457e-09
1.126250000000000000e+02,5.305848123505142830e-09
1.126406250000000000e+02,5.306158821479965416e-09
1.126562500000000000e+02,5.187523554552186034e-09
1.126718750000000000e+02,5.039729822603754001e-09
1.126875000000000000e+02,4.841014924181676355e-09
1.127031250000000000e+02,4.703066896751563939e-09
1.127187500000000000e+02,4.755756930826164316e-09
1.127343750000000000e+02,4.931745020700036541e-09
1.127500000000000000e+02,5.112873652739686161e-09
1.127656250000000000e+02,5.222113153723697502e-09
1.127812500000000000e+02,5.253887218208995531e-09
1.127968750000000000e+02,5.308270545120436423e-09
1.128125000000000000e+02,5.372769800914366055e-09
1.128281250000000000e+02,5.176947792571658072e-09
1.128437500000000000e+02,4.653116372436103066e-09
1.128593750000000000e+02,4.287297826286879621e-09
1.128750000000000000e+02,4.534653492718971094e-09
1.128906250000000000e+02,5.127639464706263493e-09
1.129062500000000000e+02,5.515154713470200118e-09
1.129218750000000000e+02,5.438019488693540401e-09
1.129375000000000000e+02,5.131191506885662766e-09
1.129531250000000000e+02,5.071890993293005205e-09
1.129687500000000000e+02,5.380317501104813359e-09
1.129843750000000000e+02,5.749742239944582301e-09
1.130000000000000000e+02,5.872498845626554429e-09
1.130156250000000000e+02,5.778221639875111644e-09
1.130312500000000000e+02,5.793786071660426708e-09
1.130468750000000000e+02,5.929838889305280870e-09
1.130625000000000000e+02,5.799534577132370641e-09
1.130781250000000000e+02,5.268449716797279436e-09
1.130937500000000000e+02,4.769751903428715938e-09
1.131093750000000000e+02,4.807893009492504426e-09
1.131250000000000000e+02,5.116875822995399055e-09
1.131406250000000000e+02,5.189660215720989928e-09
1.131562500000000000e+02,4.953588990410221098e-09
1.131718750000000000e+02,4.587320498875704786e-09
1.131875000000000000e+02,4.372940050721701449e-09
1.132031250000000000e+02,4.549991557969740444e-09
1.132187500000000000e+02,4.851759122693968450e-09
1.132343750000000000e+02,4.934574044824626107e-09
1.132500000000000000e+02,4.888154703566796358e-09
1.132656250000000000e+02,4.891334572279781931e-09
1.132812500000000000e+02,4.935267779469032448e-09
1.132968750000000000e+02,4.942851092797689278e-09
1.133125000000000000e+02,4.944535721310462053e-09
1.133281250000000000e+02,4.939160306148351835e-09
1.133437500000000000e+02,4.843238032082982261e-09
1.133593750000000000e+02,4.734139940726293211e-09
1.133750000000000000e+02,4.710356865291474305e-09
1.133906250000000000e+02,4.714834166085577140e-09
1.134062500000000000e+02,4.669528112783575838e-09
1.134218750000000000e+02,4.660660660849808506e-09
1.134375000000000000e+02,4.873645440378267184e-09
1.134531250000000000e+02,5.132495875096516816e-09
1.134687500000000000e+02,5.137422773621006667e-09
1.134843750000000000e+02,5.006741388401443077e-09
1.135000000000000000e+02,4.840098308088955929e-09
1.135156250000000000e+02,4.513914325735978481e-09
1.135312500000000000e+02,4.160550474815805299e-09
1.135468750000000000e+02,3.926032211012426117e-09
1.135625000000000000e+02,3.732222009805707910e-09
1.135781250000000000e+02,3.674931755107579705e-09
1.135937500000000000e+02,3.906326393994575471e-09
1.136093750000000000e+02,4.278258558033193493e-09
1.136250000000000000e+02,4.579411708150790980e-09
1.136406250000000000e+02,4.826150840526986786e-09
1.136562500000000000e+02,5.033176565679554604e-09
1.136718750000000000e+02,5.047680800140015138e-09
1.136875000000000000e+02,4.917002367573535042e-09
1.137031250000000000e+02,4.881539319727158145e-09
1.137187500000000000e+02,5.040897373234483304e-09
1.137343750000000000e+02,5.369992915566709132e-09
1.137500000000000000e+02,5.571204811022988818e-09
1.137656250000000000e+02,5.300570468233757482e-09
1.137812500000000000e+02,4.796958258445182156e-09
1.137968750000000000e+02,4.642552815699198492e-09
1.138125000000000000e+02,4.727027022090224944e-09
1.138281250000000000e+02,4.625915753641701500e-09
1.138437500000000000e+02,4.420983504745167956e-09
1.138593750000000000e+02,4.311292113391917793e-09
1.138750000000000000e+02,4.278221542008323361e-09
1.138906250000000000e+02,4.263192326721978645e-09
1.139062500000000000e+02,4.250761544991790716e-09
1.139218750000000000e+02,4.286064203188580338e-09
1.139375000000000000e+02,4.466856723120987905e-09
1.139531250000000000e+02,4.803024879072398058e-09
1.139687500000000000e+02,5.139134537709167729e-09
1.139843750000000000e+02,5.367092697877769657e-09
1.140000000000000000e+02,5.636252277145519310e-09
1.140156250000000000e+02,5.991464329593439863e-09
1.140312500000000000e+02,6.126320071347481868e-09
1.140468750000000000e+02,5.844351052324913855e-09
1.140625000000000000e+02,5.329875411213182200e-09
1.140781250000000000e+02,4.862300895084842268e-09
1.140937500000000000e+02,4.557272268712291028e-09
1.141093750000000000e+02,4.539951587365214757e-09
1.141250000000000000e+02,4.879909456150400307e-09
1.141406250000000000e+02,5.371635484154777668e-09
1.141562500000000000e+02,5.780657000559891722e-09
1.141718750000000000e+02,5.968885884398317739e-09
1.141875000000000000e+02,5.822061996492409962e-09
1.142031250000000000e+02,5.340199545252074363e-09
1.142187500000000000e+02,4.850305101853791228e-09
1.142343750000000000e+02,4.843125047466002584e-09
1.142500000000000000e+02,5.219618808666897203e-09
1.142656250000000000e+02,5.533831383153511575e-09
1.142812500000000000e+02,5.638323266190396438e-09
1.142968750000000000e+02,5.537030664733169548e-09
1.143125000000000000e+02,5.265173209030842889e-09
1.143281250000000000e+02,5.060114378382097467e-09
1.143437500000000000e+02,5.167747355541058808e-09
1.143593750000000000e+02,5.427222275581643320e-09
1.143750000000000000e+02,5.599733563403986148e-09
1.143906250000000000e+02,5.626451717888322000e-09
1.144062500000000000e+02,5.533541028527085535e-09
1.144218750000000000e+02,5.366679515051286367e-09
1.144375000000000000e+02,5.140171034315829199e-09
1.144531250000000000e+02,4.861557476236814445e-09
1.144687500000000000e+02,4.642620425650840566e-09
1.144843750000000000e+02,4.587085688473870959e-09
1.145000000000000000e+02,4.541927040367083211e-09
1.145156250000000000e+02,4.392330640089760912e-09
1.145312500000000000e+02,4.217625492241189635e-09
1.145468750000000000e+02,4.031102133574932791e-09
1.145625000000000000e+02,4.038330610141682473e-09
1.145781250000000000e+02,4.574982282829979343e-09
1.145937500000000000e+02,5.293583513298826430e-09
1.146093750000000000e+02,5.658846238180576080e-09
1.146250000000000000e+02,5.564446314574436228e-09
1.146406250000000000e+02,5.195292641966796783e-09
1.146562500000000000e+02,4.837823349338431680e-09
1.146718750000000000e+02,4.729985781531104633e-09
1.146875000000000000e+02,4.899509933392374055e-09
1.147031250000000000e+02,5.196538136751071452e-09
1.147187500000000000e+02,5.452258474588886147e-09
1.147343750000000000e+02,5.520823300878257552e-09
1.147500000000000000e+02,5.305797357485689657e-09
1.147656250000000000e+02,4.909111954126661407e-09
1.147812500000000000e+02,4.546827899407525120e-09
1.147968750000000000e+02,4.313646605326422387e-09
1.148125000000000000e+02,4.312367245304024133e-09
1.148281250000000000e+02,4.610306465600070985e-09
1.148437500000000000e+02,5.052761741669468986e-09
1.148593750000000000e+02,5.406071589635434596e-09
1.148750000000000000e+02,5.482953788428514519e-09
1.148906250000000000e+02,5.320797590436893935e-09
1.149062500000000000e+02,5.177987092170552002e-09
1.149218750000000000e+02,5.112236682266513978e-09
1.149375000000000000e+02,5.032344476076313552e-09
1.149531250000000000e+02,5.103659473147326329e-09
1.149687500000000000e+02,5.386839156252596749e-09
1.149843750000000000e+02,5.574180920377067223e-09
1.150000000000000000e+02,5.448292327315745403e-09
1.150156250000000000e+02,5.167566412055929398e-09
1.150312500000000000e+02,5.109502138857270875e-09
1.150468750000000000e+02,5.386524721820825597e-09
1.150625000000000000e+02,5.717254297981884453e-09
1.150781250000000000e+02,5.778747289256574578e-09
1.150937500000000000e+02,5.370408267041603649e-09
1.151093750000000000e+02,4.570024178001067914e-09
1.151250000000000000e+02,3.870713250203038893e-09
1.151406250000000000e+02,3.742491043751822475e-09
1.151562500000000000e+02,4.007435503823843987e-09
1.151718750000000000e+02,4.319047895669347233e-09
1.151875000000000000e+02,4.637988585864994172e-09
1.152031250000000000e+02,4.987035084215426738e-09
1.152187500000000000e+02,5.272848449541908997e-09
1.152343750000000000e+02,5.384798224110177526e-09
1.152500000000000000e+02,5.278157416545898473e-09
1.152656250000000000e+02,4.989215071109658266e-09
1.152812500000000000e+02,4.686132991892361881e-09
1.152968750000000000e+02,4.676468832475754098e-09
1.153125000000000000e+02,5.038628723839463955e-09
1.153281250000000000e+02,5.479107742270497021e-09
1.153437500000000000e+02,5.806333849384681574e-09
1.153593750000000000e+02,6.031219522526647702e-09
1.153750000000000000e+02,6.123342416192657313e-09
1.153906250000000000e+02,5.980582233721930028e-09
1.154062500000000000e+02,5.566857272357358023e-09
1.154218750000000000e+02,5.085745938557017592e-09
1.154375000000000000e+02,4.861039619378590036e-09
1.154531250000000000e+02,4.931556849310507019e-09
1.154687500000000000e+02,5.106131540244857311e-09
1.154843750000000000e+02,5.179965675042203704e-09
1.155000000000000000e+02,4.999868395052721605e-09
1.155156250000000000e+02,4.656068464095592686e-09
1.155312500000000000e+02,4.450375122953126052e-09
1.155468750000000000e+02,4.563413239976747561e-09
1.155625000000000000e+02,4.828702696554071567e-09
1.155781250000000000e+02,4.993009336674272644e-09
1.155937500000000000e+02,5.043281265566043137e-09
1.156093750000000000e+02,5.159685772332962799e-09
1.156250000000000000e+02,5.460682985506572197e-09
1.156406250000000000e+02,5.734161141567448209e-09
1.156562500000000000e+02,5.615171367041620655e-09
1.156718750000000000e+02,5.041627193870400611e-09
1.156875000000000000e+02,4.397121370744896731e-09
1.157031250000000000e+02,4.093904972780010223e-09
1.157187500000000000e+02,4.027179021016307107e-09
1.157343750000000000e+02,3.883835891353033590e-09
1.157500000000000000e+02,3.673287099320739697e-09
1.157656250000000000e+02,3.728831761860044460e-09
1.157812500000000000e+02,4.158676906161670657e-09
1.157968750000000000e+02,4.617896181051999917e-09
1.158125000000000000e+02,4.854337052271946575e-09
1.158281250000000000e+02,4.861589877711998825e-09
1.158437500000000000e+02,4.766396687845885553e-09
1.158593750000000000e+02,4.679948653474667846e-09
1.158750000000000000e+02,4.569042015451601896e-09
1.158906250000000000e+02,4.482884406280660681e-09
1.159062500000000000e+02,4.585220128902422702e-09
1.159218750000000000e+02,4.834774589239298465e-09
1.159375000000000000e+02,5.066752846568478226e-09
1.159531250000000000e+02,5.188117998434338440e-09
1.159687500000000000e+02,5.136129104937581954e-09
1.159843750000000000e+02,4.946097621935861807e-09
1.160000000000000000e+02,4.823016579631855228e-09
1.160156250000000000e+02,4.858622603335473803e-09
1.160312500000000000e+02,4.896092265719298738e-09
1.160468750000000000e+02,4.827986089943843688e-09
1.160625000000000000e+02,4.729279300901732140e-09
1.160781250000000000e+02,4.721466198148219984e-09
1.160937500000000000e+02,4.716550663157622874e-09
1.161093750000000000e+02,4.566860470081075602e-09
1.161250000000000000e+02,4.377519570881977134e-09
1.161406250000000000e+02,4.352230216756117055e-09
1.161562500000000000e+02,4.638433081317580581e-09
1.161718750000000000e+02,5.226255854924187600e-09
1.161875000000000000e+02,5.745989712453392548e-09
1.162031250000000000e+02,5.821751412203101218e-09
1.162187500000000000e+02,5.443118663867742631e-09
1.162343750000000000e+02,4.930460059884923677e-09
1.162500000000000000e+02,4.650310364610447267e-09
1.162656250000000000e+02,4.629618327626302858e-09
1.162812500000000000e+02,4.742244383258749186e-09
1.162968750000000000e+02,4.987208742576775099e-09
1.163125000000000000e+02,5.242252833005502604e-09
1.163281250000000000e+02,5.307784650038857927e-09
1.163437500000000000e+02,5.147779980263102677e-09
1.163593750000000000e+02,4.885421864411259787e-09
1.163750000000000000e+02,4.726691004441963869e-09
1.163906250000000000e+02,4.822048591855784704e-09
1.164062500000000000e+02,4.999615837367468983e-09
1.164218750000000000e+02,4.997684040048358487e-09
1.164375000000000000e+02,4.840831899624167498e-09
1.164531250000000000e+02,4.690685085494708172e-09
1.164687500000000000e+02,4.645337934701113186e-09
1.164843750000000000e+02,4.625265721875412065e-09
1.165000000000000000e+02,4.384088399735335097e-09
1.165156250000000000e+02,3.858243381530574338e-09
1.165312500000000000e+02,3.498128234253638130e-09
1.165468750000000000e+02,3.894570092131177817e-09
1.165625000000000000e+02,4.715453137715414224e-09
1.165781250000000000e+02,5.327018711411784221e-09
1.165937500000000000e+02,5.550324420060850468e-09
1.166093750000000000e+02,5.513147556507984273e-09
1.166250000000000000e+02,5.369097836528408058e-09
1.166406250000000000e+02,5.160435682596271588e-09
1.166562500000000000e+02,4.961346099081859333e-09
1.166718750000000000e+02,4.873325409586756477e-09
1.166875000000000000e+02,4.844983966884985937e-09
1.167031250000000000e+02,4.828071814812716151e-09
1.167187500000000000e+02,4.895559236855724285e-09
1.167343750000000000e+02,4.987649246205611281e-09
1.167500000000000000e+02,4.937005480425840253e-09
1.167656250000000000e+02,4.766791082569948099e-09
1.167812500000000000e+02,4.646011357883646022e-09
1.167968750000000000e+02,4.635887948400850571e-09
1.168125000000000000e+02,4.759553132128988624e-09
1.168281250000000000e+02,5.064988687431629900e-09
1.168437500000000000e+02,5.346476940859015015e-09
1.168593750000000000e+02,5.339801263000374679e-09
1.168750000000000000e+02,5.107825933354598296e-09
1.168906250000000000e+02,4.823278085524980066e-09
1.169062500000000000e+02,4.493368359218808043e-09
1.169218750000000000e+02,4.260666795732893421e-09
1.169375000000000000e+02,4.395912398333266957e-09
1.169531250000000000e+02,4.763608222458340440e-09
1.169687500000000000e+02,5.057973664685551580e-09
1.169843750000000000e+02,5.237092920843708856e-09
1.170000000000000000e+02,5.400827378105664336e-09
1.170156250000000000e+02,5.580295386295959034e-09
1.170312500000000000e+02,5.711071949294819024e-09
1.170468750000000000e+02,5.712549827362463018e-09
1.170625000000000000e+02,5.562752042412663786e-09
1.170781250000000000e+02,5.310270332516410528e-09
1.170937500000000000e+02,5.032852483198171344e-09
1.171093750000000000e+02,4.827229153155731493e-09
1.171250000000000000e+02,4.710897350423595386e-09
1.171406250000000000e+02,4.667208197502462868e-09
1.171562500000000000e+02,4.715386455946476824e-09
1.171718750000000000e+02,4.703803898563849675e-09
1.171875000000000000e+02,4.455602650398123907e-09
1.172031250000000000e+02,4.169027414143967523e-09
1.172187500000000000e+02,4.245882403795202427e-09
1.172343750000000000e+02,4.565837218078873075e-09
1.172500000000000000e+02,4.695843774756677123e-09
1.172656250000000000e+02,4.638230473017455864e-09
1.172812500000000000e+02,4.740115659672966770e-09
1.172968750000000000e+02,5.110074972752792069e-09
1.173125000000000000e+02,5.523567673109665929e-09
1.173281250000000000e+02,5.722216937039833812e-09
1.173437500000000000e+02,5.554656992942426153e-09
1.173593750000000000e+02,5.057149340252678047e-09
1.173750000000000000e+02,4.606357830332387076e-09
1.173906250000000000e+02,4.584649199446137271e-09
1.174062500000000000e+02,4.686651253552610582e-09
1.174218750000000000e+02,4.589574669660845012e-09
1.174375000000000000e+02,4.649799449691884363e-09
1.174531250000000000e+02,5.020480046208628035e-09
1.174687500000000000e+02,5.210136238220883976e-09
1.174843750000000000e+02,5.000194611815105516e-09
1.175000000000000000e+02,4.743964566487063317e-09
1.175156250000000000e+02,4.726792604712273386e-09
1.175312500000000000e+02,4.782064783093673400e-09
1.175468750000000000e+02,4.847323631218760063e-09
1.175625000000000000e+02,4.973758908754204270e-09
1.175781250000000000e+02,4.996302943197319906e-09
1.175937500000000000e+02,4.786074587294973577e-09
1.176093750000000000e+02,4.495765220913721368e-09
1.176250000000000000e+02,4.504953048663530467e-09
1.176406250000000000e+02,4.839705171888070168e-09
1.176562500000000000e+02,5.107853252537211608e-09
1.176718750000000000e+02,5.301960610752444626e-09
1.176875000000000000e+02,5.647045712326270496e-09
1.177031250000000000e+02,5.990410194613497725e-09
1.177187500000000000e+02,6.036956890993825460e-09
1.177343750000000000e+02,5.728218491676423362e-09
1.177500000000000000e+02,5.194542513492005767e-09
1.177656250000000000e+02,4.610737975815559882e-09
1.177812500000000000e+02,4.257966911376043091e-09
1.177968750000000000e+02,4.409498799708867325e-09
1.178125000000000000e+02,4.873904943719829535e-09
1.178281250000000000e+02,5.166632242738630011e-09
1.178437500000000000e+02,5.089252126590592872e-09
1.178593750000000000e+02,4.855208991595850683e-09
1.178750000000000000e+02,4.717062291504994234e-09
1.178906250000000000e+02,4.732309960796291203e-09
1.179062500000000000e+02,4.773971544784044197e-09
1.179218750000000000e+02,4.615424217665173898e-09
1.179375000000000000e+02,4.288214862219810063e-09
1.179531250000000000e+02,4.128284187369981298e-09
1.179687500000000000e+02,4.256113551653473653e-09
1.179843750000000000e+02,4.442108867138956599e-09
1.180000000000000000e+02,4.518699464222949545e-09
1.180156250000000000e+02,4.583321625769796560e-09
1.180312500000000000e+02,4.846730225098959692e-09
1.180468750000000000e+02,5.357814773218053611e-09
1.180625000000000000e+02,5.878148869011690131e-09
1.180781250000000000e+02,6.055746272380761905e-09
1.180937500000000000e+02,5.804244726960019417e-09
1.181093750000000000e+02,5.424181502607668105e-09
1.181250000000000000e+02,5.271773335367407937e-09
1.181406250000000000e+02,5.389497097746414205e-09
1.181562500000000000e+02,5.500299958441342691e-09
1.181718750000000000e+02,5.326729196346453272e-09
1.181875000000000000e+02,4.917015620375527563e-09
1.182031250000000000e+02,4.576424022176715774e-09
1.182187500000000000e+02,4.468113218010114532e-09
1.182343750000000000e+02,4.584802426634185954e-09
1.182500000000000000e+02,4.911354430630094996e-09
1.182656250000000000e+02,5.284164126152504287e-09
1.182812500000000000e+02,5.498605096100982427e-09
1.182968750000000000e+02,5.511889134118089449e-09
1.183125000000000000e+02,5.355741674146190036e-09
1.183281250000000000e+02,5.014796674438930697e-09
1.183437500000000000e+02,4.615796400474753917e-09
1.183593750000000000e+02,4.443240014270063378e-09
1.183750000000000000e+02,4.516102213981038173e-09
1.183906250000000000e+02,4.660773446571366231e-09
1.184062500000000000e+02,4.797518153401698816e-09
1.184218750000000000e+02,4.802865618838596141e-09
1.184375000000000000e+02,4.589934559358842935e-09
1.184531250000000000e+02,4.435570278959846667e-09
1.184687500000000000e+02,4.575031439701844272e-09
1.184843750000000000e+02,4.702535962619444396e-09
1.185000000000000000e+02,4.670238643470340240e-09
1.185156250000000000e+02,4.861182000837216563e-09
1.185312500000000000e+02,5.387015080610250716e-09
1.185468750000000000e+02,5.787991426860855725e-09
1.185625000000000000e+02,5.762204602907771912e-09
1.185781250000000000e+02,5.532040485281155636e-09
1.185937500000000000e+02,5.552334698852940212e-09
1.186093750000000000e+02,5.783435977192667202e-09
1.186250000000000000e+02,5.839277223247522402e-09
1.186406250000000000e+02,5.619943290095217078e-09
1.186562500000000000e+02,5.286981083426061049e-09
1.186718750000000000e+02,5.101226860233395466e-09
1.186875000000000000e+02,5.193220646609572560e-09
1.187031250000000000e+02,5.445527014842974600e-09
1.187187500000000000e+02,5.675625705331084385e-09
1.187343750000000000e+02,5.656063992175110503e-09
1.187500000000000000e+02,5.258056677814787380e-09
1.187656250000000000e+02,4.694017107686517314e-09
1.187812500000000000e+02,4.420473865284408982e-09
1.187968750000000000e+02,4.586794384712552287e-09
1.188125000000000000e+02,4.838961587403864549e-09
1.188281250000000000e+02,4.835608675241801442e-09
1.188437500000000000e+02,4.531068593545946139e-09
1.188593750000000000e+02,4.152689063709844672e-09
1.188750000000000000e+02,4.027436349626042787e-09
1.188906250000000000e+02,4.240019865740558800e-09
1.189062500000000000e+02,4.557946905049127630e-09
1.189218750000000000e+02,4.814281958932577693e-09
1.189375000000000000e+02,5.009369213004426316e-09
1.189531250000000000e+02,5.143812983681506161e-09
1.189687500000000000e+02,5.189289955367045559e-09
1.189843750000000000e+02,5.113325912571870313e-09
1.190000000000000000e+02,4.894415033417133700e-09
1.190156250000000000e+02,4.596298575237200555e-09
1.190312500000000000e+02,4.366433675389158409e-09
1.190468750000000000e+02,4.240916390118061544e-09
1.190625000000000000e+02,4.062164451032759534e-09
1.190781250000000000e+02,3.827865353881100522e-09
1.190937500000000000e+02,3.941198375269042455e-09
1.191093750000000000e+02,4.572280911714167597e-09
1.191250000000000000e+02,5.168272376665365945e-09
1.191406250000000000e+02,5.218453491005121165e-09
1.191562500000000000e+02,4.723500893937867451e-09
1.191718750000000000e+02,4.055962373899331199e-09
1.191875000000000000e+02,3.727052939159837340e-09
1.192031250000000000e+02,3.988227609834818124e-09
1.192187500000000000e+02,4.414418913540883972e-09
1.192343750000000000e+02,4.526079836560560119e-09
1.192500000000000000e+02,4.393787710637677170e-09
1.192656250000000000e+02,4.437659664552518671e-09
1.192812500000000000e+02,4.754217183807093805e-09
1.192968750000000000e+02,5.039760068868795024e-09
1.193125000000000000e+02,5.137090099520636966e-09
1.193281250000000000e+02,5.118184808788884254e-09
1.193437500000000000e+02,5.032430922851919945e-09
1.193593750000000000e+02,4.840365820886978633e-09
1.193750000000000000e+02,4.565895400697304057e-09
1.193906250000000000e+02,4.360936545023878897e-09
1.194062500000000000e+02,4.312437121208057623e-09
1.194218750000000000e+02,4.424712497504690657e-09
1.194375000000000000e+02,4.653558255156613816e-09
1.194531250000000000e+02,4.861383939508426200e-09
1.194687500000000000e+02,4.957675328429757942e-09
1.194843750000000000e+02,4.977731109551863443e-09
1.195000000000000000e+02,5.029802832204034875e-09
1.195156250000000000e+02,5.061869201084316084e-09
1.195312500000000000e+02,4.904704051304410760e-09
1.195468750000000000e+02,4.598712864104203492e-09
1.195625000000000000e+02,4.347184292100242344e-09
1.195781250000000000e+02,4.294730948328808967e-09
1.195937500000000000e+02,4.423892627305401710e-09
1.196093750000000000e+02,4.611136844068502575e-09
1.196250000000000000e+02,4.813720599380723360e-09
1.196406250000000000e+02,4.991821401475413382e-09
1.196562500000000000e+02,5.000972750211048512e-09
1.196718750000000000e+02,4.889498905219377504e-09
1.196875000000000000e+02,4.980455217769479138e-09
1.197031250000000000e+02,5.265657674906689348e-09
1.197187500000000000e+02,5.360814388849859676e-09
1.197343750000000000e+02,5.260866302239853218e-09
1.197500000000000000e+02,5.220928135976866955e-09
1.197656250000000000e+02,5.119919121592630437e-09
1.197812500000000000e+02,4.865657572101765908e-09
1.197968750000000000e+02,4.845569198062294675e-09
1.198125000000000000e+02,5.329053911650322684e-09
1.198281250000000000e+02,6.027565065700546229e-09
1.198437500000000000e+02,6.416765202967795081e-09
1.198593750000000000e+02,6.157453081455630401e-09
1.198750000000000000e+02,5.488957879466320132e-09
1.198906250000000000e+02,5.055287046837572004e-09
1.199062500000000000e+02,5.043701651981958222e-09
1.199218750000000000e+02,5.103859150056117929e-09
1.199375000000000000e+02,5.148709223494724699e-09
1.199531250000000000e+02,5.287854433923281436e-09
1.199687500000000000e+02,5.312190699350624602e-09
1.199843750000000000e+02,5.002847786265789724e-09
1.200000000000000000e+02,4.675655871476265071e-09
1.200156250000000000e+02,4.828757761430647055e-09
1.200312500000000000e+02,5.235873062170184870e-09
1.200468750000000000e+02,5.381785502288985043e-09
1.200625000000000000e+02,5.287149650079809880e-09
1.200781250000000000e+02,5.253569913185815299e-09
1.200937500000000000e+02,5.221156744333112584e-09
1.201093750000000000e+02,5.007967992071876468e-09
1.201250000000000000e+02,4.799875679880965775e-09
1.201406250000000000e+02,4.776855255484913584e-09
1.201562500000000000e+02,4.866776655124152891e-09
1.201718750000000000e+02,4.980102546988553217e-09
1.201875000000000000e+02,5.058758337439287942e-09
1.202031250000000000e+02,5.083424597195787854e-09
1.202187500000000000e+02,4.959525324305557778e-09
1.202343750000000000e+02,4.691992925667289649e-09
1.202500000000000000e+02,4.568687932338555759e-09
1.202656250000000000e+02,4.689600395755767029e-09
1.202812500000000000e+02,4.842550698395397626e-09
1.202968750000000000e+02,4.889058126350787483e-09
1.203125000000000000e+02,4.865186697861609088e-09
1.203281250000000000e+02,4.857078072288895431e-09
1.203437500000000000e+02,4.689307589158147301e-09
1.203593750000000000e+02,4.264830673915143376e-09
1.203750000000000000e+02,4.037586269443706606e-09
1.203906250000000000e+02,4.253458569090044614e-09
1.204062500000000000e+02,4.464261643268033761e-09
1.204218750000000000e+02,4.417199304285218047e-09
1.204375000000000000e+02,4.293342361785455860e-09
1.204531250000000000e+02,4.337679669687383461e-09
1.204687500000000000e+02,4.531733841878370180e-09
1.204843750000000000e+02,4.648634792433840338e-09
1.205000000000000000e+02,4.696626611160597822e-09
1.205156250000000000e+02,4.884214334613149142e-09
1.205312500000000000e+02,5.164412178195944052e-09
1.205468750000000000e+02,5.307444234141203275e-09
1.205625000000000000e+02,5.249825389017735218e-09
1.205781250000000000e+02,5.079960356961013137e-09
1.205937500000000000e+02,4.760037432954253185e-09
1.206093750000000000e+02,4.368731292298453501e-09
1.206250000000000000e+02,4.223262108284025238e-09
1.206406250000000000e+02,4.345355402250445108e-09
1.206562500000000000e+02,4.622152312307457087e-09
1.206718750000000000e+02,4.929975599743871601e-09
1.206875000000000000e+02,5.032128912882369137e-09
1.207031250000000000e+02,4.990259710507744390e-09
1.207187500000000000e+02,5.012728534690565491e-09
1.207343750000000000e+02,4.958769117606492140e-09
1.207500000000000000e+02,4.657854018972408123e-09
1.207656250000000000e+02,4.301616420915106661e-09
1.207812500000000000e+02,4.258120321351276410e-09
1.207968750000000000e+02,4.612882537543542871e-09
1.208125000000000000e+02,5.029456307542134991e-09
1.208281250000000000e+02,5.169589565462862723e-09
1.208437500000000000e+02,4.949125458304645658e-09
1.208593750000000000e+02,4.540031596072207080e-09
1.208750000000000000e+02,4.330182148051584230e-09
1.208906250000000000e+02,4.533672385140473771e-09
1.209062500000000000e+02,4.858615097403601248e-09
1.209218750000000000e+02,4.993906186869705330e-09
1.209375000000000000e+02,4.931707487668541304e-09
1.209531250000000000e+02,4.832197884578915757e-09
1.209687500000000000e+02,4.767933881137025938e-09
1.209843750000000000e+02,4.737852641465274671e-09
1.210000000000000000e+02,4.793461084849449286e-09
1.210156250000000000e+02,4.957623919734848265e-09
1.210312500000000000e+02,5.176722846132792462e-09
1.210468750000000000e+02,5.264935776416894335e-09
1.210625000000000000e+02,5.062932841235845726e-09
1.210781250000000000e+02,4.685830333333697267e-09
1.210937500000000000e+02,4.416627357632047539e-09
1.211093750000000000e+02,4.368726441244505568e-09
1.211250000000000000e+02,4.437807149441724558e-09
1.211406250000000000e+02,4.497065013500257324e-09
1.211562500000000000e+02,4.518130151071741147e-09
1.211718750000000000e+02,4.559557217170327562e-09
1.211875000000000000e+02,4.666954156808715505e-09
1.212031250000000000e+02,4.862054340841681166e-09
1.212187500000000000e+02,5.062937509617807159e-09
1.212343750000000000e+02,5.147632688668616125e-09
1.212500000000000000e+02,5.155182387907222373e-09
1.212656250000000000e+02,5.164819993231338167e-09
1.212812500000000000e+02,5.144190129203223400e-09
1.212968750000000000e+02,5.087839550822921399e-09
1.213125000000000000e+02,5.013936447061883273e-09
1.213281250000000000e+02,4.898110128914937678e-09
1.213437500000000000e+02,4.823344314529692301e-09
1.213593750000000000e+02,4.934458881991746600e-09
1.213750000000000000e+02,5.128859284495484376e-09
1.213906250000000000e+02,5.174823565778456968e-09
1.214062500000000000e+02,5.078560226825474656e-09
1.214218750000000000e+02,4.997246817195118829e-09
1.214375000000000000e+02,4.955778865573574722e-09
1.214531250000000000e+02,4.899727586484338686e-09
1.214687500000000000e+02,4.851597782941520135e-09
1.214843750000000000e+02,4.922598740251459712e-09
1.215000000000000000e+02,5.144175232215943617e-09
1.215156250000000000e+02,5.327506597304212275e-09
1.215312500000000000e+02,5.331668112210093536e-09
1.215468750000000000e+02,5.209845910641261362e-09
1.215625000000000000e+02,5.057400528038252682e-09
1.215781250000000000e+02,4.927119874491662567e-09
1.215937500000000000e+02,4.851652686000569001e-09
1.216093750000000000e+02,4.875748891940936768e-09
1.216250000000000000e+02,5.018411865688394779e-09
1.216406250000000000e+02,5.132525610844928128e-09
1.216562500000000000e+02,4.963978638670313572e-09
1.216718750000000000e+02,4.497096333537628244e-09
1.216875000000000000e+02,4.069132421526579621e-09
1.217031250000000000e+02,3.961986562586249528e-09
1.217187500000000000e+02,4.139045844393935199e-09
1.217343750000000000e+02,4.482552118012195992e-09
1.217500000000000000e+02,4.802295085603678661e-09
1.217656250000000000e+02,4.837803966069689460e-09
1.217812500000000000e+02,4.507100000929525889e-09
1.217968750000000000e+02,4.158637786436654712e-09
1.218125000000000000e+02,4.173065701236791992e-09
1.218281250000000000e+02,4.287846971607874275e-09
1.218437500000000000e+02,4.323818263283947738e-09
1.218593750000000000e+02,4.491597260711069554e-09
1.218750000000000000e+02,4.658667561283005406e-09
1.218906250000000000e+02,4.612524440579508303e-09
1.219062500000000000e+02,4.524051195600621999e-09
1.219218750000000000e+02,4.564601448643471960e-09
1.219375000000000000e+02,4.671657789338189185e-09
1.219531250000000000e+02,4.742293903798499990e-09
1.219687500000000000e+02,4.713788758304827722e-09
1.219843750000000000e+02,4.647724898223041162e-09
1.220000000000000000e+02,4.736414576594084982e-09
1.220156250000000000e+02,5.004583400233968396e-09
1.220312500000000000e+02,5.207570192968505398e-09
1.220468750000000000e+02,5.252406994544180071e-09
1.220625000000000000e+02,5.275688294064978571e-09
1.220781250000000000e+02,5.263723406496752161e-09
1.220937500000000000e+02,5.124201387470528769e-09
1.221093750000000000e+02,5.036846729115039317e-09
1.221250000000000000e+02,5.126676987838398341e-09
1.221406250000000000e+02,5.162697046163234252e-09
1.221562500000000000e+02,5.033853090302773184e-09
1.221718750000000000e+02,4.901367325049471581e-09
1.221875000000000000e+02,4.867735131900950800e-09
1.222031250000000000e+02,4.852018725650234239e-09
1.222187500000000000e+02,4.875088040198045982e-09
1.222343750000000000e+02,5.096205610971804674e-09
1.222500000000000000e+02,5.414769149678851309e-09
1.222656250000000000e+02,5.536347431991037944e-09
1.222812500000000000e+02,5.433322730989013093e-09
1.222968750000000000e+02,5.384790813325018800e-09
1.223125000000000000e+02,5.525776759456583656e-09
1.223281250000000000e+02,5.664166524670539776e-09
1.223437500000000000e+02,5.620272910808575674e-09
1.223593750000000000e+02,5.443943894961786945e-09
1.223750000000000000e+02,5.278283582450321477e-09
1.223906250000000000e+02,5.080697707658308323e-09
1.224062500000000000e+02,4.709777459501112175e-09
1.224218750000000000e+02,4.274235404907454641e-09
1.224375000000000000e+02,4.057338992802128319e-09
1.224531250000000000e+02,4.267276570547168803e-09
1.224687500000000000e+02,4.915064158831011924e-09
1.224843750000000000e+02,5.663996931586902637e-09
1.225000000000000000e+02,6.079094250740275833e-09
1.225156250000000000e+02,6.047358144986210485e-09
1.225312500000000000e+02,5.856743688123576638e-09
1.225468750000000000e+02,5.720593754483805248e-09
1.225625000000000000e+02,5.566990755700809519e-09
1.225781250000000000e+02,5.485534598681220983e-09
1.225937500000000000e+02,5.535613625255480102e-09
1.226093750000000000e+02,5.421977823766700647e-09
1.226250000000000000e+02,4.990273325217312961e-09
1.226406250000000000e+02,4.534104456126480594e-09
1.226562500000000000e+02,4.474024327355428183e-09
1.226718750000000000e+02,4.763765040801331438e-09
1.226875000000000000e+02,5.027533995843306519e-09
1.227031250000000000e+02,5.186497230390125771e-09
1.227187500000000000e+02,5.372608241083407807e-09
1.227343750000000000e+02,5.583817829262819852e-09
1.227500000000000000e+02,5.669102435603150311e-09
1.227656250000000000e+02,5.495873915415764275e-09
1.227812500000000000e+02,5.203238938549323468e-09
1.227968750000000000e+02,5.077259949650229869e-09
1.228125000000000000e+02,5.113051107957940484e-09
1.228281250000000000e+02,5.126683992082456673e-09
1.228437500000000000e+02,5.037144954010776863e-09
1.228593750000000000e+02,4.910041176982106827e-09
1.228750000000000000e+02,4.913527949236812000e-09
1.228906250000000000e+02,5.055820887888407304e-09
1.229062500000000000e+02,5.138962930498070912e-09
1.229218750000000000e+02,5.039663512983614898e-09
1.229375000000000000e+02,4.860118272508405677e-09
1.229531250000000000e+02,4.818326547052323258e-09
1.229687500000000000e+02,4.847224427627747150e-09
1.229843750000000000e+02,4.753938676004086232e-09
1.230000000000000000e+02,4.783098003729218411e-09
1.230156250000000000e+02,5.212955182729699529e-09
1.230312500000000000e+02,5.718161328351321465e-09
1.230468750000000000e+02,5.930956938487818690e-09
1.230625000000000000e+02,5.846425874102347292e-09
1.230781250000000000e+02,5.527575510434057349e-09
1.230937500000000000e+02,4.995077425134195669e-09
1.231093750000000000e+02,4.467778025335686275e-09
1.231250000000000000e+02,4.240400922748384846e-09
1.231406250000000000e+02,4.263870252088527812e-09
1.231562500000000000e+02,4.278855259926163197e-09
1.231718750000000000e+02,4.160809799734989287e-09
1.231875000000000000e+02,3.966757518025199113e-09
1.232031250000000000e+02,3.869631897223412962e-09
1.232187500000000000e+02,4.018987745965312102e-09
1.232343750000000000e+02,4.384111392116763314e-09
1.232500000000000000e+02,4.912924978375396890e-09
1.232656250000000000e+02,5.523523963262794725e-09
1.232812500000000000e+02,5.864122280318993967e-09
1.232968750000000000e+02,5.777224592132150680e-09
1.233125000000000000e+02,5.601624025047555419e-09
1.233281250000000000e+02,5.525249368367315464e-09
1.233437500000000000e+02,5.413859431871025368e-09
1.233593750000000000e+02,5.290652786649099141e-09
1.233750000000000000e+02,5.215897456912552920e-09
1.233906250000000000e+02,5.177222155949719376e-09
1.234062500000000000e+02,5.164035457018103564e-09
1.234218750000000000e+02,5.099512835163137197e-09
1.234375000000000000e+02,4.971394314743980181e-09
1.234531250000000000e+02,4.863851993772952634e-09
1.234687500000000000e+02,4.685850743474506292e-09
1.234843750000000000e+02,4.407794072670998324e-09
1.235000000000000000e+02,4.320059086263535785e-09
1.235156250000000000e+02,4.483990736462981005e-09
1.235312500000000000e+02,4.666377947530012984e-09
1.235468750000000000e+02,4.842843403974204604e-09
1.235625000000000000e+02,5.096996666352788140e-09
1.235781250000000000e+02,5.308517120535552482e-09
1.235937500000000000e+02,5.290023395912289872e-09
1.236093750000000000e+02,5.066520064698295565e-09
1.236250000000000000e+02,4.806907428226415813e-09
1.236406250000000000e+02,4.697366580852161000e-09
1.236562500000000000e+02,4.800286153780500144e-09
1.236718750000000000e+02,4.943862435128575008e-09
1.236875000000000000e+02,5.027034660017326370e-09
1.237031250000000000e+02,5.173342670122547581e-09
1.237187500000000000e+02,5.411499080753708997e-09
1.237343750000000000e+02,5.556691353350447700e-09
1.237500000000000000e+02,5.478480271352834092e-09
1.237656250000000000e+02,5.324082155982860830e-09
1.237812500000000000e+02,5.284676597476708854e-09
1.237968750000000000e+02,5.214858861556008013e-09
1.238125000000000000e+02,5.023476131952092100e-09
1.238281250000000000e+02,5.058300423838059319e-09
1.238437500000000000e+02,5.422057282259144477e-09
1.238593750000000000e+02,5.639289762335929553e-09
1.238750000000000000e+02,5.447234785186551285e-09
1.238906250000000000e+02,5.023248652672842639e-09
1.239062500000000000e+02,4.673788921260189392e-09
1.239218750000000000e+02,4.618835624204039663e-09
1.239375000000000000e+02,4.735998338527563741e-09
1.239531250000000000e+02,4.799379370096686155e-09
1.239687500000000000e+02,4.838113897386585676e-09
1.239843750000000000e+02,4.866101782407670522e-09
1.240000000000000000e+02,4.836870233151074293e-09
1.240156250000000000e+02,4.829751522519843550e-09
1.240312500000000000e+02,4.973307318661362155e-09
1.240468750000000000e+02,5.298388739440878549e-09
1.240625000000000000e+02,5.523077930078672735e-09
1.240781250000000000e+02,5.369037040716883882e-09
1.240937500000000000e+02,5.057673738092931874e-09
1.241093750000000000e+02,4.978684634260367445e-09
1.241250000000000000e+02,5.084642921193086966e-09
1.241406250000000000e+02,5.220542399210996034e-09
1.241562500000000000e+02,5.280978040997328410e-09
1.241718750000000000e+02,5.074841774358555732e-09
1.241875000000000000e+02,4.756809149966902409e-09
1.242031250000000000e+02,4.734595284177451758e-09
1.242187500000000000e+02,4.939927827781051995e-09
1.242343750000000000e+02,4.990361020367384944e-09
1.242500000000000000e+02,4.839271699370635602e-09
1.242656250000000000e+02,4.798521645903978829e-09
1.242812500000000000e+02,5.020893236979075995e-09
1.242968750000000000e+02,5.224441926621873704e-09
1.243125000000000000e+02,5.091118770527499894e-09
1.243281250000000000e+02,4.759436781473927888e-09
1.243437500000000000e+02,4.740652359374162521e-09
1.243593750000000000e+02,5.144917082981898709e-09
1.243750000000000000e+02,5.554530664721517046e-09
1.243906250000000000e+02,5.666645273757694054e-09
1.244062500000000000e+02,5.457297522435872244e-09
1.244218750000000000e+02,5.085987686843331109e-09
1.244375000000000000e+02,4.833772887879878392e-09
1.244531250000000000e+02,4.909354445620738727e-09
1.244687500000000000e+02,5.132410621330943463e-09
1.244843750000000000e+02,5.148152335887879138e-09
1.245000000000000000e+02,4.941755538829193350e-09
1.245156250000000000e+02,4.836739109999672389e-09
1.245312500000000000e+02,4.958776704569942820e-09
1.245468750000000000e+02,4.985406275878263673e-09
1.245625000000000000e+02,4.654415665346230264e-09
1.245781250000000000e+02,4.157348287289980075e-09
1.245937500000000000e+02,3.909483050953978888e-09
1.246093750000000000e+02,3.993894505396445600e-09
1.246250000000000000e+02,4.298768240326373263e-09
1.246406250000000000e+02,4.790027542584557312e-09
1.246562500000000000e+02,5.206461266996564996e-09
1.246718750000000000e+02,5.219329212570460449e-09
1.246875000000000000e+02,4.861831387390449626e-09
1.247031250000000000e+02,4.493538101763221905e-09
1.247187500000000000e+02,4.402412033798792683e-09
1.247343750000000000e+02,4.531236287535105560e-09
1.247500000000000000e+02,4.665499553150514573e-09
1.247656250000000000e+02,4.697613929812737689e-09
1.247812500000000000e+02,4.653557472015243486e-09
1.247968750000000000e+02,4.670632459749175086e-09
1.248125000000000000e+02,4.824590215996351466e-09
1.248281250000000000e+02,4.926693017165646900e-09
1.248437500000000000e+02,4.832970911159844356e-09
1.248593750000000000e+02,4.673696405692983909e-09
1.248750000000000000e+02,4.553570844999772901e-09
1.248906250000000000e+02,4.410370243140898439e-09
1.249062500000000000e+02,4.294247423676147205e-09
1.249218750000000000e+02,4.375349451048032069e-09
1.249375000000000000e+02,4.565774133297703201e-09
1.249531250000000000e+02,4.606229144784708401e-09
1.249687500000000000e+02,4.535350835574059370e-09
1.249843750000000000e+02,4.577428359571535452e-09
1.250000000000000000e+02,4.747172678823163735e-09
1.250156250000000000e+02,4.922217411971172877e-09
1.250312500000000000e+02,5.009477652349085023e-09
1.250468750000000000e+02,5.004832735273383045e-09
1.250625000000000000e+02,5.040605285378082353e-09
1.250781250000000000e+02,5.201872049677549053e-09
1.250937500000000000e+02,5.362388568990297608e-09
1.251093750000000000e+02,5.438084897397728890e-09
1.251250000000000000e+02,5.540461355622158161e-09
1.251406250000000000e+02,5.683307999263566142e-09
1.251562500000000000e+02,5.676061578117738882e-09
1.251718750000000000e+02,5.459526517613901438e-09
1.251875000000000000e+02,5.240739789351118514e-09
1.252031250000000000e+02,5.116295400679351841e-09
1.252187500000000000e+02,4.954224959831053787e-09
1.252343750000000000e+02,4.801343113888905573e-09
1.252500000000000000e+02,4.769983603673622024e-09
1.252656250000000000e+02,4.790894552480909033e-09
1.252812500000000000e+02,4.822845988298901697e-09
1.252968750000000000e+02,4.822065849067577609e-09
1.253125000000000000e+02,4.727631096833853791e-09
1.253281250000000000e+02,4.613503995249340313e-09
1.253437500000000000e+02,4.570632848192150080e-09
1.253593750000000000e+02,4.592609604700280745e-09
1.253750000000000000e+02,4.606098619684098588e-09
1.253906250000000000e+02,4.524429739122197938e-09
1.254062500000000000e+02,4.402980372110078003e-09
1.254218750000000000e+02,4.454675407526087861e-09
1.254375000000000000e+02,4.795318684260123519e-09
1.254531250000000000e+02,5.146872467191268601e-09
1.254687500000000000e+02,5.077790970503973930e-09
1.254843750000000000e+02,4.619200739513020907e-09
1.255000000000000000e+02,4.375427376102147491e-09
1.255156250000000000e+02,4.571460411770516632e-09
1.255312500000000000e+02,4.720979894401895493e-09
1.255468750000000000e+02,4.673302039681522613e-09
1.255625000000000000e+02,4.651349616318134756e-09
1.255781250000000000e+02,4.670454153140635024e-09
1.255937500000000000e+02,4.632578193774863276e-09
1.256093750000000000e+02,4.624528227943548480e-09
1.256250000000000000e+02,4.750778068496001901e-09
1.256406250000000000e+02,4.900178287969034983e-09
1.256562500000000000e+02,5.009063359227839042e-09
1.256718750000000000e+02,5.196789553293431254e-09
1.256875000000000000e+02,5.370322463136823068e-09
1.257031250000000000e+02,5.265483657679965660e-09
1.257187500000000000e+02,4.888091765080604332e-09
1.257343750000000000e+02,4.608000947249492221e-09
1.257500000000000000e+02,4.791409073452740276e-09
1.257656250000000000e+02,5.212595321911291597e-09
1.257812500000000000e+02,5.365181329380691329e-09
1.257968750000000000e+02,5.158261823812933879e-09
1.258125000000000000e+02,4.929691299949654649e-09
1.258281250000000000e+02,4.945294336538316437e-09
1.258437500000000000e+02,5.076492980181341722e-09
1.258593750000000000e+02,5.182563792158888529e-09
1.258750000000000000e+02,5.365316989625226663e-09
1.258906250000000000e+02,5.574084221661450193e-09
1.259062500000000000e+02,5.520736667068430092e-09
1.259218750000000000e+02,5.221251621175233933e-09
1.259375000000000000e+02,4.983440021340604996e-09
1.259531250000000000e+02,4.864938147737775366e-09
1.259687500000000000e+02,4.765965261564934535e-09
1.259843750000000000e+02,4.720846656048975422e-09
1.260000000000000000e+02,4.750761805377014776e-09
1.260156250000000000e+02,4.826486266647018091e-09
1.260312500000000000e+02,4.959678711679942842e-09
1.260468750000000000e+02,5.094192600059567928e-09
1.260625000000000000e+02,5.093860946345972987e-09
1.260781250000000000e+02,4.910269297999714765e-09
1.260937500000000000e+02,4.708582119159012732e-09
1.261093750000000000e+02,4.682689990572860878e-09
1.261250000000000000e+02,4.724900372921321803e-09
1.261406250000000000e+02,4.645717617728972843e-09
1.261562500000000000e+02,4.499347616927313459e-09
1.261718750000000000e+02,4.506787748059405757e-09
1.261875000000000000e+02,4.714838472374415986e-09
1.262031250000000000e+02,4.979016170251489517e-09
1.262187500000000000e+02,5.140824581910250549e-09
1.262343750000000000e+02,5.071018034238790933e-09
1.262500000000000000e+02,4.828099310813284322e-09
1.262656250000000000e+02,4.581348685737250714e-09
1.262812500000000000e+02,4.549518313508896375e-09
1.262968750000000000e+02,4.871089439183397338e-09
1.263125000000000000e+02,5.175372252058358284e-09
1.263281250000000000e+02,4.953025744557252999e-09
1.263437500000000000e+02,4.283208071936493531e-09
1.263593750000000000e+02,3.893950332927973077e-09
1.263750000000000000e+02,4.090630724090648290e-09
1.263906250000000000e+02,4.326838327563056977e-09
1.264062500000000000e+02,4.288672014174201419e-09
1.264218750000000000e+02,4.055642950012404790e-09
1.264375000000000000e+02,3.923181620396768214e-09
1.264531250000000000e+02,4.160701060997149355e-09
1.264687500000000000e+02,4.563575286538140756e-09
1.264843750000000000e+02,4.744238196954167121e-09
1.265000000000000000e+02,4.591278398740216952e-09
1.265156250000000000e+02,4.224739927059793886e-09
1.265312500000000000e+02,3.908159287024003317e-09
1.265468750000000000e+02,3.933296765831863713e-09
1.265625000000000000e+02,4.216687685566371983e-09
1.265781250000000000e+02,4.470291843242247946e-09
1.265937500000000000e+02,4.635431658729537371e-09
1.266093750000000000e+02,4.840816528813199193e-09
1.266250000000000000e+02,5.114848909881312276e-09
1.266406250000000000e+02,5.251781021236911117e-09
1.266562500000000000e+02,5.113278397794252021e-09
1.266718750000000000e+02,4.911441298097660108e-09
1.266875000000000000e+02,4.926849550336427654e-09
1.267031250000000000e+02,5.032582082545699380e-09
1.267187500000000000e+02,4.995043586957560448e-09
1.267343750000000000e+02,4.920392147285560153e-09
1.267500000000000000e+02,5.027185661777805926e-09
1.267656250000000000e+02,5.233975663512834494e-09
1.267812500000000000e+02,5.298789047403501323e-09
1.267968750000000000e+02,5.117782974758472152e-09
1.268125000000000000e+02,4.803179384850200489e-09
1.268281250000000000e+02,4.614941678392089337e-09
1.268437500000000000e+02,4.638465470340769350e-09
1.268593750000000000e+02,4.646423858486181722e-09
1.268750000000000000e+02,4.498832103624281629e-09
1.268906250000000000e+02,4.354859704758418410e-09
1.269062500000000000e+02,4.473213238632347912e-09
1.269218750000000000e+02,4.882344826785913345e-09
1.269375000000000000e+02,5.274312007775477879e-09
1.269531250000000000e+02,5.384732287439904895e-09
1.269687500000000000e+02,5.252425466904742374e-09
1.269843750000000000e+02,5.108394318096193143e-09
1.270000000000000000e+02,5.038631536869287475e-09
1.270156250000000000e+02,4.827890015429308111e-09
1.270312500000000000e+02,4.446595472965790545e-09
1.270468750000000000e+02,4.296203567682082028e-09
1.270625000000000000e+02,4.537554920737404123e-09
1.270781250000000000e+02,4.773561325853388811e-09
1.270937500000000000e+02,4.721760996521243902e-09
1.271093750000000000e+02,4.535934499336175003e-09
1.271250000000000000e+02,4.470319034265451073e-09
1.271406250000000000e+02,4.583930902081553056e-09
1.271562500000000000e+02,4.770718986111829354e-09
1.271718750000000000e+02,4.886001310590486319e-09
1.271875000000000000e+02,4.930262340149291598e-09
1.272031250000000000e+02,4.967559623411763636e-09
1.272187500000000000e+02,4.969845678964497202e-09
1.272343750000000000e+02,4.958311599120381624e-09
1.272500000000000000e+02,4.981226574123449854e-09
1.272656250000000000e+02,4.958652834522708048e-09
1.272812500000000000e+02,4.774706371348711482e-09
1.272968750000000000e+02,4.453145476475445241e-09
1.273125000000000000e+02,4.168205965833049188e-09
1.273281250000000000e+02,4.071136529334130066e-09
1.273437500000000000e+02,4.194217429658486434e-09
1.273593750000000000e+02,4.448150777086522592e-09
1.273750000000000000e+02,4.727956125043221720e-09
1.273906250000000000e+02,5.011419960675633552e-09
1.274062500000000000e+02,5.249460567619471434e-09
1.274218750000000000e+02,5.339456079191454109e-09
1.274375000000000000e+02,5.204179163998291326e-09
1.274531250000000000e+02,4.846601553948529150e-09
1.274687500000000000e+02,4.524891017713166211e-09
1.274843750000000000e+02,4.591109743541603529e-09
1.275000000000000000e+02,4.906926684656027436e-09
1.275156250000000000e+02,5.057069907787670714e-09
1.275312500000000000e+02,4.937990729166598131e-09
1.275468750000000000e+02,4.854908801415739645e-09
1.275625000000000000e+02,5.059280854083831412e-09
1.275781250000000000e+02,5.263559398878485555e-09
1.275937500000000000e+02,5.157143129147993964e-09
1.276093750000000000e+02,4.895993033623658461e-09
1.276250000000000000e+02,4.772381199118798274e-09
1.276406250000000000e+02,4.815569631371110961e-09
1.276562500000000000e+02,4.819950876990285018e-09
1.276718750000000000e+02,4.574885286552290130e-09
1.276875000000000000e+02,4.198057004447453767e-09
1.277031250000000000e+02,4.121101011665594253e-09
1.277187500000000000e+02,4.414572736935913519e-09
1.277343750000000000e+02,4.709096451471943403e-09
1.277500000000000000e+02,4.867930218109623373e-09
1.277656250000000000e+02,5.062763197159571157e-09
1.277812500000000000e+02,5.367104286953423171e-09
1.277968750000000000e+02,5.539475411190134239e-09
1.278125000000000000e+02,5.386045156843681002e-09
1.278281250000000000e+02,5.048610976905303734e-09
1.278437500000000000e+02,4.820720123988450253e-09
1.278593750000000000e+02,4.764453824937671943e-09
1.278750000000000000e+02,4.775728860757928532e-09
1.278906250000000000e+02,4.843743224559262308e-09
1.279062500000000000e+02,4.923211031324847457e-09
1.279218750000000000e+02,4.957180443880485338e-09
1.279375000000000000e+02,5.027084708059022002e-09
1.279531250000000000e+02,5.173498815222254504e-09
1.279687500000000000e+02,5.318656388400583587e-09
1.279843750000000000e+02,5.411197083525286511e-09
1.280000000000000000e+02,3.848402829075896629e-09
