{
    "0": {
        "0": {
            "T": 3.16711190615944e-11,
            "B": 5.027534739085449e-14
        },
        "1": {
            "T": 2.217827802348032e-11,
            "B": 1.803889992386305e-13
        },
        "2": {
            "T": 1.970958740967365e-11,
            "B": 4.4871123700157377e-13
        }
    },
    "1": {
        "0": {
            "T": 3.957242238045121e-11,
            "B": 5.027555998680374e-14
        },
        "1": {
            "T": 2.742364158301993e-11,
            "B": 1.8038906786049695e-13
        },
        "2": {
            "T": 2.4328405422331937e-11,
            "B": 4.48711858524038e-13
        }
    },
    "2": {
        "0": {
            "T": 5.3787667511660814e-11,
            "B": 5.027586964407907e-14
        },
        "1": {
            "T": 3.714032877757218e-11,
            "B": 1.803905151328265e-13
        },
        "2": {
            "T": 3.294148620437178e-11,
            "B": 4.487136781044185e-13
        }
    }
}